iteration,cumulative_edges_covered,new_edges,total_possible_edges,cumulative_coverage_percentage,new_coverage_percentage,execution_time,bug_type,average_execution_time,total_crashes,total_timeouts,unique_bugs,pass_rate
0,20146,20146,762867,2.640827,2.640827,0.036323,,0.036323,0,0,0,100.000000
1,22376,2230,762867,2.933146,0.292318,0.535315,,0.285819,0,0,0,100.000000
2,23745,1369,762867,3.112600,0.179455,0.024202,,0.198613,0,0,0,100.000000
3,24200,455,762867,3.172244,0.059643,0.032482,,0.157081,0,0,0,100.000000
4,24416,216,762867,3.200558,0.028314,0.024169,non_zero_exit,0.130498,0,0,0,80.000000
5,28340,3924,762867,3.714933,0.514375,3.170781,,0.637212,0,0,0,83.333333
6,29190,850,762867,3.826355,0.111422,0.029658,,0.550419,0,0,0,85.714286
7,29438,248,762867,3.858864,0.032509,1.037526,,0.611307,0,0,0,87.500000
8,29567,129,762867,3.875774,0.016910,5.004182,timeout,1.099404,0,1,0,77.777778
9,30166,599,762867,3.954293,0.078520,0.029614,,0.992425,0,1,0,80.000000
10,30233,67,762867,3.963076,0.008783,0.033608,,0.905260,0,1,0,81.818182
11,30615,382,762867,4.013150,0.050074,3.035969,non_zero_exit,1.082819,0,1,0,75.000000
12,30752,137,762867,4.031109,0.017959,0.038711,,1.002503,0,1,0,76.923077
13,30825,73,762867,4.040678,0.009569,0.022327,non_zero_exit,0.932491,0,1,0,71.428571
14,31697,872,762867,4.154984,0.114306,1.744339,,0.986614,0,1,0,73.333333
15,31734,37,762867,4.159834,0.004850,0.026326,,0.926596,0,1,0,75.000000
16,32005,271,762867,4.195358,0.035524,1.530799,,0.962137,0,1,0,76.470588
17,32055,50,762867,4.201912,0.006554,1.027663,,0.965778,0,1,0,77.777778
18,32055,0,762867,4.201912,0.000000,0.022649,non_zero_exit,0.916139,0,1,0,73.684211
19,32077,22,762867,4.204796,0.002884,2.031439,,0.971904,0,1,0,75.000000
20,32143,66,762867,4.213447,0.008652,1.028412,,0.974595,0,1,0,76.190476
21,32281,138,762867,4.231537,0.018090,3.034302,,1.068218,0,1,0,77.272727
22,32307,26,762867,4.234945,0.003408,0.022395,non_zero_exit,1.022747,0,1,0,73.913043
23,32356,49,762867,4.241368,0.006423,0.036241,,0.981643,0,1,0,75.000000
24,32493,137,762867,4.259327,0.017959,0.031714,,0.943646,0,1,0,76.000000
25,32545,52,762867,4.266143,0.006816,0.026337,,0.908365,0,1,0,76.923077
26,32546,1,762867,4.266274,0.000131,0.031707,,0.875896,0,1,0,77.777778
27,32548,2,762867,4.266537,0.000262,0.031121,,0.845725,0,1,0,78.571429
28,32592,44,762867,4.272304,0.005768,1.029778,,0.852072,0,1,0,79.310345
29,32600,8,762867,4.273353,0.001049,0.026518,non_zero_exit,0.824554,0,1,0,76.666667
30,32603,3,762867,4.273746,0.000393,0.031569,,0.798973,0,1,0,77.419355
31,32651,48,762867,4.280038,0.006292,2.028432,,0.837394,0,1,0,78.125000
32,32798,147,762867,4.299308,0.019269,0.029833,,0.812922,0,1,0,78.787879
33,32821,23,762867,4.302323,0.003015,1.028464,,0.819262,0,1,0,79.411765
34,32848,27,762867,4.305862,0.003539,0.033063,,0.796799,0,1,0,80.000000
35,32848,0,762867,4.305862,0.000000,0.027891,,0.775441,0,1,0,80.555556
36,32887,39,762867,4.310974,0.005112,0.024635,non_zero_exit,0.755149,0,1,0,78.378378
37,32892,5,762867,4.311630,0.000655,0.021985,non_zero_exit,0.735855,0,1,0,76.315789
38,32892,0,762867,4.311630,0.000000,0.031847,,0.717803,0,1,0,76.923077
39,32892,0,762867,4.311630,0.000000,0.022424,non_zero_exit,0.700419,0,1,0,75.000000
40,32952,60,762867,4.319495,0.007865,0.035087,,0.684191,0,1,0,75.609756
41,32958,6,762867,4.320281,0.000787,4.532480,,0.775817,0,1,0,76.190476
42,33973,1015,762867,4.453332,0.133051,0.048591,,0.758905,0,1,0,76.744186
43,34010,37,762867,4.458182,0.004850,1.030188,,0.765070,0,1,0,77.272727
44,34018,8,762867,4.459231,0.001049,1.028118,,0.770916,0,1,0,77.777778
45,34081,63,762867,4.467489,0.008258,0.027296,,0.754750,0,1,0,78.260870
46,34088,7,762867,4.468407,0.000918,0.024203,non_zero_exit,0.739207,0,1,0,76.595745
47,34090,2,762867,4.468669,0.000262,1.033416,,0.745336,0,1,0,77.083333
48,34191,101,762867,4.481908,0.013240,1.029885,,0.751143,0,1,0,77.551020
49,34196,5,762867,4.482564,0.000655,1.027066,,0.756662,0,1,0,78.000000
50,34196,0,762867,4.482564,0.000000,0.022402,non_zero_exit,0.742264,0,1,0,76.470588
51,34205,9,762867,4.483744,0.001180,0.033463,,0.728634,0,1,0,76.923077
52,34231,26,762867,4.487152,0.003408,0.026929,non_zero_exit,0.715394,0,1,0,75.471698
53,34231,0,762867,4.487152,0.000000,0.019706,non_zero_exit,0.702511,0,1,0,74.074074
54,34240,9,762867,4.488332,0.001180,0.033397,,0.690345,0,1,0,74.545455
55,34246,6,762867,4.489118,0.000787,0.026590,,0.678492,0,1,0,75.000000
56,34246,0,762867,4.489118,0.000000,0.029829,,0.667112,0,1,0,75.438596
57,34246,0,762867,4.489118,0.000000,0.027966,,0.656092,0,1,0,75.862069
58,34254,8,762867,4.490167,0.001049,0.030078,,0.645482,0,1,0,76.271186
59,34278,24,762867,4.493313,0.003146,3.826690,,0.698502,0,1,0,76.666667
60,34282,4,762867,4.493837,0.000524,1.031695,,0.703964,0,1,0,77.049180
61,34500,218,762867,4.522413,0.028576,1.027158,non_zero_exit,0.709177,0,1,0,75.806452
62,34502,2,762867,4.522676,0.000262,0.034382,,0.698466,0,1,0,76.190476
63,35628,1126,762867,4.670277,0.147601,1.034475,,0.703716,0,1,0,76.562500
64,35641,13,762867,4.671981,0.001704,0.024119,non_zero_exit,0.693261,0,1,0,75.384615
65,35679,38,762867,4.676962,0.004981,5.004257,timeout,0.758579,0,2,0,74.242424
66,35752,73,762867,4.686531,0.009569,0.025065,,0.747631,0,2,0,74.626866
67,35754,2,762867,4.686793,0.000262,0.024850,non_zero_exit,0.737002,0,2,0,73.529412
68,35842,88,762867,4.698329,0.011535,1.031212,,0.741266,0,2,0,73.913043
69,35845,3,762867,4.698722,0.000393,0.032056,,0.731134,0,2,0,74.285714
70,35941,96,762867,4.711306,0.012584,0.033316,,0.721306,0,2,0,74.647887
71,36045,104,762867,4.724939,0.013633,3.037459,,0.753475,0,2,0,75.000000
72,36045,0,762867,4.724939,0.000000,1.029231,,0.757252,0,2,0,75.342466
73,36063,18,762867,4.727298,0.002360,0.023649,non_zero_exit,0.747339,0,2,0,74.324324
74,36063,0,762867,4.727298,0.000000,0.031270,,0.737791,0,2,0,74.666667
75,36064,1,762867,4.727430,0.000131,1.029288,,0.741626,0,2,0,75.000000
76,36271,207,762867,4.754564,0.027134,0.038916,,0.732500,0,2,0,75.324675
77,36271,0,762867,4.754564,0.000000,0.022116,non_zero_exit,0.723393,0,2,0,74.358974
78,36271,0,762867,4.754564,0.000000,0.023398,non_zero_exit,0.714532,0,2,0,73.417722
79,36308,37,762867,4.759414,0.004850,0.026391,non_zero_exit,0.705930,0,2,0,72.500000
80,36309,1,762867,4.759545,0.000131,0.021074,non_zero_exit,0.697475,0,2,0,71.604938
81,36338,29,762867,4.763347,0.003801,5.003092,timeout,0.749983,0,3,0,70.731707
82,36340,2,762867,4.763609,0.000262,0.030061,,0.741309,0,3,0,71.084337
83,36341,1,762867,4.763740,0.000131,3.029446,,0.768549,0,3,0,71.428571
84,36399,58,762867,4.771343,0.007603,0.031454,,0.759877,0,3,0,71.764706
85,36416,17,762867,4.773571,0.002228,0.023477,non_zero_exit,0.751314,0,3,0,70.930233
86,36548,132,762867,4.790874,0.017303,1.031927,,0.754540,0,3,0,71.264368
87,36558,10,762867,4.792185,0.001311,1.035946,,0.757738,0,3,0,71.590909
88,36558,0,762867,4.792185,0.000000,0.022682,non_zero_exit,0.749479,0,3,0,70.786517
89,36558,0,762867,4.792185,0.000000,0.036163,,0.741553,0,3,0,71.111111
90,36606,48,762867,4.798477,0.006292,0.532069,,0.739251,0,3,0,71.428571
91,36665,59,762867,4.806211,0.007734,1.032192,,0.742435,0,3,0,71.739130
92,36708,43,762867,4.811848,0.005637,1.532832,,0.750934,0,3,0,72.043011
93,36892,184,762867,4.835967,0.024120,1.029850,,0.753901,0,3,0,72.340426
94,37015,123,762867,4.852091,0.016123,0.434345,,0.750537,0,3,0,72.631579
95,37015,0,762867,4.852091,0.000000,0.022349,non_zero_exit,0.742952,0,3,0,71.875000
96,37018,3,762867,4.852484,0.000393,0.528392,,0.740740,0,3,0,72.164948
97,37021,3,762867,4.852877,0.000393,1.028581,,0.743677,0,3,0,72.448980
98,37021,0,762867,4.852877,0.000000,0.025203,non_zero_exit,0.736420,0,3,0,71.717172
99,37021,0,762867,4.852877,0.000000,0.029479,,0.729350,0,3,0,72.000000
100,37025,4,762867,4.853402,0.000524,0.034357,,0.722469,0,3,0,72.277228
101,37197,172,762867,4.875948,0.022547,1.031996,,0.725504,0,3,0,72.549020
102,37207,10,762867,4.877259,0.001311,0.635855,,0.724634,0,3,0,72.815534
103,37211,4,762867,4.877783,0.000524,0.028695,,0.717942,0,3,0,73.076923
104,37213,2,762867,4.878046,0.000262,0.022592,non_zero_exit,0.711319,0,3,0,72.380952
105,37214,1,762867,4.878177,0.000131,0.029529,,0.704887,0,3,0,72.641509
106,37215,1,762867,4.878308,0.000131,0.030059,,0.698581,0,3,0,72.897196
107,37217,2,762867,4.878570,0.000262,0.028099,,0.692372,0,3,0,73.148148
108,37245,28,762867,4.882240,0.003670,2.029255,non_zero_exit,0.704637,0,3,0,72.477064
109,37245,0,762867,4.882240,0.000000,1.029848,,0.707594,0,3,0,72.727273
110,37245,0,762867,4.882240,0.000000,0.031749,,0.701505,0,3,0,72.972973
111,37245,0,762867,4.882240,0.000000,0.033328,,0.695539,0,3,0,73.214286
112,37270,25,762867,4.885517,0.003277,0.023573,non_zero_exit,0.689593,0,3,0,72.566372
113,38264,994,762867,5.015815,0.130298,0.044275,,0.683932,0,3,0,72.807018
114,38264,0,762867,5.015815,0.000000,0.029573,,0.678242,0,3,0,73.043478
115,38294,30,762867,5.019748,0.003933,1.027708,,0.681255,0,3,0,73.275862
116,38294,0,762867,5.019748,0.000000,1.030834,,0.684242,0,3,0,73.504274
117,38314,20,762867,5.022370,0.002622,0.026595,non_zero_exit,0.678669,0,3,0,72.881356
118,38314,0,762867,5.022370,0.000000,0.021793,non_zero_exit,0.673149,0,3,0,72.268908
119,38314,0,762867,5.022370,0.000000,2.026409,,0.684426,0,3,0,72.500000
120,38317,3,762867,5.022763,0.000393,0.030250,,0.679020,0,3,0,72.727273
121,38318,1,762867,5.022894,0.000131,0.533657,,0.677828,0,3,0,72.950820
122,38321,3,762867,5.023287,0.000393,3.031124,,0.696961,0,3,0,73.170732
123,38321,0,762867,5.023287,0.000000,0.030583,,0.691587,0,3,0,73.387097
124,38610,289,762867,5.061171,0.037883,1.033104,,0.694319,0,3,0,73.600000
125,38613,3,762867,5.061564,0.000393,0.025812,,0.689013,0,3,0,73.809524
126,38624,11,762867,5.063006,0.001442,0.029792,,0.683823,0,3,0,74.015748
127,38662,38,762867,5.067987,0.004981,1.033871,,0.686557,0,3,0,74.218750
128,38662,0,762867,5.067987,0.000000,0.029534,,0.681464,0,3,0,74.418605
129,38665,3,762867,5.068380,0.000393,0.020242,non_zero_exit,0.676378,0,3,0,73.846154
130,38665,0,762867,5.068380,0.000000,0.019351,non_zero_exit,0.671362,0,3,0,73.282443
131,38665,0,762867,5.068380,0.000000,0.028726,,0.666494,0,3,0,73.484848
132,38670,5,762867,5.069036,0.000655,1.026558,,0.669201,0,3,0,73.684211
133,38674,4,762867,5.069560,0.000524,0.028647,,0.664421,0,3,0,73.880597
134,38674,0,762867,5.069560,0.000000,0.027116,,0.659700,0,3,0,74.074074
135,38676,2,762867,5.069822,0.000262,0.023169,non_zero_exit,0.655020,0,3,0,73.529412
136,38753,77,762867,5.079916,0.010094,5.003636,timeout,0.686762,0,4,0,72.992701
137,38753,0,762867,5.079916,0.000000,0.043097,,0.682097,0,4,0,73.188406
138,38753,0,762867,5.079916,0.000000,1.028205,,0.684587,0,4,0,73.381295
139,38759,6,762867,5.080702,0.000787,1.029913,,0.687054,0,4,0,73.571429
140,38759,0,762867,5.080702,0.000000,1.030223,,0.689488,0,4,0,73.758865
141,38762,3,762867,5.081095,0.000393,0.023623,non_zero_exit,0.684799,0,4,0,73.239437
142,38762,0,762867,5.081095,0.000000,0.030439,,0.680223,0,4,0,73.426573
143,38778,16,762867,5.083193,0.002097,0.744670,,0.680670,0,4,0,73.611111
144,38820,42,762867,5.088698,0.005506,0.547600,,0.679752,0,4,0,73.793103
145,38820,0,762867,5.088698,0.000000,0.029328,,0.675298,0,4,0,73.972603
146,38843,23,762867,5.091713,0.003015,3.721583,,0.696021,0,4,0,74.149660
147,38845,2,762867,5.091975,0.000262,3.539611,,0.715234,0,4,0,74.324324
148,38879,34,762867,5.096432,0.004457,0.027157,,0.710616,0,4,0,74.496644
149,38879,0,762867,5.096432,0.000000,0.020295,non_zero_exit,0.706014,0,4,0,74.000000
150,38881,2,762867,5.096694,0.000262,3.044089,,0.721498,0,4,0,74.172185
151,38881,0,762867,5.096694,0.000000,0.029839,,0.716947,0,4,0,74.342105
152,38881,0,762867,5.096694,0.000000,0.039331,,0.712519,0,4,0,74.509804
153,39054,173,762867,5.119372,0.022678,5.003763,timeout,0.740384,0,5,0,74.025974
154,39054,0,762867,5.119372,0.000000,0.027620,,0.735785,0,5,0,74.193548
155,39071,17,762867,5.121600,0.002228,0.024182,,0.731224,0,5,0,74.358974
156,39071,0,762867,5.121600,0.000000,1.030836,,0.733132,0,5,0,74.522293
157,39072,1,762867,5.121732,0.000131,2.304187,,0.743076,0,5,0,74.683544
158,39072,0,762867,5.121732,0.000000,0.026485,,0.738569,0,5,0,74.842767
159,39075,3,762867,5.122125,0.000393,1.032617,,0.740406,0,5,0,75.000000
160,39075,0,762867,5.122125,0.000000,0.030407,,0.735997,0,5,0,75.155280
161,39116,41,762867,5.127499,0.005374,0.021824,,0.731588,0,5,0,75.308642
162,39116,0,762867,5.127499,0.000000,0.033925,non_zero_exit,0.727308,0,5,0,74.846626
163,39126,10,762867,5.128810,0.001311,1.034520,,0.729181,0,5,0,75.000000
164,39127,1,762867,5.128941,0.000131,1.528747,,0.734027,0,5,0,75.151515
165,39127,0,762867,5.128941,0.000000,0.025993,,0.729762,0,5,0,75.301205
166,39133,6,762867,5.129728,0.000787,5.003977,timeout,0.755356,0,6,0,74.850299
167,39169,36,762867,5.134447,0.004719,0.030284,,0.751040,0,6,0,75.000000
168,39193,24,762867,5.137593,0.003146,3.530293,,0.767485,0,6,0,75.147929
169,39193,0,762867,5.137593,0.000000,1.036607,,0.769068,0,6,0,75.294118
170,39195,2,762867,5.137855,0.000262,5.003975,timeout,0.793834,0,7,0,74.853801
171,39214,19,762867,5.140346,0.002491,0.023701,non_zero_exit,0.789356,0,7,0,74.418605
172,39214,0,762867,5.140346,0.000000,3.495977,,0.805002,0,7,0,74.566474
173,39215,1,762867,5.140477,0.000131,0.032381,,0.800561,0,7,0,74.712644
174,39215,0,762867,5.140477,0.000000,1.039276,,0.801925,0,7,0,74.857143
175,39215,0,762867,5.140477,0.000000,0.029391,,0.797536,0,7,0,75.000000
176,39221,6,762867,5.141263,0.000787,1.031078,,0.798855,0,7,0,75.141243
177,39222,1,762867,5.141394,0.000131,1.024085,,0.800121,0,7,0,75.280899
178,39238,16,762867,5.143492,0.002097,1.034194,,0.801428,0,7,0,75.418994
179,39259,21,762867,5.146244,0.002753,1.030875,,0.802703,0,7,0,75.555556
180,39259,0,762867,5.146244,0.000000,2.840965,,0.813964,0,7,0,75.690608
181,39260,1,762867,5.146375,0.000131,1.027571,,0.815138,0,7,0,75.824176
182,39266,6,762867,5.147162,0.000787,0.022854,non_zero_exit,0.810808,0,7,0,75.409836
183,39266,0,762867,5.147162,0.000000,0.032463,non_zero_exit,0.806578,0,7,0,75.000000
184,39273,7,762867,5.148080,0.000918,0.023188,non_zero_exit,0.802344,0,7,0,74.594595
185,39276,3,762867,5.148473,0.000393,0.536178,,0.800913,0,7,0,74.731183
186,39276,0,762867,5.148473,0.000000,2.530521,,0.810162,0,7,0,74.866310
187,39277,1,762867,5.148604,0.000131,0.030126,,0.806013,0,7,0,75.000000
188,39281,4,762867,5.149128,0.000524,0.034091,,0.801929,0,7,0,75.132275
189,39284,3,762867,5.149521,0.000393,3.033171,,0.813672,0,7,0,75.263158
190,39284,0,762867,5.149521,0.000000,0.022129,non_zero_exit,0.809528,0,7,0,74.869110
191,39284,0,762867,5.149521,0.000000,0.028851,,0.805462,0,7,0,75.000000
192,39285,1,762867,5.149653,0.000131,2.033095,,0.811823,0,7,0,75.129534
193,39286,1,762867,5.149784,0.000131,1.031248,,0.812954,0,7,0,75.257732
194,39287,1,762867,5.149915,0.000131,1.029805,,0.814066,0,7,0,75.384615
195,39293,6,762867,5.150701,0.000787,0.022716,non_zero_exit,0.810028,0,7,0,75.000000
196,39295,2,762867,5.150963,0.000262,3.031444,,0.821304,0,7,0,75.126904
197,39295,0,762867,5.150963,0.000000,0.533031,,0.819848,0,7,0,75.252525
198,39350,55,762867,5.158173,0.007210,0.031804,,0.815888,0,7,0,75.376884
199,39363,13,762867,5.159877,0.001704,1.032453,,0.816971,0,7,0,75.500000
200,39363,0,762867,5.159877,0.000000,1.028496,,0.818024,0,7,0,75.621891
201,39363,0,762867,5.159877,0.000000,0.024881,non_zero_exit,0.814097,0,7,0,75.247525
202,39453,90,762867,5.171675,0.011798,0.027722,,0.810223,0,7,0,75.369458
203,39454,1,762867,5.171806,0.000131,0.026744,,0.806383,0,7,0,75.490196
204,39454,0,762867,5.171806,0.000000,0.029032,,0.802591,0,7,0,75.609756
205,39454,0,762867,5.171806,0.000000,1.032764,,0.803708,0,7,0,75.728155
206,39454,0,762867,5.171806,0.000000,0.032107,,0.799981,0,7,0,75.845411
207,39454,0,762867,5.171806,0.000000,0.022105,non_zero_exit,0.796241,0,7,0,75.480769
208,39577,123,762867,5.187929,0.016123,2.030467,,0.802146,0,7,0,75.598086
209,39577,0,762867,5.187929,0.000000,3.030779,,0.812759,0,7,0,75.714286
210,39577,0,762867,5.187929,0.000000,0.022546,non_zero_exit,0.809014,0,7,0,75.355450
211,39577,0,762867,5.187929,0.000000,4.031175,,0.824213,0,7,0,75.471698
212,39609,32,762867,5.192124,0.004195,0.035779,,0.820511,0,7,0,75.586854
213,39610,1,762867,5.192255,0.000131,1.029047,,0.821485,0,7,0,75.700935
214,39610,0,762867,5.192255,0.000000,0.023552,non_zero_exit,0.817774,0,7,0,75.348837
215,39610,0,762867,5.192255,0.000000,0.023997,non_zero_exit,0.814099,0,7,0,75.000000
216,39610,0,762867,5.192255,0.000000,0.028424,,0.810479,0,7,0,75.115207
217,39610,0,762867,5.192255,0.000000,0.030752,,0.806902,0,7,0,75.229358
218,39610,0,762867,5.192255,0.000000,1.529600,,0.810202,0,7,0,75.342466
219,39613,3,762867,5.192648,0.000393,1.034095,non_zero_exit,0.811220,0,7,0,75.000000
220,39625,12,762867,5.194221,0.001573,5.004241,timeout,0.830193,0,8,0,74.660633
221,39625,0,762867,5.194221,0.000000,0.032810,,0.826601,0,8,0,74.774775
222,39625,0,762867,5.194221,0.000000,5.004355,timeout,0.845335,0,9,0,74.439462
223,39625,0,762867,5.194221,0.000000,0.034774,,0.841716,0,9,0,74.553571
224,39669,44,762867,5.199989,0.005768,0.032541,,0.838120,0,9,0,74.666667
225,39671,2,762867,5.200251,0.000262,0.030582,,0.834547,0,9,0,74.778761
226,39672,1,762867,5.200382,0.000131,2.534066,,0.842034,0,9,0,74.889868
227,39678,6,762867,5.201169,0.000787,1.029519,,0.842856,0,9,0,75.000000
228,39680,2,762867,5.201431,0.000262,0.341539,,0.840667,0,9,0,75.109170
229,39680,0,762867,5.201431,0.000000,5.007152,timeout,0.858782,0,10,0,74.782609
230,39680,0,762867,5.201431,0.000000,0.024001,non_zero_exit,0.855168,0,10,0,74.458874
231,39824,144,762867,5.220307,0.018876,2.535776,,0.862412,0,10,0,74.568966
232,39824,0,762867,5.220307,0.000000,2.033308,,0.867438,0,10,0,74.678112
233,39873,49,762867,5.226730,0.006423,0.032900,,0.863871,0,10,0,74.786325
234,39873,0,762867,5.226730,0.000000,0.023821,non_zero_exit,0.860297,0,10,0,74.468085
235,39873,0,762867,5.226730,0.000000,5.003921,timeout,0.877854,0,11,0,74.152542
236,39873,0,762867,5.226730,0.000000,0.027681,,0.874267,0,11,0,74.261603
237,39878,5,762867,5.227386,0.000655,1.033713,,0.874937,0,11,0,74.369748
238,39894,16,762867,5.229483,0.002097,2.228360,,0.880600,0,11,0,74.476987
239,39894,0,762867,5.229483,0.000000,3.032450,,0.889566,0,11,0,74.583333
240,39894,0,762867,5.229483,0.000000,1.030516,,0.890151,0,11,0,74.688797
241,39895,1,762867,5.229614,0.000131,1.031014,,0.890733,0,11,0,74.793388
242,39895,0,762867,5.229614,0.000000,3.033687,,0.899552,0,11,0,74.897119
243,39895,0,762867,5.229614,0.000000,1.026598,,0.900072,0,11,0,75.000000
244,40008,113,762867,5.244427,0.014813,0.026520,,0.896507,0,11,0,75.102041
245,40011,3,762867,5.244820,0.000393,3.531371,,0.907218,0,11,0,75.203252
246,40011,0,762867,5.244820,0.000000,1.030210,,0.907716,0,11,0,75.303644
247,40011,0,762867,5.244820,0.000000,0.029302,,0.904174,0,11,0,75.403226
248,40011,0,762867,5.244820,0.000000,0.036353,,0.900688,0,11,0,75.502008
249,40012,1,762867,5.244951,0.000131,0.032796,,0.897217,0,11,0,75.600000
250,40013,1,762867,5.245082,0.000131,0.031778,,0.893769,0,11,0,75.697211
251,40018,5,762867,5.245737,0.000655,1.032597,,0.894320,0,11,0,75.793651
252,40018,0,762867,5.245737,0.000000,0.031703,,0.890910,0,11,0,75.889328
253,40018,0,762867,5.245737,0.000000,0.029448,,0.887519,0,11,0,75.984252
254,40018,0,762867,5.245737,0.000000,3.032655,,0.895931,0,11,0,76.078431
255,40018,0,762867,5.245737,0.000000,0.037056,,0.892576,0,11,0,76.171875
256,40019,1,762867,5.245869,0.000131,0.029500,,0.889218,0,11,0,76.264591
257,40019,0,762867,5.245869,0.000000,5.003972,timeout,0.905166,0,12,0,75.968992
258,40080,61,762867,5.253865,0.007996,1.034312,,0.905665,0,12,0,76.061776
259,40080,0,762867,5.253865,0.000000,1.028870,,0.906139,0,12,0,76.153846
260,40080,0,762867,5.253865,0.000000,1.031480,,0.906619,0,12,0,76.245211
261,40080,0,762867,5.253865,0.000000,2.538015,,0.912846,0,12,0,76.335878
262,40086,6,762867,5.254651,0.000787,1.032062,,0.913299,0,12,0,76.425856
263,40086,0,762867,5.254651,0.000000,0.021162,non_zero_exit,0.909920,0,12,0,76.136364
264,40086,0,762867,5.254651,0.000000,3.032940,,0.917931,0,12,0,76.226415
265,40089,3,762867,5.255044,0.000393,1.030784,,0.918355,0,12,0,76.315789
266,40089,0,762867,5.255044,0.000000,0.032024,,0.915036,0,12,0,76.404494
267,40090,1,762867,5.255176,0.000131,5.003494,timeout,0.930291,0,13,0,76.119403
268,40093,3,762867,5.255569,0.000393,0.030082,,0.926945,0,13,0,76.208178
269,40093,0,762867,5.255569,0.000000,1.030461,,0.927328,0,13,0,76.296296
270,40093,0,762867,5.255569,0.000000,0.031359,,0.924022,0,13,0,76.383764
271,40093,0,762867,5.255569,0.000000,0.024203,non_zero_exit,0.920714,0,13,0,76.102941
272,40093,0,762867,5.255569,0.000000,0.029909,,0.917451,0,13,0,76.190476
273,40093,0,762867,5.255569,0.000000,1.037005,,0.917887,0,13,0,76.277372
274,40093,0,762867,5.255569,0.000000,3.032683,,0.925577,0,13,0,76.363636
275,40219,126,762867,5.272085,0.016517,1.795446,,0.928729,0,13,0,76.449275
276,40237,18,762867,5.274445,0.002360,1.031619,,0.929100,0,13,0,76.534296
277,40237,0,762867,5.274445,0.000000,2.032656,,0.933070,0,13,0,76.618705
278,40237,0,762867,5.274445,0.000000,3.030342,,0.940587,0,13,0,76.702509
279,40238,1,762867,5.274576,0.000131,0.031658,,0.937341,0,13,0,76.785714
280,40249,11,762867,5.276018,0.001442,0.029221,,0.934109,0,13,0,76.868327
281,40353,104,762867,5.289651,0.013633,3.039630,non_zero_exit,0.941576,0,13,0,76.595745
282,40353,0,762867,5.289651,0.000000,1.030825,,0.941891,0,13,0,76.678445
283,40406,53,762867,5.296598,0.006947,1.050077,,0.942272,0,13,0,76.760563
284,40407,1,762867,5.296729,0.000131,5.007890,timeout,0.956537,0,14,0,76.491228
285,40408,1,762867,5.296860,0.000131,3.040441,,0.963824,0,14,0,76.573427
286,40447,39,762867,5.301973,0.005112,0.030722,,0.960572,0,14,0,76.655052
287,40452,5,762867,5.302628,0.000655,5.006931,timeout,0.974622,0,15,0,76.388889
288,40452,0,762867,5.302628,0.000000,0.029730,,0.971353,0,15,0,76.470588
289,40452,0,762867,5.302628,0.000000,0.023735,non_zero_exit,0.968085,0,15,0,76.206897
290,40556,104,762867,5.316261,0.013633,2.536487,,0.973475,0,15,0,76.288660
291,40556,0,762867,5.316261,0.000000,1.030658,,0.973671,0,15,0,76.369863
292,40589,33,762867,5.320587,0.004326,0.029202,,0.970447,0,15,0,76.450512
293,40589,0,762867,5.320587,0.000000,1.534804,,0.972367,0,15,0,76.530612
294,40589,0,762867,5.320587,0.000000,1.029662,,0.972561,0,15,0,76.610169
295,40589,0,762867,5.320587,0.000000,0.229934,,0.970052,0,15,0,76.689189
296,40639,50,762867,5.327141,0.006554,1.033474,,0.970266,0,15,0,76.767677
297,40649,10,762867,5.328452,0.001311,0.026531,,0.967099,0,15,0,76.845638
298,40650,1,762867,5.328583,0.000131,1.034115,,0.967323,0,15,0,76.923077
299,40651,1,762867,5.328714,0.000131,1.022836,,0.967508,0,15,0,77.000000
300,40659,8,762867,5.329763,0.001049,0.029283,,0.964391,0,15,0,77.076412
301,40660,1,762867,5.329894,0.000131,2.030587,,0.967921,0,15,0,77.152318
302,40661,1,762867,5.330025,0.000131,3.033528,,0.974738,0,15,0,77.227723
303,40661,0,762867,5.330025,0.000000,0.030966,,0.971634,0,15,0,77.302632
304,40663,2,762867,5.330287,0.000262,0.020030,non_zero_exit,0.968514,0,15,0,77.049180
305,40663,0,762867,5.330287,0.000000,2.027186,,0.971974,0,15,0,77.124183
306,40663,0,762867,5.330287,0.000000,0.030493,,0.968907,0,15,0,77.198697
307,40666,3,762867,5.330680,0.000393,0.039647,,0.965890,0,15,0,77.272727
308,40666,0,762867,5.330680,0.000000,0.021179,non_zero_exit,0.962833,0,15,0,77.022654
309,40686,20,762867,5.333302,0.002622,0.028322,,0.959818,0,15,0,77.096774
310,40687,1,762867,5.333433,0.000131,1.029216,,0.960041,0,15,0,77.170418
311,40698,11,762867,5.334875,0.001442,1.031508,,0.960270,0,15,0,77.243590
312,40698,0,762867,5.334875,0.000000,2.026697,,0.963677,0,15,0,77.316294
313,40703,5,762867,5.335530,0.000655,1.026128,,0.963876,0,15,0,77.388535
314,40704,1,762867,5.335661,0.000131,1.028832,,0.964082,0,15,0,77.460317
315,40704,0,762867,5.335661,0.000000,1.032543,,0.964299,0,15,0,77.531646
316,40704,0,762867,5.335661,0.000000,1.026866,,0.964496,0,15,0,77.602524
317,40704,0,762867,5.335661,0.000000,1.026874,,0.964693,0,15,0,77.672956
318,40730,26,762867,5.339070,0.003408,0.024710,,0.961746,0,15,0,77.742947
319,40730,0,762867,5.339070,0.000000,0.027577,,0.958827,0,15,0,77.812500
320,40730,0,762867,5.339070,0.000000,2.030291,,0.962165,0,15,0,77.881620
321,40730,0,762867,5.339070,0.000000,0.023199,non_zero_exit,0.959249,0,15,0,77.639752
322,40730,0,762867,5.339070,0.000000,0.529416,,0.957918,0,15,0,77.708978
323,40730,0,762867,5.339070,0.000000,2.027716,,0.961220,0,15,0,77.777778
324,40738,8,762867,5.340118,0.001049,5.004284,timeout,0.973660,0,16,0,77.538462
325,40739,1,762867,5.340249,0.000131,1.035457,,0.973849,0,16,0,77.607362
326,40740,1,762867,5.340380,0.000131,0.023850,non_zero_exit,0.970944,0,16,0,77.370031
327,40741,1,762867,5.340512,0.000131,1.035049,,0.971140,0,16,0,77.439024
328,40741,0,762867,5.340512,0.000000,1.030947,,0.971321,0,16,0,77.507599
329,40741,0,762867,5.340512,0.000000,1.035225,,0.971515,0,16,0,77.575758
330,40767,26,762867,5.343920,0.003408,3.031602,,0.977739,0,16,0,77.643505
331,40767,0,762867,5.343920,0.000000,0.028337,,0.974879,0,16,0,77.710843
332,40769,2,762867,5.344182,0.000262,0.027915,,0.972036,0,16,0,77.777778
333,40769,0,762867,5.344182,0.000000,3.031647,,0.978202,0,16,0,77.844311
334,40807,38,762867,5.349163,0.004981,3.031700,,0.984332,0,16,0,77.910448
335,40809,2,762867,5.349425,0.000262,2.030853,,0.987447,0,16,0,77.976190
336,40819,10,762867,5.350736,0.001311,0.028699,,0.984602,0,16,0,78.041543
337,40819,0,762867,5.350736,0.000000,2.041118,,0.987727,0,16,0,78.106509
338,40819,0,762867,5.350736,0.000000,1.025698,,0.987839,0,16,0,78.171091
339,40819,0,762867,5.350736,0.000000,0.033160,,0.985031,0,16,0,78.235294
340,40819,0,762867,5.350736,0.000000,0.028627,,0.982227,0,16,0,78.299120
341,40819,0,762867,5.350736,0.000000,0.021854,non_zero_exit,0.979419,0,16,0,78.070175
342,40820,1,762867,5.350867,0.000131,0.026555,,0.976641,0,16,0,78.134111
343,40820,0,762867,5.350867,0.000000,1.035167,,0.976811,0,16,0,78.197674
344,40827,7,762867,5.351785,0.000918,1.035861,,0.976982,0,16,0,78.260870
345,40836,9,762867,5.352965,0.001180,3.529749,,0.984360,0,16,0,78.323699
346,40841,5,762867,5.353620,0.000655,0.026981,non_zero_exit,0.981601,0,16,0,78.097983
347,40841,0,762867,5.353620,0.000000,0.021441,non_zero_exit,0.978842,0,16,0,77.873563
348,40861,20,762867,5.356242,0.002622,0.132192,,0.976416,0,16,0,77.936963
349,40861,0,762867,5.356242,0.000000,0.430851,,0.974857,0,16,0,78.000000
350,40874,13,762867,5.357946,0.001704,1.031168,,0.975018,0,16,0,78.062678
351,40881,7,762867,5.358863,0.000918,0.021779,non_zero_exit,0.972309,0,16,0,77.840909
352,40902,21,762867,5.361616,0.002753,0.537996,,0.971079,0,16,0,77.903683
353,40902,0,762867,5.361616,0.000000,0.027225,,0.968413,0,16,0,77.966102
354,40902,0,762867,5.361616,0.000000,2.045532,,0.971447,0,16,0,78.028169
355,40913,11,762867,5.363058,0.001442,0.024232,non_zero_exit,0.968786,0,16,0,77.808989
356,40913,0,762867,5.363058,0.000000,1.030703,,0.968960,0,16,0,77.871148
357,40913,0,762867,5.363058,0.000000,0.020972,non_zero_exit,0.966312,0,16,0,77.653631
358,40913,0,762867,5.363058,0.000000,0.029700,,0.963703,0,16,0,77.715877
359,40913,0,762867,5.363058,0.000000,1.031618,non_zero_exit,0.963891,0,16,0,77.500000
360,40913,0,762867,5.363058,0.000000,1.028055,,0.964069,0,16,0,77.562327
361,40913,0,762867,5.363058,0.000000,0.030944,,0.961491,0,16,0,77.624309
362,40913,0,762867,5.363058,0.000000,0.023868,non_zero_exit,0.958908,0,16,0,77.410468
363,40976,63,762867,5.371316,0.008258,0.029822,,0.956356,0,16,0,77.472527
364,41001,25,762867,5.374593,0.003277,1.030162,,0.956558,0,16,0,77.534247
365,41003,2,762867,5.374856,0.000262,1.037050,,0.956778,0,16,0,77.595628
366,41004,1,762867,5.374987,0.000131,1.028881,,0.956975,0,16,0,77.656676
367,41004,0,762867,5.374987,0.000000,0.030415,,0.954457,0,16,0,77.717391
368,41004,0,762867,5.374987,0.000000,0.022642,non_zero_exit,0.951932,0,16,0,77.506775
369,41005,1,762867,5.375118,0.000131,5.004483,timeout,0.962884,0,17,0,77.297297
370,41005,0,762867,5.375118,0.000000,1.031947,,0.963071,0,17,0,77.358491
371,41010,5,762867,5.375773,0.000655,1.032816,,0.963258,0,17,0,77.419355
372,41010,0,762867,5.375773,0.000000,1.459657,,0.964589,0,17,0,77.479893
373,41010,0,762867,5.375773,0.000000,0.032268,,0.962096,0,17,0,77.540107
374,41011,1,762867,5.375904,0.000131,1.038908,,0.962301,0,17,0,77.600000
375,41011,0,762867,5.375904,0.000000,0.031831,,0.959826,0,17,0,77.659574
376,41034,23,762867,5.378919,0.003015,2.032252,,0.962671,0,17,0,77.718833
377,41044,10,762867,5.380230,0.001311,0.032418,,0.960210,0,17,0,77.777778
378,41044,0,762867,5.380230,0.000000,0.021336,non_zero_exit,0.957733,0,17,0,77.572559
379,41045,1,762867,5.380361,0.000131,0.028248,,0.955287,0,17,0,77.631579
380,41046,1,762867,5.380492,0.000131,0.991226,,0.955381,0,17,0,77.690289
381,41046,0,762867,5.380492,0.000000,0.034555,,0.952970,0,17,0,77.748691
382,41055,9,762867,5.381672,0.001180,0.022591,non_zero_exit,0.950541,0,17,0,77.545692
383,41055,0,762867,5.381672,0.000000,1.032448,,0.950754,0,17,0,77.604167
384,41055,0,762867,5.381672,0.000000,0.024201,non_zero_exit,0.948348,0,17,0,77.402597
385,41059,4,762867,5.382196,0.000524,5.003258,timeout,0.958853,0,18,0,77.202073
386,41059,0,762867,5.382196,0.000000,1.033977,non_zero_exit,0.959047,0,18,0,77.002584
387,41059,0,762867,5.382196,0.000000,0.030556,,0.956654,0,18,0,77.061856
388,41059,0,762867,5.382196,0.000000,0.536774,,0.955575,0,18,0,77.120823
389,41098,39,762867,5.387309,0.005112,0.023356,non_zero_exit,0.953184,0,18,0,76.923077
390,41098,0,762867,5.387309,0.000000,1.039661,,0.953405,0,18,0,76.982097
391,41098,0,762867,5.387309,0.000000,1.030315,,0.953602,0,18,0,77.040816
392,41101,3,762867,5.387702,0.000393,0.029674,,0.951251,0,18,0,77.099237
393,41105,4,762867,5.388226,0.000524,1.530551,,0.952721,0,18,0,77.157360
394,41105,0,762867,5.388226,0.000000,0.031470,,0.950389,0,18,0,77.215190
395,41105,0,762867,5.388226,0.000000,1.029725,,0.950589,0,18,0,77.272727
396,41105,0,762867,5.388226,0.000000,1.034193,,0.950800,0,18,0,77.329975
397,41109,4,762867,5.388751,0.000524,0.027968,,0.948481,0,18,0,77.386935
398,41113,4,762867,5.389275,0.000524,0.021673,non_zero_exit,0.946158,0,18,0,77.192982
399,41113,0,762867,5.389275,0.000000,0.030394,non_zero_exit,0.943869,0,18,0,77.000000
400,41132,19,762867,5.391766,0.002491,0.028522,,0.941586,0,18,0,77.057357
401,41132,0,762867,5.391766,0.000000,1.031413,,0.941809,0,18,0,77.114428
402,41161,29,762867,5.395567,0.003801,1.030565,,0.942030,0,18,0,77.171216
403,41163,2,762867,5.395829,0.000262,1.032806,,0.942254,0,18,0,77.227723
404,41163,0,762867,5.395829,0.000000,0.030037,,0.940002,0,18,0,77.283951
405,41164,1,762867,5.395960,0.000131,0.031701,,0.937765,0,18,0,77.339901
406,41184,20,762867,5.398582,0.002622,0.015707,non_zero_exit,0.935499,0,18,0,77.149877
407,41186,2,762867,5.398844,0.000262,1.033482,,0.935739,0,18,0,77.205882
408,41193,7,762867,5.399762,0.000918,0.024609,,0.933512,0,18,0,77.261614
409,41193,0,762867,5.399762,0.000000,0.020964,non_zero_exit,0.931286,0,18,0,77.073171
410,41193,0,762867,5.399762,0.000000,5.004842,timeout,0.941197,0,19,0,76.885645
411,41193,0,762867,5.399762,0.000000,0.022276,non_zero_exit,0.938967,0,19,0,76.699029
412,41193,0,762867,5.399762,0.000000,0.038903,,0.936788,0,19,0,76.755448
413,41194,1,762867,5.399893,0.000131,2.024096,,0.939414,0,19,0,76.811594
414,41202,8,762867,5.400941,0.001049,2.028779,,0.942039,0,19,0,76.867470
415,41208,6,762867,5.401728,0.000787,0.020822,non_zero_exit,0.939825,0,19,0,76.682692
416,41208,0,762867,5.401728,0.000000,0.022212,non_zero_exit,0.937624,0,19,0,76.498801
417,41208,0,762867,5.401728,0.000000,0.024833,non_zero_exit,0.935440,0,19,0,76.315789
418,41209,1,762867,5.401859,0.000131,0.139591,,0.933541,0,19,0,76.372315
419,41217,8,762867,5.402908,0.001049,1.030154,non_zero_exit,0.933771,0,19,0,76.190476
420,41217,0,762867,5.402908,0.000000,1.031895,,0.934004,0,19,0,76.247031
421,41352,135,762867,5.420604,0.017696,1.036413,,0.934247,0,19,0,76.303318
422,41352,0,762867,5.420604,0.000000,1.036753,,0.934489,0,19,0,76.359338
423,41612,260,762867,5.454686,0.034082,2.028481,,0.937069,0,19,0,76.415094
424,41613,1,762867,5.454817,0.000131,3.031361,,0.941997,0,19,0,76.470588
425,41613,0,762867,5.454817,0.000000,0.021095,non_zero_exit,0.939835,0,19,0,76.291080
426,41613,0,762867,5.454817,0.000000,0.028775,,0.937702,0,19,0,76.346604
427,41613,0,762867,5.454817,0.000000,0.027127,,0.935574,0,19,0,76.401869
428,41614,1,762867,5.454948,0.000131,1.534410,,0.936970,0,19,0,76.456876
429,41903,289,762867,5.492832,0.037883,1.875669,,0.939153,0,19,0,76.511628
430,41903,0,762867,5.492832,0.000000,1.029542,,0.939363,0,19,0,76.566125
431,41908,5,762867,5.493487,0.000655,0.024005,non_zero_exit,0.937244,0,19,0,76.388889
432,41909,1,762867,5.493618,0.000131,0.036927,non_zero_exit,0.935165,0,19,0,76.212471
433,41911,2,762867,5.493880,0.000262,0.025352,,0.933068,0,19,0,76.267281
434,41914,3,762867,5.494274,0.000393,1.036181,,0.933305,0,19,0,76.321839
435,41914,0,762867,5.494274,0.000000,2.027973,,0.935816,0,19,0,76.376147
436,41914,0,762867,5.494274,0.000000,0.031172,,0.933746,0,19,0,76.430206
437,41964,50,762867,5.500828,0.006554,0.023081,non_zero_exit,0.931667,0,19,0,76.255708
438,41979,15,762867,5.502794,0.001966,0.028216,,0.929609,0,19,0,76.309795
439,41979,0,762867,5.502794,0.000000,0.030128,,0.927564,0,19,0,76.363636
440,41997,18,762867,5.505154,0.002360,0.715062,,0.927083,0,19,0,76.417234
441,41997,0,762867,5.505154,0.000000,0.024467,,0.925040,0,19,0,76.470588
442,41997,0,762867,5.505154,0.000000,0.022896,non_zero_exit,0.923004,0,19,0,76.297968
443,41997,0,762867,5.505154,0.000000,1.027138,non_zero_exit,0.923239,0,19,0,76.126126
444,41997,0,762867,5.505154,0.000000,2.028985,,0.925723,0,19,0,76.179775
445,42003,6,762867,5.505940,0.000787,0.022162,non_zero_exit,0.923697,0,19,0,76.008969
446,42004,1,762867,5.506071,0.000131,1.031147,,0.923938,0,19,0,76.062640
447,42004,0,762867,5.506071,0.000000,1.034238,,0.924184,0,19,0,76.116071
448,42004,0,762867,5.506071,0.000000,5.004199,timeout,0.933271,0,20,0,75.946548
449,42008,4,762867,5.506596,0.000524,1.910907,,0.935443,0,20,0,76.000000
450,42012,4,762867,5.507120,0.000524,0.026865,,0.933429,0,20,0,76.053215
451,42012,0,762867,5.507120,0.000000,1.029999,,0.933642,0,20,0,76.106195
452,42012,0,762867,5.507120,0.000000,1.031147,,0.933858,0,20,0,76.158940
453,42018,6,762867,5.507906,0.000787,3.030112,,0.938475,0,20,0,76.211454
454,42021,3,762867,5.508300,0.000393,0.026258,,0.936470,0,20,0,76.263736
455,42021,0,762867,5.508300,0.000000,0.023535,non_zero_exit,0.934468,0,20,0,76.096491
456,42022,1,762867,5.508431,0.000131,3.030246,,0.939054,0,20,0,76.148796
457,42022,0,762867,5.508431,0.000000,0.025335,,0.937059,0,20,0,76.200873
458,42082,60,762867,5.516296,0.007865,1.032206,,0.937266,0,20,0,76.252723
459,42082,0,762867,5.516296,0.000000,5.004699,timeout,0.946109,0,21,0,76.086957
460,42083,1,762867,5.516427,0.000131,1.031549,,0.946294,0,21,0,76.138829
461,42083,0,762867,5.516427,0.000000,0.023258,non_zero_exit,0.944296,0,21,0,75.974026
462,42083,0,762867,5.516427,0.000000,1.030658,,0.944483,0,21,0,76.025918
463,42095,12,762867,5.518000,0.001573,0.034120,,0.942521,0,21,0,76.077586
464,42095,0,762867,5.518000,0.000000,0.024083,non_zero_exit,0.940545,0,21,0,75.913978
465,42095,0,762867,5.518000,0.000000,1.028982,,0.940735,0,21,0,75.965665
466,42095,0,762867,5.518000,0.000000,1.029665,,0.940926,0,21,0,76.017131
467,42095,0,762867,5.518000,0.000000,4.047917,,0.947564,0,21,0,76.068376
468,42095,0,762867,5.518000,0.000000,1.033016,non_zero_exit,0.947747,0,21,0,75.906183
469,42095,0,762867,5.518000,0.000000,0.021529,non_zero_exit,0.945776,0,21,0,75.744681
470,42095,0,762867,5.518000,0.000000,0.033303,,0.943839,0,21,0,75.796178
471,42096,1,762867,5.518131,0.000131,0.028834,,0.941900,0,21,0,75.847458
472,42119,23,762867,5.521146,0.003015,1.035918,,0.942099,0,21,0,75.898520
473,42126,7,762867,5.522063,0.000918,0.021355,non_zero_exit,0.940156,0,21,0,75.738397
474,42126,0,762867,5.522063,0.000000,0.022170,non_zero_exit,0.938224,0,21,0,75.578947
475,42148,22,762867,5.524947,0.002884,1.027396,,0.938411,0,21,0,75.630252
476,42148,0,762867,5.524947,0.000000,5.004723,timeout,0.946936,0,22,0,75.471698
477,42148,0,762867,5.524947,0.000000,2.031424,,0.949205,0,22,0,75.523013
478,42148,0,762867,5.524947,0.000000,0.023682,,0.947272,0,22,0,75.574113
479,42150,2,762867,5.525210,0.000262,2.031117,,0.949531,0,22,0,75.625000
480,42150,0,762867,5.525210,0.000000,1.031501,,0.949701,0,22,0,75.675676
481,42150,0,762867,5.525210,0.000000,0.028717,non_zero_exit,0.947790,0,22,0,75.518672
482,42150,0,762867,5.525210,0.000000,0.021516,non_zero_exit,0.945872,0,22,0,75.362319
483,42150,0,762867,5.525210,0.000000,0.031522,,0.943983,0,22,0,75.413223
484,42151,1,762867,5.525341,0.000131,0.025430,non_zero_exit,0.942089,0,22,0,75.257732
485,42151,0,762867,5.525341,0.000000,3.029290,,0.946384,0,22,0,75.308642
486,42154,3,762867,5.525734,0.000393,0.038879,,0.944521,0,22,0,75.359343
487,42154,0,762867,5.525734,0.000000,1.030865,,0.944697,0,22,0,75.409836
488,42154,0,762867,5.525734,0.000000,1.028587,,0.944869,0,22,0,75.460123
489,75463,33309,762867,9.892026,4.366292,5.127557,timeout,0.953405,0,23,0,75.306122
490,75481,18,762867,9.894385,0.002360,0.030737,,0.951526,0,23,0,75.356415
491,75481,0,762867,9.894385,0.000000,0.024486,non_zero_exit,0.949642,0,23,0,75.203252
492,75481,0,762867,9.894385,0.000000,0.022389,non_zero_exit,0.947761,0,23,0,75.050710
493,75481,0,762867,9.894385,0.000000,0.030724,,0.945905,0,23,0,75.101215
494,75517,36,762867,9.899104,0.004719,1.032339,,0.946079,0,23,0,75.151515
495,75517,0,762867,9.899104,0.000000,1.026209,,0.946241,0,23,0,75.201613
496,75525,8,762867,9.900153,0.001049,0.033521,,0.944404,0,23,0,75.251509
497,75525,0,762867,9.900153,0.000000,1.028510,,0.944573,0,23,0,75.301205
498,75525,0,762867,9.900153,0.000000,0.030407,,0.942741,0,23,0,75.350701
499,75528,3,762867,9.900546,0.000393,0.020985,non_zero_exit,0.940898,0,23,0,75.200000
500,75528,0,762867,9.900546,0.000000,1.028187,,0.941072,0,23,0,75.249501
501,75528,0,762867,9.900546,0.000000,0.034016,,0.939265,0,23,0,75.298805
502,75528,0,762867,9.900546,0.000000,1.710781,non_zero_exit,0.940799,0,23,0,75.149105
503,75528,0,762867,9.900546,0.000000,0.030794,,0.938993,0,23,0,75.198413
504,75531,3,762867,9.900939,0.000393,1.035662,,0.939185,0,23,0,75.247525
505,75534,3,762867,9.901333,0.000393,1.043560,,0.939391,0,23,0,75.296443
506,75534,0,762867,9.901333,0.000000,2.029111,,0.941540,0,23,0,75.345168
507,75534,0,762867,9.901333,0.000000,5.008633,timeout,0.949546,0,24,0,75.196850
508,75534,0,762867,9.901333,0.000000,0.035088,,0.947750,0,24,0,75.245580
509,75584,50,762867,9.907887,0.006554,0.026071,,0.945943,0,24,0,75.294118
510,75584,0,762867,9.907887,0.000000,0.024323,non_zero_exit,0.944139,0,24,0,75.146771
511,75584,0,762867,9.907887,0.000000,1.034225,,0.944315,0,24,0,75.195312
512,75584,0,762867,9.907887,0.000000,3.533221,,0.949362,0,24,0,75.243665
513,75584,0,762867,9.907887,0.000000,0.037024,,0.947587,0,24,0,75.291829
514,75584,0,762867,9.907887,0.000000,1.030432,,0.947747,0,24,0,75.339806
515,75584,0,762867,9.907887,0.000000,3.043114,,0.951808,0,24,0,75.387597
516,75584,0,762867,9.907887,0.000000,1.027047,,0.951954,0,24,0,75.435203
517,75584,0,762867,9.907887,0.000000,1.025942,,0.952097,0,24,0,75.482625
518,75586,2,762867,9.908149,0.000262,0.028372,,0.950317,0,24,0,75.529865
519,75586,0,762867,9.908149,0.000000,3.031347,,0.954319,0,24,0,75.576923
520,75592,6,762867,9.908936,0.000787,0.032271,,0.952549,0,24,0,75.623800
521,75592,0,762867,9.908936,0.000000,0.028819,,0.950779,0,24,0,75.670498
522,75592,0,762867,9.908936,0.000000,0.029139,,0.949017,0,24,0,75.717017
523,75592,0,762867,9.908936,0.000000,0.129301,,0.947453,0,24,0,75.763359
524,75592,0,762867,9.908936,0.000000,0.030068,,0.945705,0,24,0,75.809524
525,75594,2,762867,9.909198,0.000262,1.031727,,0.945869,0,24,0,75.855513
526,75594,0,762867,9.909198,0.000000,0.024334,,0.944120,0,24,0,75.901328
527,75594,0,762867,9.909198,0.000000,0.030858,,0.942391,0,24,0,75.946970
528,75596,2,762867,9.909460,0.000262,0.020814,non_zero_exit,0.940649,0,24,0,75.803403
529,75596,0,762867,9.909460,0.000000,3.030963,,0.944593,0,24,0,75.849057
530,75600,4,762867,9.909984,0.000524,0.027650,non_zero_exit,0.942866,0,24,0,75.706215
531,75603,3,762867,9.910378,0.000393,1.028953,,0.943028,0,24,0,75.751880
532,75603,0,762867,9.910378,0.000000,0.026285,non_zero_exit,0.941308,0,24,0,75.609756
533,75603,0,762867,9.910378,0.000000,0.025164,non_zero_exit,0.939592,0,24,0,75.468165
534,75603,0,762867,9.910378,0.000000,0.023716,non_zero_exit,0.937880,0,24,0,75.327103
535,75603,0,762867,9.910378,0.000000,0.033529,,0.936193,0,24,0,75.373134
536,75603,0,762867,9.910378,0.000000,1.033550,,0.936374,0,24,0,75.418994
537,75603,0,762867,9.910378,0.000000,3.031455,,0.940268,0,24,0,75.464684
538,75603,0,762867,9.910378,0.000000,2.131634,,0.942479,0,24,0,75.510204
539,75603,0,762867,9.910378,0.000000,5.003973,timeout,0.950000,0,25,0,75.370370
540,75603,0,762867,9.910378,0.000000,0.032723,,0.948304,0,25,0,75.415896
541,75603,0,762867,9.910378,0.000000,0.026880,,0.946604,0,25,0,75.461255
542,75603,0,762867,9.910378,0.000000,1.025928,,0.946750,0,25,0,75.506446
543,75603,0,762867,9.910378,0.000000,0.531746,,0.945988,0,25,0,75.551471
544,75603,0,762867,9.910378,0.000000,1.033878,,0.946149,0,25,0,75.596330
545,75605,2,762867,9.910640,0.000262,0.023168,non_zero_exit,0.944458,0,25,0,75.457875
546,75605,0,762867,9.910640,0.000000,4.534199,,0.951021,0,25,0,75.502742
547,75605,0,762867,9.910640,0.000000,0.029377,,0.949339,0,25,0,75.547445
548,75605,0,762867,9.910640,0.000000,0.025023,non_zero_exit,0.947656,0,25,0,75.409836
549,75605,0,762867,9.910640,0.000000,0.031249,,0.945989,0,25,0,75.454545
550,75605,0,762867,9.910640,0.000000,0.025182,non_zero_exit,0.944318,0,25,0,75.317604
551,75605,0,762867,9.910640,0.000000,0.239623,,0.943042,0,25,0,75.362319
552,75605,0,762867,9.910640,0.000000,2.044039,,0.945033,0,25,0,75.406872
553,75689,84,762867,9.921651,0.011011,3.030218,,0.948796,0,25,0,75.451264
554,75694,5,762867,9.922306,0.000655,0.023185,non_zero_exit,0.947129,0,25,0,75.315315
555,75697,3,762867,9.922700,0.000393,0.438553,,0.946214,0,25,0,75.359712
556,75697,0,762867,9.922700,0.000000,1.540490,,0.947281,0,25,0,75.403950
557,75697,0,762867,9.922700,0.000000,1.031856,,0.947432,0,25,0,75.448029
558,75697,0,762867,9.922700,0.000000,0.029632,,0.945791,0,25,0,75.491950
559,75697,0,762867,9.922700,0.000000,1.037057,,0.945954,0,25,0,75.535714
560,75697,0,762867,9.922700,0.000000,0.025010,non_zero_exit,0.944312,0,25,0,75.401070
561,75697,0,762867,9.922700,0.000000,5.003960,timeout,0.951535,0,26,0,75.266904
562,75697,0,762867,9.922700,0.000000,1.527979,,0.952559,0,26,0,75.310835
563,75697,0,762867,9.922700,0.000000,0.031007,,0.950925,0,26,0,75.354610
564,75697,0,762867,9.922700,0.000000,1.032304,,0.951069,0,26,0,75.398230
565,75697,0,762867,9.922700,0.000000,1.725254,,0.952437,0,26,0,75.441696
566,75697,0,762867,9.922700,0.000000,0.030016,,0.950810,0,26,0,75.485009
567,75745,48,762867,9.928992,0.006292,1.029247,,0.950948,0,26,0,75.528169
568,75759,14,762867,9.930827,0.001835,1.028925,,0.951086,0,26,0,75.571178
569,75759,0,762867,9.930827,0.000000,3.029963,,0.954733,0,26,0,75.614035
570,75811,52,762867,9.937643,0.006816,0.033703,,0.953120,0,26,0,75.656743
571,75811,0,762867,9.937643,0.000000,2.035991,,0.955013,0,26,0,75.699301
572,75818,7,762867,9.938561,0.000918,0.021594,non_zero_exit,0.953384,0,26,0,75.567190
573,75819,1,762867,9.938692,0.000131,5.004349,timeout,0.960441,0,27,0,75.435540
574,75819,0,762867,9.938692,0.000000,0.032508,,0.958827,0,27,0,75.478261
575,75819,0,762867,9.938692,0.000000,0.027418,non_zero_exit,0.957210,0,27,0,75.347222
576,75819,0,762867,9.938692,0.000000,2.029504,,0.959069,0,27,0,75.389948
577,75819,0,762867,9.938692,0.000000,2.028055,,0.960918,0,27,0,75.432526
578,75819,0,762867,9.938692,0.000000,0.030006,,0.959310,0,27,0,75.474957
579,75819,0,762867,9.938692,0.000000,5.003889,timeout,0.966284,0,28,0,75.344828
580,75819,0,762867,9.938692,0.000000,1.027239,,0.966389,0,28,0,75.387263
581,75819,0,762867,9.938692,0.000000,1.038813,,0.966513,0,28,0,75.429553
582,75819,0,762867,9.938692,0.000000,0.978639,,0.966534,0,28,0,75.471698
583,75819,0,762867,9.938692,0.000000,0.528622,,0.965784,0,28,0,75.513699
584,75823,4,762867,9.939216,0.000524,3.031495,,0.969315,0,28,0,75.555556
585,75827,4,762867,9.939740,0.000524,0.021667,non_zero_exit,0.967698,0,28,0,75.426621
586,75832,5,762867,9.940396,0.000655,1.028814,,0.967802,0,28,0,75.468484
587,75837,5,762867,9.941051,0.000655,0.031027,,0.966209,0,28,0,75.510204
588,75837,0,762867,9.941051,0.000000,1.030344,,0.966318,0,28,0,75.551783
589,75837,0,762867,9.941051,0.000000,0.027271,,0.964726,0,28,0,75.593220
590,75841,4,762867,9.941576,0.000524,0.855995,,0.964542,0,28,0,75.634518
591,75841,0,762867,9.941576,0.000000,1.033781,,0.964659,0,28,0,75.675676
592,75842,1,762867,9.941707,0.000131,0.022399,non_zero_exit,0.963070,0,28,0,75.548061
593,75842,0,762867,9.941707,0.000000,0.025693,non_zero_exit,0.961492,0,28,0,75.420875
594,75842,0,762867,9.941707,0.000000,0.022800,non_zero_exit,0.959915,0,28,0,75.294118
595,75842,0,762867,9.941707,0.000000,0.035109,,0.958363,0,28,0,75.335570
596,75842,0,762867,9.941707,0.000000,1.029145,,0.958482,0,28,0,75.376884
597,75843,1,762867,9.941838,0.000131,2.036260,,0.960284,0,28,0,75.418060
598,75845,2,762867,9.942100,0.000262,3.054661,,0.963780,0,28,0,75.459098
599,75846,1,762867,9.942231,0.000131,3.035439,,0.967233,0,28,0,75.500000
600,75846,0,762867,9.942231,0.000000,0.027869,,0.965670,0,28,0,75.540765
601,75846,0,762867,9.942231,0.000000,0.029759,,0.964115,0,28,0,75.581395
602,75846,0,762867,9.942231,0.000000,5.004575,timeout,0.970816,0,29,0,75.456053
603,75846,0,762867,9.942231,0.000000,1.029983,,0.970914,0,29,0,75.496689
604,75847,1,762867,9.942362,0.000131,0.049617,,0.969391,0,29,0,75.537190
605,75855,8,762867,9.943411,0.001049,0.138263,,0.968020,0,29,0,75.577558
606,75861,6,762867,9.944197,0.000787,0.026345,,0.966468,0,29,0,75.617792
607,75861,0,762867,9.944197,0.000000,0.030524,,0.964929,0,29,0,75.657895
608,75863,2,762867,9.944460,0.000262,0.026480,,0.963388,0,29,0,75.697865
609,75864,1,762867,9.944591,0.000131,5.003178,timeout,0.970011,0,30,0,75.573770
610,75864,0,762867,9.944591,0.000000,1.033512,,0.970115,0,30,0,75.613748
611,75864,0,762867,9.944591,0.000000,0.023979,non_zero_exit,0.968569,0,30,0,75.490196
612,75864,0,762867,9.944591,0.000000,1.035032,,0.968677,0,30,0,75.530179
613,75864,0,762867,9.944591,0.000000,1.031256,,0.968779,0,30,0,75.570033
614,75864,0,762867,9.944591,0.000000,1.029573,,0.968878,0,30,0,75.609756
615,75864,0,762867,9.944591,0.000000,0.030704,,0.967355,0,30,0,75.649351
616,75864,0,762867,9.944591,0.000000,0.031367,,0.965838,0,30,0,75.688817
617,75865,1,762867,9.944722,0.000131,2.032131,,0.967563,0,30,0,75.728155
618,75865,0,762867,9.944722,0.000000,5.004190,timeout,0.974084,0,31,0,75.605816
619,75884,19,762867,9.947212,0.002491,0.025259,non_zero_exit,0.972554,0,31,0,75.483871
620,75887,3,762867,9.947606,0.000393,1.034319,,0.972653,0,31,0,75.523349
621,75887,0,762867,9.947606,0.000000,0.026457,,0.971132,0,31,0,75.562701
622,75896,9,762867,9.948785,0.001180,1.033470,,0.971232,0,31,0,75.601926
623,75896,0,762867,9.948785,0.000000,3.028783,,0.974530,0,31,0,75.641026
624,75897,1,762867,9.948916,0.000131,5.006596,timeout,0.980981,0,32,0,75.520000
625,75897,0,762867,9.948916,0.000000,0.021610,non_zero_exit,0.979448,0,32,0,75.399361
626,75898,1,762867,9.949047,0.000131,1.029531,,0.979528,0,32,0,75.438596
627,75898,0,762867,9.949047,0.000000,0.029239,,0.978015,0,32,0,75.477707
628,75910,12,762867,9.950620,0.001573,3.034504,,0.981285,0,32,0,75.516693
629,75910,0,762867,9.950620,0.000000,5.007982,timeout,0.987676,0,33,0,75.396825
630,75913,3,762867,9.951014,0.000393,0.025252,non_zero_exit,0.986151,0,33,0,75.277338
631,75913,0,762867,9.951014,0.000000,0.033833,,0.984644,0,33,0,75.316456
632,75914,1,762867,9.951145,0.000131,1.032490,,0.984720,0,33,0,75.355450
633,75914,0,762867,9.951145,0.000000,1.031897,,0.984794,0,33,0,75.394322
634,75914,0,762867,9.951145,0.000000,0.028271,,0.983288,0,33,0,75.433071
635,75914,0,762867,9.951145,0.000000,0.021379,non_zero_exit,0.981775,0,33,0,75.314465
636,75914,0,762867,9.951145,0.000000,1.024223,,0.981842,0,33,0,75.353218
637,75914,0,762867,9.951145,0.000000,3.966132,,0.986519,0,33,0,75.391850
638,75914,0,762867,9.951145,0.000000,0.023573,non_zero_exit,0.985013,0,33,0,75.273865
639,75914,0,762867,9.951145,0.000000,1.029538,,0.985082,0,33,0,75.312500
640,75916,2,762867,9.951407,0.000262,1.028980,,0.985151,0,33,0,75.351014
641,75916,0,762867,9.951407,0.000000,0.034077,,0.983669,0,33,0,75.389408
642,75916,0,762867,9.951407,0.000000,3.034380,non_zero_exit,0.986858,0,33,0,75.272162
643,75916,0,762867,9.951407,0.000000,0.025533,,0.985366,0,33,0,75.310559
644,75923,7,762867,9.952325,0.000918,5.004869,timeout,0.991597,0,34,0,75.193798
645,75923,0,762867,9.952325,0.000000,0.028758,,0.990107,0,34,0,75.232198
646,75924,1,762867,9.952456,0.000131,3.036940,,0.993271,0,34,0,75.270479
647,75924,0,762867,9.952456,0.000000,0.026569,,0.991779,0,34,0,75.308642
648,75924,0,762867,9.952456,0.000000,0.025979,,0.990291,0,34,0,75.346687
649,75924,0,762867,9.952456,0.000000,0.025477,non_zero_exit,0.988806,0,34,0,75.230769
650,75931,7,762867,9.953373,0.000918,1.034561,,0.988877,0,34,0,75.268817
651,75931,0,762867,9.953373,0.000000,1.028693,,0.988938,0,34,0,75.306748
652,75933,2,762867,9.953635,0.000262,0.334852,,0.987936,0,34,0,75.344564
653,75933,0,762867,9.953635,0.000000,0.530910,,0.987237,0,34,0,75.382263
654,75934,1,762867,9.953767,0.000131,1.028696,,0.987300,0,34,0,75.419847
655,75934,0,762867,9.953767,0.000000,2.029031,,0.988888,0,34,0,75.457317
656,75934,0,762867,9.953767,0.000000,0.033622,,0.987434,0,34,0,75.494673
657,75934,0,762867,9.953767,0.000000,2.030009,,0.989019,0,34,0,75.531915
658,75936,2,762867,9.954029,0.000262,1.036314,,0.989091,0,34,0,75.569044
659,75938,2,762867,9.954291,0.000262,5.005322,timeout,0.995176,0,35,0,75.454545
660,75938,0,762867,9.954291,0.000000,3.033961,,0.998260,0,35,0,75.491679
661,75943,5,762867,9.954946,0.000655,0.032541,non_zero_exit,0.996802,0,35,0,75.377644
662,75943,0,762867,9.954946,0.000000,4.037206,,1.001387,0,35,0,75.414781
663,75943,0,762867,9.954946,0.000000,0.022871,non_zero_exit,0.999914,0,35,0,75.301205
664,75943,0,762867,9.954946,0.000000,1.033349,,0.999964,0,35,0,75.338346
665,75943,0,762867,9.954946,0.000000,0.035931,,0.998516,0,35,0,75.375375
666,75943,0,762867,9.954946,0.000000,0.022512,non_zero_exit,0.997053,0,35,0,75.262369
667,75943,0,762867,9.954946,0.000000,0.535529,,0.996362,0,35,0,75.299401
668,75943,0,762867,9.954946,0.000000,0.029833,,0.994918,0,35,0,75.336323
669,75963,20,762867,9.957568,0.002622,1.029627,,0.994969,0,35,0,75.373134
670,75964,1,762867,9.957699,0.000131,0.021332,non_zero_exit,0.993518,0,35,0,75.260805
671,75964,0,762867,9.957699,0.000000,0.029443,,0.992084,0,35,0,75.297619
672,75964,0,762867,9.957699,0.000000,0.029267,,0.990653,0,35,0,75.334324
673,75965,1,762867,9.957830,0.000131,1.132392,,0.990863,0,35,0,75.370920
674,75965,0,762867,9.957830,0.000000,0.022913,non_zero_exit,0.989429,0,35,0,75.259259
675,75965,0,762867,9.957830,0.000000,0.031312,,0.988012,0,35,0,75.295858
676,75965,0,762867,9.957830,0.000000,5.004428,timeout,0.993945,0,36,0,75.184638
677,75980,15,762867,9.959796,0.001966,0.029293,,0.992522,0,36,0,75.221239
678,75986,6,762867,9.960583,0.000787,0.034004,,0.991110,0,36,0,75.257732
679,75989,3,762867,9.960976,0.000393,1.031474,,0.991170,0,36,0,75.294118
680,75989,0,762867,9.960976,0.000000,0.028874,,0.989757,0,36,0,75.330396
681,76000,11,762867,9.962418,0.001442,1.029885,,0.989815,0,36,0,75.366569
682,76000,0,762867,9.962418,0.000000,0.024573,,0.988402,0,36,0,75.402635
683,76000,0,762867,9.962418,0.000000,0.023123,non_zero_exit,0.986991,0,36,0,75.292398
684,76000,0,762867,9.962418,0.000000,5.004514,timeout,0.992856,0,37,0,75.182482
685,76000,0,762867,9.962418,0.000000,1.028159,,0.992907,0,37,0,75.218659
686,76000,0,762867,9.962418,0.000000,5.004236,timeout,0.998746,0,38,0,75.109170
687,76000,0,762867,9.962418,0.000000,0.129154,,0.997482,0,38,0,75.145349
688,76018,18,762867,9.964778,0.002360,0.033182,,0.996083,0,38,0,75.181422
689,76020,2,762867,9.965040,0.000262,0.028088,,0.994680,0,38,0,75.217391
690,76058,38,762867,9.970021,0.004981,2.536019,,0.996910,0,38,0,75.253256
691,76058,0,762867,9.970021,0.000000,1.027230,,0.996954,0,38,0,75.289017
692,76058,0,762867,9.970021,0.000000,0.014738,non_zero_exit,0.995537,0,38,0,75.180375
693,76058,0,762867,9.970021,0.000000,1.029452,,0.995586,0,38,0,75.216138
694,76058,0,762867,9.970021,0.000000,0.024720,non_zero_exit,0.994189,0,38,0,75.107914
695,78046,1988,762867,10.230617,0.260596,5.084698,timeout,1.000066,0,39,0,75.000000
696,78047,1,762867,10.230748,0.000131,1.030000,,1.000109,0,39,0,75.035868
697,78047,0,762867,10.230748,0.000000,0.025212,non_zero_exit,0.998712,0,39,0,74.928367
698,78047,0,762867,10.230748,0.000000,3.035772,,1.001627,0,39,0,74.964235
699,78047,0,762867,10.230748,0.000000,0.030539,,1.000239,0,39,0,75.000000
700,78048,1,762867,10.230879,0.000131,1.031013,,1.000283,0,39,0,75.035663
701,78048,0,762867,10.230879,0.000000,1.025908,,1.000320,0,39,0,75.071225
702,78048,0,762867,10.230879,0.000000,1.027683,,1.000359,0,39,0,75.106686
703,78050,2,762867,10.231141,0.000262,0.022676,non_zero_exit,0.998970,0,39,0,75.000000
704,78123,73,762867,10.240710,0.009569,0.036115,,0.997604,0,39,0,75.035461
705,78125,2,762867,10.240973,0.000262,0.026593,non_zero_exit,0.996229,0,39,0,74.929178
706,78125,0,762867,10.240973,0.000000,0.029637,,0.994862,0,39,0,74.964639
707,78125,0,762867,10.240973,0.000000,1.031504,,0.994913,0,39,0,75.000000
708,78132,7,762867,10.241890,0.000918,0.024062,non_zero_exit,0.993544,0,39,0,74.894217
709,78132,0,762867,10.241890,0.000000,0.031389,,0.992189,0,39,0,74.929577
710,78132,0,762867,10.241890,0.000000,0.537851,,0.991550,0,39,0,74.964838
711,78132,0,762867,10.241890,0.000000,2.031131,,0.993010,0,39,0,75.000000
712,78132,0,762867,10.241890,0.000000,0.024995,non_zero_exit,0.991652,0,39,0,74.894811
713,78132,0,762867,10.241890,0.000000,0.028884,,0.990304,0,39,0,74.929972
714,78132,0,762867,10.241890,0.000000,0.021146,non_zero_exit,0.988948,0,39,0,74.825175
715,78139,7,762867,10.242808,0.000918,1.032714,,0.989009,0,39,0,74.860335
716,78153,14,762867,10.244643,0.001835,0.034403,,0.987678,0,39,0,74.895397
717,78153,0,762867,10.244643,0.000000,0.030601,,0.986345,0,39,0,74.930362
718,78153,0,762867,10.244643,0.000000,1.026573,,0.986401,0,39,0,74.965229
719,78153,0,762867,10.244643,0.000000,1.027074,,0.986458,0,39,0,75.000000
720,78158,5,762867,10.245298,0.000655,5.005985,timeout,0.992032,0,40,0,74.895978
721,78158,0,762867,10.245298,0.000000,1.031353,,0.992087,0,40,0,74.930748
722,78273,115,762867,10.260373,0.015075,0.538152,,0.991459,0,40,0,74.965422
723,78297,24,762867,10.263519,0.003146,1.026819,,0.991508,0,40,0,75.000000
724,78298,1,762867,10.263650,0.000131,0.024296,non_zero_exit,0.990174,0,40,0,74.896552
725,78298,0,762867,10.263650,0.000000,0.029453,,0.988851,0,40,0,74.931129
726,78298,0,762867,10.263650,0.000000,0.635068,,0.988364,0,40,0,74.965612
727,78298,0,762867,10.263650,0.000000,0.029872,,0.987047,0,40,0,75.000000
728,78298,0,762867,10.263650,0.000000,0.625200,,0.986551,0,40,0,75.034294
729,78299,1,762867,10.263781,0.000131,0.028921,,0.985239,0,40,0,75.068493
730,78299,0,762867,10.263781,0.000000,0.025776,,0.983927,0,40,0,75.102599
731,78300,1,762867,10.263912,0.000131,0.027524,non_zero_exit,0.982620,0,40,0,75.000000
732,78300,0,762867,10.263912,0.000000,1.029900,,0.982685,0,40,0,75.034106
733,78300,0,762867,10.263912,0.000000,0.028360,,0.981384,0,40,0,75.068120
734,78301,1,762867,10.264043,0.000131,1.029680,,0.981450,0,40,0,75.102041
735,78301,0,762867,10.264043,0.000000,1.036897,,0.981525,0,40,0,75.135870
736,78302,1,762867,10.264174,0.000131,0.023790,non_zero_exit,0.980226,0,40,0,75.033921
737,78302,0,762867,10.264174,0.000000,0.029888,,0.978938,0,40,0,75.067751
738,78328,26,762867,10.267583,0.003408,0.025866,non_zero_exit,0.977649,0,40,0,74.966171
739,78330,2,762867,10.267845,0.000262,0.030169,non_zero_exit,0.976368,0,40,0,74.864865
740,78331,1,762867,10.267976,0.000131,0.021978,non_zero_exit,0.975080,0,40,0,74.763833
741,78335,4,762867,10.268500,0.000524,0.021710,non_zero_exit,0.973795,0,40,0,74.663073
742,78335,0,762867,10.268500,0.000000,0.031315,,0.972527,0,40,0,74.697174
743,78335,0,762867,10.268500,0.000000,0.028046,,0.971257,0,40,0,74.731183
744,78335,0,762867,10.268500,0.000000,0.021491,non_zero_exit,0.969982,0,40,0,74.630872
745,78343,8,762867,10.269549,0.001049,1.030132,,0.970063,0,40,0,74.664879
746,78343,0,762867,10.269549,0.000000,0.029170,,0.968804,0,40,0,74.698795
747,78343,0,762867,10.269549,0.000000,0.238593,,0.967827,0,40,0,74.732620
748,78343,0,762867,10.269549,0.000000,1.032210,,0.967913,0,40,0,74.766355
749,78343,0,762867,10.269549,0.000000,2.027769,,0.969326,0,40,0,74.800000
750,78343,0,762867,10.269549,0.000000,0.035923,,0.968084,0,40,0,74.833555
751,78343,0,762867,10.269549,0.000000,2.033773,,0.969501,0,40,0,74.867021
752,78351,8,762867,10.270598,0.001049,0.022861,non_zero_exit,0.968244,0,40,0,74.767596
753,78420,69,762867,10.279642,0.009045,3.032250,,0.970981,0,40,0,74.801061
754,78420,0,762867,10.279642,0.000000,0.020979,non_zero_exit,0.969723,0,40,0,74.701987
755,78426,6,762867,10.280429,0.000787,2.037132,,0.971135,0,40,0,74.735450
756,78428,2,762867,10.280691,0.000262,0.539668,,0.970565,0,40,0,74.768824
757,78428,0,762867,10.280691,0.000000,1.032135,,0.970646,0,40,0,74.802111
758,78453,25,762867,10.283968,0.003277,0.024962,,0.969400,0,40,0,74.835310
759,78455,2,762867,10.284230,0.000262,0.024084,non_zero_exit,0.968156,0,40,0,74.736842
760,78460,5,762867,10.284886,0.000655,5.004152,timeout,0.973460,0,41,0,74.638633
761,78461,1,762867,10.285017,0.000131,1.029827,non_zero_exit,0.973534,0,41,0,74.540682
762,78461,0,762867,10.285017,0.000000,0.024688,non_zero_exit,0.972290,0,41,0,74.442988
763,78461,0,762867,10.285017,0.000000,0.022839,non_zero_exit,0.971047,0,41,0,74.345550
764,78462,1,762867,10.285148,0.000131,4.534495,,0.975705,0,41,0,74.379085
765,78471,9,762867,10.286328,0.001180,0.024650,,0.974464,0,41,0,74.412533
766,78471,0,762867,10.286328,0.000000,0.033109,,0.973236,0,41,0,74.445893
767,78472,1,762867,10.286459,0.000131,5.003857,timeout,0.978485,0,42,0,74.348958
768,78487,15,762867,10.288425,0.001966,0.030365,,0.977252,0,42,0,74.382315
769,78487,0,762867,10.288425,0.000000,2.031050,,0.978620,0,42,0,74.415584
770,78487,0,762867,10.288425,0.000000,0.033594,,0.977395,0,42,0,74.448768
771,78487,0,762867,10.288425,0.000000,0.029852,,0.976167,0,42,0,74.481865
772,78487,0,762867,10.288425,0.000000,1.030653,,0.976238,0,42,0,74.514877
773,78488,1,762867,10.288556,0.000131,1.034706,,0.976313,0,42,0,74.547804
774,78488,0,762867,10.288556,0.000000,0.030285,,0.975093,0,42,0,74.580645
775,78488,0,762867,10.288556,0.000000,5.003767,timeout,0.980284,0,43,0,74.484536
776,78489,1,762867,10.288687,0.000131,0.024142,non_zero_exit,0.979054,0,43,0,74.388674
777,78502,13,762867,10.290391,0.001704,0.019276,non_zero_exit,0.977820,0,43,0,74.293059
778,78502,0,762867,10.290391,0.000000,0.032256,,0.976606,0,43,0,74.326059
779,78502,0,762867,10.290391,0.000000,0.033581,,0.975397,0,43,0,74.358974
780,78503,1,762867,10.290522,0.000131,3.030024,,0.978028,0,43,0,74.391805
781,78503,0,762867,10.290522,0.000000,1.036396,,0.978103,0,43,0,74.424552
782,78503,0,762867,10.290522,0.000000,0.023013,non_zero_exit,0.976883,0,43,0,74.329502
783,78503,0,762867,10.290522,0.000000,0.031475,,0.975677,0,43,0,74.362245
784,78503,0,762867,10.290522,0.000000,0.031511,,0.974474,0,43,0,74.394904
785,78503,0,762867,10.290522,0.000000,0.037616,,0.973282,0,43,0,74.427481
786,78503,0,762867,10.290522,0.000000,1.029596,,0.973354,0,43,0,74.459975
787,78522,19,762867,10.293013,0.002491,0.038260,,0.972167,0,43,0,74.492386
788,78522,0,762867,10.293013,0.000000,1.031732,,0.972243,0,43,0,74.524715
789,78522,0,762867,10.293013,0.000000,0.022620,non_zero_exit,0.971040,0,43,0,74.430380
790,78522,0,762867,10.293013,0.000000,3.028949,,0.973642,0,43,0,74.462705
791,78522,0,762867,10.293013,0.000000,0.021534,non_zero_exit,0.972440,0,43,0,74.368687
792,78524,2,762867,10.293275,0.000262,0.023898,non_zero_exit,0.971244,0,43,0,74.274905
793,78524,0,762867,10.293275,0.000000,0.028129,,0.970056,0,43,0,74.307305
794,78524,0,762867,10.293275,0.000000,5.005014,timeout,0.975131,0,44,0,74.213836
795,78524,0,762867,10.293275,0.000000,0.031884,,0.973946,0,44,0,74.246231
796,78525,1,762867,10.293406,0.000131,0.024284,non_zero_exit,0.972755,0,44,0,74.153074
797,78525,0,762867,10.293406,0.000000,5.003664,timeout,0.977806,0,45,0,74.060150
798,78538,13,762867,10.295110,0.001704,0.022072,non_zero_exit,0.976610,0,45,0,73.967459
799,78539,1,762867,10.295242,0.000131,1.992901,,0.977880,0,45,0,74.000000
800,78539,0,762867,10.295242,0.000000,3.030958,,0.980444,0,45,0,74.032459
801,78539,0,762867,10.295242,0.000000,1.034613,,0.980511,0,45,0,74.064838
802,78539,0,762867,10.295242,0.000000,0.028696,,0.979326,0,45,0,74.097136
803,78539,0,762867,10.295242,0.000000,0.032051,,0.978148,0,45,0,74.129353
804,78539,0,762867,10.295242,0.000000,1.030007,,0.978212,0,45,0,74.161491
805,78539,0,762867,10.295242,0.000000,1.035332,,0.978283,0,45,0,74.193548
806,78539,0,762867,10.295242,0.000000,0.021675,non_zero_exit,0.977097,0,45,0,74.101611
807,78540,1,762867,10.295373,0.000131,4.032572,,0.980879,0,45,0,74.133663
808,78543,3,762867,10.295766,0.000393,2.030201,,0.982176,0,45,0,74.165637
809,78549,6,762867,10.296552,0.000787,3.872204,,0.985744,0,45,0,74.197531
810,78549,0,762867,10.296552,0.000000,0.030699,,0.984566,0,45,0,74.229346
811,78549,0,762867,10.296552,0.000000,1.029814,,0.984622,0,45,0,74.261084
812,78549,0,762867,10.296552,0.000000,0.031414,,0.983450,0,45,0,74.292743
813,78549,0,762867,10.296552,0.000000,1.027221,,0.983503,0,45,0,74.324324
814,78549,0,762867,10.296552,0.000000,1.033526,,0.983565,0,45,0,74.355828
815,78549,0,762867,10.296552,0.000000,0.031054,,0.982397,0,45,0,74.387255
816,78549,0,762867,10.296552,0.000000,0.021103,non_zero_exit,0.981221,0,45,0,74.296206
817,78549,0,762867,10.296552,0.000000,0.031093,,0.980059,0,45,0,74.327628
818,78549,0,762867,10.296552,0.000000,0.034211,,0.978904,0,45,0,74.358974
819,78549,0,762867,10.296552,0.000000,0.536922,,0.978365,0,45,0,74.390244
820,78549,0,762867,10.296552,0.000000,0.020938,non_zero_exit,0.977199,0,45,0,74.299635
821,78550,1,762867,10.296683,0.000131,0.030046,,0.976047,0,45,0,74.330900
822,78550,0,762867,10.296683,0.000000,1.030344,,0.976113,0,45,0,74.362090
823,78550,0,762867,10.296683,0.000000,0.030381,,0.974965,0,45,0,74.393204
824,78550,0,762867,10.296683,0.000000,2.035736,,0.976251,0,45,0,74.424242
825,78550,0,762867,10.296683,0.000000,0.040031,,0.975118,0,45,0,74.455206
826,78550,0,762867,10.296683,0.000000,0.025048,,0.973969,0,45,0,74.486094
827,78863,313,762867,10.337713,0.041029,1.029857,,0.974036,0,45,0,74.516908
828,78863,0,762867,10.337713,0.000000,1.032374,,0.974107,0,45,0,74.547648
829,78863,0,762867,10.337713,0.000000,3.828206,,0.977545,0,45,0,74.578313
830,78863,0,762867,10.337713,0.000000,0.031345,,0.976407,0,45,0,74.608905
831,78863,0,762867,10.337713,0.000000,2.030164,,0.977673,0,45,0,74.639423
832,78864,1,762867,10.337844,0.000131,0.031917,,0.976538,0,45,0,74.669868
833,78864,0,762867,10.337844,0.000000,3.029641,,0.979000,0,45,0,74.700240
834,78864,0,762867,10.337844,0.000000,0.030482,,0.977864,0,45,0,74.730539
835,78864,0,762867,10.337844,0.000000,1.536041,,0.978531,0,45,0,74.760766
836,78864,0,762867,10.337844,0.000000,0.033607,,0.977402,0,45,0,74.790920
837,78864,0,762867,10.337844,0.000000,0.038316,,0.976282,0,45,0,74.821002
838,78864,0,762867,10.337844,0.000000,3.038926,,0.978740,0,45,0,74.851013
839,78864,0,762867,10.337844,0.000000,1.029341,,0.978800,0,45,0,74.880952
840,78864,0,762867,10.337844,0.000000,0.030262,,0.977673,0,45,0,74.910820
841,78864,0,762867,10.337844,0.000000,1.027120,,0.977731,0,45,0,74.940618
842,78864,0,762867,10.337844,0.000000,0.023731,non_zero_exit,0.976600,0,45,0,74.851720
843,78864,0,762867,10.337844,0.000000,0.024325,non_zero_exit,0.975471,0,45,0,74.763033
844,78864,0,762867,10.337844,0.000000,1.897773,,0.976563,0,45,0,74.792899
845,78864,0,762867,10.337844,0.000000,1.030180,,0.976626,0,45,0,74.822695
846,78864,0,762867,10.337844,0.000000,3.029923,,0.979050,0,45,0,74.852420
847,78874,10,762867,10.339155,0.001311,3.029501,,0.981468,0,45,0,74.882075
848,78874,0,762867,10.339155,0.000000,0.029481,,0.980347,0,45,0,74.911661
849,78874,0,762867,10.339155,0.000000,2.032384,,0.981585,0,45,0,74.941176
850,78874,0,762867,10.339155,0.000000,0.022604,non_zero_exit,0.980458,0,45,0,74.853114
851,78874,0,762867,10.339155,0.000000,0.026993,non_zero_exit,0.979339,0,45,0,74.765258
852,78874,0,762867,10.339155,0.000000,0.021844,non_zero_exit,0.978216,0,45,0,74.677608
853,78874,0,762867,10.339155,0.000000,0.021801,non_zero_exit,0.977096,0,45,0,74.590164
854,78875,1,762867,10.339286,0.000131,0.030578,,0.975989,0,45,0,74.619883
855,78875,0,762867,10.339286,0.000000,0.019482,non_zero_exit,0.974872,0,45,0,74.532710
856,78875,0,762867,10.339286,0.000000,0.021951,,0.973760,0,45,0,74.562427
857,78875,0,762867,10.339286,0.000000,0.024452,,0.972654,0,45,0,74.592075
858,78875,0,762867,10.339286,0.000000,0.032288,,0.971559,0,45,0,74.621653
859,78875,0,762867,10.339286,0.000000,1.029217,,0.971626,0,45,0,74.651163
860,78913,38,762867,10.344267,0.004981,0.230186,,0.970765,0,45,0,74.680604
861,78913,0,762867,10.344267,0.000000,0.021473,non_zero_exit,0.969664,0,45,0,74.593968
862,78913,0,762867,10.344267,0.000000,0.034336,non_zero_exit,0.968580,0,45,0,74.507532
863,78913,0,762867,10.344267,0.000000,0.041509,,0.967507,0,45,0,74.537037
864,78913,0,762867,10.344267,0.000000,0.032767,,0.966426,0,45,0,74.566474
865,78913,0,762867,10.344267,0.000000,0.025870,,0.965340,0,45,0,74.595843
866,78913,0,762867,10.344267,0.000000,0.025558,non_zero_exit,0.964256,0,45,0,74.509804
867,78913,0,762867,10.344267,0.000000,0.030192,,0.963180,0,45,0,74.539171
868,78915,2,762867,10.344529,0.000262,0.028296,,0.962104,0,45,0,74.568470
869,78915,0,762867,10.344529,0.000000,0.023614,non_zero_exit,0.961025,0,45,0,74.482759
870,78915,0,762867,10.344529,0.000000,0.021353,non_zero_exit,0.959947,0,45,0,74.397245
871,78915,0,762867,10.344529,0.000000,0.028972,,0.958879,0,45,0,74.426606
872,78923,8,762867,10.345578,0.001049,0.029169,,0.957814,0,45,0,74.455899
873,78923,0,762867,10.345578,0.000000,3.030570,,0.960186,0,45,0,74.485126
874,78923,0,762867,10.345578,0.000000,5.004495,timeout,0.964808,0,46,0,74.400000
875,78923,0,762867,10.345578,0.000000,0.028324,,0.963739,0,46,0,74.429224
876,78923,0,762867,10.345578,0.000000,0.030220,,0.962674,0,46,0,74.458381
877,78923,0,762867,10.345578,0.000000,1.042733,,0.962765,0,46,0,74.487472
878,78923,0,762867,10.345578,0.000000,0.021726,,0.961695,0,46,0,74.516496
879,78923,0,762867,10.345578,0.000000,0.023528,non_zero_exit,0.960629,0,46,0,74.431818
880,78923,0,762867,10.345578,0.000000,0.031269,,0.959574,0,46,0,74.460840
881,83022,4099,762867,10.882893,0.537315,5.024643,timeout,0.964183,0,47,0,74.376417
882,83022,0,762867,10.882893,0.000000,0.534692,,0.963696,0,47,0,74.405436
883,83046,24,762867,10.886039,0.003146,0.026060,,0.962636,0,47,0,74.434389
884,83052,6,762867,10.886826,0.000787,0.023377,non_zero_exit,0.961574,0,47,0,74.350282
885,83052,0,762867,10.886826,0.000000,1.046600,,0.961670,0,47,0,74.379233
886,83052,0,762867,10.886826,0.000000,0.027373,,0.960617,0,47,0,74.408117
887,83052,0,762867,10.886826,0.000000,1.028923,,0.960694,0,47,0,74.436937
888,83052,0,762867,10.886826,0.000000,0.028907,,0.959646,0,47,0,74.465692
889,83055,3,762867,10.887219,0.000393,1.038603,,0.959734,0,47,0,74.494382
890,83055,0,762867,10.887219,0.000000,0.023070,non_zero_exit,0.958683,0,47,0,74.410774
891,83055,0,762867,10.887219,0.000000,0.022759,non_zero_exit,0.957634,0,47,0,74.327354
892,83055,0,762867,10.887219,0.000000,0.031384,,0.956597,0,47,0,74.356103
893,83055,0,762867,10.887219,0.000000,0.028664,,0.955559,0,47,0,74.384787
894,83055,0,762867,10.887219,0.000000,0.030893,,0.954526,0,47,0,74.413408
895,83055,0,762867,10.887219,0.000000,0.030417,,0.953494,0,47,0,74.441964
896,83055,0,762867,10.887219,0.000000,0.024586,,0.952459,0,47,0,74.470457
897,83055,0,762867,10.887219,0.000000,0.024295,,0.951425,0,47,0,74.498886
898,83055,0,762867,10.887219,0.000000,0.022927,,0.950392,0,47,0,74.527253
899,83055,0,762867,10.887219,0.000000,0.018830,non_zero_exit,0.949357,0,47,0,74.444444
900,83055,0,762867,10.887219,0.000000,0.030819,,0.948338,0,47,0,74.472808
901,83055,0,762867,10.887219,0.000000,0.023376,non_zero_exit,0.947312,0,47,0,74.390244
902,83055,0,762867,10.887219,0.000000,0.025090,non_zero_exit,0.946291,0,47,0,74.307863
903,83055,0,762867,10.887219,0.000000,0.046833,,0.945296,0,47,0,74.336283
904,83055,0,762867,10.887219,0.000000,0.023528,non_zero_exit,0.944277,0,47,0,74.254144
905,83055,0,762867,10.887219,0.000000,0.030009,,0.943268,0,47,0,74.282561
906,83055,0,762867,10.887219,0.000000,0.531345,,0.942814,0,47,0,74.310915
907,83056,1,762867,10.887350,0.000131,0.131943,,0.941921,0,47,0,74.339207
908,83072,16,762867,10.889447,0.002097,0.237325,,0.941146,0,47,0,74.367437
909,83072,0,762867,10.889447,0.000000,1.024841,,0.941238,0,47,0,74.395604
910,83072,0,762867,10.889447,0.000000,0.020570,non_zero_exit,0.940227,0,47,0,74.313941
911,83072,0,762867,10.889447,0.000000,1.031281,,0.940327,0,47,0,74.342105
912,83072,0,762867,10.889447,0.000000,4.033724,,0.943715,0,47,0,74.370208
913,83072,0,762867,10.889447,0.000000,0.022619,non_zero_exit,0.942708,0,47,0,74.288840
914,83072,0,762867,10.889447,0.000000,0.029629,,0.941710,0,47,0,74.316940
915,83072,0,762867,10.889447,0.000000,3.039468,,0.944000,0,47,0,74.344978
916,83072,0,762867,10.889447,0.000000,3.032941,,0.946278,0,47,0,74.372955
917,83073,1,762867,10.889578,0.000131,0.027937,,0.945278,0,47,0,74.400871
918,83073,0,762867,10.889578,0.000000,0.535947,,0.944832,0,47,0,74.428727
919,83073,0,762867,10.889578,0.000000,1.027397,,0.944922,0,47,0,74.456522
920,83073,0,762867,10.889578,0.000000,0.024017,non_zero_exit,0.943922,0,47,0,74.375679
921,83073,0,762867,10.889578,0.000000,1.026483,,0.944011,0,47,0,74.403471
922,83073,0,762867,10.889578,0.000000,1.028422,non_zero_exit,0.944103,0,47,0,74.322860
923,83073,0,762867,10.889578,0.000000,0.035794,,0.943120,0,47,0,74.350649
924,83073,0,762867,10.889578,0.000000,0.021697,non_zero_exit,0.942124,0,47,0,74.270270
925,83073,0,762867,10.889578,0.000000,0.530394,,0.941679,0,47,0,74.298056
926,83095,22,762867,10.892462,0.002884,1.032363,,0.941777,0,47,0,74.325782
927,83098,3,762867,10.892856,0.000393,0.033660,,0.940798,0,47,0,74.353448
928,83098,0,762867,10.892856,0.000000,0.030343,,0.939818,0,47,0,74.381055
929,83111,13,762867,10.894560,0.001704,1.032133,,0.939918,0,47,0,74.408602
930,83111,0,762867,10.894560,0.000000,0.032173,,0.938943,0,47,0,74.436090
931,83113,2,762867,10.894822,0.000262,0.030950,,0.937968,0,47,0,74.463519
932,83115,2,762867,10.895084,0.000262,0.534933,,0.937536,0,47,0,74.490890
933,83115,0,762867,10.895084,0.000000,1.036800,,0.937643,0,47,0,74.518201
934,83115,0,762867,10.895084,0.000000,0.029596,,0.936672,0,47,0,74.545455
935,83121,6,762867,10.895870,0.000787,0.024158,non_zero_exit,0.935697,0,47,0,74.465812
936,83121,0,762867,10.895870,0.000000,5.003551,timeout,0.940038,0,48,0,74.386339
937,83121,0,762867,10.895870,0.000000,0.029332,,0.939067,0,48,0,74.413646
938,83121,0,762867,10.895870,0.000000,0.024671,non_zero_exit,0.938093,0,48,0,74.334398
939,83121,0,762867,10.895870,0.000000,0.024084,non_zero_exit,0.937121,0,48,0,74.255319
940,83121,0,762867,10.895870,0.000000,0.027679,,0.936154,0,48,0,74.282678
941,83121,0,762867,10.895870,0.000000,1.029004,,0.936253,0,48,0,74.309979
942,83121,0,762867,10.895870,0.000000,0.027913,,0.935290,0,48,0,74.337222
943,83121,0,762867,10.895870,0.000000,0.035199,,0.934336,0,48,0,74.364407
944,83123,2,762867,10.896133,0.000262,0.030668,,0.933380,0,48,0,74.391534
945,83123,0,762867,10.896133,0.000000,5.004598,timeout,0.937684,0,49,0,74.312896
946,83125,2,762867,10.896395,0.000262,1.034519,,0.937786,0,49,0,74.340021
947,83125,0,762867,10.896395,0.000000,1.792827,,0.938688,0,49,0,74.367089
948,83129,4,762867,10.896919,0.000524,1.138099,,0.938898,0,49,0,74.394099
949,83129,0,762867,10.896919,0.000000,0.030885,,0.937942,0,49,0,74.421053
950,83129,0,762867,10.896919,0.000000,0.021698,non_zero_exit,0.936979,0,49,0,74.342797
951,83129,0,762867,10.896919,0.000000,0.028770,,0.936025,0,49,0,74.369748
952,83129,0,762867,10.896919,0.000000,0.043093,,0.935088,0,49,0,74.396642
953,83129,0,762867,10.896919,0.000000,3.039061,,0.937293,0,49,0,74.423480
954,83129,0,762867,10.896919,0.000000,3.030938,,0.939485,0,49,0,74.450262
955,83129,0,762867,10.896919,0.000000,1.029578,,0.939580,0,49,0,74.476987
956,83175,46,762867,10.902949,0.006030,0.031106,non_zero_exit,0.938630,0,49,0,74.399164
957,83177,2,762867,10.903211,0.000262,0.028314,,0.937680,0,49,0,74.425887
958,83177,0,762867,10.903211,0.000000,0.021893,non_zero_exit,0.936725,0,49,0,74.348279
959,83177,0,762867,10.903211,0.000000,0.030029,,0.935781,0,49,0,74.375000
960,83177,0,762867,10.903211,0.000000,1.032156,,0.935881,0,49,0,74.401665
961,83194,17,762867,10.905440,0.002228,1.032723,,0.935982,0,49,0,74.428274
962,83194,0,762867,10.905440,0.000000,1.028012,,0.936077,0,49,0,74.454829
963,83194,0,762867,10.905440,0.000000,0.025390,non_zero_exit,0.935133,0,49,0,74.377593
964,83195,1,762867,10.905571,0.000131,1.028353,non_zero_exit,0.935229,0,49,0,74.300518
965,83196,1,762867,10.905702,0.000131,1.026031,,0.935323,0,49,0,74.327122
966,83196,0,762867,10.905702,0.000000,0.025400,non_zero_exit,0.934382,0,49,0,74.250259
967,83196,0,762867,10.905702,0.000000,5.007862,timeout,0.938590,0,50,0,74.173554
968,83196,0,762867,10.905702,0.000000,0.021571,non_zero_exit,0.937644,0,50,0,74.097007
969,83199,3,762867,10.906095,0.000393,5.004907,timeout,0.941837,0,51,0,74.020619
970,83199,0,762867,10.906095,0.000000,1.031593,,0.941929,0,51,0,74.047374
971,83208,9,762867,10.907275,0.001180,1.028681,,0.942019,0,51,0,74.074074
972,83209,1,762867,10.907406,0.000131,0.540068,,0.941606,0,51,0,74.100719
973,83209,0,762867,10.907406,0.000000,1.030633,,0.941697,0,51,0,74.127310
974,83209,0,762867,10.907406,0.000000,5.004158,timeout,0.945864,0,52,0,74.051282
975,83209,0,762867,10.907406,0.000000,0.022076,non_zero_exit,0.944917,0,52,0,73.975410
976,83209,0,762867,10.907406,0.000000,3.474053,,0.947506,0,52,0,74.002047
977,83209,0,762867,10.907406,0.000000,1.037359,,0.947598,0,52,0,74.028630
978,83209,0,762867,10.907406,0.000000,0.025892,non_zero_exit,0.946656,0,52,0,73.953013
979,83209,0,762867,10.907406,0.000000,1.038405,,0.946750,0,52,0,73.979592
980,83209,0,762867,10.907406,0.000000,3.038424,,0.948882,0,52,0,74.006116
981,83209,0,762867,10.907406,0.000000,0.026134,non_zero_exit,0.947942,0,52,0,73.930754
982,83209,0,762867,10.907406,0.000000,1.029996,,0.948026,0,52,0,73.957274
983,83209,0,762867,10.907406,0.000000,0.023744,non_zero_exit,0.947087,0,52,0,73.882114
984,83209,0,762867,10.907406,0.000000,2.030313,,0.948186,0,52,0,73.908629
985,83209,0,762867,10.907406,0.000000,0.032331,,0.947257,0,52,0,73.935091
986,83209,0,762867,10.907406,0.000000,2.601589,,0.948934,0,52,0,73.961499
987,83209,0,762867,10.907406,0.000000,0.037362,,0.948011,0,52,0,73.987854
988,83209,0,762867,10.907406,0.000000,5.005714,timeout,0.952114,0,53,0,73.913043
989,83209,0,762867,10.907406,0.000000,1.031557,,0.952194,0,53,0,73.939394
990,83210,1,762867,10.907537,0.000131,0.032108,,0.951266,0,53,0,73.965691
991,83210,0,762867,10.907537,0.000000,0.027503,,0.950334,0,53,0,73.991935
992,83210,0,762867,10.907537,0.000000,1.030375,,0.950415,0,53,0,74.018127
993,83210,0,762867,10.907537,0.000000,0.024927,non_zero_exit,0.949484,0,53,0,73.943662
994,83210,0,762867,10.907537,0.000000,0.019433,non_zero_exit,0.948549,0,53,0,73.869347
995,83210,0,762867,10.907537,0.000000,3.038882,,0.950648,0,53,0,73.895582
996,83210,0,762867,10.907537,0.000000,0.027714,,0.949722,0,53,0,73.921765
997,83210,0,762867,10.907537,0.000000,0.333188,,0.949104,0,53,0,73.947896
998,83212,2,762867,10.907799,0.000262,1.033287,,0.949189,0,53,0,73.973974
999,83212,0,762867,10.907799,0.000000,0.022128,non_zero_exit,0.948262,0,53,0,73.900000
1000,83212,0,762867,10.907799,0.000000,1.273980,,0.948587,0,53,0,73.926074
1001,83219,7,762867,10.908717,0.000918,0.032937,,0.947673,0,53,0,73.952096
1002,83219,0,762867,10.908717,0.000000,0.021811,non_zero_exit,0.946750,0,53,0,73.878365
1003,83219,0,762867,10.908717,0.000000,3.532417,,0.949325,0,53,0,73.904382
1004,83223,4,762867,10.909241,0.000524,1.040070,,0.949416,0,53,0,73.930348
1005,83225,2,762867,10.909503,0.000262,3.029956,non_zero_exit,0.951484,0,53,0,73.856859
1006,83225,0,762867,10.909503,0.000000,1.028371,,0.951560,0,53,0,73.882820
1007,83225,0,762867,10.909503,0.000000,5.004258,timeout,0.955581,0,54,0,73.809524
1008,83257,32,762867,10.913698,0.004195,1.031634,,0.955656,0,54,0,73.835481
1009,83257,0,762867,10.913698,0.000000,0.024855,non_zero_exit,0.954735,0,54,0,73.762376
1010,83259,2,762867,10.913960,0.000262,5.003704,timeout,0.958739,0,55,0,73.689416
1011,83259,0,762867,10.913960,0.000000,0.531533,,0.958317,0,55,0,73.715415
1012,83259,0,762867,10.913960,0.000000,0.025201,non_zero_exit,0.957396,0,55,0,73.642646
1013,83265,6,762867,10.914747,0.000787,0.330599,,0.956778,0,55,0,73.668639
1014,83266,1,762867,10.914878,0.000131,0.036490,,0.955871,0,55,0,73.694581
1015,83266,0,762867,10.914878,0.000000,3.030587,,0.957913,0,55,0,73.720472
1016,83266,0,762867,10.914878,0.000000,0.028753,,0.957000,0,55,0,73.746313
1017,83266,0,762867,10.914878,0.000000,5.003827,timeout,0.960975,0,56,0,73.673870
1018,83266,0,762867,10.914878,0.000000,0.025058,non_zero_exit,0.960057,0,56,0,73.601570
1019,83559,293,762867,10.953285,0.038408,4.253083,,0.963285,0,56,0,73.627451
1020,83559,0,762867,10.953285,0.000000,1.031561,,0.963352,0,56,0,73.653281
1021,83560,1,762867,10.953417,0.000131,0.025230,non_zero_exit,0.962434,0,56,0,73.581213
1022,83560,0,762867,10.953417,0.000000,3.031849,,0.964457,0,56,0,73.607038
1023,83560,0,762867,10.953417,0.000000,2.533721,,0.965989,0,56,0,73.632812
1024,83562,2,762867,10.953679,0.000262,0.025287,,0.965072,0,56,0,73.658537
1025,83562,0,762867,10.953679,0.000000,0.021229,non_zero_exit,0.964152,0,56,0,73.586745
1026,83562,0,762867,10.953679,0.000000,0.021991,non_zero_exit,0.963234,0,56,0,73.515093
1027,83562,0,762867,10.953679,0.000000,0.030011,,0.962326,0,56,0,73.540856
1028,83562,0,762867,10.953679,0.000000,0.026631,,0.961417,0,56,0,73.566569
1029,83562,0,762867,10.953679,0.000000,0.035259,,0.960518,0,56,0,73.592233
1030,83562,0,762867,10.953679,0.000000,0.922894,,0.960481,0,56,0,73.617847
1031,83600,38,762867,10.958660,0.004981,0.031661,,0.959581,0,56,0,73.643411
1032,83600,0,762867,10.958660,0.000000,0.021053,non_zero_exit,0.958673,0,56,0,73.572120
1033,83600,0,762867,10.958660,0.000000,2.039963,,0.959719,0,56,0,73.597679
1034,83600,0,762867,10.958660,0.000000,0.032679,,0.958823,0,56,0,73.623188
1035,83600,0,762867,10.958660,0.000000,0.033105,,0.957929,0,56,0,73.648649
1036,83602,2,762867,10.958922,0.000262,0.022999,non_zero_exit,0.957028,0,56,0,73.577628
1037,83602,0,762867,10.958922,0.000000,1.031145,,0.957099,0,56,0,73.603083
1038,83602,0,762867,10.958922,0.000000,0.031904,,0.956209,0,56,0,73.628489
1039,83602,0,762867,10.958922,0.000000,0.033037,,0.955321,0,56,0,73.653846
1040,83606,4,762867,10.959446,0.000524,1.031756,,0.955394,0,56,0,73.679155
1041,83606,0,762867,10.959446,0.000000,0.034470,,0.954511,0,56,0,73.704415
1042,83607,1,762867,10.959577,0.000131,3.035784,,0.956506,0,56,0,73.729626
1043,83607,0,762867,10.959577,0.000000,2.027228,,0.957532,0,56,0,73.754789
1044,83607,0,762867,10.959577,0.000000,1.032522,,0.957603,0,56,0,73.779904
1045,83607,0,762867,10.959577,0.000000,5.003735,timeout,0.961472,0,57,0,73.709369
1046,83621,14,762867,10.961413,0.001835,1.538441,,0.962023,0,57,0,73.734479
1047,83621,0,762867,10.961413,0.000000,1.026749,,0.962085,0,57,0,73.759542
1048,83622,1,762867,10.961544,0.000131,1.536284,,0.962632,0,57,0,73.784557
1049,83637,15,762867,10.963510,0.001966,0.021822,non_zero_exit,0.961736,0,57,0,73.714286
1050,83637,0,762867,10.963510,0.000000,1.031179,,0.961802,0,57,0,73.739296
1051,83637,0,762867,10.963510,0.000000,1.030357,,0.961867,0,57,0,73.764259
1052,83638,1,762867,10.963641,0.000131,1.031797,,0.961934,0,57,0,73.789174
1053,83638,0,762867,10.963641,0.000000,0.032763,,0.961052,0,57,0,73.814042
1054,83638,0,762867,10.963641,0.000000,1.030428,,0.961118,0,57,0,73.838863
1055,83638,0,762867,10.963641,0.000000,0.535417,,0.960715,0,57,0,73.863636
1056,83638,0,762867,10.963641,0.000000,0.022039,non_zero_exit,0.959827,0,57,0,73.793756
1057,83639,1,762867,10.963772,0.000131,0.029328,,0.958947,0,57,0,73.818526
1058,83639,0,762867,10.963772,0.000000,1.029400,,0.959014,0,57,0,73.843248
1059,83639,0,762867,10.963772,0.000000,2.530636,,0.960496,0,57,0,73.867925
1060,83639,0,762867,10.963772,0.000000,0.025361,non_zero_exit,0.959615,0,57,0,73.798303
1061,83639,0,762867,10.963772,0.000000,0.031450,,0.958741,0,57,0,73.822976
1062,83724,85,762867,10.974914,0.011142,1.031872,,0.958810,0,57,0,73.847601
1063,83724,0,762867,10.974914,0.000000,1.032238,,0.958879,0,57,0,73.872180
1064,83725,1,762867,10.975045,0.000131,4.032022,,0.961764,0,57,0,73.896714
1065,83725,0,762867,10.975045,0.000000,0.021512,non_zero_exit,0.960882,0,57,0,73.827392
1066,83759,34,762867,10.979502,0.004457,0.021746,non_zero_exit,0.960002,0,57,0,73.758201
1067,83759,0,762867,10.979502,0.000000,0.025678,non_zero_exit,0.959127,0,57,0,73.689139
1068,83759,0,762867,10.979502,0.000000,1.535982,,0.959667,0,57,0,73.713751
1069,83759,0,762867,10.979502,0.000000,0.020751,non_zero_exit,0.958789,0,57,0,73.644860
1070,83803,44,762867,10.985270,0.005768,1.034435,,0.958860,0,57,0,73.669468
1071,83803,0,762867,10.985270,0.000000,0.023607,non_zero_exit,0.957988,0,57,0,73.600746
1072,83803,0,762867,10.985270,0.000000,0.040155,,0.957132,0,57,0,73.625349
1073,83803,0,762867,10.985270,0.000000,0.537223,,0.956741,0,57,0,73.649907
1074,83803,0,762867,10.985270,0.000000,1.031191,,0.956810,0,57,0,73.674419
1075,83803,0,762867,10.985270,0.000000,1.025907,,0.956875,0,57,0,73.698885
1076,83803,0,762867,10.985270,0.000000,1.027873,,0.956941,0,57,0,73.723305
1077,83803,0,762867,10.985270,0.000000,0.033087,,0.956084,0,57,0,73.747681
1078,83803,0,762867,10.985270,0.000000,0.031459,,0.955227,0,57,0,73.772011
1079,83803,0,762867,10.985270,0.000000,4.284721,,0.958310,0,57,0,73.796296
1080,83803,0,762867,10.985270,0.000000,1.033907,,0.958379,0,57,0,73.820537
1081,83803,0,762867,10.985270,0.000000,2.034637,,0.959374,0,57,0,73.844732
1082,83803,0,762867,10.985270,0.000000,0.030299,,0.958516,0,57,0,73.868883
1083,83803,0,762867,10.985270,0.000000,0.030308,,0.957660,0,57,0,73.892989
1084,83803,0,762867,10.985270,0.000000,0.034787,,0.956809,0,57,0,73.917051
1085,83803,0,762867,10.985270,0.000000,0.032049,,0.955958,0,57,0,73.941068
1086,83853,50,762867,10.991824,0.006554,1.034669,,0.956030,0,57,0,73.965041
1087,83862,9,762867,10.993004,0.001180,0.034841,,0.955184,0,57,0,73.988971
1088,83862,0,762867,10.993004,0.000000,1.027513,,0.955250,0,57,0,74.012856
1089,83862,0,762867,10.993004,0.000000,0.022779,non_zero_exit,0.954395,0,57,0,73.944954
1090,83864,2,762867,10.993266,0.000262,1.030604,,0.954464,0,57,0,73.968836
1091,83865,1,762867,10.993397,0.000131,1.033025,,0.954536,0,57,0,73.992674
1092,83865,0,762867,10.993397,0.000000,1.029076,,0.954605,0,57,0,74.016468
1093,83910,45,762867,10.999296,0.005899,1.026722,,0.954670,0,57,0,74.040219
1094,83910,0,762867,10.999296,0.000000,1.028960,,0.954738,0,57,0,74.063927
1095,83910,0,762867,10.999296,0.000000,1.038178,,0.954814,0,57,0,74.087591
1096,83910,0,762867,10.999296,0.000000,0.023707,non_zero_exit,0.953966,0,57,0,74.020055
1097,83920,10,762867,11.000607,0.001311,0.029327,,0.953124,0,57,0,74.043716
1098,83939,19,762867,11.003098,0.002491,2.030759,,0.954104,0,57,0,74.067334
1099,83939,0,762867,11.003098,0.000000,0.028347,,0.953263,0,57,0,74.090909
1100,83939,0,762867,11.003098,0.000000,0.031547,,0.952425,0,57,0,74.114441
1101,83939,0,762867,11.003098,0.000000,0.031624,,0.951590,0,57,0,74.137931
1102,83939,0,762867,11.003098,0.000000,1.032758,,0.951663,0,57,0,74.161378
1103,83939,0,762867,11.003098,0.000000,1.032055,,0.951736,0,57,0,74.184783
1104,83939,0,762867,11.003098,0.000000,2.035802,,0.952717,0,57,0,74.208145
1105,83939,0,762867,11.003098,0.000000,0.028006,,0.951881,0,57,0,74.231465
1106,83940,1,762867,11.003229,0.000131,2.059488,,0.952882,0,57,0,74.254743
1107,83944,4,762867,11.003753,0.000524,0.023453,non_zero_exit,0.952043,0,57,0,74.187726
1108,83944,0,762867,11.003753,0.000000,1.928660,,0.952924,0,57,0,74.211001
1109,83944,0,762867,11.003753,0.000000,0.028702,,0.952091,0,57,0,74.234234
1110,83944,0,762867,11.003753,0.000000,0.025615,,0.951257,0,57,0,74.257426
1111,83944,0,762867,11.003753,0.000000,0.030227,,0.950429,0,57,0,74.280576
1112,83944,0,762867,11.003753,0.000000,0.023189,non_zero_exit,0.949596,0,57,0,74.213836
1113,83944,0,762867,11.003753,0.000000,0.021756,non_zero_exit,0.948763,0,57,0,74.147217
1114,83944,0,762867,11.003753,0.000000,1.028264,,0.948834,0,57,0,74.170404
1115,83944,0,762867,11.003753,0.000000,0.020927,non_zero_exit,0.948003,0,57,0,74.103943
1116,83944,0,762867,11.003753,0.000000,3.025945,,0.949863,0,57,0,74.127126
1117,83944,0,762867,11.003753,0.000000,5.004898,timeout,0.953490,0,58,0,74.060823
1118,83944,0,762867,11.003753,0.000000,1.028035,,0.953557,0,58,0,74.084004
1119,83944,0,762867,11.003753,0.000000,0.032509,,0.952734,0,58,0,74.107143
1120,83944,0,762867,11.003753,0.000000,2.031667,,0.953697,0,58,0,74.130241
1121,83944,0,762867,11.003753,0.000000,1.527732,,0.954208,0,58,0,74.153298
1122,83944,0,762867,11.003753,0.000000,1.031483,,0.954277,0,58,0,74.176313
1123,83944,0,762867,11.003753,0.000000,2.412425,,0.955574,0,58,0,74.199288
1124,83944,0,762867,11.003753,0.000000,3.032254,,0.957420,0,58,0,74.222222
1125,83958,14,762867,11.005588,0.001835,0.031965,,0.956598,0,58,0,74.245115
1126,83958,0,762867,11.005588,0.000000,5.003122,timeout,0.960189,0,59,0,74.179237
1127,83958,0,762867,11.005588,0.000000,5.004525,timeout,0.963774,0,60,0,74.113475
1128,83958,0,762867,11.005588,0.000000,3.037769,,0.965611,0,60,0,74.136404
1129,83958,0,762867,11.005588,0.000000,2.033820,,0.966557,0,60,0,74.159292
1130,83958,0,762867,11.005588,0.000000,0.022665,non_zero_exit,0.965722,0,60,0,74.093722
1131,83994,36,762867,11.010307,0.004719,5.003236,timeout,0.969289,0,61,0,74.028269
1132,83994,0,762867,11.010307,0.000000,1.027476,,0.969340,0,61,0,74.051192
1133,83994,0,762867,11.010307,0.000000,2.030299,,0.970276,0,61,0,74.074074
1134,83994,0,762867,11.010307,0.000000,0.025284,non_zero_exit,0.969443,0,61,0,74.008811
1135,83994,0,762867,11.010307,0.000000,0.019961,,0.968607,0,61,0,74.031690
1136,83995,1,762867,11.010438,0.000131,0.024406,,0.967777,0,61,0,74.054529
1137,83995,0,762867,11.010438,0.000000,1.029104,,0.967831,0,61,0,74.077329
1138,84016,21,762867,11.013191,0.002753,0.935858,,0.967803,0,61,0,74.100088
1139,84016,0,762867,11.013191,0.000000,2.035943,,0.968740,0,61,0,74.122807
1140,84016,0,762867,11.013191,0.000000,0.021647,non_zero_exit,0.967910,0,61,0,74.057844
1141,84016,0,762867,11.013191,0.000000,0.020953,non_zero_exit,0.967080,0,61,0,73.992995
1142,84016,0,762867,11.013191,0.000000,1.396144,,0.967456,0,61,0,74.015748
1143,84016,0,762867,11.013191,0.000000,0.033869,,0.966640,0,61,0,74.038462
1144,84016,0,762867,11.013191,0.000000,0.231110,,0.965997,0,61,0,74.061135
1145,84016,0,762867,11.013191,0.000000,0.022941,non_zero_exit,0.965174,0,61,0,73.996510
1146,84016,0,762867,11.013191,0.000000,0.022209,non_zero_exit,0.964352,0,61,0,73.931997
1147,84016,0,762867,11.013191,0.000000,0.021818,non_zero_exit,0.963531,0,61,0,73.867596
1148,84033,17,762867,11.015419,0.002228,0.027404,,0.962717,0,61,0,73.890339
1149,84033,0,762867,11.015419,0.000000,0.027698,,0.961904,0,61,0,73.913043
1150,84033,0,762867,11.015419,0.000000,0.028037,,0.961092,0,61,0,73.935708
1151,84035,2,762867,11.015682,0.000262,0.024179,,0.960279,0,61,0,73.958333
1152,84035,0,762867,11.015682,0.000000,2.029591,,0.961206,0,61,0,73.980919
1153,84035,0,762867,11.015682,0.000000,0.034316,,0.960403,0,61,0,74.003466
1154,84035,0,762867,11.015682,0.000000,5.003485,timeout,0.963904,0,62,0,73.939394
1155,84035,0,762867,11.015682,0.000000,0.031330,,0.963097,0,62,0,73.961938
1156,84066,31,762867,11.019745,0.004064,0.030177,,0.962291,0,62,0,73.984443
1157,84066,0,762867,11.019745,0.000000,5.005487,timeout,0.965782,0,63,0,73.920553
1158,84066,0,762867,11.019745,0.000000,0.028770,,0.964974,0,63,0,73.943054
1159,84066,0,762867,11.019745,0.000000,2.032837,,0.965894,0,63,0,73.965517
1160,84066,0,762867,11.019745,0.000000,1.030268,,0.965950,0,63,0,73.987941
1161,84066,0,762867,11.019745,0.000000,5.003972,timeout,0.969425,0,64,0,73.924269
1162,84066,0,762867,11.019745,0.000000,0.024550,,0.968612,0,64,0,73.946690
1163,84068,2,762867,11.020007,0.000262,1.032986,,0.968668,0,64,0,73.969072
1164,84068,0,762867,11.020007,0.000000,1.029734,non_zero_exit,0.968720,0,64,0,73.905579
1165,84068,0,762867,11.020007,0.000000,1.034513,,0.968776,0,64,0,73.927959
1166,84068,0,762867,11.020007,0.000000,0.029852,,0.967972,0,64,0,73.950300
1167,84069,1,762867,11.020139,0.000131,1.031928,,0.968027,0,64,0,73.972603
1168,84070,1,762867,11.020270,0.000131,1.032875,,0.968082,0,64,0,73.994867
1169,84072,2,762867,11.020532,0.000262,0.026473,,0.967277,0,64,0,74.017094
1170,84072,0,762867,11.020532,0.000000,0.022399,,0.966470,0,64,0,74.039283
1171,84072,0,762867,11.020532,0.000000,1.031324,,0.966526,0,64,0,74.061433
1172,84072,0,762867,11.020532,0.000000,0.837783,,0.966416,0,64,0,74.083546
1173,84072,0,762867,11.020532,0.000000,1.028269,,0.966469,0,64,0,74.105622
1174,84072,0,762867,11.020532,0.000000,1.027905,,0.966521,0,64,0,74.127660
1175,84072,0,762867,11.020532,0.000000,0.029922,,0.965724,0,64,0,74.149660
1176,84072,0,762867,11.020532,0.000000,0.032632,,0.964932,0,64,0,74.171623
1177,84073,1,762867,11.020663,0.000131,5.003748,timeout,0.968360,0,65,0,74.108659
1178,84073,0,762867,11.020663,0.000000,0.026188,,0.967561,0,65,0,74.130619
1179,84073,0,762867,11.020663,0.000000,0.028500,,0.966765,0,65,0,74.152542
1180,84073,0,762867,11.020663,0.000000,0.022908,non_zero_exit,0.965966,0,65,0,74.089754
1181,84073,0,762867,11.020663,0.000000,1.029781,,0.966020,0,65,0,74.111675
1182,84073,0,762867,11.020663,0.000000,0.029547,,0.965228,0,65,0,74.133559
1183,84073,0,762867,11.020663,0.000000,0.036819,,0.964444,0,65,0,74.155405
1184,84077,4,762867,11.021187,0.000524,0.334365,,0.963913,0,65,0,74.177215
1185,84077,0,762867,11.021187,0.000000,0.030606,,0.963126,0,65,0,74.198988
1186,84077,0,762867,11.021187,0.000000,0.031841,,0.962341,0,65,0,74.220725
1187,84078,1,762867,11.021318,0.000131,5.004837,timeout,0.965744,0,66,0,74.158249
1188,84078,0,762867,11.021318,0.000000,0.033394,non_zero_exit,0.964960,0,66,0,74.095879
1189,84078,0,762867,11.021318,0.000000,0.026945,,0.964172,0,66,0,74.117647
1190,84078,0,762867,11.021318,0.000000,0.031594,,0.963389,0,66,0,74.139379
1191,84078,0,762867,11.021318,0.000000,0.026384,non_zero_exit,0.962602,0,66,0,74.077181
1192,84078,0,762867,11.021318,0.000000,2.033937,,0.963500,0,66,0,74.098910
1193,84078,0,762867,11.021318,0.000000,0.031803,,0.962720,0,66,0,74.120603
1194,84090,12,762867,11.022891,0.001573,0.023724,non_zero_exit,0.961934,0,66,0,74.058577
1195,84090,0,762867,11.022891,0.000000,0.032505,,0.961157,0,66,0,74.080268
1196,84090,0,762867,11.022891,0.000000,5.005705,timeout,0.964536,0,67,0,74.018379
1197,84090,0,762867,11.022891,0.000000,1.031459,,0.964592,0,67,0,74.040067
1198,84090,0,762867,11.022891,0.000000,0.037544,,0.963819,0,67,0,74.061718
1199,84090,0,762867,11.022891,0.000000,0.037685,,0.963047,0,67,0,74.083333
1200,84090,0,762867,11.022891,0.000000,0.935297,,0.963024,0,67,0,74.104913
1201,84090,0,762867,11.022891,0.000000,0.025821,non_zero_exit,0.962244,0,67,0,74.043261
1202,84090,0,762867,11.022891,0.000000,0.024672,non_zero_exit,0.961465,0,67,0,73.981712
1203,84093,3,762867,11.023285,0.000393,0.030824,,0.960692,0,67,0,74.003322
1204,84093,0,762867,11.023285,0.000000,0.023279,,0.959914,0,67,0,74.024896
1205,84093,0,762867,11.023285,0.000000,0.025927,non_zero_exit,0.959140,0,67,0,73.963516
1206,84096,3,762867,11.023678,0.000393,1.030758,,0.959199,0,67,0,73.985087
1207,84096,0,762867,11.023678,0.000000,0.021559,non_zero_exit,0.958423,0,67,0,73.923841
1208,84096,0,762867,11.023678,0.000000,1.030718,,0.958482,0,67,0,73.945409
1209,84096,0,762867,11.023678,0.000000,0.027418,,0.957713,0,67,0,73.966942
1210,84097,1,762867,11.023809,0.000131,0.021473,non_zero_exit,0.956940,0,67,0,73.905863
1211,84097,0,762867,11.023809,0.000000,0.030633,,0.956176,0,67,0,73.927393
1212,84097,0,762867,11.023809,0.000000,0.027848,non_zero_exit,0.955410,0,67,0,73.866447
1213,84097,0,762867,11.023809,0.000000,0.032087,,0.954650,0,67,0,73.887974
1214,84097,0,762867,11.023809,0.000000,0.035712,,0.953893,0,67,0,73.909465
1215,84097,0,762867,11.023809,0.000000,1.031820,,0.953957,0,67,0,73.930921
1216,84097,0,762867,11.023809,0.000000,0.021310,non_zero_exit,0.953191,0,67,0,73.870173
1217,84097,0,762867,11.023809,0.000000,1.530740,,0.953665,0,67,0,73.891626
1218,84097,0,762867,11.023809,0.000000,0.036668,,0.952913,0,67,0,73.913043
1219,84097,0,762867,11.023809,0.000000,1.032577,,0.952978,0,67,0,73.934426
1220,84101,4,762867,11.024333,0.000524,0.035814,,0.952227,0,67,0,73.955774
1221,84101,0,762867,11.024333,0.000000,0.025383,,0.951469,0,67,0,73.977087
1222,84158,57,762867,11.031805,0.007472,0.027975,,0.950714,0,67,0,73.998365
1223,84171,13,762867,11.033509,0.001704,0.023250,non_zero_exit,0.949956,0,67,0,73.937908
1224,84176,5,762867,11.034165,0.000655,1.706860,,0.950574,0,67,0,73.959184
1225,84176,0,762867,11.034165,0.000000,1.533037,,0.951049,0,67,0,73.980424
1226,84176,0,762867,11.034165,0.000000,1.032894,,0.951116,0,67,0,74.001630
1227,84176,0,762867,11.034165,0.000000,1.029178,,0.951179,0,67,0,74.022801
1228,84210,34,762867,11.038621,0.004457,1.030660,,0.951244,0,67,0,74.043938
1229,84212,2,762867,11.038884,0.000262,4.030377,,0.953747,0,67,0,74.065041
1230,84212,0,762867,11.038884,0.000000,3.033324,,0.955437,0,67,0,74.086109
1231,84212,0,762867,11.038884,0.000000,1.033419,,0.955500,0,67,0,74.107143
1232,84212,0,762867,11.038884,0.000000,3.035327,,0.957187,0,67,0,74.128143
1233,84212,0,762867,11.038884,0.000000,0.031706,,0.956437,0,67,0,74.149109
1234,84212,0,762867,11.038884,0.000000,0.023640,non_zero_exit,0.955681,0,67,0,74.089069
1235,84212,0,762867,11.038884,0.000000,0.023533,non_zero_exit,0.954927,0,67,0,74.029126
1236,84212,0,762867,11.038884,0.000000,0.028790,,0.954178,0,67,0,74.050121
1237,84212,0,762867,11.038884,0.000000,1.030171,,0.954240,0,67,0,74.071082
1238,84225,13,762867,11.040588,0.001704,0.021295,non_zero_exit,0.953487,0,67,0,74.011299
1239,84225,0,762867,11.040588,0.000000,0.629320,,0.953225,0,67,0,74.032258
1240,84225,0,762867,11.040588,0.000000,4.023925,,0.955700,0,67,0,74.053183
1241,84225,0,762867,11.040588,0.000000,1.026895,,0.955757,0,67,0,74.074074
1242,84225,0,762867,11.040588,0.000000,0.022112,non_zero_exit,0.955006,0,67,0,74.014481
1243,84225,0,762867,11.040588,0.000000,1.026452,,0.955063,0,67,0,74.035370
1244,84225,0,762867,11.040588,0.000000,4.535510,,0.957939,0,67,0,74.056225
1245,84228,3,762867,11.040981,0.000393,0.033131,,0.957197,0,67,0,74.077047
1246,84228,0,762867,11.040981,0.000000,1.034446,,0.957259,0,67,0,74.097835
1247,84241,13,762867,11.042685,0.001704,0.025682,non_zero_exit,0.956513,0,67,0,74.038462
1248,84242,1,762867,11.042816,0.000131,0.032301,,0.955773,0,67,0,74.059247
1249,84248,6,762867,11.043603,0.000787,0.129219,,0.955111,0,67,0,74.080000
1250,84248,0,762867,11.043603,0.000000,0.020879,non_zero_exit,0.954365,0,67,0,74.020783
1251,84248,0,762867,11.043603,0.000000,1.033578,,0.954428,0,67,0,74.041534
1252,84248,0,762867,11.043603,0.000000,0.020275,non_zero_exit,0.953682,0,67,0,73.982442
1253,84248,0,762867,11.043603,0.000000,0.023790,non_zero_exit,0.952941,0,67,0,73.923445
1254,84249,1,762867,11.043734,0.000131,0.030300,,0.952206,0,67,0,73.944223
1255,84249,0,762867,11.043734,0.000000,2.041934,,0.953073,0,67,0,73.964968
1256,84249,0,762867,11.043734,0.000000,1.031079,,0.953135,0,67,0,73.985680
1257,84249,0,762867,11.043734,0.000000,3.029064,,0.954785,0,67,0,74.006359
1258,84250,1,762867,11.043865,0.000131,5.005294,timeout,0.958003,0,68,0,73.947577
1259,84250,0,762867,11.043865,0.000000,0.030088,,0.957266,0,68,0,73.968254
1260,84250,0,762867,11.043865,0.000000,0.027481,,0.956529,0,68,0,73.988898
1261,84318,68,762867,11.052779,0.008914,1.032340,non_zero_exit,0.956589,0,68,0,73.930269
1262,84318,0,762867,11.052779,0.000000,3.031432,,0.958232,0,68,0,73.950911
1263,84333,15,762867,11.054745,0.001966,0.026637,,0.957495,0,68,0,73.971519
1264,84333,0,762867,11.054745,0.000000,1.032833,,0.957554,0,68,0,73.992095
1265,84333,0,762867,11.054745,0.000000,0.025794,non_zero_exit,0.956818,0,68,0,73.933649
1266,84333,0,762867,11.054745,0.000000,3.535177,,0.958853,0,68,0,73.954223
1267,84333,0,762867,11.054745,0.000000,0.023346,non_zero_exit,0.958116,0,68,0,73.895899
1268,84333,0,762867,11.054745,0.000000,1.027543,,0.958170,0,68,0,73.916470
1269,84335,2,762867,11.055007,0.000262,0.022709,non_zero_exit,0.957434,0,68,0,73.858268
1270,84335,0,762867,11.055007,0.000000,0.025733,,0.956701,0,68,0,73.878836
1271,84335,0,762867,11.055007,0.000000,0.031059,,0.955973,0,68,0,73.899371
1272,84335,0,762867,11.055007,0.000000,0.027004,,0.955243,0,68,0,73.919874
1273,84335,0,762867,11.055007,0.000000,3.036347,non_zero_exit,0.956877,0,68,0,73.861852
1274,84335,0,762867,11.055007,0.000000,1.532085,,0.957328,0,68,0,73.882353
1275,84335,0,762867,11.055007,0.000000,1.030719,non_zero_exit,0.957385,0,68,0,73.824451
1276,84335,0,762867,11.055007,0.000000,3.034591,,0.959012,0,68,0,73.844949
1277,84335,0,762867,11.055007,0.000000,1.537517,,0.959465,0,68,0,73.865415
1278,84335,0,762867,11.055007,0.000000,0.025815,,0.958735,0,68,0,73.885848
1279,84339,4,762867,11.055531,0.000524,0.029664,,0.958009,0,68,0,73.906250
1280,84340,1,762867,11.055662,0.000131,5.003776,timeout,0.961167,0,69,0,73.848556
1281,84340,0,762867,11.055662,0.000000,0.031492,,0.960442,0,69,0,73.868955
1282,84340,0,762867,11.055662,0.000000,5.003857,timeout,0.963593,0,70,0,73.811380
1283,84340,0,762867,11.055662,0.000000,0.026561,,0.962864,0,70,0,73.831776
1284,84340,0,762867,11.055662,0.000000,0.035886,,0.962142,0,70,0,73.852140
1285,84340,0,762867,11.055662,0.000000,5.007313,timeout,0.965288,0,71,0,73.794712
1286,84354,14,762867,11.057498,0.001835,3.032324,,0.966894,0,71,0,73.815074
1287,84354,0,762867,11.057498,0.000000,0.020626,non_zero_exit,0.966159,0,71,0,73.757764
1288,84354,0,762867,11.057498,0.000000,1.033680,,0.966212,0,71,0,73.778123
1289,84373,19,762867,11.059988,0.002491,0.025785,,0.965483,0,71,0,73.798450
1290,84373,0,762867,11.059988,0.000000,2.540526,,0.966703,0,71,0,73.818745
1291,84373,0,762867,11.059988,0.000000,0.038707,,0.965984,0,71,0,73.839009
1292,84373,0,762867,11.059988,0.000000,1.036696,,0.966039,0,71,0,73.859242
1293,84373,0,762867,11.059988,0.000000,0.029176,,0.965315,0,71,0,73.879444
1294,84373,0,762867,11.059988,0.000000,0.021750,non_zero_exit,0.964586,0,71,0,73.822394
1295,84373,0,762867,11.059988,0.000000,0.028451,,0.963864,0,71,0,73.842593
1296,84373,0,762867,11.059988,0.000000,0.021717,non_zero_exit,0.963138,0,71,0,73.785659
1297,84373,0,762867,11.059988,0.000000,1.029830,,0.963189,0,71,0,73.805855
1298,84377,4,762867,11.060513,0.000524,0.024979,,0.962467,0,71,0,73.826020
1299,84378,1,762867,11.060644,0.000131,1.026710,,0.962516,0,71,0,73.846154
1300,84378,0,762867,11.060644,0.000000,0.030274,,0.961800,0,71,0,73.866257
1301,84379,1,762867,11.060775,0.000131,0.023439,non_zero_exit,0.961079,0,71,0,73.809524
1302,84379,0,762867,11.060775,0.000000,0.030636,,0.960365,0,71,0,73.829624
1303,84391,12,762867,11.062348,0.001573,5.004010,timeout,0.963466,0,72,0,73.773006
1304,84391,0,762867,11.062348,0.000000,2.033198,,0.964286,0,72,0,73.793103
1305,84391,0,762867,11.062348,0.000000,0.028817,,0.963569,0,72,0,73.813170
1306,84391,0,762867,11.062348,0.000000,1.032791,,0.963622,0,72,0,73.833206
1307,84391,0,762867,11.062348,0.000000,0.022985,non_zero_exit,0.962903,0,72,0,73.776758
1308,84411,20,762867,11.064969,0.002622,2.033804,,0.963721,0,72,0,73.796791
1309,84411,0,762867,11.064969,0.000000,0.635973,non_zero_exit,0.963471,0,72,0,73.740458
1310,84411,0,762867,11.064969,0.000000,3.033116,,0.965050,0,72,0,73.760488
1311,84411,0,762867,11.064969,0.000000,1.532588,non_zero_exit,0.965482,0,72,0,73.704268
1312,84411,0,762867,11.064969,0.000000,1.037898,,0.965537,0,72,0,73.724296
1313,84411,0,762867,11.064969,0.000000,0.033201,,0.964828,0,72,0,73.744292
1314,84411,0,762867,11.064969,0.000000,1.040680,,0.964886,0,72,0,73.764259
1315,84412,1,762867,11.065100,0.000131,0.022533,non_zero_exit,0.964170,0,72,0,73.708207
1316,84412,0,762867,11.065100,0.000000,0.031334,,0.963461,0,72,0,73.728170
1317,84557,145,762867,11.084108,0.019007,5.004287,timeout,0.966527,0,73,0,73.672231
1318,84582,25,762867,11.087385,0.003277,2.034704,,0.967337,0,73,0,73.692191
1319,84582,0,762867,11.087385,0.000000,2.059220,,0.968164,0,73,0,73.712121
1320,84582,0,762867,11.087385,0.000000,0.030169,,0.967454,0,73,0,73.732021
1321,84582,0,762867,11.087385,0.000000,0.032990,,0.966747,0,73,0,73.751891
1322,84585,3,762867,11.087778,0.000393,0.036993,,0.966044,0,73,0,73.771731
1323,84585,0,762867,11.087778,0.000000,3.033715,,0.967606,0,73,0,73.791541
1324,84585,0,762867,11.087778,0.000000,0.030098,,0.966899,0,73,0,73.811321
1325,84585,0,762867,11.087778,0.000000,5.003373,timeout,0.969943,0,74,0,73.755656
1326,84585,0,762867,11.087778,0.000000,1.031994,,0.969989,0,74,0,73.775433
1327,84586,1,762867,11.087909,0.000131,0.027355,,0.969280,0,74,0,73.795181
1328,84586,0,762867,11.087909,0.000000,0.030899,,0.968574,0,74,0,73.814898
1329,84587,1,762867,11.088040,0.000131,0.024250,non_zero_exit,0.967864,0,74,0,73.759398
1330,84587,0,762867,11.088040,0.000000,2.030299,,0.968662,0,74,0,73.779113
1331,84587,0,762867,11.088040,0.000000,0.030309,,0.967957,0,74,0,73.798799
1332,84587,0,762867,11.088040,0.000000,3.030255,,0.969504,0,74,0,73.818455
1333,84587,0,762867,11.088040,0.000000,1.027259,,0.969548,0,74,0,73.838081
1334,84587,0,762867,11.088040,0.000000,1.028914,,0.969592,0,74,0,73.857678
1335,84587,0,762867,11.088040,0.000000,0.033439,,0.968891,0,74,0,73.877246
1336,84587,0,762867,11.088040,0.000000,1.031992,,0.968939,0,74,0,73.896784
1337,84587,0,762867,11.088040,0.000000,1.028461,,0.968983,0,74,0,73.916293
1338,84587,0,762867,11.088040,0.000000,0.029759,,0.968282,0,74,0,73.935773
1339,84588,1,762867,11.088171,0.000131,2.030975,,0.969075,0,74,0,73.955224
1340,84588,0,762867,11.088171,0.000000,0.023697,non_zero_exit,0.968370,0,74,0,73.900075
1341,84588,0,762867,11.088171,0.000000,3.029593,,0.969906,0,74,0,73.919523
1342,84588,0,762867,11.088171,0.000000,0.024236,non_zero_exit,0.969202,0,74,0,73.864483
1343,84588,0,762867,11.088171,0.000000,0.026755,non_zero_exit,0.968500,0,74,0,73.809524
1344,84588,0,762867,11.088171,0.000000,1.029400,,0.968546,0,74,0,73.828996
1345,84588,0,762867,11.088171,0.000000,0.033751,,0.967851,0,74,0,73.848440
1346,84588,0,762867,11.088171,0.000000,0.023283,non_zero_exit,0.967150,0,74,0,73.793615
1347,84596,8,762867,11.089220,0.001049,0.043824,,0.966465,0,74,0,73.813056
1348,84596,0,762867,11.089220,0.000000,0.028860,,0.965770,0,74,0,73.832468
1349,84596,0,762867,11.089220,0.000000,0.021447,non_zero_exit,0.965070,0,74,0,73.777778
1350,84596,0,762867,11.089220,0.000000,5.004114,timeout,0.968060,0,75,0,73.723168
1351,84596,0,762867,11.089220,0.000000,0.035728,,0.967370,0,75,0,73.742604
1352,84596,0,762867,11.089220,0.000000,0.032715,,0.966680,0,75,0,73.762010
1353,84596,0,762867,11.089220,0.000000,5.002940,timeout,0.969661,0,76,0,73.707533
1354,84596,0,762867,11.089220,0.000000,0.021435,non_zero_exit,0.968961,0,76,0,73.653137
1355,84596,0,762867,11.089220,0.000000,0.024279,,0.968264,0,76,0,73.672566
1356,84596,0,762867,11.089220,0.000000,1.529001,,0.968677,0,76,0,73.691968
1357,84849,253,762867,11.122384,0.033164,0.030506,,0.967987,0,76,0,73.711340
1358,84849,0,762867,11.122384,0.000000,0.030134,,0.967296,0,76,0,73.730684
1359,84874,25,762867,11.125661,0.003277,0.039330,,0.966614,0,76,0,73.750000
1360,84874,0,762867,11.125661,0.000000,1.026432,,0.966658,0,76,0,73.769287
1361,84875,1,762867,11.125793,0.000131,0.330744,,0.966191,0,76,0,73.788546
1362,84875,0,762867,11.125793,0.000000,1.033623,,0.966241,0,76,0,73.807777
1363,84875,0,762867,11.125793,0.000000,0.028337,,0.965553,0,76,0,73.826979
1364,84875,0,762867,11.125793,0.000000,1.030576,,0.965601,0,76,0,73.846154
1365,84875,0,762867,11.125793,0.000000,1.030892,,0.965648,0,76,0,73.865300
1366,84875,0,762867,11.125793,0.000000,0.035165,,0.964968,0,76,0,73.884418
1367,84875,0,762867,11.125793,0.000000,0.031118,,0.964285,0,76,0,73.903509
1368,84875,0,762867,11.125793,0.000000,5.004908,timeout,0.967237,0,77,0,73.849525
1369,84875,0,762867,11.125793,0.000000,1.024921,,0.967279,0,77,0,73.868613
1370,84875,0,762867,11.125793,0.000000,1.032474,,0.967326,0,77,0,73.887673
1371,84876,1,762867,11.125924,0.000131,1.133364,,0.967447,0,77,0,73.906706
1372,84876,0,762867,11.125924,0.000000,0.030149,,0.966765,0,77,0,73.925710
1373,84876,0,762867,11.125924,0.000000,0.026417,,0.966080,0,77,0,73.944687
1374,84876,0,762867,11.125924,0.000000,0.024989,,0.965396,0,77,0,73.963636
1375,84876,0,762867,11.125924,0.000000,0.023327,non_zero_exit,0.964711,0,77,0,73.909884
1376,84876,0,762867,11.125924,0.000000,0.029952,,0.964032,0,77,0,73.928831
1377,84876,0,762867,11.125924,0.000000,0.535684,,0.963722,0,77,0,73.947750
1378,84876,0,762867,11.125924,0.000000,0.129034,,0.963116,0,77,0,73.966642
1379,84876,0,762867,11.125924,0.000000,0.020195,non_zero_exit,0.962433,0,77,0,73.913043
1380,84876,0,762867,11.125924,0.000000,0.037216,,0.961763,0,77,0,73.931933
1381,84876,0,762867,11.125924,0.000000,0.032002,,0.961090,0,77,0,73.950796
1382,84876,0,762867,11.125924,0.000000,0.028065,,0.960416,0,77,0,73.969631
1383,84890,14,762867,11.127759,0.001835,0.037503,non_zero_exit,0.959749,0,77,0,73.916185
1384,84890,0,762867,11.127759,0.000000,0.029282,,0.959077,0,77,0,73.935018
1385,84893,3,762867,11.128152,0.000393,0.027970,,0.958405,0,77,0,73.953824
1386,84893,0,762867,11.128152,0.000000,1.532433,,0.958819,0,77,0,73.972603
1387,84894,1,762867,11.128283,0.000131,2.032680,non_zero_exit,0.959593,0,77,0,73.919308
1388,84894,0,762867,11.128283,0.000000,3.034732,,0.961087,0,77,0,73.938085
1389,84894,0,762867,11.128283,0.000000,1.025915,,0.961133,0,77,0,73.956835
1390,84897,3,762867,11.128676,0.000393,3.531768,,0.962981,0,77,0,73.975557
1391,84900,3,762867,11.129070,0.000393,0.022695,non_zero_exit,0.962306,0,77,0,73.922414
1392,84900,0,762867,11.129070,0.000000,1.529046,,0.962713,0,77,0,73.941134
1393,84906,6,762867,11.129856,0.000787,1.037609,,0.962766,0,77,0,73.959828
1394,84906,0,762867,11.129856,0.000000,0.935971,,0.962747,0,77,0,73.978495
1395,84906,0,762867,11.129856,0.000000,0.026099,,0.962076,0,77,0,73.997135
1396,84906,0,762867,11.129856,0.000000,0.022481,non_zero_exit,0.961404,0,77,0,73.944166
1397,84912,6,762867,11.130643,0.000787,0.032255,,0.960739,0,77,0,73.962804
1398,84912,0,762867,11.130643,0.000000,1.728010,,0.961288,0,77,0,73.981415
1399,84912,0,762867,11.130643,0.000000,1.530949,,0.961694,0,77,0,74.000000
1400,84912,0,762867,11.130643,0.000000,3.029549,,0.963170,0,77,0,74.018558
1401,84912,0,762867,11.130643,0.000000,1.029246,,0.963218,0,77,0,74.037090
1402,84912,0,762867,11.130643,0.000000,1.850285,,0.963850,0,77,0,74.055595
1403,84912,0,762867,11.130643,0.000000,1.026918,,0.963895,0,77,0,74.074074
1404,84912,0,762867,11.130643,0.000000,0.028977,,0.963229,0,77,0,74.092527
1405,84912,0,762867,11.130643,0.000000,1.025861,,0.963274,0,77,0,74.110953
1406,84912,0,762867,11.130643,0.000000,0.026481,,0.962608,0,77,0,74.129353
1407,84912,0,762867,11.130643,0.000000,3.032411,,0.964078,0,77,0,74.147727
1408,84912,0,762867,11.130643,0.000000,0.022665,non_zero_exit,0.963410,0,77,0,74.095103
1409,84912,0,762867,11.130643,0.000000,1.029314,non_zero_exit,0.963457,0,77,0,74.042553
1410,84912,0,762867,11.130643,0.000000,1.033441,,0.963506,0,77,0,74.060950
1411,84912,0,762867,11.130643,0.000000,1.026059,,0.963551,0,77,0,74.079320
1412,85065,153,762867,11.150699,0.020056,0.025259,non_zero_exit,0.962887,0,77,0,74.026893
1413,85065,0,762867,11.150699,0.000000,0.021858,non_zero_exit,0.962221,0,77,0,73.974540
1414,85065,0,762867,11.150699,0.000000,1.030820,,0.962269,0,77,0,73.992933
1415,85065,0,762867,11.150699,0.000000,0.034700,,0.961614,0,77,0,74.011299
1416,85065,0,762867,11.150699,0.000000,0.034379,,0.960960,0,77,0,74.029640
1417,85065,0,762867,11.150699,0.000000,0.131281,,0.960375,0,77,0,74.047955
1418,85065,0,762867,11.150699,0.000000,2.279866,,0.961305,0,77,0,74.066244
1419,85065,0,762867,11.150699,0.000000,2.027419,,0.962056,0,77,0,74.084507
1420,85065,0,762867,11.150699,0.000000,3.033578,,0.963513,0,77,0,74.102745
1421,85065,0,762867,11.150699,0.000000,0.038469,,0.962863,0,77,0,74.120956
1422,85070,5,762867,11.151354,0.000655,1.027745,,0.962908,0,77,0,74.139143
1423,85070,0,762867,11.151354,0.000000,2.037166,,0.963663,0,77,0,74.157303
1424,85070,0,762867,11.151354,0.000000,0.022485,non_zero_exit,0.963002,0,77,0,74.105263
1425,85070,0,762867,11.151354,0.000000,0.031694,,0.962349,0,77,0,74.123422
1426,85073,3,762867,11.151747,0.000393,0.026751,,0.961694,0,77,0,74.141556
1427,85074,1,762867,11.151878,0.000131,0.021463,non_zero_exit,0.961035,0,77,0,74.089636
1428,85074,0,762867,11.151878,0.000000,1.031418,,0.961084,0,77,0,74.107768
1429,85521,447,762867,11.210473,0.058595,2.043319,,0.961841,0,77,0,74.125874
1430,85521,0,762867,11.210473,0.000000,0.025217,non_zero_exit,0.961187,0,77,0,74.074074
1431,85521,0,762867,11.210473,0.000000,0.024834,,0.960533,0,77,0,74.092179
1432,85521,0,762867,11.210473,0.000000,1.039713,,0.960588,0,77,0,74.110258
1433,85521,0,762867,11.210473,0.000000,0.030612,,0.959940,0,77,0,74.128312
1434,85521,0,762867,11.210473,0.000000,3.033656,,0.961385,0,77,0,74.146341
1435,85521,0,762867,11.210473,0.000000,2.027618,,0.962127,0,77,0,74.164345
1436,85522,1,762867,11.210604,0.000131,1.028695,,0.962174,0,77,0,74.182324
1437,85522,0,762867,11.210604,0.000000,1.031549,,0.962222,0,77,0,74.200278
1438,85522,0,762867,11.210604,0.000000,1.033514,,0.962271,0,77,0,74.218207
1439,85522,0,762867,11.210604,0.000000,0.031299,,0.961625,0,77,0,74.236111
1440,85522,0,762867,11.210604,0.000000,1.028942,,0.961672,0,77,0,74.253990
1441,85522,0,762867,11.210604,0.000000,1.990911,,0.962385,0,77,0,74.271845
1442,85522,0,762867,11.210604,0.000000,1.030826,,0.962433,0,77,0,74.289674
1443,85524,2,762867,11.210866,0.000262,1.045368,,0.962490,0,77,0,74.307479
1444,85527,3,762867,11.211260,0.000393,1.029458,,0.962537,0,77,0,74.325260
1445,85527,0,762867,11.211260,0.000000,5.003975,timeout,0.965331,0,78,0,74.273859
1446,85533,6,762867,11.212046,0.000787,1.030393,,0.965376,0,78,0,74.291638
1447,85533,0,762867,11.212046,0.000000,4.169637,,0.967589,0,78,0,74.309392
1448,85533,0,762867,11.212046,0.000000,1.027479,,0.967631,0,78,0,74.327122
1449,85533,0,762867,11.212046,0.000000,5.003034,timeout,0.970414,0,79,0,74.275862
1450,85901,368,762867,11.260285,0.048239,5.003383,timeout,0.973193,0,80,0,74.224673
1451,85901,0,762867,11.260285,0.000000,2.532849,,0.974267,0,80,0,74.242424
1452,85901,0,762867,11.260285,0.000000,0.023621,non_zero_exit,0.973613,0,80,0,74.191328
1453,85901,0,762867,11.260285,0.000000,5.005388,timeout,0.976386,0,81,0,74.140303
1454,85903,2,762867,11.260547,0.000262,3.030879,,0.977798,0,81,0,74.158076
1455,85903,0,762867,11.260547,0.000000,5.003956,timeout,0.980563,0,82,0,74.107143
1456,85903,0,762867,11.260547,0.000000,1.028132,,0.980596,0,82,0,74.124914
1457,85903,0,762867,11.260547,0.000000,1.030443,,0.980630,0,82,0,74.142661
1458,85904,1,762867,11.260678,0.000131,1.536244,,0.981011,0,82,0,74.160384
1459,85904,0,762867,11.260678,0.000000,0.632578,,0.980772,0,82,0,74.178082
1460,85904,0,762867,11.260678,0.000000,0.030835,,0.980122,0,82,0,74.195756
1461,85904,0,762867,11.260678,0.000000,0.026554,,0.979470,0,82,0,74.213406
1462,85909,5,762867,11.261334,0.000655,5.004418,timeout,0.982221,0,83,0,74.162679
1463,85915,6,762867,11.262120,0.000787,1.031522,,0.982254,0,83,0,74.180328
1464,85915,0,762867,11.262120,0.000000,0.028985,,0.981604,0,83,0,74.197952
1465,85915,0,762867,11.262120,0.000000,1.026947,non_zero_exit,0.981635,0,83,0,74.147340
1466,85915,0,762867,11.262120,0.000000,1.525637,,0.982006,0,83,0,74.164963
1467,85915,0,762867,11.262120,0.000000,3.030681,,0.983401,0,83,0,74.182561
1468,85916,1,762867,11.262251,0.000131,1.033085,,0.983435,0,83,0,74.200136
1469,85925,9,762867,11.263431,0.001180,1.027782,non_zero_exit,0.983465,0,83,0,74.149660
1470,85925,0,762867,11.263431,0.000000,0.024288,non_zero_exit,0.982813,0,83,0,74.099252
1471,85925,0,762867,11.263431,0.000000,1.030606,,0.982846,0,83,0,74.116848
1472,85925,0,762867,11.263431,0.000000,1.028197,,0.982876,0,83,0,74.134420
1473,85926,1,762867,11.263562,0.000131,0.022836,non_zero_exit,0.982225,0,83,0,74.084125
1474,85926,0,762867,11.263562,0.000000,1.028583,,0.982256,0,83,0,74.101695
1475,85926,0,762867,11.263562,0.000000,0.030192,,0.981611,0,83,0,74.119241
1476,85926,0,762867,11.263562,0.000000,0.027252,non_zero_exit,0.980965,0,83,0,74.069059
1477,86017,91,762867,11.275491,0.011929,2.033101,,0.981677,0,83,0,74.086604
1478,86017,0,762867,11.275491,0.000000,2.032225,,0.982387,0,83,0,74.104124
1479,86018,1,762867,11.275622,0.000131,3.431490,,0.984042,0,83,0,74.121622
1480,86018,0,762867,11.275622,0.000000,1.033082,,0.984075,0,83,0,74.139095
1481,86022,4,762867,11.276146,0.000524,0.038249,,0.983437,0,83,0,74.156545
1482,86022,0,762867,11.276146,0.000000,2.030176,,0.984143,0,83,0,74.173972
1483,86022,0,762867,11.276146,0.000000,0.022518,non_zero_exit,0.983495,0,83,0,74.123989
1484,86022,0,762867,11.276146,0.000000,1.033947,,0.983529,0,83,0,74.141414
1485,86028,6,762867,11.276933,0.000787,0.024226,non_zero_exit,0.982883,0,83,0,74.091521
1486,86028,0,762867,11.276933,0.000000,2.033629,,0.983590,0,83,0,74.108944
1487,86028,0,762867,11.276933,0.000000,1.025592,,0.983618,0,83,0,74.126344
1488,86028,0,762867,11.276933,0.000000,0.030866,,0.982978,0,83,0,74.143721
1489,86028,0,762867,11.276933,0.000000,5.003961,timeout,0.985677,0,84,0,74.093960
1490,86030,2,762867,11.277195,0.000262,0.022906,non_zero_exit,0.985031,0,84,0,74.044266
1491,86030,0,762867,11.277195,0.000000,2.532677,,0.986069,0,84,0,74.061662
1492,86036,6,762867,11.277982,0.000787,1.027689,,0.986096,0,84,0,74.079035
1493,86036,0,762867,11.277982,0.000000,0.025388,non_zero_exit,0.985453,0,84,0,74.029451
1494,86036,0,762867,11.277982,0.000000,1.032518,,0.985485,0,84,0,74.046823
1495,86036,0,762867,11.277982,0.000000,1.032234,,0.985516,0,84,0,74.064171
1496,86036,0,762867,11.277982,0.000000,0.024801,non_zero_exit,0.984874,0,84,0,74.014696
1497,86051,15,762867,11.279948,0.001966,0.131296,,0.984305,0,84,0,74.032043
1498,86052,1,762867,11.280079,0.000131,0.031410,,0.983669,0,84,0,74.049366
1499,86053,1,762867,11.280210,0.000131,0.228209,,0.983165,0,84,0,74.066667
1500,86053,0,762867,11.280210,0.000000,0.024039,non_zero_exit,0.982526,0,84,0,74.017322
1501,86513,460,762867,11.340509,0.060299,0.066988,,0.981917,0,84,0,74.034621
1502,86513,0,762867,11.340509,0.000000,2.536099,,0.982951,0,84,0,74.051896
1503,86513,0,762867,11.340509,0.000000,1.028985,,0.982981,0,84,0,74.069149
1504,86513,0,762867,11.340509,0.000000,0.021759,non_zero_exit,0.982343,0,84,0,74.019934
1505,86513,0,762867,11.340509,0.000000,0.017850,non_zero_exit,0.981702,0,84,0,73.970784
1506,86513,0,762867,11.340509,0.000000,0.023236,non_zero_exit,0.981066,0,84,0,73.921699
1507,86515,2,762867,11.340771,0.000262,0.532015,non_zero_exit,0.980768,0,84,0,73.872679
1508,86516,1,762867,11.340902,0.000131,0.019924,non_zero_exit,0.980132,0,84,0,73.823724
1509,86525,9,762867,11.342082,0.001180,0.023834,non_zero_exit,0.979498,0,84,0,73.774834
1510,86525,0,762867,11.342082,0.000000,5.003030,timeout,0.982161,0,85,0,73.726009
1511,86525,0,762867,11.342082,0.000000,0.030813,non_zero_exit,0.981532,0,85,0,73.677249
1512,86525,0,762867,11.342082,0.000000,3.034512,,0.982889,0,85,0,73.694646
1513,86525,0,762867,11.342082,0.000000,0.021971,non_zero_exit,0.982254,0,85,0,73.645971
1514,86525,0,762867,11.342082,0.000000,0.027074,non_zero_exit,0.981624,0,85,0,73.597360
1515,86525,0,762867,11.342082,0.000000,0.031073,,0.980997,0,85,0,73.614776
1516,86525,0,762867,11.342082,0.000000,1.031714,,0.981030,0,85,0,73.632169
1517,86525,0,762867,11.342082,0.000000,1.034904,non_zero_exit,0.981066,0,85,0,73.583663
1518,86525,0,762867,11.342082,0.000000,0.537158,,0.980773,0,85,0,73.601053
1519,86525,0,762867,11.342082,0.000000,1.030143,,0.980806,0,85,0,73.618421
1520,86525,0,762867,11.342082,0.000000,1.033657,,0.980841,0,85,0,73.635766
1521,86531,6,762867,11.342868,0.000787,0.031363,,0.980217,0,85,0,73.653088
1522,86531,0,762867,11.342868,0.000000,1.029443,,0.980249,0,85,0,73.670387
1523,86531,0,762867,11.342868,0.000000,0.026221,,0.979623,0,85,0,73.687664
1524,86531,0,762867,11.342868,0.000000,1.027798,,0.979655,0,85,0,73.704918
1525,86531,0,762867,11.342868,0.000000,3.472722,,0.981288,0,85,0,73.722149
1526,86531,0,762867,11.342868,0.000000,0.127656,,0.980729,0,85,0,73.739358
1527,86533,2,762867,11.343131,0.000262,4.035644,,0.982729,0,85,0,73.756545
1528,86533,0,762867,11.343131,0.000000,0.026959,,0.982104,0,85,0,73.773708
1529,86533,0,762867,11.343131,0.000000,1.027718,,0.982133,0,85,0,73.790850
1530,86533,0,762867,11.343131,0.000000,0.030712,,0.981512,0,85,0,73.807969
1531,86533,0,762867,11.343131,0.000000,2.327705,,0.982391,0,85,0,73.825065
1532,86533,0,762867,11.343131,0.000000,0.026515,,0.981767,0,85,0,73.842140
1533,86533,0,762867,11.343131,0.000000,2.029591,,0.982450,0,85,0,73.859192
1534,86533,0,762867,11.343131,0.000000,0.028093,,0.981829,0,85,0,73.876221
1535,86533,0,762867,11.343131,0.000000,1.026879,,0.981858,0,85,0,73.893229
1536,86533,0,762867,11.343131,0.000000,1.028736,,0.981888,0,85,0,73.910215
1537,86533,0,762867,11.343131,0.000000,0.027726,,0.981268,0,85,0,73.927178
1538,86533,0,762867,11.343131,0.000000,0.029098,,0.980649,0,85,0,73.944120
1539,86533,0,762867,11.343131,0.000000,0.029194,,0.980031,0,85,0,73.961039
1540,86533,0,762867,11.343131,0.000000,0.026807,,0.979413,0,85,0,73.977936
1541,86533,0,762867,11.343131,0.000000,1.030567,,0.979446,0,85,0,73.994812
1542,86534,1,762867,11.343262,0.000131,0.032955,,0.978833,0,85,0,74.011666
1543,86534,0,762867,11.343262,0.000000,0.024579,non_zero_exit,0.978215,0,85,0,73.963731
1544,86534,0,762867,11.343262,0.000000,0.022102,non_zero_exit,0.977596,0,85,0,73.915858
1545,86540,6,762867,11.344048,0.000787,0.023651,non_zero_exit,0.976979,0,85,0,73.868047
1546,86540,0,762867,11.344048,0.000000,0.025398,non_zero_exit,0.976364,0,85,0,73.820297
1547,86545,5,762867,11.344704,0.000655,1.339745,,0.976598,0,85,0,73.837209
1548,86545,0,762867,11.344704,0.000000,1.031312,,0.976634,0,85,0,73.854099
1549,86545,0,762867,11.344704,0.000000,0.022922,non_zero_exit,0.976018,0,85,0,73.806452
1550,86565,20,762867,11.347325,0.002622,2.033474,,0.976700,0,85,0,73.823340
1551,86565,0,762867,11.347325,0.000000,0.029266,,0.976090,0,85,0,73.840206
1552,86808,243,762867,11.379179,0.031854,1.034801,,0.976127,0,85,0,73.857051
1553,86808,0,762867,11.379179,0.000000,5.003692,timeout,0.978719,0,86,0,73.809524
1554,86808,0,762867,11.379179,0.000000,1.026814,,0.978750,0,86,0,73.826367
1555,86808,0,762867,11.379179,0.000000,0.027402,,0.978139,0,86,0,73.843188
1556,86808,0,762867,11.379179,0.000000,5.003174,timeout,0.980724,0,87,0,73.795761
1557,86809,1,762867,11.379310,0.000131,0.027683,,0.980112,0,87,0,73.812580
1558,86809,0,762867,11.379310,0.000000,1.027493,,0.980143,0,87,0,73.829378
1559,86809,0,762867,11.379310,0.000000,1.369475,,0.980392,0,87,0,73.846154
1560,86809,0,762867,11.379310,0.000000,5.003925,timeout,0.982970,0,88,0,73.798847
1561,86812,3,762867,11.379703,0.000393,0.039090,non_zero_exit,0.982365,0,88,0,73.751601
1562,86812,0,762867,11.379703,0.000000,0.018307,non_zero_exit,0.981749,0,88,0,73.704415
1563,86813,1,762867,11.379834,0.000131,2.328279,,0.982610,0,88,0,73.721228
1564,86813,0,762867,11.379834,0.000000,0.030602,,0.982001,0,88,0,73.738019
1565,86813,0,762867,11.379834,0.000000,0.035532,,0.981397,0,88,0,73.754789
1566,86813,0,762867,11.379834,0.000000,1.032279,,0.981429,0,88,0,73.771538
1567,86813,0,762867,11.379834,0.000000,0.023866,non_zero_exit,0.980819,0,88,0,73.724490
1568,86813,0,762867,11.379834,0.000000,0.031225,,0.980213,0,88,0,73.741236
1569,86813,0,762867,11.379834,0.000000,1.028022,,0.980244,0,88,0,73.757962
1570,86813,0,762867,11.379834,0.000000,0.030506,,0.979639,0,88,0,73.774666
1571,86813,0,762867,11.379834,0.000000,0.996428,non_zero_exit,0.979650,0,88,0,73.727735
1572,86813,0,762867,11.379834,0.000000,0.030684,,0.979047,0,88,0,73.744437
1573,86814,1,762867,11.379965,0.000131,0.031487,,0.978445,0,88,0,73.761118
1574,86814,0,762867,11.379965,0.000000,0.037170,,0.977847,0,88,0,73.777778
1575,86818,4,762867,11.380490,0.000524,0.539955,,0.977569,0,88,0,73.794416
1576,86819,1,762867,11.380621,0.000131,1.029999,,0.977602,0,88,0,73.811034
1577,86819,0,762867,11.380621,0.000000,3.029892,,0.978903,0,88,0,73.827630
1578,86825,6,762867,11.381407,0.000787,0.024370,non_zero_exit,0.978298,0,88,0,73.780874
1579,86825,0,762867,11.381407,0.000000,1.026255,,0.978329,0,88,0,73.797468
1580,86825,0,762867,11.381407,0.000000,0.028256,,0.977728,0,88,0,73.814042
1581,86825,0,762867,11.381407,0.000000,1.029057,,0.977760,0,88,0,73.830594
1582,86825,0,762867,11.381407,0.000000,0.025644,non_zero_exit,0.977159,0,88,0,73.783955
1583,86825,0,762867,11.381407,0.000000,1.033895,,0.977195,0,88,0,73.800505
1584,86839,14,762867,11.383242,0.001835,0.028867,,0.976596,0,88,0,73.817035
1585,86839,0,762867,11.383242,0.000000,0.028278,,0.975998,0,88,0,73.833544
1586,86840,1,762867,11.383374,0.000131,0.112734,,0.975455,0,88,0,73.850032
1587,86856,16,762867,11.385471,0.002097,1.028553,,0.975488,0,88,0,73.866499
1588,86856,0,762867,11.385471,0.000000,0.023054,non_zero_exit,0.974889,0,88,0,73.820013
1589,86915,59,762867,11.393205,0.007734,0.028181,,0.974293,0,88,0,73.836478
1590,86915,0,762867,11.393205,0.000000,1.028328,,0.974327,0,88,0,73.852923
1591,86915,0,762867,11.393205,0.000000,0.022183,non_zero_exit,0.973729,0,88,0,73.806533
1592,86915,0,762867,11.393205,0.000000,3.032578,,0.975021,0,88,0,73.822976
1593,86915,0,762867,11.393205,0.000000,0.030428,,0.974429,0,88,0,73.839398
1594,86915,0,762867,11.393205,0.000000,1.030474,,0.974464,0,88,0,73.855799
1595,86915,0,762867,11.393205,0.000000,0.236598,non_zero_exit,0.974002,0,88,0,73.809524
1596,86915,0,762867,11.393205,0.000000,3.026191,,0.975287,0,88,0,73.825924
1597,86918,3,762867,11.393598,0.000393,0.021299,non_zero_exit,0.974690,0,88,0,73.779725
1598,86918,0,762867,11.393598,0.000000,0.031343,,0.974100,0,88,0,73.796123
1599,86937,19,762867,11.396089,0.002491,5.004503,timeout,0.976619,0,89,0,73.750000
1600,86937,0,762867,11.396089,0.000000,0.031491,,0.976028,0,89,0,73.766396
1601,86937,0,762867,11.396089,0.000000,1.031503,,0.976063,0,89,0,73.782772
1602,87049,112,762867,11.410770,0.014681,1.037101,,0.976101,0,89,0,73.799127
1603,87049,0,762867,11.410770,0.000000,2.027876,,0.976757,0,89,0,73.815461
1604,87049,0,762867,11.410770,0.000000,1.529275,,0.977101,0,89,0,73.831776
1605,87049,0,762867,11.410770,0.000000,0.029870,,0.976511,0,89,0,73.848070
1606,87049,0,762867,11.410770,0.000000,0.029566,,0.975922,0,89,0,73.864343
1607,87049,0,762867,11.410770,0.000000,1.033560,,0.975958,0,89,0,73.880597
1608,87049,0,762867,11.410770,0.000000,0.029166,,0.975369,0,89,0,73.896830
1609,87050,1,762867,11.410901,0.000131,5.004544,timeout,0.977872,0,90,0,73.850932
1610,87050,0,762867,11.410901,0.000000,0.028806,,0.977283,0,90,0,73.867163
1611,87051,1,762867,11.411032,0.000131,4.053685,,0.979191,0,90,0,73.883375
1612,87053,2,762867,11.411294,0.000262,0.027601,non_zero_exit,0.978601,0,90,0,73.837570
1613,87053,0,762867,11.411294,0.000000,0.023690,non_zero_exit,0.978010,0,90,0,73.791822
1614,87053,0,762867,11.411294,0.000000,0.023868,non_zero_exit,0.977419,0,90,0,73.746130
1615,87053,0,762867,11.411294,0.000000,3.043075,,0.978697,0,90,0,73.762376
1616,87053,0,762867,11.411294,0.000000,0.021974,non_zero_exit,0.978106,0,90,0,73.716759
1617,87053,0,762867,11.411294,0.000000,0.032760,,0.977521,0,90,0,73.733004
1618,87053,0,762867,11.411294,0.000000,0.025244,non_zero_exit,0.976933,0,90,0,73.687461
1619,87053,0,762867,11.411294,0.000000,0.029733,,0.976348,0,90,0,73.703704
1620,87055,2,762867,11.411557,0.000262,0.030205,,0.975765,0,90,0,73.719926
1621,87056,1,762867,11.411688,0.000131,2.030227,,0.976415,0,90,0,73.736128
1622,87056,0,762867,11.411688,0.000000,0.535372,,0.976143,0,90,0,73.752311
1623,87056,0,762867,11.411688,0.000000,0.024278,non_zero_exit,0.975557,0,90,0,73.706897
1624,87056,0,762867,11.411688,0.000000,0.030036,,0.974975,0,90,0,73.723077
1625,87056,0,762867,11.411688,0.000000,5.004461,timeout,0.977453,0,91,0,73.677737
1626,87058,2,762867,11.411950,0.000262,0.022331,non_zero_exit,0.976866,0,91,0,73.632452
1627,87077,19,762867,11.414441,0.002491,0.031232,,0.976285,0,91,0,73.648649
1628,87077,0,762867,11.414441,0.000000,5.002987,timeout,0.978757,0,92,0,73.603438
1629,87077,0,762867,11.414441,0.000000,4.534857,,0.980939,0,92,0,73.619632
1630,87077,0,762867,11.414441,0.000000,0.022897,non_zero_exit,0.980351,0,92,0,73.574494
1631,87077,0,762867,11.414441,0.000000,0.036123,,0.979773,0,92,0,73.590686
1632,87077,0,762867,11.414441,0.000000,0.035519,,0.979195,0,92,0,73.606859
1633,87077,0,762867,11.414441,0.000000,1.377620,,0.979439,0,92,0,73.623011
1634,87077,0,762867,11.414441,0.000000,1.040125,,0.979476,0,92,0,73.639144
1635,87077,0,762867,11.414441,0.000000,0.037191,,0.978900,0,92,0,73.655257
1636,87077,0,762867,11.414441,0.000000,0.024222,non_zero_exit,0.978316,0,92,0,73.610263
1637,87082,5,762867,11.415096,0.000655,0.025334,non_zero_exit,0.977735,0,92,0,73.565324
1638,87082,0,762867,11.415096,0.000000,0.029564,,0.977156,0,92,0,73.581452
1639,87082,0,762867,11.415096,0.000000,1.033879,,0.977191,0,92,0,73.597561
1640,87082,0,762867,11.415096,0.000000,1.048587,,0.977234,0,92,0,73.613650
1641,87082,0,762867,11.415096,0.000000,5.004187,timeout,0.979687,0,93,0,73.568819
1642,87082,0,762867,11.415096,0.000000,3.028709,,0.980934,0,93,0,73.584906
1643,87082,0,762867,11.415096,0.000000,0.032968,,0.980357,0,93,0,73.600973
1644,87082,0,762867,11.415096,0.000000,0.023854,non_zero_exit,0.979776,0,93,0,73.556231
1645,87087,5,762867,11.415751,0.000655,1.027013,,0.979804,0,93,0,73.572296
1646,87087,0,762867,11.415751,0.000000,1.027502,,0.979833,0,93,0,73.588342
1647,87087,0,762867,11.415751,0.000000,0.031510,,0.979258,0,93,0,73.604369
1648,87087,0,762867,11.415751,0.000000,1.029559,,0.979289,0,93,0,73.620376
1649,87087,0,762867,11.415751,0.000000,0.022748,non_zero_exit,0.978709,0,93,0,73.575758
1650,87087,0,762867,11.415751,0.000000,1.029448,,0.978740,0,93,0,73.591763
1651,87087,0,762867,11.415751,0.000000,0.023837,non_zero_exit,0.978161,0,93,0,73.547215
1652,87087,0,762867,11.415751,0.000000,4.540204,,0.980316,0,93,0,73.563218
1653,87087,0,762867,11.415751,0.000000,1.027020,,0.980345,0,93,0,73.579202
1654,87087,0,762867,11.415751,0.000000,2.030210,,0.980979,0,93,0,73.595166
1655,87087,0,762867,11.415751,0.000000,1.028378,non_zero_exit,0.981008,0,93,0,73.550725
1656,87087,0,762867,11.415751,0.000000,0.033042,,0.980436,0,93,0,73.566687
1657,87087,0,762867,11.415751,0.000000,0.022738,non_zero_exit,0.979858,0,93,0,73.522316
1658,87089,2,762867,11.416014,0.000262,0.026610,,0.979283,0,93,0,73.538276
1659,87089,0,762867,11.416014,0.000000,0.916602,,0.979246,0,93,0,73.554217
1660,87100,11,762867,11.417455,0.001442,0.025562,,0.978671,0,93,0,73.570138
1661,87100,0,762867,11.417455,0.000000,0.027443,,0.978099,0,93,0,73.586041
1662,87100,0,762867,11.417455,0.000000,0.027582,,0.977527,0,93,0,73.601924
1663,87103,3,762867,11.417849,0.000393,1.026539,,0.977557,0,93,0,73.617788
1664,87103,0,762867,11.417849,0.000000,0.028512,,0.976987,0,93,0,73.633634
1665,87103,0,762867,11.417849,0.000000,5.003714,timeout,0.979404,0,94,0,73.589436
1666,87103,0,762867,11.417849,0.000000,0.021820,non_zero_exit,0.978829,0,94,0,73.545291
1667,87108,5,762867,11.418504,0.000655,0.030091,,0.978261,0,94,0,73.561151
1668,87108,0,762867,11.418504,0.000000,0.533778,,0.977994,0,94,0,73.576992
1669,87108,0,762867,11.418504,0.000000,1.139383,,0.978091,0,94,0,73.592814
1670,87108,0,762867,11.418504,0.000000,0.024448,non_zero_exit,0.977520,0,94,0,73.548773
1671,87108,0,762867,11.418504,0.000000,0.025354,,0.976951,0,94,0,73.564593
1672,87108,0,762867,11.418504,0.000000,0.027967,,0.976384,0,94,0,73.580395
1673,87108,0,762867,11.418504,0.000000,0.021118,non_zero_exit,0.975813,0,94,0,73.536440
1674,87109,1,762867,11.418635,0.000131,4.904757,,0.978159,0,94,0,73.552239
1675,87109,0,762867,11.418635,0.000000,0.034173,,0.977595,0,94,0,73.568019
1676,87109,0,762867,11.418635,0.000000,1.032145,,0.977628,0,94,0,73.583781
1677,87111,2,762867,11.418897,0.000262,0.917308,,0.977592,0,94,0,73.599523
1678,87111,0,762867,11.418897,0.000000,1.926200,,0.978157,0,94,0,73.615247
1679,87111,0,762867,11.418897,0.000000,0.534851,,0.977893,0,94,0,73.630952
1680,87111,0,762867,11.418897,0.000000,0.023766,non_zero_exit,0.977325,0,94,0,73.587151
1681,87111,0,762867,11.418897,0.000000,0.024234,non_zero_exit,0.976759,0,94,0,73.543401
1682,87111,0,762867,11.418897,0.000000,0.033741,,0.976199,0,94,0,73.559121
1683,87111,0,762867,11.418897,0.000000,0.029180,,0.975636,0,94,0,73.574822
1684,87111,0,762867,11.418897,0.000000,1.038007,,0.975673,0,94,0,73.590504
1685,87112,1,762867,11.419028,0.000131,5.003367,timeout,0.978062,0,95,0,73.546856
1686,87112,0,762867,11.419028,0.000000,1.031396,,0.978094,0,95,0,73.562537
1687,87112,0,762867,11.419028,0.000000,0.031392,,0.977533,0,95,0,73.578199
1688,87112,0,762867,11.419028,0.000000,0.026816,,0.976970,0,95,0,73.593843
1689,87112,0,762867,11.419028,0.000000,0.033772,,0.976412,0,95,0,73.609467
1690,87112,0,762867,11.419028,0.000000,0.023287,non_zero_exit,0.975848,0,95,0,73.565937
1691,87112,0,762867,11.419028,0.000000,0.030758,,0.975290,0,95,0,73.581560
1692,87112,0,762867,11.419028,0.000000,0.031255,,0.974732,0,95,0,73.597165
1693,87112,0,762867,11.419028,0.000000,1.007042,,0.974751,0,95,0,73.612751
1694,87112,0,762867,11.419028,0.000000,0.027976,,0.974193,0,95,0,73.628319
1695,87112,0,762867,11.419028,0.000000,4.530985,,0.976290,0,95,0,73.643868
1696,87112,0,762867,11.419028,0.000000,0.025592,,0.975729,0,95,0,73.659399
1697,87114,2,762867,11.419291,0.000262,1.032046,,0.975763,0,95,0,73.674912
1698,87239,125,762867,11.435676,0.016386,1.036340,,0.975798,0,95,0,73.690406
1699,87239,0,762867,11.435676,0.000000,2.537235,,0.976717,0,95,0,73.705882
1700,87239,0,762867,11.435676,0.000000,0.021606,non_zero_exit,0.976155,0,95,0,73.662551
1701,87245,6,762867,11.436463,0.000787,0.030005,non_zero_exit,0.975599,0,95,0,73.619271
1702,87245,0,762867,11.436463,0.000000,0.029129,,0.975044,0,95,0,73.634762
1703,87245,0,762867,11.436463,0.000000,1.035034,,0.975079,0,95,0,73.650235
1704,87245,0,762867,11.436463,0.000000,0.023127,non_zero_exit,0.974520,0,95,0,73.607038
1705,87245,0,762867,11.436463,0.000000,2.031759,,0.975140,0,95,0,73.622509
1706,87261,16,762867,11.438560,0.002097,0.030693,,0.974587,0,95,0,73.637961
1707,87264,3,762867,11.438953,0.000393,0.023432,non_zero_exit,0.974030,0,95,0,73.594848
1708,87264,0,762867,11.438953,0.000000,0.030145,,0.973478,0,95,0,73.610298
1709,87264,0,762867,11.438953,0.000000,0.030967,,0.972927,0,95,0,73.625731
1710,87268,4,762867,11.439478,0.000524,0.025089,non_zero_exit,0.972373,0,95,0,73.582700
1711,87268,0,762867,11.439478,0.000000,2.032746,non_zero_exit,0.972992,0,95,0,73.539720
1712,87268,0,762867,11.439478,0.000000,1.032405,,0.973027,0,95,0,73.555166
1713,87268,0,762867,11.439478,0.000000,1.027161,,0.973058,0,95,0,73.570595
1714,87270,2,762867,11.439740,0.000262,3.032546,,0.974259,0,95,0,73.586006
1715,87270,0,762867,11.439740,0.000000,0.128747,,0.973766,0,95,0,73.601399
1716,87270,0,762867,11.439740,0.000000,0.023592,,0.973213,0,95,0,73.616773
1717,87270,0,762867,11.439740,0.000000,0.028643,,0.972663,0,95,0,73.632130
1718,87271,1,762867,11.439871,0.000131,5.003953,timeout,0.975008,0,96,0,73.589296
1719,87271,0,762867,11.439871,0.000000,0.025019,,0.974456,0,96,0,73.604651
1720,87274,3,762867,11.440264,0.000393,0.988624,,0.974464,0,96,0,73.619988
1721,87274,0,762867,11.440264,0.000000,1.033452,,0.974498,0,96,0,73.635308
1722,87274,0,762867,11.440264,0.000000,1.034651,,0.974533,0,96,0,73.650609
1723,87280,6,762867,11.441051,0.000787,2.032416,,0.975147,0,96,0,73.665893
1724,87286,6,762867,11.441837,0.000787,0.029485,,0.974599,0,96,0,73.681159
1725,87286,0,762867,11.441837,0.000000,0.027546,,0.974050,0,96,0,73.696408
1726,87286,0,762867,11.441837,0.000000,0.021604,non_zero_exit,0.973499,0,96,0,73.653735
1727,87286,0,762867,11.441837,0.000000,0.028694,,0.972952,0,96,0,73.668981
1728,87287,1,762867,11.441968,0.000131,0.030123,,0.972407,0,96,0,73.684211
1729,87287,0,762867,11.441968,0.000000,2.030083,,0.973018,0,96,0,73.699422
1730,87287,0,762867,11.441968,0.000000,0.022715,non_zero_exit,0.972469,0,96,0,73.656846
1731,87287,0,762867,11.441968,0.000000,0.021550,non_zero_exit,0.971920,0,96,0,73.614319
1732,87287,0,762867,11.441968,0.000000,0.021844,non_zero_exit,0.971372,0,96,0,73.571841
1733,87287,0,762867,11.441968,0.000000,3.044672,,0.972567,0,96,0,73.587082
1734,87287,0,762867,11.441968,0.000000,0.024288,non_zero_exit,0.972021,0,96,0,73.544669
1735,87287,0,762867,11.441968,0.000000,2.040971,,0.972637,0,96,0,73.559908
1736,87287,0,762867,11.441968,0.000000,1.029484,,0.972669,0,96,0,73.575130
1737,87287,0,762867,11.441968,0.000000,0.028257,non_zero_exit,0.972126,0,96,0,73.532796
1738,87287,0,762867,11.441968,0.000000,1.026464,,0.972157,0,96,0,73.548016
1739,87287,0,762867,11.441968,0.000000,0.026905,non_zero_exit,0.971614,0,96,0,73.505747
1740,87287,0,762867,11.441968,0.000000,0.034215,,0.971075,0,96,0,73.520965
1741,87288,1,762867,11.442099,0.000131,0.031188,,0.970536,0,96,0,73.536165
1742,87289,1,762867,11.442230,0.000131,0.028690,,0.969996,0,96,0,73.551348
1743,87289,0,762867,11.442230,0.000000,0.138190,,0.969519,0,96,0,73.566514
1744,87289,0,762867,11.442230,0.000000,3.525339,,0.970983,0,96,0,73.581662
1745,87289,0,762867,11.442230,0.000000,0.031491,,0.970445,0,96,0,73.596793
1746,87289,0,762867,11.442230,0.000000,2.029164,,0.971051,0,96,0,73.611906
1747,87289,0,762867,11.442230,0.000000,1.032835,,0.971087,0,96,0,73.627002
1748,87289,0,762867,11.442230,0.000000,0.023598,non_zero_exit,0.970545,0,96,0,73.584906
1749,87289,0,762867,11.442230,0.000000,1.027923,,0.970578,0,96,0,73.600000
1750,87289,0,762867,11.442230,0.000000,0.021493,non_zero_exit,0.970036,0,96,0,73.557967
1751,87289,0,762867,11.442230,0.000000,0.019995,non_zero_exit,0.969493,0,96,0,73.515982
1752,87289,0,762867,11.442230,0.000000,3.034739,,0.970671,0,96,0,73.531090
1753,87289,0,762867,11.442230,0.000000,1.032918,,0.970707,0,96,0,73.546180
1754,87289,0,762867,11.442230,0.000000,0.024265,non_zero_exit,0.970168,0,96,0,73.504274
1755,87289,0,762867,11.442230,0.000000,0.034114,,0.969635,0,96,0,73.519362
1756,87289,0,762867,11.442230,0.000000,0.026581,,0.969098,0,96,0,73.534434
1757,87289,0,762867,11.442230,0.000000,0.030494,,0.968564,0,96,0,73.549488
1758,87289,0,762867,11.442230,0.000000,0.025590,non_zero_exit,0.968028,0,96,0,73.507675
1759,87289,0,762867,11.442230,0.000000,2.532848,,0.968917,0,96,0,73.522727
1760,87289,0,762867,11.442230,0.000000,4.529736,,0.970939,0,96,0,73.537763
1761,87289,0,762867,11.442230,0.000000,0.032281,,0.970406,0,96,0,73.552781
1762,87289,0,762867,11.442230,0.000000,1.030289,,0.970440,0,96,0,73.567782
1763,87289,0,762867,11.442230,0.000000,2.031839,,0.971042,0,96,0,73.582766
1764,87289,0,762867,11.442230,0.000000,0.029848,,0.970509,0,96,0,73.597734
1765,87289,0,762867,11.442230,0.000000,0.022656,non_zero_exit,0.969972,0,96,0,73.556059
1766,87289,0,762867,11.442230,0.000000,1.033814,,0.970008,0,96,0,73.571024
1767,87289,0,762867,11.442230,0.000000,1.034117,,0.970044,0,96,0,73.585973
1768,87289,0,762867,11.442230,0.000000,0.030202,,0.969513,0,96,0,73.600904
1769,87289,0,762867,11.442230,0.000000,5.003779,timeout,0.971792,0,97,0,73.559322
1770,87289,0,762867,11.442230,0.000000,2.027943,,0.972389,0,97,0,73.574252
1771,87289,0,762867,11.442230,0.000000,3.037229,,0.973554,0,97,0,73.589165
1772,87289,0,762867,11.442230,0.000000,1.033366,,0.973588,0,97,0,73.604061
1773,87292,3,762867,11.442624,0.000393,1.036443,,0.973623,0,97,0,73.618940
1774,87292,0,762867,11.442624,0.000000,1.031242,,0.973656,0,97,0,73.633803
1775,87292,0,762867,11.442624,0.000000,1.030259,,0.973687,0,97,0,73.648649
1776,87292,0,762867,11.442624,0.000000,1.030166,,0.973719,0,97,0,73.663478
1777,87292,0,762867,11.442624,0.000000,0.339496,,0.973363,0,97,0,73.678290
1778,87292,0,762867,11.442624,0.000000,0.035826,,0.972836,0,97,0,73.693086
1779,87296,4,762867,11.443148,0.000524,2.052376,,0.973442,0,97,0,73.707865
1780,87309,13,762867,11.444852,0.001704,1.031968,,0.973475,0,97,0,73.722628
1781,90424,3115,762867,11.853180,0.408328,1.043910,,0.973514,0,97,0,73.737374
1782,90424,0,762867,11.853180,0.000000,1.028488,,0.973545,0,97,0,73.752103
1783,90424,0,762867,11.853180,0.000000,1.028523,,0.973576,0,97,0,73.766816
1784,90424,0,762867,11.853180,0.000000,0.024195,non_zero_exit,0.973044,0,97,0,73.725490
1785,90424,0,762867,11.853180,0.000000,0.026454,,0.972514,0,97,0,73.740202
1786,90424,0,762867,11.853180,0.000000,0.028519,,0.971986,0,97,0,73.754896
1787,90424,0,762867,11.853180,0.000000,4.031856,,0.973697,0,97,0,73.769575
1788,90424,0,762867,11.853180,0.000000,3.034161,,0.974849,0,97,0,73.784237
1789,90430,6,762867,11.853967,0.000787,0.031839,,0.974322,0,97,0,73.798883
1790,90430,0,762867,11.853967,0.000000,0.021926,non_zero_exit,0.973790,0,97,0,73.757677
1791,90430,0,762867,11.853967,0.000000,0.031120,,0.973264,0,97,0,73.772321
1792,90430,0,762867,11.853967,0.000000,0.028863,,0.972738,0,97,0,73.786949
1793,90430,0,762867,11.853967,0.000000,5.004273,timeout,0.974985,0,98,0,73.745819
1794,90430,0,762867,11.853967,0.000000,0.534407,,0.974739,0,98,0,73.760446
1795,90430,0,762867,11.853967,0.000000,0.031514,,0.974214,0,98,0,73.775056
1796,90430,0,762867,11.853967,0.000000,0.025888,,0.973686,0,98,0,73.789649
1797,90430,0,762867,11.853967,0.000000,1.034950,,0.973721,0,98,0,73.804227
1798,90475,45,762867,11.859865,0.005899,5.086854,timeout,0.976007,0,99,0,73.763202
1799,90475,0,762867,11.859865,0.000000,1.045827,,0.976046,0,99,0,73.777778
1800,90475,0,762867,11.859865,0.000000,0.033203,,0.975522,0,99,0,73.792338
1801,90477,2,762867,11.860128,0.000262,5.003967,timeout,0.977758,0,100,0,73.751387
1802,90479,2,762867,11.860390,0.000262,1.032813,,0.977788,0,100,0,73.765946
1803,90481,2,762867,11.860652,0.000262,0.030109,,0.977263,0,100,0,73.780488
1804,90481,0,762867,11.860652,0.000000,0.033327,,0.976740,0,100,0,73.795014
1805,90481,0,762867,11.860652,0.000000,0.021311,non_zero_exit,0.976211,0,100,0,73.754153
1806,90481,0,762867,11.860652,0.000000,0.029641,,0.975687,0,100,0,73.768677
1807,90481,0,762867,11.860652,0.000000,0.027850,,0.975163,0,100,0,73.783186
1808,90481,0,762867,11.860652,0.000000,1.033369,,0.975195,0,100,0,73.797678
1809,90481,0,762867,11.860652,0.000000,0.025695,non_zero_exit,0.974670,0,100,0,73.756906
1810,90483,2,762867,11.860914,0.000262,0.535362,,0.974428,0,100,0,73.771397
1811,90483,0,762867,11.860914,0.000000,0.035907,,0.973910,0,100,0,73.785872
1812,90483,0,762867,11.860914,0.000000,0.027246,,0.973388,0,100,0,73.800331
1813,90483,0,762867,11.860914,0.000000,0.030267,,0.972868,0,100,0,73.814774
1814,90483,0,762867,11.860914,0.000000,0.031912,non_zero_exit,0.972349,0,100,0,73.774105
1815,90483,0,762867,11.860914,0.000000,3.529497,non_zero_exit,0.973758,0,100,0,73.733480
1816,90483,0,762867,11.860914,0.000000,1.030816,,0.973789,0,100,0,73.747936
1817,90483,0,762867,11.860914,0.000000,0.025411,,0.973267,0,100,0,73.762376
1818,90483,0,762867,11.860914,0.000000,5.004125,timeout,0.975483,0,101,0,73.721825
1819,90483,0,762867,11.860914,0.000000,0.032043,,0.974965,0,101,0,73.736264
1820,90483,0,762867,11.860914,0.000000,0.029424,,0.974446,0,101,0,73.750686
1821,90483,0,762867,11.860914,0.000000,1.029541,,0.974476,0,101,0,73.765093
1822,90483,0,762867,11.860914,0.000000,1.030161,,0.974506,0,101,0,73.779484
1823,90483,0,762867,11.860914,0.000000,3.032677,non_zero_exit,0.975635,0,101,0,73.739035
1824,90483,0,762867,11.860914,0.000000,0.024415,non_zero_exit,0.975114,0,101,0,73.698630
1825,90483,0,762867,11.860914,0.000000,0.038578,,0.974601,0,101,0,73.713034
1826,90483,0,762867,11.860914,0.000000,0.837077,,0.974525,0,101,0,73.727422
1827,90484,1,762867,11.861045,0.000131,0.020899,non_zero_exit,0.974004,0,101,0,73.687090
1828,90484,0,762867,11.861045,0.000000,1.029838,,0.974034,0,101,0,73.701476
1829,90485,1,762867,11.861176,0.000131,1.033595,,0.974067,0,101,0,73.715847
1830,90485,0,762867,11.861176,0.000000,0.023915,non_zero_exit,0.973548,0,101,0,73.675587
1831,90485,0,762867,11.861176,0.000000,4.531426,,0.975490,0,101,0,73.689956
1832,90485,0,762867,11.861176,0.000000,0.020235,,0.974969,0,101,0,73.704310
1833,90485,0,762867,11.861176,0.000000,0.023556,non_zero_exit,0.974450,0,101,0,73.664122
1834,90485,0,762867,11.861176,0.000000,1.028161,,0.974479,0,101,0,73.678474
1835,90486,1,762867,11.861307,0.000131,0.025200,,0.973962,0,101,0,73.692810
1836,90486,0,762867,11.861307,0.000000,1.028084,,0.973992,0,101,0,73.707131
1837,90486,0,762867,11.861307,0.000000,1.032549,,0.974024,0,101,0,73.721436
1838,90486,0,762867,11.861307,0.000000,0.028723,,0.973510,0,101,0,73.735726
1839,90486,0,762867,11.861307,0.000000,0.022349,non_zero_exit,0.972993,0,101,0,73.695652
1840,90486,0,762867,11.861307,0.000000,3.026902,,0.974108,0,101,0,73.709940
1841,90488,2,762867,11.861570,0.000262,0.032750,,0.973597,0,101,0,73.724213
1842,90488,0,762867,11.861570,0.000000,1.028820,,0.973627,0,101,0,73.738470
1843,90488,0,762867,11.861570,0.000000,1.896458,non_zero_exit,0.974128,0,101,0,73.698482
1844,90489,1,762867,11.861701,0.000131,0.027927,,0.973615,0,101,0,73.712737
1845,90489,0,762867,11.861701,0.000000,0.023901,non_zero_exit,0.973100,0,101,0,73.672806
1846,90489,0,762867,11.861701,0.000000,0.027624,,0.972588,0,101,0,73.687060
1847,90765,276,762867,11.897880,0.036179,1.083033,,0.972648,0,101,0,73.701299
1848,90765,0,762867,11.897880,0.000000,0.025877,,0.972136,0,101,0,73.715522
1849,90771,6,762867,11.898666,0.000787,1.742547,,0.972553,0,101,0,73.729730
1850,90771,0,762867,11.898666,0.000000,3.030124,,0.973664,0,101,0,73.743922
1851,90771,0,762867,11.898666,0.000000,0.022387,non_zero_exit,0.973151,0,101,0,73.704104
1852,90771,0,762867,11.898666,0.000000,3.042068,,0.974267,0,101,0,73.718295
1853,90771,0,762867,11.898666,0.000000,0.028911,,0.973757,0,101,0,73.732470
1854,90771,0,762867,11.898666,0.000000,0.024589,non_zero_exit,0.973246,0,101,0,73.692722
1855,90771,0,762867,11.898666,0.000000,0.633065,,0.973062,0,101,0,73.706897
1856,90774,3,762867,11.899060,0.000393,1.012200,,0.973083,0,101,0,73.721055
1857,90774,0,762867,11.899060,0.000000,1.027641,,0.973113,0,101,0,73.735199
1858,90774,0,762867,11.899060,0.000000,0.026479,,0.972603,0,101,0,73.749328
1859,93753,2979,762867,12.289560,0.390501,5.025221,timeout,0.974782,0,102,0,73.709677
1860,93753,0,762867,12.289560,0.000000,0.021312,non_zero_exit,0.974270,0,102,0,73.670070
1861,93753,0,762867,12.289560,0.000000,0.030875,,0.973763,0,102,0,73.684211
1862,93753,0,762867,12.289560,0.000000,1.027594,,0.973792,0,102,0,73.698336
1863,93753,0,762867,12.289560,0.000000,1.030063,,0.973822,0,102,0,73.712446
1864,93753,0,762867,12.289560,0.000000,3.033149,,0.974927,0,102,0,73.726542
1865,93753,0,762867,12.289560,0.000000,0.232310,,0.974529,0,102,0,73.740622
1866,93753,0,762867,12.289560,0.000000,3.528052,,0.975896,0,102,0,73.754687
1867,93783,30,762867,12.293493,0.003933,1.462023,,0.976157,0,102,0,73.768737
1868,93783,0,762867,12.293493,0.000000,0.021240,non_zero_exit,0.975646,0,102,0,73.729267
1869,93783,0,762867,12.293493,0.000000,0.031201,,0.975141,0,102,0,73.743316
1870,93783,0,762867,12.293493,0.000000,0.230934,,0.974743,0,102,0,73.757349
1871,93783,0,762867,12.293493,0.000000,0.025084,,0.974236,0,102,0,73.771368
1872,93783,0,762867,12.293493,0.000000,0.032861,,0.973733,0,102,0,73.785371
1873,93783,0,762867,12.293493,0.000000,0.021515,non_zero_exit,0.973225,0,102,0,73.745998
1874,93783,0,762867,12.293493,0.000000,3.531641,,0.974589,0,102,0,73.760000
1875,93783,0,762867,12.293493,0.000000,1.030088,,0.974619,0,102,0,73.773987
1876,93783,0,762867,12.293493,0.000000,0.030239,,0.974116,0,102,0,73.787960
1877,93783,0,762867,12.293493,0.000000,0.022130,non_zero_exit,0.973609,0,102,0,73.748669
1878,93783,0,762867,12.293493,0.000000,0.020778,non_zero_exit,0.973102,0,102,0,73.709420
1879,93783,0,762867,12.293493,0.000000,1.027061,,0.973130,0,102,0,73.723404
1880,93786,3,762867,12.293886,0.000393,0.031382,,0.972630,0,102,0,73.737374
1881,93786,0,762867,12.293886,0.000000,0.035007,,0.972132,0,102,0,73.751328
1882,93786,0,762867,12.293886,0.000000,1.027552,,0.972161,0,102,0,73.765268
1883,93786,0,762867,12.293886,0.000000,0.024843,,0.971658,0,102,0,73.779193
1884,93786,0,762867,12.293886,0.000000,0.032198,,0.971160,0,102,0,73.793103
1885,93786,0,762867,12.293886,0.000000,2.026786,,0.971720,0,102,0,73.806999
1886,93786,0,762867,12.293886,0.000000,3.032044,,0.972811,0,102,0,73.820880
1887,93793,7,762867,12.294804,0.000918,2.040092,,0.973377,0,102,0,73.834746
1888,93793,0,762867,12.294804,0.000000,3.033892,,0.974467,0,102,0,73.848597
1889,93793,0,762867,12.294804,0.000000,0.040348,,0.973973,0,102,0,73.862434
1890,93793,0,762867,12.294804,0.000000,0.028329,,0.973473,0,102,0,73.876256
1891,93793,0,762867,12.294804,0.000000,0.022128,non_zero_exit,0.972970,0,102,0,73.837209
1892,93813,20,762867,12.297425,0.002622,0.025528,non_zero_exit,0.972470,0,102,0,73.798204
1893,93822,9,762867,12.298605,0.001180,0.024263,,0.971969,0,102,0,73.812038
1894,93822,0,762867,12.298605,0.000000,0.942234,,0.971953,0,102,0,73.825858
1895,93822,0,762867,12.298605,0.000000,0.023910,,0.971453,0,102,0,73.839662
1896,93822,0,762867,12.298605,0.000000,0.023902,non_zero_exit,0.970954,0,102,0,73.800738
1897,93822,0,762867,12.298605,0.000000,0.021391,non_zero_exit,0.970454,0,102,0,73.761855
1898,93823,1,762867,12.298736,0.000131,0.027219,,0.969957,0,102,0,73.775671
1899,93823,0,762867,12.298736,0.000000,0.021574,non_zero_exit,0.969458,0,102,0,73.736842
1900,93823,0,762867,12.298736,0.000000,1.028257,,0.969489,0,102,0,73.750658
1901,93823,0,762867,12.298736,0.000000,0.027213,,0.968993,0,102,0,73.764458
1902,93823,0,762867,12.298736,0.000000,1.032185,,0.969027,0,102,0,73.778245
1903,93823,0,762867,12.298736,0.000000,1.032306,,0.969060,0,102,0,73.792017
1904,93823,0,762867,12.298736,0.000000,1.033179,,0.969093,0,102,0,73.805774
1905,93823,0,762867,12.298736,0.000000,0.025234,non_zero_exit,0.968598,0,102,0,73.767051
1906,93823,0,762867,12.298736,0.000000,5.004022,timeout,0.970714,0,103,0,73.728369
1907,93823,0,762867,12.298736,0.000000,3.039114,,0.971798,0,103,0,73.742138
1908,93823,0,762867,12.298736,0.000000,1.030099,,0.971829,0,103,0,73.755893
1909,93823,0,762867,12.298736,0.000000,0.770891,,0.971724,0,103,0,73.769634
1910,93825,2,762867,12.298998,0.000262,0.539394,,0.971498,0,103,0,73.783359
1911,93825,0,762867,12.298998,0.000000,0.632421,,0.971320,0,103,0,73.797071
1912,93825,0,762867,12.298998,0.000000,0.029878,,0.970828,0,103,0,73.810768
1913,93825,0,762867,12.298998,0.000000,1.032341,non_zero_exit,0.970860,0,103,0,73.772205
1914,93825,0,762867,12.298998,0.000000,0.022408,non_zero_exit,0.970365,0,103,0,73.733681
1915,93825,0,762867,12.298998,0.000000,2.033104,,0.970920,0,103,0,73.747390
1916,93825,0,762867,12.298998,0.000000,5.005126,timeout,0.973024,0,104,0,73.708920
1917,93825,0,762867,12.298998,0.000000,0.021972,non_zero_exit,0.972528,0,104,0,73.670490
1918,93825,0,762867,12.298998,0.000000,0.035901,,0.972040,0,104,0,73.684211
1919,93825,0,762867,12.298998,0.000000,2.033706,,0.972593,0,104,0,73.697917
1920,93825,0,762867,12.298998,0.000000,0.032418,,0.972104,0,104,0,73.711609
1921,93825,0,762867,12.298998,0.000000,2.031943,,0.972655,0,104,0,73.725286
1922,93825,0,762867,12.298998,0.000000,0.030955,,0.972165,0,104,0,73.738950
1923,93839,14,762867,12.300834,0.001835,0.027026,,0.971674,0,104,0,73.752599
1924,93839,0,762867,12.300834,0.000000,2.035887,,0.972227,0,104,0,73.766234
1925,93839,0,762867,12.300834,0.000000,0.025502,non_zero_exit,0.971735,0,104,0,73.727934
1926,93839,0,762867,12.300834,0.000000,0.535325,,0.971509,0,104,0,73.741567
1927,93849,10,762867,12.302144,0.001311,0.050091,,0.971031,0,104,0,73.755187
1928,93849,0,762867,12.302144,0.000000,0.032643,non_zero_exit,0.970545,0,104,0,73.716952
1929,93849,0,762867,12.302144,0.000000,1.283482,,0.970707,0,104,0,73.730570
1930,93849,0,762867,12.302144,0.000000,0.021684,non_zero_exit,0.970215,0,104,0,73.692387
1931,93849,0,762867,12.302144,0.000000,0.034319,,0.969731,0,104,0,73.706004
1932,93849,0,762867,12.302144,0.000000,1.031740,,0.969763,0,104,0,73.719607
1933,93849,0,762867,12.302144,0.000000,0.837622,,0.969695,0,104,0,73.733195
1934,93849,0,762867,12.302144,0.000000,0.024053,non_zero_exit,0.969206,0,104,0,73.695090
1935,93849,0,762867,12.302144,0.000000,1.043117,,0.969244,0,104,0,73.708678
1936,93849,0,762867,12.302144,0.000000,1.030800,,0.969276,0,104,0,73.722251
1937,93849,0,762867,12.302144,0.000000,0.022557,non_zero_exit,0.968787,0,104,0,73.684211
1938,93849,0,762867,12.302144,0.000000,1.028633,,0.968818,0,104,0,73.697782
1939,93849,0,762867,12.302144,0.000000,3.229162,,0.969983,0,104,0,73.711340
1940,93849,0,762867,12.302144,0.000000,0.029557,,0.969499,0,104,0,73.724884
1941,93849,0,762867,12.302144,0.000000,0.031340,,0.969016,0,104,0,73.738414
1942,93849,0,762867,12.302144,0.000000,3.031039,,0.970077,0,104,0,73.751930
1943,93849,0,762867,12.302144,0.000000,0.023389,non_zero_exit,0.969590,0,104,0,73.713992
1944,93849,0,762867,12.302144,0.000000,0.030620,,0.969107,0,104,0,73.727506
1945,93849,0,762867,12.302144,0.000000,0.039588,,0.968630,0,104,0,73.741007
1946,93849,0,762867,12.302144,0.000000,0.028282,,0.968147,0,104,0,73.754494
1947,93849,0,762867,12.302144,0.000000,0.030132,,0.967665,0,104,0,73.767967
1948,93849,0,762867,12.302144,0.000000,0.023885,non_zero_exit,0.967181,0,104,0,73.730118
1949,93849,0,762867,12.302144,0.000000,0.023657,non_zero_exit,0.966697,0,104,0,73.692308
1950,93849,0,762867,12.302144,0.000000,5.004110,timeout,0.968766,0,105,0,73.654536
1951,93849,0,762867,12.302144,0.000000,0.022073,non_zero_exit,0.968281,0,105,0,73.616803
1952,93849,0,762867,12.302144,0.000000,0.030391,,0.967801,0,105,0,73.630312
1953,93849,0,762867,12.302144,0.000000,0.022827,non_zero_exit,0.967318,0,105,0,73.592631
1954,93849,0,762867,12.302144,0.000000,2.029670,,0.967861,0,105,0,73.606138
1955,93849,0,762867,12.302144,0.000000,1.033654,,0.967895,0,105,0,73.619632
1956,93849,0,762867,12.302144,0.000000,5.005103,timeout,0.969958,0,106,0,73.582013
1957,93849,0,762867,12.302144,0.000000,0.135257,non_zero_exit,0.969531,0,106,0,73.544433
1958,93849,0,762867,12.302144,0.000000,3.032902,,0.970584,0,106,0,73.557938
1959,93849,0,762867,12.302144,0.000000,0.028279,,0.970104,0,106,0,73.571429
1960,93849,0,762867,12.302144,0.000000,0.031168,,0.969625,0,106,0,73.584906
1961,93849,0,762867,12.302144,0.000000,0.031633,,0.969147,0,106,0,73.598369
1962,93849,0,762867,12.302144,0.000000,1.032468,,0.969179,0,106,0,73.611819
1963,93849,0,762867,12.302144,0.000000,0.029821,,0.968701,0,106,0,73.625255
1964,93849,0,762867,12.302144,0.000000,3.828808,,0.970156,0,106,0,73.638677
1965,93849,0,762867,12.302144,0.000000,1.031989,,0.970188,0,106,0,73.652085
1966,93849,0,762867,12.302144,0.000000,1.836154,,0.970628,0,106,0,73.665480
1967,93849,0,762867,12.302144,0.000000,0.021580,non_zero_exit,0.970146,0,106,0,73.628049
1968,93849,0,762867,12.302144,0.000000,1.027732,,0.970175,0,106,0,73.641442
1969,93849,0,762867,12.302144,0.000000,1.530186,,0.970459,0,106,0,73.654822
1970,93849,0,762867,12.302144,0.000000,0.027057,,0.969981,0,106,0,73.668189
1971,93849,0,762867,12.302144,0.000000,0.032186,,0.969505,0,106,0,73.681542
1972,93849,0,762867,12.302144,0.000000,0.031071,,0.969029,0,106,0,73.694881
1973,93849,0,762867,12.302144,0.000000,1.033617,,0.969062,0,106,0,73.708207
1974,93849,0,762867,12.302144,0.000000,1.030911,,0.969094,0,106,0,73.721519
1975,93849,0,762867,12.302144,0.000000,4.528361,,0.970895,0,106,0,73.734818
1976,93849,0,762867,12.302144,0.000000,1.030174,non_zero_exit,0.970925,0,106,0,73.697521
1977,93853,4,762867,12.302669,0.000524,5.004402,timeout,0.972964,0,107,0,73.660263
1978,93853,0,762867,12.302669,0.000000,1.045290,,0.973000,0,107,0,73.673573
1979,93853,0,762867,12.302669,0.000000,1.027959,,0.973028,0,107,0,73.686869
1980,93853,0,762867,12.302669,0.000000,5.003983,timeout,0.975063,0,108,0,73.649672
1981,93879,26,762867,12.306077,0.003408,3.033087,,0.976101,0,108,0,73.662967
1982,93880,1,762867,12.306208,0.000131,0.027852,,0.975623,0,108,0,73.676248
1983,93880,0,762867,12.306208,0.000000,0.024589,non_zero_exit,0.975144,0,108,0,73.639113
1984,93880,0,762867,12.306208,0.000000,0.031349,,0.974668,0,108,0,73.652393
1985,93880,0,762867,12.306208,0.000000,0.024058,non_zero_exit,0.974190,0,108,0,73.615307
1986,93886,6,762867,12.306995,0.000787,0.025686,non_zero_exit,0.973712,0,108,0,73.578259
1987,93886,0,762867,12.306995,0.000000,0.024669,non_zero_exit,0.973235,0,108,0,73.541247
1988,93886,0,762867,12.306995,0.000000,1.031253,,0.973264,0,108,0,73.554550
1989,93886,0,762867,12.306995,0.000000,1.036661,,0.973296,0,108,0,73.567839
1990,93886,0,762867,12.306995,0.000000,1.227373,,0.973424,0,108,0,73.581115
1991,93886,0,762867,12.306995,0.000000,1.033715,,0.973454,0,108,0,73.594378
1992,93886,0,762867,12.306995,0.000000,1.031878,,0.973483,0,108,0,73.607627
1993,93887,1,762867,12.307126,0.000131,0.026511,,0.973008,0,108,0,73.620863
1994,93887,0,762867,12.307126,0.000000,0.021582,non_zero_exit,0.972531,0,108,0,73.583960
1995,93887,0,762867,12.307126,0.000000,0.028209,,0.972058,0,108,0,73.597194
1996,93887,0,762867,12.307126,0.000000,1.031503,,0.972088,0,108,0,73.610416
1997,93897,10,762867,12.308436,0.001311,0.026275,,0.971615,0,108,0,73.623624
1998,93897,0,762867,12.308436,0.000000,5.003295,timeout,0.973632,0,109,0,73.586793
1999,93897,0,762867,12.308436,0.000000,0.024568,non_zero_exit,0.973157,0,109,0,73.550000
2000,93897,0,762867,12.308436,0.000000,0.446584,,0.972894,0,109,0,73.563218
2001,93898,1,762867,12.308568,0.000131,1.031162,,0.972923,0,109,0,73.576424
2002,93898,0,762867,12.308568,0.000000,5.005488,timeout,0.974936,0,110,0,73.539690
2003,93898,0,762867,12.308568,0.000000,0.025997,,0.974463,0,110,0,73.552894
2004,93898,0,762867,12.308568,0.000000,1.028935,,0.974490,0,110,0,73.566085
2005,93898,0,762867,12.308568,0.000000,1.031423,,0.974518,0,110,0,73.579262
2006,93898,0,762867,12.308568,0.000000,0.024418,non_zero_exit,0.974045,0,110,0,73.542601
2007,93898,0,762867,12.308568,0.000000,1.029357,,0.974072,0,110,0,73.555777
2008,93898,0,762867,12.308568,0.000000,1.028389,,0.974099,0,110,0,73.568940
2009,93898,0,762867,12.308568,0.000000,0.031585,,0.973630,0,110,0,73.582090
2010,93898,0,762867,12.308568,0.000000,0.028736,,0.973161,0,110,0,73.595226
2011,93898,0,762867,12.308568,0.000000,4.032311,,0.974681,0,110,0,73.608350
2012,93898,0,762867,12.308568,0.000000,2.535290,,0.975456,0,110,0,73.621461
2013,93898,0,762867,12.308568,0.000000,0.032053,,0.974988,0,110,0,73.634558
2014,93898,0,762867,12.308568,0.000000,0.022545,non_zero_exit,0.974515,0,110,0,73.598015
2015,93898,0,762867,12.308568,0.000000,1.030136,,0.974543,0,110,0,73.611111
2016,93898,0,762867,12.308568,0.000000,5.004748,timeout,0.976541,0,111,0,73.574616
2017,93898,0,762867,12.308568,0.000000,0.532617,,0.976321,0,111,0,73.587711
2018,93898,0,762867,12.308568,0.000000,0.028588,,0.975852,0,111,0,73.600792
2019,93899,1,762867,12.308699,0.000131,0.026858,,0.975382,0,111,0,73.613861
2020,93899,0,762867,12.308699,0.000000,0.024106,non_zero_exit,0.974911,0,111,0,73.577437
2021,93899,0,762867,12.308699,0.000000,0.031074,,0.974444,0,111,0,73.590504
2022,93900,1,762867,12.308830,0.000131,0.029191,,0.973977,0,111,0,73.603559
2023,93900,0,762867,12.308830,0.000000,2.030020,,0.974499,0,111,0,73.616601
2024,93900,0,762867,12.308830,0.000000,1.031500,,0.974527,0,111,0,73.629630
2025,93900,0,762867,12.308830,0.000000,1.039852,,0.974559,0,111,0,73.642646
2026,93900,0,762867,12.308830,0.000000,1.029258,,0.974586,0,111,0,73.655649
2027,93901,1,762867,12.308961,0.000131,1.028613,,0.974613,0,111,0,73.668639
2028,93901,0,762867,12.308961,0.000000,0.021796,non_zero_exit,0.974143,0,111,0,73.632331
2029,93901,0,762867,12.308961,0.000000,1.030627,,0.974171,0,111,0,73.645320
2030,93901,0,762867,12.308961,0.000000,0.028107,,0.973705,0,111,0,73.658296
2031,93901,0,762867,12.308961,0.000000,1.031064,,0.973733,0,111,0,73.671260
2032,93901,0,762867,12.308961,0.000000,0.028348,,0.973268,0,111,0,73.684211
2033,93901,0,762867,12.308961,0.000000,0.024746,non_zero_exit,0.972802,0,111,0,73.647984
2034,93901,0,762867,12.308961,0.000000,0.030903,,0.972339,0,111,0,73.660934
2035,93901,0,762867,12.308961,0.000000,0.022746,non_zero_exit,0.971873,0,111,0,73.624754
2036,93901,0,762867,12.308961,0.000000,5.004290,timeout,0.973852,0,112,0,73.588611
2037,93901,0,762867,12.308961,0.000000,0.030003,,0.973389,0,112,0,73.601570
2038,93902,1,762867,12.309092,0.000131,0.027922,,0.972926,0,112,0,73.614517
2039,93902,0,762867,12.309092,0.000000,0.023026,non_zero_exit,0.972460,0,112,0,73.578431
2040,93902,0,762867,12.309092,0.000000,1.035190,,0.972491,0,112,0,73.591377
2041,93902,0,762867,12.309092,0.000000,0.029892,,0.972029,0,112,0,73.604310
2042,93902,0,762867,12.309092,0.000000,5.003683,timeout,0.974003,0,113,0,73.568282
2043,93906,4,762867,12.309616,0.000524,0.028726,,0.973540,0,113,0,73.581213
2044,93906,0,762867,12.309616,0.000000,0.027875,,0.973078,0,113,0,73.594132
2045,93906,0,762867,12.309616,0.000000,0.029379,,0.972616,0,113,0,73.607038
2046,93906,0,762867,12.309616,0.000000,2.039390,,0.973138,0,113,0,73.619932
2047,93908,2,762867,12.309878,0.000262,0.038321,,0.972681,0,113,0,73.632812
2048,93910,2,762867,12.310141,0.000262,0.028492,,0.972220,0,113,0,73.645681
2049,93910,0,762867,12.310141,0.000000,1.028176,non_zero_exit,0.972248,0,113,0,73.609756
2050,93915,5,762867,12.310796,0.000655,5.088433,timeout,0.974254,0,114,0,73.573866
2051,93915,0,762867,12.310796,0.000000,0.036500,,0.973797,0,114,0,73.586745
2052,93915,0,762867,12.310796,0.000000,0.030878,,0.973338,0,114,0,73.599610
2053,93915,0,762867,12.310796,0.000000,0.025441,,0.972877,0,114,0,73.612463
2054,93915,0,762867,12.310796,0.000000,0.030763,,0.972418,0,114,0,73.625304
2055,93915,0,762867,12.310796,0.000000,0.028763,non_zero_exit,0.971959,0,114,0,73.589494
2056,93915,0,762867,12.310796,0.000000,0.028494,,0.971501,0,114,0,73.602333
2057,93915,0,762867,12.310796,0.000000,0.024972,non_zero_exit,0.971041,0,114,0,73.566569
2058,93915,0,762867,12.310796,0.000000,3.032661,non_zero_exit,0.972042,0,114,0,73.530840
2059,93915,0,762867,12.310796,0.000000,1.029107,,0.972070,0,114,0,73.543689
2060,93915,0,762867,12.310796,0.000000,0.033094,,0.971614,0,114,0,73.556526
2061,93915,0,762867,12.310796,0.000000,0.027901,,0.971156,0,114,0,73.569350
2062,93915,0,762867,12.310796,0.000000,0.032888,,0.970702,0,114,0,73.582162
2063,93915,0,762867,12.310796,0.000000,0.024444,non_zero_exit,0.970243,0,114,0,73.546512
2064,93915,0,762867,12.310796,0.000000,0.024914,non_zero_exit,0.969785,0,114,0,73.510896
2065,93915,0,762867,12.310796,0.000000,1.033551,,0.969816,0,114,0,73.523717
2066,93915,0,762867,12.310796,0.000000,0.020889,non_zero_exit,0.969357,0,114,0,73.488147
2067,93915,0,762867,12.310796,0.000000,0.033530,,0.968905,0,114,0,73.500967
2068,93915,0,762867,12.310796,0.000000,1.032628,,0.968935,0,114,0,73.513775
2069,93915,0,762867,12.310796,0.000000,0.025108,non_zero_exit,0.968479,0,114,0,73.478261
2070,93915,0,762867,12.310796,0.000000,1.026916,,0.968508,0,114,0,73.491067
2071,93915,0,762867,12.310796,0.000000,5.003403,timeout,0.970455,0,115,0,73.455598
2072,93915,0,762867,12.310796,0.000000,0.029640,,0.970001,0,115,0,73.468403
2073,93915,0,762867,12.310796,0.000000,1.028211,,0.970029,0,115,0,73.481196
2074,93916,1,762867,12.310927,0.000131,0.021721,non_zero_exit,0.969572,0,115,0,73.445783
2075,93916,0,762867,12.310927,0.000000,5.003873,timeout,0.971516,0,116,0,73.410405
2076,93916,0,762867,12.310927,0.000000,1.034648,,0.971546,0,116,0,73.423207
2077,93916,0,762867,12.310927,0.000000,1.032458,,0.971575,0,116,0,73.435996
2078,93916,0,762867,12.310927,0.000000,0.535954,,0.971366,0,116,0,73.448773
2079,93916,0,762867,12.310927,0.000000,1.032546,,0.971395,0,116,0,73.461538
2080,93916,0,762867,12.310927,0.000000,2.039086,,0.971908,0,116,0,73.474291
2081,93916,0,762867,12.310927,0.000000,1.033295,,0.971938,0,116,0,73.487032
2082,93916,0,762867,12.310927,0.000000,2.028354,,0.972445,0,116,0,73.499760
2083,93916,0,762867,12.310927,0.000000,0.019769,non_zero_exit,0.971988,0,116,0,73.464491
2084,93916,0,762867,12.310927,0.000000,1.037472,,0.972019,0,116,0,73.477218
2085,93916,0,762867,12.310927,0.000000,0.030864,,0.971568,0,116,0,73.489933
2086,93916,0,762867,12.310927,0.000000,0.181893,non_zero_exit,0.971190,0,116,0,73.454720
2087,93916,0,762867,12.310927,0.000000,0.130063,,0.970787,0,116,0,73.467433
2088,93916,0,762867,12.310927,0.000000,0.030053,,0.970336,0,116,0,73.480134
2089,93916,0,762867,12.310927,0.000000,0.568370,,0.970144,0,116,0,73.492823
2090,93916,0,762867,12.310927,0.000000,1.035484,,0.970175,0,116,0,73.505500
2091,93923,7,762867,12.311845,0.000918,1.229647,non_zero_exit,0.970299,0,116,0,73.470363
2092,93923,0,762867,12.311845,0.000000,0.036164,,0.969853,0,116,0,73.483039
2093,93923,0,762867,12.311845,0.000000,0.035859,,0.969407,0,116,0,73.495702
2094,93923,0,762867,12.311845,0.000000,0.029249,,0.968958,0,116,0,73.508353
2095,93923,0,762867,12.311845,0.000000,0.030568,non_zero_exit,0.968511,0,116,0,73.473282
2096,93923,0,762867,12.311845,0.000000,0.029519,,0.968063,0,116,0,73.485932
2097,93923,0,762867,12.311845,0.000000,1.027089,,0.968091,0,116,0,73.498570
2098,93924,1,762867,12.311976,0.000131,0.024070,non_zero_exit,0.967641,0,116,0,73.463554
2099,93924,0,762867,12.311976,0.000000,0.023167,non_zero_exit,0.967191,0,116,0,73.428571
2100,93924,0,762867,12.311976,0.000000,0.030846,,0.966746,0,116,0,73.441218
2101,93924,0,762867,12.311976,0.000000,0.021873,non_zero_exit,0.966296,0,116,0,73.406280
2102,93924,0,762867,12.311976,0.000000,0.034559,,0.965853,0,116,0,73.418925
2103,93924,0,762867,12.311976,0.000000,0.031667,,0.965409,0,116,0,73.431559
2104,93926,2,762867,12.312238,0.000262,0.026316,,0.964963,0,116,0,73.444181
2105,93926,0,762867,12.312238,0.000000,1.026078,,0.964992,0,116,0,73.456790
2106,93926,0,762867,12.312238,0.000000,2.536967,,0.965738,0,116,0,73.469388
2107,93926,0,762867,12.312238,0.000000,1.529971,,0.966006,0,116,0,73.481973
2108,93927,1,762867,12.312369,0.000131,0.033607,non_zero_exit,0.965564,0,116,0,73.447131
2109,93927,0,762867,12.312369,0.000000,0.024514,non_zero_exit,0.965118,0,116,0,73.412322
2110,93929,2,762867,12.312631,0.000262,2.032411,,0.965623,0,116,0,73.424917
2111,93929,0,762867,12.312631,0.000000,1.028398,,0.965653,0,116,0,73.437500
2112,93929,0,762867,12.312631,0.000000,0.029464,,0.965210,0,116,0,73.450071
2113,93929,0,762867,12.312631,0.000000,0.021360,non_zero_exit,0.964763,0,116,0,73.415326
2114,93929,0,762867,12.312631,0.000000,0.034984,,0.964324,0,116,0,73.427896
2115,93929,0,762867,12.312631,0.000000,0.022467,non_zero_exit,0.963879,0,116,0,73.393195
2116,93929,0,762867,12.312631,0.000000,0.020914,non_zero_exit,0.963433,0,116,0,73.358526
2117,93938,9,762867,12.313811,0.001180,0.021731,non_zero_exit,0.962989,0,116,0,73.323890
2118,93941,3,762867,12.314204,0.000393,0.046405,,0.962556,0,116,0,73.336479
2119,93941,0,762867,12.314204,0.000000,1.034063,,0.962590,0,116,0,73.349057
2120,93947,6,762867,12.314991,0.000787,0.021840,non_zero_exit,0.962146,0,116,0,73.314474
2121,93947,0,762867,12.314991,0.000000,1.032388,non_zero_exit,0.962179,0,116,0,73.279925
2122,93947,0,762867,12.314991,0.000000,3.039145,,0.963158,0,116,0,73.292511
2123,93994,47,762867,12.321152,0.006161,5.008280,timeout,0.965062,0,117,0,73.258004
2124,93994,0,762867,12.321152,0.000000,5.003668,timeout,0.966963,0,118,0,73.223529
2125,93994,0,762867,12.321152,0.000000,4.028838,,0.968403,0,118,0,73.236124
2126,93994,0,762867,12.321152,0.000000,3.030204,,0.969372,0,118,0,73.248707
2127,93994,0,762867,12.321152,0.000000,2.030210,,0.969871,0,118,0,73.261278
2128,93994,0,762867,12.321152,0.000000,5.003944,timeout,0.971766,0,119,0,73.226867
2129,93994,0,762867,12.321152,0.000000,0.030774,,0.971324,0,119,0,73.239437
2130,93994,0,762867,12.321152,0.000000,2.966401,,0.972260,0,119,0,73.251994
2131,93995,1,762867,12.321283,0.000131,0.022903,non_zero_exit,0.971815,0,119,0,73.217636
2132,93995,0,762867,12.321283,0.000000,2.037375,,0.972314,0,119,0,73.230192
2133,93995,0,762867,12.321283,0.000000,3.036011,,0.973281,0,119,0,73.242737
2134,93995,0,762867,12.321283,0.000000,1.028919,,0.973307,0,119,0,73.255269
2135,93995,0,762867,12.321283,0.000000,0.023116,non_zero_exit,0.972863,0,119,0,73.220974
2136,93995,0,762867,12.321283,0.000000,2.031058,,0.973358,0,119,0,73.233505
2137,93995,0,762867,12.321283,0.000000,0.032801,,0.972918,0,119,0,73.246024
2138,93995,0,762867,12.321283,0.000000,0.024818,non_zero_exit,0.972475,0,119,0,73.211781
2139,94006,11,762867,12.322725,0.001442,0.029132,,0.972034,0,119,0,73.224299
2140,94006,0,762867,12.322725,0.000000,0.026678,non_zero_exit,0.971592,0,119,0,73.190098
2141,94018,12,762867,12.324298,0.001573,0.036581,,0.971156,0,119,0,73.202614
2142,94018,0,762867,12.324298,0.000000,0.026219,non_zero_exit,0.970715,0,119,0,73.168455
2143,94020,2,762867,12.324560,0.000262,0.049093,,0.970285,0,119,0,73.180970
2144,94021,1,762867,12.324691,0.000131,0.023411,non_zero_exit,0.969843,0,119,0,73.146853
2145,94021,0,762867,12.324691,0.000000,1.028304,,0.969871,0,119,0,73.159366
2146,94021,0,762867,12.324691,0.000000,1.030059,,0.969899,0,119,0,73.171868
2147,94021,0,762867,12.324691,0.000000,0.033239,,0.969463,0,119,0,73.184358
2148,94021,0,762867,12.324691,0.000000,0.034570,,0.969028,0,119,0,73.196836
2149,94021,0,762867,12.324691,0.000000,4.532303,,0.970685,0,119,0,73.209302
2150,94021,0,762867,12.324691,0.000000,1.558318,non_zero_exit,0.970958,0,119,0,73.175267
2151,94021,0,762867,12.324691,0.000000,0.028123,,0.970520,0,119,0,73.187732
2152,94021,0,762867,12.324691,0.000000,1.029951,,0.970548,0,119,0,73.200186
2153,94021,0,762867,12.324691,0.000000,2.030898,,0.971040,0,119,0,73.212628
2154,94021,0,762867,12.324691,0.000000,0.028929,,0.970603,0,119,0,73.225058
2155,94021,0,762867,12.324691,0.000000,0.030287,,0.970167,0,119,0,73.237477
2156,94021,0,762867,12.324691,0.000000,0.024290,non_zero_exit,0.969728,0,119,0,73.203523
2157,94021,0,762867,12.324691,0.000000,0.025284,,0.969290,0,119,0,73.215941
2158,94021,0,762867,12.324691,0.000000,1.028469,,0.969318,0,119,0,73.228346
2159,94021,0,762867,12.324691,0.000000,0.031894,,0.968884,0,119,0,73.240741
2160,94022,1,762867,12.324822,0.000131,0.026416,,0.968448,0,119,0,73.253124
2161,94022,0,762867,12.324822,0.000000,2.033999,,0.968941,0,119,0,73.265495
2162,94022,0,762867,12.324822,0.000000,0.028431,,0.968506,0,119,0,73.277855
2163,94022,0,762867,12.324822,0.000000,0.023013,non_zero_exit,0.968069,0,119,0,73.243993
2164,94022,0,762867,12.324822,0.000000,3.731034,,0.969345,0,119,0,73.256351
2165,94022,0,762867,12.324822,0.000000,0.128449,,0.968957,0,119,0,73.268698
2166,94022,0,762867,12.324822,0.000000,2.031111,,0.969447,0,119,0,73.281034
2167,94022,0,762867,12.324822,0.000000,1.030942,,0.969475,0,119,0,73.293358
2168,94022,0,762867,12.324822,0.000000,0.024644,non_zero_exit,0.969040,0,119,0,73.259567
2169,94022,0,762867,12.324822,0.000000,0.017530,non_zero_exit,0.968601,0,119,0,73.225806
2170,94022,0,762867,12.324822,0.000000,0.026759,non_zero_exit,0.968167,0,119,0,73.192077
2171,94022,0,762867,12.324822,0.000000,1.027814,,0.968195,0,119,0,73.204420
2172,94022,0,762867,12.324822,0.000000,0.028618,non_zero_exit,0.967763,0,119,0,73.170732
2173,94022,0,762867,12.324822,0.000000,1.028285,,0.967790,0,119,0,73.183073
2174,94022,0,762867,12.324822,0.000000,0.031116,,0.967360,0,119,0,73.195402
2175,94022,0,762867,12.324822,0.000000,1.031875,,0.967389,0,119,0,73.207721
2176,94022,0,762867,12.324822,0.000000,1.832460,,0.967787,0,119,0,73.220028
2177,94022,0,762867,12.324822,0.000000,0.020912,non_zero_exit,0.967352,0,119,0,73.186410
2178,94022,0,762867,12.324822,0.000000,0.024599,,0.966919,0,119,0,73.198715
2179,94022,0,762867,12.324822,0.000000,5.004400,timeout,0.968771,0,120,0,73.165138
2180,94022,0,762867,12.324822,0.000000,0.024645,non_zero_exit,0.968338,0,120,0,73.131591
2181,94022,0,762867,12.324822,0.000000,0.020920,non_zero_exit,0.967904,0,120,0,73.098075
2182,94022,0,762867,12.324822,0.000000,1.034931,,0.967935,0,120,0,73.110399
2183,94022,0,762867,12.324822,0.000000,0.028123,non_zero_exit,0.967505,0,120,0,73.076923
2184,94022,0,762867,12.324822,0.000000,1.040123,,0.967538,0,120,0,73.089245
2185,94022,0,762867,12.324822,0.000000,0.028551,,0.967108,0,120,0,73.101555
2186,94022,0,762867,12.324822,0.000000,0.028879,non_zero_exit,0.966679,0,120,0,73.068130
2187,94022,0,762867,12.324822,0.000000,0.028187,,0.966250,0,120,0,73.080439
2188,94022,0,762867,12.324822,0.000000,3.031258,,0.967194,0,120,0,73.092736
2189,94022,0,762867,12.324822,0.000000,0.027496,,0.966765,0,120,0,73.105023
2190,94022,0,762867,12.324822,0.000000,1.532696,,0.967023,0,120,0,73.117298
2191,94022,0,762867,12.324822,0.000000,1.034223,non_zero_exit,0.967054,0,120,0,73.083942
2192,94022,0,762867,12.324822,0.000000,0.024341,non_zero_exit,0.966624,0,120,0,73.050616
2193,94022,0,762867,12.324822,0.000000,1.028728,,0.966652,0,120,0,73.062899
2194,94022,0,762867,12.324822,0.000000,5.003457,timeout,0.968491,0,121,0,73.029613
2195,94022,0,762867,12.324822,0.000000,1.030514,,0.968519,0,121,0,73.041894
2196,94022,0,762867,12.324822,0.000000,1.028741,,0.968547,0,121,0,73.054165
2197,94022,0,762867,12.324822,0.000000,1.530627,,0.968803,0,121,0,73.066424
2198,94022,0,762867,12.324822,0.000000,1.031279,,0.968831,0,121,0,73.078672
2199,94022,0,762867,12.324822,0.000000,0.035338,,0.968407,0,121,0,73.090909
2200,94022,0,762867,12.324822,0.000000,0.029102,,0.967980,0,121,0,73.103135
2201,94022,0,762867,12.324822,0.000000,0.023952,non_zero_exit,0.967551,0,121,0,73.069936
2202,94022,0,762867,12.324822,0.000000,1.032784,,0.967581,0,121,0,73.082161
2203,94023,1,762867,12.324953,0.000131,0.022768,non_zero_exit,0.967152,0,121,0,73.049002
2204,94023,0,762867,12.324953,0.000000,1.027575,,0.967180,0,121,0,73.061224
2205,94023,0,762867,12.324953,0.000000,0.029606,,0.966755,0,121,0,73.073436
2206,94023,0,762867,12.324953,0.000000,0.033897,,0.966332,0,121,0,73.085637
2207,94023,0,762867,12.324953,0.000000,0.030860,,0.965908,0,121,0,73.097826
2208,94023,0,762867,12.324953,0.000000,0.022705,non_zero_exit,0.965481,0,121,0,73.064735
2209,94023,0,762867,12.324953,0.000000,0.029905,,0.965058,0,121,0,73.076923
2210,94023,0,762867,12.324953,0.000000,0.022322,non_zero_exit,0.964631,0,121,0,73.043872
2211,94023,0,762867,12.324953,0.000000,0.029394,,0.964209,0,121,0,73.056058
2212,94050,27,762867,12.328492,0.003539,0.033674,,0.963788,0,121,0,73.068233
2213,94050,0,762867,12.328492,0.000000,0.029598,,0.963366,0,121,0,73.080397
2214,94050,0,762867,12.328492,0.000000,0.024078,non_zero_exit,0.962942,0,121,0,73.047404
2215,94050,0,762867,12.328492,0.000000,0.027944,,0.962520,0,121,0,73.059567
2216,94050,0,762867,12.328492,0.000000,4.532632,,0.964131,0,121,0,73.071719
2217,94050,0,762867,12.328492,0.000000,1.035573,,0.964163,0,121,0,73.083859
2218,94050,0,762867,12.328492,0.000000,0.032307,,0.963743,0,121,0,73.095989
2219,94050,0,762867,12.328492,0.000000,1.031842,,0.963774,0,121,0,73.108108
2220,94050,0,762867,12.328492,0.000000,0.028441,,0.963352,0,121,0,73.120216
2221,94051,1,762867,12.328623,0.000131,0.040286,,0.962937,0,121,0,73.132313
2222,94052,1,762867,12.328755,0.000131,0.026143,non_zero_exit,0.962516,0,121,0,73.099415
2223,94059,7,762867,12.329672,0.000918,4.031997,,0.963896,0,121,0,73.111511
2224,94060,1,762867,12.329803,0.000131,0.035816,,0.963479,0,121,0,73.123596
2225,94060,0,762867,12.329803,0.000000,0.021882,non_zero_exit,0.963056,0,121,0,73.090746
2226,94083,23,762867,12.332818,0.003015,0.130093,,0.962682,0,121,0,73.102829
2227,94083,0,762867,12.332818,0.000000,2.038325,,0.963164,0,121,0,73.114901
2228,94083,0,762867,12.332818,0.000000,0.021517,non_zero_exit,0.962742,0,121,0,73.082100
2229,94083,0,762867,12.332818,0.000000,0.034722,,0.962326,0,121,0,73.094170
2230,94083,0,762867,12.332818,0.000000,0.021935,non_zero_exit,0.961904,0,121,0,73.061407
2231,94084,1,762867,12.332949,0.000131,0.022605,non_zero_exit,0.961483,0,121,0,73.028674
2232,94084,0,762867,12.332949,0.000000,1.032470,,0.961515,0,121,0,73.040752
2233,94084,0,762867,12.332949,0.000000,0.022978,non_zero_exit,0.961095,0,121,0,73.008057
2234,94084,0,762867,12.332949,0.000000,3.030267,,0.962021,0,121,0,73.020134
2235,94118,34,762867,12.337406,0.004457,0.024939,non_zero_exit,0.961602,0,121,0,72.987478
2236,94133,15,762867,12.339372,0.001966,5.004220,timeout,0.963409,0,122,0,72.954850
2237,94133,0,762867,12.339372,0.000000,0.439296,,0.963175,0,122,0,72.966935
2238,94133,0,762867,12.339372,0.000000,3.032522,,0.964099,0,122,0,72.979008
2239,94133,0,762867,12.339372,0.000000,0.031138,,0.963682,0,122,0,72.991071
2240,94135,2,762867,12.339635,0.000262,0.632561,,0.963535,0,122,0,73.003124
2241,94135,0,762867,12.339635,0.000000,2.231004,,0.964100,0,122,0,73.015165
2242,94137,2,762867,12.339897,0.000262,1.646479,,0.964404,0,122,0,73.027196
2243,94137,0,762867,12.339897,0.000000,1.031907,,0.964434,0,122,0,73.039216
2244,94137,0,762867,12.339897,0.000000,2.531292,,0.965132,0,122,0,73.051225
2245,94137,0,762867,12.339897,0.000000,0.633957,non_zero_exit,0.964985,0,122,0,73.018700
2246,94137,0,762867,12.339897,0.000000,1.038945,non_zero_exit,0.965018,0,122,0,72.986204
2247,94137,0,762867,12.339897,0.000000,5.003850,timeout,0.966814,0,123,0,72.953737
2248,94139,2,762867,12.340159,0.000262,1.032760,,0.966844,0,123,0,72.965763
2249,94139,0,762867,12.340159,0.000000,0.027945,,0.966426,0,123,0,72.977778
2250,94139,0,762867,12.340159,0.000000,0.028671,,0.966010,0,123,0,72.989782
2251,94139,0,762867,12.340159,0.000000,0.023280,non_zero_exit,0.965591,0,123,0,72.957371
2252,94139,0,762867,12.340159,0.000000,1.032556,,0.965621,0,123,0,72.969374
2253,94139,0,762867,12.340159,0.000000,0.021657,non_zero_exit,0.965202,0,123,0,72.937001
2254,94139,0,762867,12.340159,0.000000,0.030644,,0.964788,0,123,0,72.949002
2255,94140,1,762867,12.340290,0.000131,5.004031,timeout,0.966578,0,124,0,72.916667
2256,94140,0,762867,12.340290,0.000000,0.023065,non_zero_exit,0.966160,0,124,0,72.884360
2257,94140,0,762867,12.340290,0.000000,0.023051,non_zero_exit,0.965742,0,124,0,72.852081
2258,94140,0,762867,12.340290,0.000000,0.023241,non_zero_exit,0.965325,0,124,0,72.819832
2259,94141,1,762867,12.340421,0.000131,0.024376,,0.964909,0,124,0,72.831858
2260,94141,0,762867,12.340421,0.000000,0.031014,,0.964496,0,124,0,72.843874
2261,94144,3,762867,12.340814,0.000393,1.029391,,0.964525,0,124,0,72.855880
2262,94144,0,762867,12.340814,0.000000,1.034512,,0.964555,0,124,0,72.867875
2263,94146,2,762867,12.341076,0.000262,0.535178,,0.964366,0,124,0,72.879859
2264,94146,0,762867,12.341076,0.000000,0.023979,non_zero_exit,0.963951,0,124,0,72.847682
2265,94146,0,762867,12.341076,0.000000,3.034381,,0.964864,0,124,0,72.859665
2266,94158,12,762867,12.342650,0.001573,1.030311,,0.964893,0,124,0,72.871637
2267,94158,0,762867,12.342650,0.000000,5.002757,timeout,0.966674,0,125,0,72.839506
2268,94158,0,762867,12.342650,0.000000,4.041464,,0.968029,0,125,0,72.851476
2269,94160,2,762867,12.342912,0.000262,0.032220,,0.967616,0,125,0,72.863436
2270,94160,0,762867,12.342912,0.000000,0.031834,,0.967204,0,125,0,72.875385
2271,94160,0,762867,12.342912,0.000000,1.033502,,0.967234,0,125,0,72.887324
2272,94160,0,762867,12.342912,0.000000,1.028284,,0.967260,0,125,0,72.899252
2273,94160,0,762867,12.342912,0.000000,0.024503,non_zero_exit,0.966846,0,125,0,72.867194
2274,94160,0,762867,12.342912,0.000000,0.029372,,0.966434,0,125,0,72.879121
2275,94168,8,762867,12.343960,0.001049,2.040593,,0.966906,0,125,0,72.891037
2276,94168,0,762867,12.343960,0.000000,5.004486,timeout,0.968679,0,126,0,72.859025
2277,94168,0,762867,12.343960,0.000000,2.028949,,0.969144,0,126,0,72.870939
2278,94168,0,762867,12.343960,0.000000,0.022790,,0.968729,0,126,0,72.882843
2279,94168,0,762867,12.343960,0.000000,0.030899,,0.968318,0,126,0,72.894737
2280,94168,0,762867,12.343960,0.000000,1.139101,,0.968393,0,126,0,72.906620
2281,94168,0,762867,12.343960,0.000000,0.032401,,0.967982,0,126,0,72.918493
2282,94168,0,762867,12.343960,0.000000,0.027642,,0.967571,0,126,0,72.930355
2283,94168,0,762867,12.343960,0.000000,0.022444,,0.967157,0,126,0,72.942207
2284,94168,0,762867,12.343960,0.000000,0.020946,non_zero_exit,0.966743,0,126,0,72.910284
2285,94168,0,762867,12.343960,0.000000,0.917170,,0.966721,0,126,0,72.922135
2286,94168,0,762867,12.343960,0.000000,0.047042,,0.966319,0,126,0,72.933975
2287,94168,0,762867,12.343960,0.000000,0.032895,,0.965911,0,126,0,72.945804
2288,94168,0,762867,12.343960,0.000000,0.022650,non_zero_exit,0.965499,0,126,0,72.913936
2289,94168,0,762867,12.343960,0.000000,1.028821,,0.965526,0,126,0,72.925764
2290,94168,0,762867,12.343960,0.000000,0.024175,non_zero_exit,0.965116,0,126,0,72.893933
2291,94168,0,762867,12.343960,0.000000,0.027651,,0.964707,0,126,0,72.905759
2292,94168,0,762867,12.343960,0.000000,0.023576,non_zero_exit,0.964296,0,126,0,72.873964
2293,94168,0,762867,12.343960,0.000000,1.031662,,0.964325,0,126,0,72.885789
2294,94171,3,762867,12.344354,0.000393,0.027202,,0.963917,0,126,0,72.897603
2295,94171,0,762867,12.344354,0.000000,0.028722,,0.963510,0,126,0,72.909408
2296,94180,9,762867,12.345533,0.001180,1.549131,,0.963765,0,126,0,72.921202
2297,94181,1,762867,12.345664,0.000131,0.026039,,0.963357,0,126,0,72.932985
2298,94181,0,762867,12.345664,0.000000,0.029039,,0.962950,0,126,0,72.944759
2299,94181,0,762867,12.345664,0.000000,0.029727,,0.962545,0,126,0,72.956522
2300,94181,0,762867,12.345664,0.000000,0.131083,,0.962183,0,126,0,72.968275
2301,94181,0,762867,12.345664,0.000000,0.022284,non_zero_exit,0.961775,0,126,0,72.936577
2302,94181,0,762867,12.345664,0.000000,5.003899,timeout,0.963530,0,127,0,72.904907
2303,94181,0,762867,12.345664,0.000000,0.022763,non_zero_exit,0.963122,0,127,0,72.873264
2304,94181,0,762867,12.345664,0.000000,3.032550,,0.964020,0,127,0,72.885033
2305,94181,0,762867,12.345664,0.000000,0.028099,non_zero_exit,0.963614,0,127,0,72.853426
2306,94182,1,762867,12.345796,0.000131,1.536860,,0.963862,0,127,0,72.865193
2307,94182,0,762867,12.345796,0.000000,1.033132,,0.963892,0,127,0,72.876950
2308,94182,0,762867,12.345796,0.000000,5.003690,timeout,0.965642,0,128,0,72.845388
2309,94182,0,762867,12.345796,0.000000,0.021412,non_zero_exit,0.965233,0,128,0,72.813853
2310,94182,0,762867,12.345796,0.000000,1.033998,,0.965263,0,128,0,72.825617
2311,94182,0,762867,12.345796,0.000000,0.030010,,0.964858,0,128,0,72.837370
2312,94182,0,762867,12.345796,0.000000,0.022332,non_zero_exit,0.964451,0,128,0,72.805880
2313,94183,1,762867,12.345927,0.000131,4.036314,,0.965778,0,128,0,72.817632
2314,94183,0,762867,12.345927,0.000000,1.828826,,0.966151,0,128,0,72.829374
2315,94183,0,762867,12.345927,0.000000,4.032328,non_zero_exit,0.967475,0,128,0,72.797927
2316,94183,0,762867,12.345927,0.000000,0.022996,non_zero_exit,0.967067,0,128,0,72.766508
2317,94183,0,762867,12.345927,0.000000,1.033717,,0.967096,0,128,0,72.778257
2318,94183,0,762867,12.345927,0.000000,1.029479,,0.967123,0,128,0,72.789996
2319,94183,0,762867,12.345927,0.000000,0.022230,non_zero_exit,0.966716,0,128,0,72.758621
2320,94183,0,762867,12.345927,0.000000,5.003695,timeout,0.968455,0,129,0,72.727273
2321,94183,0,762867,12.345927,0.000000,3.031971,,0.969344,0,129,0,72.739018
2322,94183,0,762867,12.345927,0.000000,0.041359,,0.968944,0,129,0,72.750753
2323,94183,0,762867,12.345927,0.000000,0.031422,,0.968541,0,129,0,72.762478
2324,94183,0,762867,12.345927,0.000000,5.003489,timeout,0.970276,0,130,0,72.731183
2325,94183,0,762867,12.345927,0.000000,0.038556,,0.969876,0,130,0,72.742906
2326,94183,0,762867,12.345927,0.000000,0.028754,,0.969471,0,130,0,72.754620
2327,94183,0,762867,12.345927,0.000000,5.004022,timeout,0.971204,0,131,0,72.723368
2328,94183,0,762867,12.345927,0.000000,0.030655,,0.970801,0,131,0,72.735079
2329,94183,0,762867,12.345927,0.000000,0.022134,,0.970393,0,131,0,72.746781
2330,94183,0,762867,12.345927,0.000000,5.004771,timeout,0.972124,0,132,0,72.715573
2331,94183,0,762867,12.345927,0.000000,0.028139,,0.971719,0,132,0,72.727273
2332,94183,0,762867,12.345927,0.000000,0.026468,non_zero_exit,0.971314,0,132,0,72.696099
2333,94183,0,762867,12.345927,0.000000,1.036663,,0.971342,0,132,0,72.707798
2334,94183,0,762867,12.345927,0.000000,0.530585,,0.971153,0,132,0,72.719486
2335,94183,0,762867,12.345927,0.000000,5.004223,timeout,0.972880,0,133,0,72.688356
2336,94183,0,762867,12.345927,0.000000,0.028792,,0.972476,0,133,0,72.700043
2337,94183,0,762867,12.345927,0.000000,1.942212,,0.972891,0,133,0,72.711719
2338,94183,0,762867,12.345927,0.000000,1.032790,,0.972916,0,133,0,72.723386
2339,94183,0,762867,12.345927,0.000000,0.022989,non_zero_exit,0.972510,0,133,0,72.692308
2340,94183,0,762867,12.345927,0.000000,0.029184,,0.972107,0,133,0,72.703973
2341,94183,0,762867,12.345927,0.000000,0.030339,,0.971705,0,133,0,72.715628
2342,94183,0,762867,12.345927,0.000000,1.525272,,0.971942,0,133,0,72.727273
2343,94183,0,762867,12.345927,0.000000,0.537526,,0.971756,0,133,0,72.738908
2344,94183,0,762867,12.345927,0.000000,2.033757,,0.972209,0,133,0,72.750533
2345,94183,0,762867,12.345927,0.000000,0.020456,non_zero_exit,0.971803,0,133,0,72.719523
2346,94183,0,762867,12.345927,0.000000,0.031388,,0.971403,0,133,0,72.731146
2347,96160,1977,762867,12.605081,0.259154,5.014566,timeout,0.973125,0,134,0,72.700170
2348,96160,0,762867,12.605081,0.000000,0.030737,,0.972723,0,134,0,72.711792
2349,96160,0,762867,12.605081,0.000000,0.025126,non_zero_exit,0.972320,0,134,0,72.680851
2350,96160,0,762867,12.605081,0.000000,5.008102,timeout,0.974037,0,135,0,72.649936
2351,96160,0,762867,12.605081,0.000000,2.033134,,0.974487,0,135,0,72.661565
2352,96160,0,762867,12.605081,0.000000,1.028502,,0.974510,0,135,0,72.673183
2353,96160,0,762867,12.605081,0.000000,0.024685,,0.974107,0,135,0,72.684792
2354,96160,0,762867,12.605081,0.000000,0.033571,,0.973707,0,135,0,72.696391
2355,96160,0,762867,12.605081,0.000000,1.024964,,0.973729,0,135,0,72.707980
2356,96160,0,762867,12.605081,0.000000,3.032560,,0.974602,0,135,0,72.719559
2357,96160,0,762867,12.605081,0.000000,2.030443,,0.975050,0,135,0,72.731128
2358,96160,0,762867,12.605081,0.000000,5.004684,timeout,0.976758,0,136,0,72.700297
2359,96160,0,762867,12.605081,0.000000,0.020929,non_zero_exit,0.976353,0,136,0,72.669492
2360,96160,0,762867,12.605081,0.000000,0.033343,,0.975954,0,136,0,72.681067
2361,96160,0,762867,12.605081,0.000000,0.028822,,0.975553,0,136,0,72.692633
2362,96160,0,762867,12.605081,0.000000,0.029090,,0.975153,0,136,0,72.704190
2363,96160,0,762867,12.605081,0.000000,4.037388,,0.976448,0,136,0,72.715736
2364,96160,0,762867,12.605081,0.000000,0.128239,,0.976089,0,136,0,72.727273
2365,96160,0,762867,12.605081,0.000000,1.135946,,0.976157,0,136,0,72.738800
2366,96161,1,762867,12.605212,0.000131,0.025080,non_zero_exit,0.975755,0,136,0,72.708069
2367,96161,0,762867,12.605212,0.000000,0.023084,non_zero_exit,0.975353,0,136,0,72.677365
2368,96161,0,762867,12.605212,0.000000,0.536144,,0.975167,0,136,0,72.688898
2369,96164,3,762867,12.605605,0.000393,1.028186,non_zero_exit,0.975190,0,136,0,72.658228
2370,96164,0,762867,12.605605,0.000000,0.030309,,0.974791,0,136,0,72.669760
2371,96164,0,762867,12.605605,0.000000,0.021553,non_zero_exit,0.974389,0,136,0,72.639123
2372,96172,8,762867,12.606654,0.001049,0.027308,non_zero_exit,0.973990,0,136,0,72.608512
2373,96173,1,762867,12.606785,0.000131,0.021984,non_zero_exit,0.973589,0,136,0,72.577928
2374,96173,0,762867,12.606785,0.000000,2.037765,,0.974037,0,136,0,72.589474
2375,96173,0,762867,12.606785,0.000000,1.030070,,0.974061,0,136,0,72.601010
2376,96173,0,762867,12.606785,0.000000,1.028192,,0.974084,0,136,0,72.612537
2377,96173,0,762867,12.606785,0.000000,0.031353,,0.973687,0,136,0,72.624054
2378,96173,0,762867,12.606785,0.000000,1.031089,,0.973711,0,136,0,72.635561
2379,96173,0,762867,12.606785,0.000000,0.031170,,0.973315,0,136,0,72.647059
2380,96173,0,762867,12.606785,0.000000,2.029516,,0.973759,0,136,0,72.658547
2381,96173,0,762867,12.606785,0.000000,1.031644,,0.973783,0,136,0,72.670025
2382,96173,0,762867,12.606785,0.000000,1.028780,,0.973806,0,136,0,72.681494
2383,96173,0,762867,12.606785,0.000000,0.031528,,0.973411,0,136,0,72.692953
2384,96176,3,762867,12.607178,0.000393,0.028129,,0.973015,0,136,0,72.704403
2385,96176,0,762867,12.607178,0.000000,1.032759,,0.973040,0,136,0,72.715842
2386,96176,0,762867,12.607178,0.000000,0.024704,non_zero_exit,0.972642,0,136,0,72.685379
2387,96176,0,762867,12.607178,0.000000,0.021441,non_zero_exit,0.972244,0,136,0,72.654941
2388,96192,16,762867,12.609275,0.002097,1.030768,,0.972269,0,136,0,72.666388
2389,96192,0,762867,12.609275,0.000000,0.022290,non_zero_exit,0.971871,0,136,0,72.635983
2390,96192,0,762867,12.609275,0.000000,1.033550,,0.971897,0,136,0,72.647428
2391,96192,0,762867,12.609275,0.000000,0.027512,,0.971502,0,136,0,72.658863
2392,96192,0,762867,12.609275,0.000000,0.029973,,0.971109,0,136,0,72.670288
2393,96192,0,762867,12.609275,0.000000,5.007295,timeout,0.972795,0,137,0,72.639933
2394,96192,0,762867,12.609275,0.000000,1.033348,,0.972820,0,137,0,72.651357
2395,96193,1,762867,12.609406,0.000131,0.026500,,0.972425,0,137,0,72.662771
2396,96193,0,762867,12.609406,0.000000,1.031767,,0.972450,0,137,0,72.674176
2397,96193,0,762867,12.609406,0.000000,2.025370,,0.972889,0,137,0,72.685571
2398,96194,1,762867,12.609537,0.000131,0.029436,,0.972495,0,137,0,72.696957
2399,96194,0,762867,12.609537,0.000000,5.003450,timeout,0.974175,0,138,0,72.666667
2400,96194,0,762867,12.609537,0.000000,0.029950,,0.973782,0,138,0,72.678051
2401,96194,0,762867,12.609537,0.000000,3.032422,,0.974639,0,138,0,72.689425
2402,96194,0,762867,12.609537,0.000000,0.028613,,0.974245,0,138,0,72.700791
2403,96194,0,762867,12.609537,0.000000,1.030128,,0.974268,0,138,0,72.712146
2404,96194,0,762867,12.609537,0.000000,1.531906,,0.974500,0,138,0,72.723493
2405,96194,0,762867,12.609537,0.000000,2.030244,,0.974939,0,138,0,72.734830
2406,96194,0,762867,12.609537,0.000000,1.029749,,0.974962,0,138,0,72.746157
2407,96194,0,762867,12.609537,0.000000,0.534145,,0.974779,0,138,0,72.757475
2408,96194,0,762867,12.609537,0.000000,0.031269,,0.974387,0,138,0,72.768784
2409,96194,0,762867,12.609537,0.000000,5.004422,timeout,0.976059,0,139,0,72.738589
2410,96195,1,762867,12.609669,0.000131,1.034524,,0.976084,0,139,0,72.749896
2411,96195,0,762867,12.609669,0.000000,0.030478,,0.975691,0,139,0,72.761194
2412,96200,5,762867,12.610324,0.000655,0.021633,non_zero_exit,0.975296,0,139,0,72.731040
2413,96294,94,762867,12.622646,0.012322,1.034151,,0.975320,0,139,0,72.742336
2414,96294,0,762867,12.622646,0.000000,0.022918,non_zero_exit,0.974926,0,139,0,72.712215
2415,96298,4,762867,12.623170,0.000524,0.033444,non_zero_exit,0.974536,0,139,0,72.682119
2416,96298,0,762867,12.623170,0.000000,2.031072,,0.974974,0,139,0,72.693422
2417,96298,0,762867,12.623170,0.000000,0.039001,,0.974586,0,139,0,72.704715
2418,96300,2,762867,12.623432,0.000262,1.035611,,0.974612,0,139,0,72.715998
2419,96300,0,762867,12.623432,0.000000,1.028750,,0.974634,0,139,0,72.727273
2420,96300,0,762867,12.623432,0.000000,0.022233,non_zero_exit,0.974241,0,139,0,72.697233
2421,96300,0,762867,12.623432,0.000000,0.028049,,0.973850,0,139,0,72.708505
2422,96300,0,762867,12.623432,0.000000,2.395218,,0.974437,0,139,0,72.719769
2423,96300,0,762867,12.623432,0.000000,0.020629,non_zero_exit,0.974043,0,139,0,72.689769
2424,96300,0,762867,12.623432,0.000000,1.030487,,0.974066,0,139,0,72.701031
2425,96300,0,762867,12.623432,0.000000,1.033064,,0.974091,0,139,0,72.712284
2426,96300,0,762867,12.623432,0.000000,1.033246,,0.974115,0,139,0,72.723527
2427,96300,0,762867,12.623432,0.000000,1.031899,,0.974139,0,139,0,72.734761
2428,96300,0,762867,12.623432,0.000000,1.186620,,0.974226,0,139,0,72.745986
2429,96300,0,762867,12.623432,0.000000,3.030590,,0.975073,0,139,0,72.757202
2430,96300,0,762867,12.623432,0.000000,2.042594,,0.975512,0,139,0,72.768408
2431,96300,0,762867,12.623432,0.000000,0.022395,non_zero_exit,0.975120,0,139,0,72.738487
2432,96300,0,762867,12.623432,0.000000,0.034059,,0.974733,0,139,0,72.749692
2433,96300,0,762867,12.623432,0.000000,1.031721,,0.974756,0,139,0,72.760887
2434,96300,0,762867,12.623432,0.000000,0.034879,non_zero_exit,0.974370,0,139,0,72.731006
2435,96300,0,762867,12.623432,0.000000,2.100138,,0.974833,0,139,0,72.742200
2436,96302,2,762867,12.623695,0.000262,0.027492,,0.974444,0,139,0,72.753385
2437,96318,16,762867,12.625792,0.002097,0.029614,,0.974056,0,139,0,72.764561
2438,96318,0,762867,12.625792,0.000000,1.028510,,0.974079,0,139,0,72.775728
2439,96318,0,762867,12.625792,0.000000,1.029059,,0.974101,0,139,0,72.786885
2440,96318,0,762867,12.625792,0.000000,0.021474,non_zero_exit,0.973711,0,139,0,72.757067
2441,96318,0,762867,12.625792,0.000000,0.027055,,0.973323,0,139,0,72.768223
2442,96318,0,762867,12.625792,0.000000,1.028986,,0.973346,0,139,0,72.779370
2443,96318,0,762867,12.625792,0.000000,0.021711,non_zero_exit,0.972957,0,139,0,72.749591
2444,96318,0,762867,12.625792,0.000000,4.040826,non_zero_exit,0.974211,0,139,0,72.719836
2445,96318,0,762867,12.625792,0.000000,0.039457,,0.973829,0,139,0,72.730989
2446,96318,0,762867,12.625792,0.000000,2.429352,,0.974424,0,139,0,72.742133
2447,96318,0,762867,12.625792,0.000000,1.038669,,0.974450,0,139,0,72.753268
2448,96318,0,762867,12.625792,0.000000,5.004583,timeout,0.976096,0,140,0,72.723561
2449,96319,1,762867,12.625923,0.000131,3.033385,,0.976936,0,140,0,72.734694
2450,96319,0,762867,12.625923,0.000000,5.003385,timeout,0.978578,0,141,0,72.705018
2451,96320,1,762867,12.626054,0.000131,1.039447,,0.978603,0,141,0,72.716150
2452,96330,10,762867,12.627365,0.001311,1.030181,,0.978624,0,141,0,72.727273
2453,96330,0,762867,12.627365,0.000000,0.020824,non_zero_exit,0.978234,0,141,0,72.697637
2454,96330,0,762867,12.627365,0.000000,0.022511,non_zero_exit,0.977845,0,141,0,72.668024
2455,96330,0,762867,12.627365,0.000000,2.028565,,0.978273,0,141,0,72.679153
2456,96330,0,762867,12.627365,0.000000,3.033330,,0.979109,0,141,0,72.690273
2457,96330,0,762867,12.627365,0.000000,1.550449,,0.979341,0,141,0,72.701383
2458,96331,1,762867,12.627496,0.000131,1.034284,,0.979364,0,141,0,72.712485
2459,96331,0,762867,12.627496,0.000000,0.029927,,0.978978,0,141,0,72.723577
2460,96331,0,762867,12.627496,0.000000,0.035089,,0.978594,0,141,0,72.734661
2461,96331,0,762867,12.627496,0.000000,0.025941,,0.978207,0,141,0,72.745735
2462,96331,0,762867,12.627496,0.000000,0.024193,non_zero_exit,0.977820,0,141,0,72.716200
2463,96331,0,762867,12.627496,0.000000,0.021874,non_zero_exit,0.977432,0,141,0,72.686688
2464,96332,1,762867,12.627627,0.000131,0.023659,non_zero_exit,0.977045,0,141,0,72.657201
2465,96332,0,762867,12.627627,0.000000,0.027901,non_zero_exit,0.976660,0,141,0,72.627737
2466,96332,0,762867,12.627627,0.000000,0.025790,,0.976275,0,141,0,72.638833
2467,96332,0,762867,12.627627,0.000000,2.539803,,0.976908,0,141,0,72.649919
2468,96332,0,762867,12.627627,0.000000,1.036831,,0.976933,0,141,0,72.660996
2469,96332,0,762867,12.627627,0.000000,0.034730,,0.976551,0,141,0,72.672065
2470,96332,0,762867,12.627627,0.000000,5.006894,timeout,0.978182,0,142,0,72.642655
2471,96332,0,762867,12.627627,0.000000,0.022366,non_zero_exit,0.977795,0,142,0,72.613269
2472,96332,0,762867,12.627627,0.000000,0.039944,,0.977416,0,142,0,72.624343
2473,96332,0,762867,12.627627,0.000000,1.030206,,0.977438,0,142,0,72.635408
2474,96332,0,762867,12.627627,0.000000,1.034229,,0.977461,0,142,0,72.646465
2475,96332,0,762867,12.627627,0.000000,4.040710,,0.978698,0,142,0,72.657512
2476,96332,0,762867,12.627627,0.000000,1.033469,,0.978720,0,142,0,72.668551
2477,96332,0,762867,12.627627,0.000000,0.036678,,0.978340,0,142,0,72.679580
2478,96355,23,762867,12.630642,0.003015,5.004643,timeout,0.979964,0,143,0,72.650262
2479,96366,11,762867,12.632084,0.001442,0.028806,,0.979580,0,143,0,72.661290
2480,96366,0,762867,12.632084,0.000000,0.025040,,0.979196,0,143,0,72.672310
2481,96366,0,762867,12.632084,0.000000,0.029831,,0.978813,0,143,0,72.683320
2482,96366,0,762867,12.632084,0.000000,0.021082,non_zero_exit,0.978427,0,143,0,72.654048
2483,96366,0,762867,12.632084,0.000000,0.031286,,0.978046,0,143,0,72.665056
2484,96366,0,762867,12.632084,0.000000,1.890455,,0.978413,0,143,0,72.676056
2485,96368,2,762867,12.632346,0.000262,0.023548,non_zero_exit,0.978029,0,143,0,72.646822
2486,96368,0,762867,12.632346,0.000000,0.029259,,0.977648,0,143,0,72.657821
2487,96374,6,762867,12.633133,0.000787,0.535799,,0.977470,0,143,0,72.668810
2488,96374,0,762867,12.633133,0.000000,0.339591,,0.977214,0,143,0,72.679791
2489,96374,0,762867,12.633133,0.000000,0.031071,,0.976834,0,143,0,72.690763
2490,96389,15,762867,12.635099,0.001966,4.031700,,0.978060,0,143,0,72.701726
2491,96389,0,762867,12.635099,0.000000,1.037112,,0.978084,0,143,0,72.712681
2492,96389,0,762867,12.635099,0.000000,1.137875,,0.978148,0,143,0,72.723626
2493,96389,0,762867,12.635099,0.000000,0.020942,non_zero_exit,0.977764,0,143,0,72.694467
2494,96455,66,762867,12.643750,0.008652,5.017637,timeout,0.979383,0,144,0,72.665331
2495,96455,0,762867,12.643750,0.000000,0.539772,,0.979207,0,144,0,72.676282
2496,96455,0,762867,12.643750,0.000000,0.027646,,0.978826,0,144,0,72.687225
2497,96455,0,762867,12.643750,0.000000,0.034629,,0.978448,0,144,0,72.698159
2498,96455,0,762867,12.643750,0.000000,0.022798,non_zero_exit,0.978066,0,144,0,72.669068
2499,96455,0,762867,12.643750,0.000000,0.021450,non_zero_exit,0.977683,0,144,0,72.640000
2500,96455,0,762867,12.643750,0.000000,1.030617,,0.977704,0,144,0,72.650940
2501,96455,0,762867,12.643750,0.000000,0.030838,,0.977326,0,144,0,72.661871
2502,96455,0,762867,12.643750,0.000000,5.003968,timeout,0.978934,0,145,0,72.632841
2503,96455,0,762867,12.643750,0.000000,0.029725,non_zero_exit,0.978555,0,145,0,72.603834
2504,96455,0,762867,12.643750,0.000000,0.030176,,0.978177,0,145,0,72.614770
2505,96455,0,762867,12.643750,0.000000,0.038312,,0.977802,0,145,0,72.625698
2506,96455,0,762867,12.643750,0.000000,0.034433,,0.977425,0,145,0,72.636617
2507,96455,0,762867,12.643750,0.000000,0.029194,,0.977047,0,145,0,72.647528
2508,96455,0,762867,12.643750,0.000000,1.032475,,0.977069,0,145,0,72.658430
2509,96455,0,762867,12.643750,0.000000,0.031636,,0.976693,0,145,0,72.669323
2510,96455,0,762867,12.643750,0.000000,0.024565,non_zero_exit,0.976314,0,145,0,72.640382
2511,96456,1,762867,12.643882,0.000131,3.037941,non_zero_exit,0.977134,0,145,0,72.611465
2512,96456,0,762867,12.643882,0.000000,3.037573,,0.977954,0,145,0,72.622364
2513,96456,0,762867,12.643882,0.000000,0.031732,,0.977578,0,145,0,72.633254
2514,96461,5,762867,12.644537,0.000655,2.541487,,0.978200,0,145,0,72.644135
2515,96461,0,762867,12.644537,0.000000,2.109922,,0.978650,0,145,0,72.655008
2516,96461,0,762867,12.644537,0.000000,0.031436,,0.978273,0,145,0,72.665872
2517,96461,0,762867,12.644537,0.000000,0.021687,non_zero_exit,0.977893,0,145,0,72.637014
2518,96461,0,762867,12.644537,0.000000,0.030231,,0.977517,0,145,0,72.647876
2519,96462,1,762867,12.644668,0.000131,0.020781,non_zero_exit,0.977137,0,145,0,72.619048
2520,96462,0,762867,12.644668,0.000000,0.020652,non_zero_exit,0.976758,0,145,0,72.590242
2521,96466,4,762867,12.645192,0.000524,0.022348,non_zero_exit,0.976380,0,145,0,72.561459
2522,96466,0,762867,12.645192,0.000000,0.435508,,0.976165,0,145,0,72.572335
2523,96466,0,762867,12.645192,0.000000,0.134104,,0.975832,0,145,0,72.583201
2524,96466,0,762867,12.645192,0.000000,4.037645,,0.977044,0,145,0,72.594059
2525,96466,0,762867,12.645192,0.000000,3.031812,,0.977858,0,145,0,72.604909
2526,96466,0,762867,12.645192,0.000000,2.536356,,0.978474,0,145,0,72.615750
2527,96466,0,762867,12.645192,0.000000,0.032347,,0.978100,0,145,0,72.626582
2528,96466,0,762867,12.645192,0.000000,0.035954,,0.977728,0,145,0,72.637406
2529,96466,0,762867,12.645192,0.000000,0.031612,,0.977354,0,145,0,72.648221
2530,96466,0,762867,12.645192,0.000000,0.029351,,0.976979,0,145,0,72.659028
2531,96466,0,762867,12.645192,0.000000,0.021539,non_zero_exit,0.976602,0,145,0,72.630332
2532,96487,21,762867,12.647945,0.002753,0.044053,,0.976234,0,145,0,72.641137
2533,96487,0,762867,12.647945,0.000000,0.028577,,0.975860,0,145,0,72.651934
2534,96487,0,762867,12.647945,0.000000,1.030450,,0.975881,0,145,0,72.662722
2535,96487,0,762867,12.647945,0.000000,5.003789,timeout,0.977469,0,146,0,72.634069
2536,96487,0,762867,12.647945,0.000000,1.032957,,0.977491,0,146,0,72.644856
2537,96487,0,762867,12.647945,0.000000,0.915781,,0.977467,0,146,0,72.655634
2538,96492,5,762867,12.648601,0.000655,1.043275,,0.977493,0,146,0,72.666404
2539,96492,0,762867,12.648601,0.000000,0.026496,,0.977118,0,146,0,72.677165
2540,96492,0,762867,12.648601,0.000000,0.024061,non_zero_exit,0.976743,0,146,0,72.648564
2541,96492,0,762867,12.648601,0.000000,0.497475,,0.976555,0,146,0,72.659323
2542,96492,0,762867,12.648601,0.000000,1.030488,,0.976576,0,146,0,72.670075
2543,96492,0,762867,12.648601,0.000000,0.026770,,0.976203,0,146,0,72.680818
2544,96492,0,762867,12.648601,0.000000,1.025633,,0.976222,0,146,0,72.691552
2545,96493,1,762867,12.648732,0.000131,0.025373,,0.975849,0,146,0,72.702278
2546,96493,0,762867,12.648732,0.000000,1.029919,,0.975870,0,146,0,72.712996
2547,96493,0,762867,12.648732,0.000000,0.018757,non_zero_exit,0.975494,0,146,0,72.684458
2548,96493,0,762867,12.648732,0.000000,5.003842,timeout,0.977075,0,147,0,72.655944
2549,96493,0,762867,12.648732,0.000000,3.032856,,0.977881,0,147,0,72.666667
2550,96509,16,762867,12.650829,0.002097,0.024324,,0.977507,0,147,0,72.677381
2551,96509,0,762867,12.650829,0.000000,0.026503,non_zero_exit,0.977134,0,147,0,72.648903
2552,96513,4,762867,12.651353,0.000524,0.027097,non_zero_exit,0.976762,0,147,0,72.620447
2553,96513,0,762867,12.651353,0.000000,0.024344,non_zero_exit,0.976389,0,147,0,72.592013
2554,96513,0,762867,12.651353,0.000000,1.030124,,0.976410,0,147,0,72.602740
2555,96513,0,762867,12.651353,0.000000,4.538777,,0.977804,0,147,0,72.613459
2556,96513,0,762867,12.651353,0.000000,0.028136,,0.977433,0,147,0,72.624169
2557,96514,1,762867,12.651484,0.000131,0.024556,non_zero_exit,0.977060,0,147,0,72.595778
2558,96514,0,762867,12.651484,0.000000,3.040216,,0.977866,0,147,0,72.606487
2559,96514,0,762867,12.651484,0.000000,0.025591,non_zero_exit,0.977494,0,147,0,72.578125
2560,96514,0,762867,12.651484,0.000000,0.029610,,0.977124,0,147,0,72.588832
2561,96514,0,762867,12.651484,0.000000,0.029114,,0.976754,0,147,0,72.599532
2562,96514,0,762867,12.651484,0.000000,1.023318,,0.976772,0,147,0,72.610222
2563,96514,0,762867,12.651484,0.000000,1.026809,,0.976792,0,147,0,72.620905
2564,96514,0,762867,12.651484,0.000000,1.030383,,0.976813,0,147,0,72.631579
2565,96587,73,762867,12.661054,0.009569,0.134950,,0.976485,0,147,0,72.642245
2566,96587,0,762867,12.661054,0.000000,0.021703,non_zero_exit,0.976113,0,147,0,72.613946
2567,96587,0,762867,12.661054,0.000000,0.024194,non_zero_exit,0.975742,0,147,0,72.585670
2568,96587,0,762867,12.661054,0.000000,0.030374,,0.975374,0,147,0,72.596341
2569,96587,0,762867,12.661054,0.000000,0.025920,,0.975005,0,147,0,72.607004
2570,96587,0,762867,12.661054,0.000000,5.008069,timeout,0.976573,0,148,0,72.578763
2571,96587,0,762867,12.661054,0.000000,0.024415,non_zero_exit,0.976203,0,148,0,72.550544
2572,96598,11,762867,12.662496,0.001442,5.018347,timeout,0.977774,0,149,0,72.522347
2573,96598,0,762867,12.662496,0.000000,0.023605,non_zero_exit,0.977403,0,149,0,72.494172
2574,96599,1,762867,12.662627,0.000131,5.004350,timeout,0.978967,0,150,0,72.466019
2575,96599,0,762867,12.662627,0.000000,3.029698,,0.979763,0,150,0,72.476708
2576,96599,0,762867,12.662627,0.000000,0.026787,,0.979394,0,150,0,72.487388
2577,96599,0,762867,12.662627,0.000000,0.029055,,0.979025,0,150,0,72.498061
2578,96599,0,762867,12.662627,0.000000,0.036319,,0.978659,0,150,0,72.508724
2579,96599,0,762867,12.662627,0.000000,5.004026,timeout,0.980220,0,151,0,72.480620
2580,96599,0,762867,12.662627,0.000000,0.024158,non_zero_exit,0.979849,0,151,0,72.452538
2581,96599,0,762867,12.662627,0.000000,0.024381,non_zero_exit,0.979479,0,151,0,72.424477
2582,96599,0,762867,12.662627,0.000000,0.026450,non_zero_exit,0.979110,0,151,0,72.396438
2583,96599,0,762867,12.662627,0.000000,0.028731,,0.978742,0,151,0,72.407121
2584,96599,0,762867,12.662627,0.000000,1.027742,,0.978761,0,151,0,72.417795
2585,96602,3,762867,12.663020,0.000393,5.025062,timeout,0.980326,0,152,0,72.389791
2586,96602,0,762867,12.663020,0.000000,1.034067,,0.980347,0,152,0,72.400464
2587,96602,0,762867,12.663020,0.000000,0.026755,,0.979978,0,152,0,72.411128
2588,96606,4,762867,12.663544,0.000524,0.029375,,0.979611,0,152,0,72.421784
2589,96606,0,762867,12.663544,0.000000,0.048433,,0.979252,0,152,0,72.432432
2590,96613,7,762867,12.664462,0.000918,0.029967,,0.978885,0,152,0,72.443072
2591,96613,0,762867,12.664462,0.000000,5.006172,timeout,0.980439,0,153,0,72.415123
2592,96613,0,762867,12.664462,0.000000,0.026321,,0.980071,0,153,0,72.425762
2593,96613,0,762867,12.664462,0.000000,0.026083,,0.979703,0,153,0,72.436392
2594,96613,0,762867,12.664462,0.000000,0.032438,,0.979338,0,153,0,72.447013
2595,96613,0,762867,12.664462,0.000000,0.021842,non_zero_exit,0.978969,0,153,0,72.419106
2596,96613,0,762867,12.664462,0.000000,1.030930,,0.978989,0,153,0,72.429727
2597,96633,20,762867,12.667084,0.002622,0.030824,,0.978625,0,153,0,72.440339
2598,96633,0,762867,12.667084,0.000000,0.033911,,0.978261,0,153,0,72.450943
2599,96638,5,762867,12.667739,0.000655,1.032537,,0.978282,0,153,0,72.461538
2600,96638,0,762867,12.667739,0.000000,1.033531,,0.978303,0,153,0,72.472126
2601,96638,0,762867,12.667739,0.000000,1.031166,,0.978323,0,153,0,72.482706
2602,96638,0,762867,12.667739,0.000000,0.030294,,0.977959,0,153,0,72.493277
2603,96638,0,762867,12.667739,0.000000,1.037987,non_zero_exit,0.977982,0,153,0,72.465438
2604,96638,0,762867,12.667739,0.000000,5.004094,timeout,0.979528,0,154,0,72.437620
2605,96638,0,762867,12.667739,0.000000,0.029645,,0.979163,0,154,0,72.448196
2606,96638,0,762867,12.667739,0.000000,5.004615,timeout,0.980707,0,155,0,72.420407
2607,96638,0,762867,12.667739,0.000000,0.033448,,0.980344,0,155,0,72.430982
2608,96639,1,762867,12.667870,0.000131,0.030442,non_zero_exit,0.979980,0,155,0,72.403220
2609,96639,0,762867,12.667870,0.000000,0.033098,,0.979617,0,155,0,72.413793
2610,96639,0,762867,12.667870,0.000000,0.021175,non_zero_exit,0.979250,0,155,0,72.386059
2611,96639,0,762867,12.667870,0.000000,2.103637,,0.979681,0,155,0,72.396631
2612,96639,0,762867,12.667870,0.000000,0.029429,,0.979317,0,155,0,72.407195
2613,96639,0,762867,12.667870,0.000000,0.026114,non_zero_exit,0.978952,0,155,0,72.379495
2614,96639,0,762867,12.667870,0.000000,0.025149,non_zero_exit,0.978588,0,155,0,72.351816
2615,96639,0,762867,12.667870,0.000000,0.532795,,0.978417,0,155,0,72.362385
2616,96639,0,762867,12.667870,0.000000,0.129653,,0.978093,0,155,0,72.372946
2617,96639,0,762867,12.667870,0.000000,1.034205,,0.978114,0,155,0,72.383499
2618,96639,0,762867,12.667870,0.000000,2.921143,,0.978856,0,155,0,72.394044
2619,96639,0,762867,12.667870,0.000000,3.002169,,0.979629,0,155,0,72.404580
2620,96639,0,762867,12.667870,0.000000,0.970707,,0.979625,0,155,0,72.415109
2621,96639,0,762867,12.667870,0.000000,0.020977,non_zero_exit,0.979260,0,155,0,72.387490
2622,96647,8,762867,12.668919,0.001049,0.029751,,0.978898,0,155,0,72.398018
2623,96647,0,762867,12.668919,0.000000,0.029613,,0.978536,0,155,0,72.408537
2624,96648,1,762867,12.669050,0.000131,0.028612,,0.978174,0,155,0,72.419048
2625,96648,0,762867,12.669050,0.000000,0.024741,non_zero_exit,0.977811,0,155,0,72.391470
2626,96648,0,762867,12.669050,0.000000,3.029859,,0.978592,0,155,0,72.401979
2627,96648,0,762867,12.669050,0.000000,0.022719,non_zero_exit,0.978228,0,155,0,72.374429
2628,96648,0,762867,12.669050,0.000000,0.031890,,0.977868,0,155,0,72.384937
2629,96648,0,762867,12.669050,0.000000,0.333033,,0.977623,0,155,0,72.395437
2630,96649,1,762867,12.669181,0.000131,0.026948,non_zero_exit,0.977262,0,155,0,72.367921
2631,96649,0,762867,12.669181,0.000000,0.033482,,0.976903,0,155,0,72.378419
2632,96649,0,762867,12.669181,0.000000,1.028755,,0.976923,0,155,0,72.388910
2633,96649,0,762867,12.669181,0.000000,0.038838,non_zero_exit,0.976567,0,155,0,72.361427
2634,96649,0,762867,12.669181,0.000000,1.026418,,0.976586,0,155,0,72.371917
2635,96649,0,762867,12.669181,0.000000,0.021547,non_zero_exit,0.976223,0,155,0,72.344461
2636,96649,0,762867,12.669181,0.000000,0.023613,non_zero_exit,0.975862,0,155,0,72.317027
2637,96649,0,762867,12.669181,0.000000,0.021677,non_zero_exit,0.975500,0,155,0,72.289613
2638,96649,0,762867,12.669181,0.000000,2.036930,,0.975903,0,155,0,72.300114
2639,96649,0,762867,12.669181,0.000000,0.021863,non_zero_exit,0.975541,0,155,0,72.272727
2640,96649,0,762867,12.669181,0.000000,2.036969,,0.975943,0,155,0,72.283226
2641,96649,0,762867,12.669181,0.000000,3.031199,,0.976721,0,155,0,72.293717
2642,96649,0,762867,12.669181,0.000000,0.538696,,0.976555,0,155,0,72.304200
2643,96649,0,762867,12.669181,0.000000,4.031196,,0.977711,0,155,0,72.314675
2644,96649,0,762867,12.669181,0.000000,5.006010,timeout,0.979234,0,156,0,72.287335
2645,96649,0,762867,12.669181,0.000000,0.025263,,0.978873,0,156,0,72.297808
2646,96649,0,762867,12.669181,0.000000,1.026328,,0.978891,0,156,0,72.308274
2647,96649,0,762867,12.669181,0.000000,2.032449,,0.979289,0,156,0,72.318731
2648,96650,1,762867,12.669312,0.000131,1.645369,,0.979540,0,156,0,72.329181
2649,96650,0,762867,12.669312,0.000000,0.030318,,0.979182,0,156,0,72.339623
2650,96655,5,762867,12.669967,0.000655,1.028421,,0.979201,0,156,0,72.350057
2651,96655,0,762867,12.669967,0.000000,0.030780,,0.978843,0,156,0,72.360483
2652,96655,0,762867,12.669967,0.000000,0.034849,,0.978487,0,156,0,72.370901
2653,96655,0,762867,12.669967,0.000000,0.030706,,0.978130,0,156,0,72.381311
2654,96655,0,762867,12.669967,0.000000,0.037022,,0.977776,0,156,0,72.391714
2655,96655,0,762867,12.669967,0.000000,0.027835,,0.977418,0,156,0,72.402108
2656,96655,0,762867,12.669967,0.000000,0.024479,non_zero_exit,0.977059,0,156,0,72.374859
2657,96655,0,762867,12.669967,0.000000,0.026027,,0.976702,0,156,0,72.385252
2658,96655,0,762867,12.669967,0.000000,1.529536,,0.976909,0,156,0,72.395637
2659,96655,0,762867,12.669967,0.000000,1.028635,,0.976929,0,156,0,72.406015
2660,96655,0,762867,12.669967,0.000000,1.031451,,0.976949,0,156,0,72.416385
2661,96655,0,762867,12.669967,0.000000,0.030094,,0.976594,0,156,0,72.426747
2662,96655,0,762867,12.669967,0.000000,0.035412,,0.976240,0,156,0,72.437101
2663,96655,0,762867,12.669967,0.000000,4.540910,,0.977578,0,156,0,72.447447
2664,96655,0,762867,12.669967,0.000000,4.037633,,0.978727,0,156,0,72.457786
2665,96655,0,762867,12.669967,0.000000,0.034343,,0.978372,0,156,0,72.468117
2666,96655,0,762867,12.669967,0.000000,1.030643,,0.978392,0,156,0,72.478440
2667,96655,0,762867,12.669967,0.000000,0.033375,,0.978038,0,156,0,72.488756
2668,96655,0,762867,12.669967,0.000000,0.020708,non_zero_exit,0.977679,0,156,0,72.461596
2669,96655,0,762867,12.669967,0.000000,1.036044,,0.977701,0,156,0,72.471910
2670,96657,2,762867,12.670230,0.000262,1.030673,non_zero_exit,0.977721,0,156,0,72.444777
2671,96658,1,762867,12.670361,0.000131,0.735764,non_zero_exit,0.977630,0,156,0,72.417665
2672,96658,0,762867,12.670361,0.000000,0.030896,,0.977276,0,156,0,72.427984
2673,96658,0,762867,12.670361,0.000000,0.736915,,0.977186,0,156,0,72.438295
2674,96659,1,762867,12.670492,0.000131,0.035446,,0.976834,0,156,0,72.448598
2675,96659,0,762867,12.670492,0.000000,0.019721,non_zero_exit,0.976476,0,156,0,72.421525
2676,96683,24,762867,12.673638,0.003146,0.028719,,0.976122,0,156,0,72.431827
2677,96683,0,762867,12.673638,0.000000,5.003613,timeout,0.977626,0,157,0,72.404780
2678,96683,0,762867,12.673638,0.000000,1.033199,,0.977647,0,157,0,72.415080
2679,96683,0,762867,12.673638,0.000000,0.022844,non_zero_exit,0.977291,0,157,0,72.388060
2680,96683,0,762867,12.673638,0.000000,0.021234,non_zero_exit,0.976934,0,157,0,72.361059
2681,96683,0,762867,12.673638,0.000000,0.035393,,0.976583,0,157,0,72.371365
2682,96683,0,762867,12.673638,0.000000,1.039237,,0.976606,0,157,0,72.381662
2683,96683,0,762867,12.673638,0.000000,0.016044,,0.976249,0,157,0,72.391952
2684,96683,0,762867,12.673638,0.000000,0.019370,non_zero_exit,0.975892,0,157,0,72.364991
2685,96683,0,762867,12.673638,0.000000,0.022595,non_zero_exit,0.975537,0,157,0,72.338049
2686,96683,0,762867,12.673638,0.000000,0.034916,,0.975187,0,157,0,72.348344
2687,96683,0,762867,12.673638,0.000000,0.021123,non_zero_exit,0.974832,0,157,0,72.321429
2688,96683,0,762867,12.673638,0.000000,1.030298,,0.974853,0,157,0,72.331722
2689,96683,0,762867,12.673638,0.000000,3.024700,non_zero_exit,0.975615,0,157,0,72.304833
2690,96683,0,762867,12.673638,0.000000,5.004428,timeout,0.977112,0,158,0,72.277964
2691,96683,0,762867,12.673638,0.000000,0.020840,non_zero_exit,0.976757,0,158,0,72.251114
2692,96683,0,762867,12.673638,0.000000,2.034586,,0.977150,0,158,0,72.261418
2693,96683,0,762867,12.673638,0.000000,0.021190,non_zero_exit,0.976795,0,158,0,72.234595
2694,96683,0,762867,12.673638,0.000000,0.029179,,0.976443,0,158,0,72.244898
2695,96683,0,762867,12.673638,0.000000,0.030399,,0.976092,0,158,0,72.255193
2696,96683,0,762867,12.673638,0.000000,1.027863,,0.976111,0,158,0,72.265480
2697,96694,11,762867,12.675080,0.001442,2.530827,,0.976688,0,158,0,72.275760
2698,96694,0,762867,12.675080,0.000000,0.027975,,0.976336,0,158,0,72.286032
2699,96694,0,762867,12.675080,0.000000,0.483578,,0.976154,0,158,0,72.296296
2700,96700,6,762867,12.675866,0.000787,1.031303,,0.976174,0,158,0,72.306553
2701,96740,40,762867,12.681110,0.005243,0.030825,,0.975824,0,158,0,72.316802
2702,96740,0,762867,12.681110,0.000000,2.817291,,0.976506,0,158,0,72.327044
2703,96740,0,762867,12.681110,0.000000,0.021629,non_zero_exit,0.976152,0,158,0,72.300296
2704,96742,2,762867,12.681372,0.000262,0.027312,non_zero_exit,0.975802,0,158,0,72.273567
2705,96742,0,762867,12.681372,0.000000,0.030138,,0.975452,0,158,0,72.283814
2706,96742,0,762867,12.681372,0.000000,0.030693,,0.975103,0,158,0,72.294052
2707,96742,0,762867,12.681372,0.000000,0.027585,non_zero_exit,0.974753,0,158,0,72.267356
2708,96742,0,762867,12.681372,0.000000,0.076920,,0.974422,0,158,0,72.277593
2709,96742,0,762867,12.681372,0.000000,0.029711,,0.974073,0,158,0,72.287823
2710,96742,0,762867,12.681372,0.000000,0.023471,non_zero_exit,0.973723,0,158,0,72.261158
2711,96742,0,762867,12.681372,0.000000,4.032968,,0.974851,0,158,0,72.271386
2712,96742,0,762867,12.681372,0.000000,0.534925,,0.974688,0,158,0,72.281607
2713,96742,0,762867,12.681372,0.000000,0.028372,,0.974340,0,158,0,72.291820
2714,96742,0,762867,12.681372,0.000000,0.030607,,0.973992,0,158,0,72.302026
2715,96742,0,762867,12.681372,0.000000,3.528940,,0.974933,0,158,0,72.312224
2716,96742,0,762867,12.681372,0.000000,0.024610,,0.974583,0,158,0,72.322414
2717,96742,0,762867,12.681372,0.000000,0.021206,non_zero_exit,0.974232,0,158,0,72.295806
2718,96742,0,762867,12.681372,0.000000,0.024501,non_zero_exit,0.973883,0,158,0,72.269217
2719,96742,0,762867,12.681372,0.000000,0.536618,,0.973722,0,158,0,72.279412
2720,96742,0,762867,12.681372,0.000000,1.026255,,0.973742,0,158,0,72.289599
2721,96831,89,762867,12.693038,0.011667,1.036273,,0.973765,0,158,0,72.299780
2722,96831,0,762867,12.693038,0.000000,0.029497,,0.973418,0,158,0,72.309952
2723,96831,0,762867,12.693038,0.000000,0.538650,,0.973258,0,158,0,72.320117
2724,96831,0,762867,12.693038,0.000000,3.032073,,0.974014,0,158,0,72.330275
2725,96831,0,762867,12.693038,0.000000,2.026868,,0.974400,0,158,0,72.340426
2726,96831,0,762867,12.693038,0.000000,1.028710,,0.974420,0,158,0,72.350568
2727,96831,0,762867,12.693038,0.000000,0.024965,non_zero_exit,0.974072,0,158,0,72.324047
2728,96831,0,762867,12.693038,0.000000,0.020774,non_zero_exit,0.973722,0,158,0,72.297545
2729,96831,0,762867,12.693038,0.000000,0.023121,non_zero_exit,0.973374,0,158,0,72.271062
2730,96831,0,762867,12.693038,0.000000,5.005824,timeout,0.974851,0,159,0,72.244599
2731,96831,0,762867,12.693038,0.000000,1.029955,,0.974871,0,159,0,72.254758
2732,96831,0,762867,12.693038,0.000000,0.031369,,0.974526,0,159,0,72.264910
2733,96831,0,762867,12.693038,0.000000,1.028795,,0.974546,0,159,0,72.275055
2734,96831,0,762867,12.693038,0.000000,0.023811,non_zero_exit,0.974198,0,159,0,72.248629
2735,96831,0,762867,12.693038,0.000000,0.028374,non_zero_exit,0.973852,0,159,0,72.222222
2736,96831,0,762867,12.693038,0.000000,0.028109,,0.973507,0,159,0,72.232371
2737,96831,0,762867,12.693038,0.000000,5.005040,timeout,0.974979,0,160,0,72.205990
2738,96831,0,762867,12.693038,0.000000,0.035383,,0.974636,0,160,0,72.216137
2739,96831,0,762867,12.693038,0.000000,2.028533,,0.975021,0,160,0,72.226277
2740,96831,0,762867,12.693038,0.000000,0.021462,non_zero_exit,0.974673,0,160,0,72.199927
2741,96831,0,762867,12.693038,0.000000,1.032347,,0.974694,0,160,0,72.210066
2742,96831,0,762867,12.693038,0.000000,1.035521,,0.974716,0,160,0,72.220197
2743,96831,0,762867,12.693038,0.000000,0.027200,,0.974371,0,160,0,72.230321
2744,96833,2,762867,12.693300,0.000262,1.032054,,0.974392,0,160,0,72.240437
2745,96833,0,762867,12.693300,0.000000,1.029516,,0.974412,0,160,0,72.250546
2746,96833,0,762867,12.693300,0.000000,1.028366,,0.974432,0,160,0,72.260648
2747,96833,0,762867,12.693300,0.000000,1.028051,non_zero_exit,0.974451,0,160,0,72.234352
2748,96833,0,762867,12.693300,0.000000,0.029599,,0.974107,0,160,0,72.244453
2749,96833,0,762867,12.693300,0.000000,0.022805,non_zero_exit,0.973761,0,160,0,72.218182
2750,96833,0,762867,12.693300,0.000000,0.029460,,0.973418,0,160,0,72.228281
2751,96833,0,762867,12.693300,0.000000,5.005630,timeout,0.974883,0,161,0,72.202035
2752,96833,0,762867,12.693300,0.000000,0.026870,,0.974539,0,161,0,72.212132
2753,96833,0,762867,12.693300,0.000000,0.029185,,0.974196,0,161,0,72.222222
2754,96833,0,762867,12.693300,0.000000,0.021426,non_zero_exit,0.973850,0,161,0,72.196007
2755,96833,0,762867,12.693300,0.000000,1.032969,,0.973871,0,161,0,72.206096
2756,96833,0,762867,12.693300,0.000000,0.029790,,0.973529,0,161,0,72.216177
2757,96833,0,762867,12.693300,0.000000,0.030458,,0.973187,0,161,0,72.226251
2758,96833,0,762867,12.693300,0.000000,0.029145,,0.972845,0,161,0,72.236318
2759,96833,0,762867,12.693300,0.000000,1.034507,,0.972867,0,161,0,72.246377
2760,96833,0,762867,12.693300,0.000000,1.035019,,0.972890,0,161,0,72.256429
2761,96833,0,762867,12.693300,0.000000,3.035076,,0.973636,0,161,0,72.266474
2762,96833,0,762867,12.693300,0.000000,0.023770,non_zero_exit,0.973293,0,161,0,72.240318
2763,96833,0,762867,12.693300,0.000000,0.021739,non_zero_exit,0.972948,0,161,0,72.214182
2764,96833,0,762867,12.693300,0.000000,0.026270,non_zero_exit,0.972606,0,161,0,72.188065
2765,96833,0,762867,12.693300,0.000000,0.023493,,0.972263,0,161,0,72.198120
2766,96833,0,762867,12.693300,0.000000,0.031019,,0.971923,0,161,0,72.208168
2767,96833,0,762867,12.693300,0.000000,0.030375,,0.971582,0,161,0,72.218208
2768,96833,0,762867,12.693300,0.000000,0.020825,non_zero_exit,0.971239,0,161,0,72.192127
2769,96835,2,762867,12.693563,0.000262,0.028049,,0.970899,0,161,0,72.202166
2770,96835,0,762867,12.693563,0.000000,0.537861,,0.970742,0,161,0,72.212198
2771,96835,0,762867,12.693563,0.000000,1.026404,,0.970762,0,161,0,72.222222
2772,96836,1,762867,12.693694,0.000131,0.033386,,0.970424,0,161,0,72.232239
2773,96836,0,762867,12.693694,0.000000,5.004385,timeout,0.971879,0,162,0,72.206200
2774,96836,0,762867,12.693694,0.000000,0.023658,non_zero_exit,0.971537,0,162,0,72.180180
2775,96836,0,762867,12.693694,0.000000,0.032286,,0.971198,0,162,0,72.190202
2776,96836,0,762867,12.693694,0.000000,0.027242,non_zero_exit,0.970859,0,162,0,72.164206
2777,96836,0,762867,12.693694,0.000000,0.021749,non_zero_exit,0.970517,0,162,0,72.138229
2778,96836,0,762867,12.693694,0.000000,0.031430,,0.970179,0,162,0,72.148255
2779,96836,0,762867,12.693694,0.000000,0.034351,,0.969842,0,162,0,72.158273
2780,96839,3,762867,12.694087,0.000393,1.037936,,0.969867,0,162,0,72.168285
2781,96839,0,762867,12.694087,0.000000,0.024718,non_zero_exit,0.969527,0,162,0,72.142344
2782,96839,0,762867,12.694087,0.000000,0.030656,,0.969190,0,162,0,72.152354
2783,96839,0,762867,12.694087,0.000000,5.008055,timeout,0.970640,0,163,0,72.126437
2784,96839,0,762867,12.694087,0.000000,1.331336,,0.970770,0,163,0,72.136445
2785,96839,0,762867,12.694087,0.000000,0.028193,,0.970432,0,163,0,72.146447
2786,96839,0,762867,12.694087,0.000000,0.135313,,0.970132,0,163,0,72.156441
2787,96839,0,762867,12.694087,0.000000,0.021556,non_zero_exit,0.969792,0,163,0,72.130560
2788,96839,0,762867,12.694087,0.000000,3.038326,non_zero_exit,0.970533,0,163,0,72.104697
2789,96839,0,762867,12.694087,0.000000,0.031939,,0.970197,0,163,0,72.114695
2790,96839,0,762867,12.694087,0.000000,5.004243,timeout,0.971642,0,164,0,72.088857
2791,96840,1,762867,12.694218,0.000131,0.032162,,0.971306,0,164,0,72.098854
2792,96840,0,762867,12.694218,0.000000,0.030755,,0.970969,0,164,0,72.108844
2793,96840,0,762867,12.694218,0.000000,0.024913,,0.970631,0,164,0,72.118826
2794,96843,3,762867,12.694611,0.000393,0.025973,,0.970293,0,164,0,72.128801
2795,96843,0,762867,12.694611,0.000000,0.026809,,0.969955,0,164,0,72.138770
2796,96845,2,762867,12.694873,0.000262,0.542498,,0.969802,0,164,0,72.148731
2797,96859,14,762867,12.696709,0.001835,0.022739,non_zero_exit,0.969464,0,164,0,72.122945
2798,96859,0,762867,12.696709,0.000000,0.024098,non_zero_exit,0.969126,0,164,0,72.097178
2799,96866,7,762867,12.697626,0.000918,1.024745,,0.969146,0,164,0,72.107143
2800,96866,0,762867,12.697626,0.000000,1.032178,,0.969168,0,164,0,72.117101
2801,96866,0,762867,12.697626,0.000000,0.035984,,0.968835,0,164,0,72.127052
2802,96866,0,762867,12.697626,0.000000,1.030492,,0.968857,0,164,0,72.136996
2803,96866,0,762867,12.697626,0.000000,5.004331,timeout,0.970297,0,165,0,72.111270
2804,96866,0,762867,12.697626,0.000000,1.028751,,0.970317,0,165,0,72.121212
2805,96866,0,762867,12.697626,0.000000,0.025175,,0.969981,0,165,0,72.131148
2806,96866,0,762867,12.697626,0.000000,0.111830,,0.969675,0,165,0,72.141076
2807,96866,0,762867,12.697626,0.000000,0.048382,,0.969347,0,165,0,72.150997
2808,96866,0,762867,12.697626,0.000000,0.029135,,0.969012,0,165,0,72.160911
2809,96866,0,762867,12.697626,0.000000,0.026187,non_zero_exit,0.968677,0,165,0,72.135231
2810,96866,0,762867,12.697626,0.000000,1.030660,,0.968699,0,165,0,72.145144
2811,96866,0,762867,12.697626,0.000000,0.022947,non_zero_exit,0.968362,0,165,0,72.119488
2812,96866,0,762867,12.697626,0.000000,2.031155,,0.968740,0,165,0,72.129399
2813,96866,0,762867,12.697626,0.000000,0.021694,non_zero_exit,0.968404,0,165,0,72.103767
2814,96866,0,762867,12.697626,0.000000,0.021268,non_zero_exit,0.968067,0,165,0,72.078153
2815,96866,0,762867,12.697626,0.000000,2.027772,,0.968443,0,165,0,72.088068
2816,96866,0,762867,12.697626,0.000000,1.036107,,0.968467,0,165,0,72.097977
2817,96866,0,762867,12.697626,0.000000,0.018945,non_zero_exit,0.968130,0,165,0,72.072392
2818,96866,0,762867,12.697626,0.000000,1.036288,,0.968155,0,165,0,72.082299
2819,96866,0,762867,12.697626,0.000000,3.530048,,0.969063,0,165,0,72.092199
2820,96866,0,762867,12.697626,0.000000,0.023387,non_zero_exit,0.968728,0,165,0,72.066643
2821,96866,0,762867,12.697626,0.000000,0.031269,,0.968396,0,165,0,72.076541
2822,96866,0,762867,12.697626,0.000000,0.030676,,0.968064,0,165,0,72.086433
2823,96866,0,762867,12.697626,0.000000,3.534505,,0.968972,0,165,0,72.096317
2824,96866,0,762867,12.697626,0.000000,0.030053,,0.968640,0,165,0,72.106195
2825,96866,0,762867,12.697626,0.000000,0.540468,,0.968488,0,165,0,72.116065
2826,96866,0,762867,12.697626,0.000000,0.020509,non_zero_exit,0.968153,0,165,0,72.090555
2827,96866,0,762867,12.697626,0.000000,1.024936,,0.968173,0,165,0,72.100424
2828,96866,0,762867,12.697626,0.000000,0.030562,,0.967842,0,165,0,72.110286
2829,96866,0,762867,12.697626,0.000000,1.233870,,0.967936,0,165,0,72.120141
2830,96867,1,762867,12.697757,0.000131,1.034151,,0.967959,0,165,0,72.129989
2831,96867,0,762867,12.697757,0.000000,1.529084,,0.968157,0,165,0,72.139831
2832,96867,0,762867,12.697757,0.000000,0.022967,non_zero_exit,0.967824,0,165,0,72.114366
2833,96867,0,762867,12.697757,0.000000,1.030164,,0.967846,0,165,0,72.124206
2834,96867,0,762867,12.697757,0.000000,1.128495,,0.967902,0,165,0,72.134039
2835,96867,0,762867,12.697757,0.000000,0.030653,,0.967572,0,165,0,72.143865
2836,96867,0,762867,12.697757,0.000000,1.030557,,0.967594,0,165,0,72.153683
2837,96867,0,762867,12.697757,0.000000,2.028549,,0.967968,0,165,0,72.163495
2838,96867,0,762867,12.697757,0.000000,0.021945,non_zero_exit,0.967635,0,165,0,72.138077
2839,96867,0,762867,12.697757,0.000000,1.034223,,0.967658,0,165,0,72.147887
2840,96868,1,762867,12.697888,0.000131,0.021550,non_zero_exit,0.967325,0,165,0,72.122492
2841,96868,0,762867,12.697888,0.000000,0.035568,,0.966997,0,165,0,72.132301
2842,96868,0,762867,12.697888,0.000000,1.030756,,0.967020,0,165,0,72.142103
2843,96868,0,762867,12.697888,0.000000,5.003276,timeout,0.968439,0,166,0,72.116737
2844,96868,0,762867,12.697888,0.000000,1.031206,,0.968461,0,166,0,72.126538
2845,96868,0,762867,12.697888,0.000000,0.029617,,0.968131,0,166,0,72.136332
2846,96868,0,762867,12.697888,0.000000,0.031022,,0.967802,0,166,0,72.146119
2847,96868,0,762867,12.697888,0.000000,1.028658,,0.967823,0,166,0,72.155899
2848,96868,0,762867,12.697888,0.000000,0.035055,,0.967496,0,166,0,72.165672
2849,96868,0,762867,12.697888,0.000000,5.003203,timeout,0.968912,0,167,0,72.140351
2850,96868,0,762867,12.697888,0.000000,0.029284,,0.968582,0,167,0,72.150123
2851,96868,0,762867,12.697888,0.000000,5.004127,timeout,0.969997,0,168,0,72.124825
2852,96868,0,762867,12.697888,0.000000,0.035282,non_zero_exit,0.969670,0,168,0,72.099544
2853,96868,0,762867,12.697888,0.000000,3.535640,,0.970569,0,168,0,72.109320
2854,96868,0,762867,12.697888,0.000000,0.030664,,0.970240,0,168,0,72.119089
2855,96868,0,762867,12.697888,0.000000,0.033843,,0.969912,0,168,0,72.128852
2856,96868,0,762867,12.697888,0.000000,1.035880,,0.969935,0,168,0,72.138607
2857,96876,8,762867,12.698937,0.001049,1.033818,,0.969957,0,168,0,72.148355
2858,96876,0,762867,12.698937,0.000000,0.033566,,0.969630,0,168,0,72.158097
2859,96876,0,762867,12.698937,0.000000,0.427574,,0.969440,0,168,0,72.167832
2860,96876,0,762867,12.698937,0.000000,2.026038,,0.969809,0,168,0,72.177560
2861,96876,0,762867,12.698937,0.000000,5.004367,timeout,0.971219,0,169,0,72.152341
2862,96876,0,762867,12.698937,0.000000,1.043222,non_zero_exit,0.971244,0,169,0,72.127139
2863,96876,0,762867,12.698937,0.000000,0.023017,non_zero_exit,0.970913,0,169,0,72.101955
2864,96876,0,762867,12.698937,0.000000,1.030073,,0.970934,0,169,0,72.111693
2865,96876,0,762867,12.698937,0.000000,1.423665,,0.971092,0,169,0,72.121424
2866,96876,0,762867,12.698937,0.000000,1.034714,,0.971114,0,169,0,72.131148
2867,96876,0,762867,12.698937,0.000000,1.029235,,0.971134,0,169,0,72.140865
2868,96876,0,762867,12.698937,0.000000,0.030615,,0.970806,0,169,0,72.150575
2869,97031,155,762867,12.719255,0.020318,3.043371,,0.971529,0,169,0,72.160279
2870,97031,0,762867,12.719255,0.000000,0.024189,,0.971199,0,169,0,72.169976
2871,97031,0,762867,12.719255,0.000000,0.035439,,0.970873,0,169,0,72.179666
2872,97035,4,762867,12.719779,0.000524,2.032315,,0.971242,0,169,0,72.189349
2873,97035,0,762867,12.719779,0.000000,0.030976,,0.970915,0,169,0,72.199026
2874,97035,0,762867,12.719779,0.000000,1.031114,,0.970936,0,169,0,72.208696
2875,97035,0,762867,12.719779,0.000000,1.029583,,0.970956,0,169,0,72.218359
2876,97035,0,762867,12.719779,0.000000,0.028540,,0.970629,0,169,0,72.228015
2877,97035,0,762867,12.719779,0.000000,5.004390,timeout,0.972030,0,170,0,72.202919
2878,97035,0,762867,12.719779,0.000000,0.040306,,0.971707,0,170,0,72.212574
2879,97035,0,762867,12.719779,0.000000,2.040295,,0.972078,0,170,0,72.222222
2880,97035,0,762867,12.719779,0.000000,1.030047,,0.972098,0,170,0,72.231864
2881,97035,0,762867,12.719779,0.000000,5.002899,timeout,0.973497,0,171,0,72.206801
2882,97035,0,762867,12.719779,0.000000,0.030421,,0.973169,0,171,0,72.216441
2883,97092,57,762867,12.727251,0.007472,0.334966,,0.972948,0,171,0,72.226075
2884,97092,0,762867,12.727251,0.000000,2.030957,,0.973315,0,171,0,72.235702
2885,97092,0,762867,12.727251,0.000000,0.025016,,0.972986,0,171,0,72.245322
2886,97092,0,762867,12.727251,0.000000,0.025412,non_zero_exit,0.972658,0,171,0,72.220298
2887,97092,0,762867,12.727251,0.000000,0.022493,non_zero_exit,0.972329,0,171,0,72.195291
2888,97092,0,762867,12.727251,0.000000,1.538738,,0.972525,0,171,0,72.204915
2889,97092,0,762867,12.727251,0.000000,0.025507,non_zero_exit,0.972197,0,171,0,72.179931
2890,97092,0,762867,12.727251,0.000000,1.030176,,0.972217,0,171,0,72.189554
2891,97092,0,762867,12.727251,0.000000,5.004222,timeout,0.973612,0,172,0,72.164592
2892,97092,0,762867,12.727251,0.000000,0.028313,,0.973285,0,172,0,72.174214
2893,97092,0,762867,12.727251,0.000000,0.022259,non_zero_exit,0.972956,0,172,0,72.149274
2894,97100,8,762867,12.728300,0.001049,0.133469,,0.972666,0,172,0,72.158895
2895,97100,0,762867,12.728300,0.000000,0.028377,,0.972340,0,172,0,72.168508
2896,97100,0,762867,12.728300,0.000000,0.534318,,0.972189,0,172,0,72.178115
2897,97100,0,762867,12.728300,0.000000,0.024933,non_zero_exit,0.971862,0,172,0,72.153209
2898,97100,0,762867,12.728300,0.000000,1.542990,,0.972059,0,172,0,72.162815
2899,97100,0,762867,12.728300,0.000000,0.032031,,0.971735,0,172,0,72.172414
2900,97100,0,762867,12.728300,0.000000,0.024940,non_zero_exit,0.971409,0,172,0,72.147535
2901,97100,0,762867,12.728300,0.000000,0.022856,non_zero_exit,0.971082,0,172,0,72.122674
2902,97100,0,762867,12.728300,0.000000,2.030035,,0.971447,0,172,0,72.132277
2903,97100,0,762867,12.728300,0.000000,0.021145,non_zero_exit,0.971119,0,172,0,72.107438
2904,97101,1,762867,12.728431,0.000131,0.022000,non_zero_exit,0.970793,0,172,0,72.082616
2905,97101,0,762867,12.728431,0.000000,2.026929,,0.971156,0,172,0,72.092223
2906,97101,0,762867,12.728431,0.000000,0.022327,non_zero_exit,0.970830,0,172,0,72.067423
2907,97101,0,762867,12.728431,0.000000,1.031533,,0.970851,0,172,0,72.077029
2908,97101,0,762867,12.728431,0.000000,1.034812,non_zero_exit,0.970873,0,172,0,72.052252
2909,97102,1,762867,12.728562,0.000131,0.021820,non_zero_exit,0.970546,0,172,0,72.027491
2910,97102,0,762867,12.728562,0.000000,0.025424,non_zero_exit,0.970222,0,172,0,72.002748
2911,97102,0,762867,12.728562,0.000000,5.007595,timeout,0.971608,0,173,0,71.978022
2912,97102,0,762867,12.728562,0.000000,1.028674,non_zero_exit,0.971628,0,173,0,71.953313
2913,97102,0,762867,12.728562,0.000000,0.023270,non_zero_exit,0.971302,0,173,0,71.928620
2914,97102,0,762867,12.728562,0.000000,0.022539,non_zero_exit,0.970977,0,173,0,71.903945
2915,97102,0,762867,12.728562,0.000000,0.034824,,0.970656,0,173,0,71.913580
2916,97102,0,762867,12.728562,0.000000,0.529916,,0.970505,0,173,0,71.923209
2917,97102,0,762867,12.728562,0.000000,0.022087,non_zero_exit,0.970180,0,173,0,71.898561
2918,97102,0,762867,12.728562,0.000000,1.030522,,0.970200,0,173,0,71.908188
2919,97102,0,762867,12.728562,0.000000,5.006274,timeout,0.971583,0,174,0,71.883562
2920,97102,0,762867,12.728562,0.000000,0.027193,,0.971259,0,174,0,71.893187
2921,97102,0,762867,12.728562,0.000000,0.029188,,0.970937,0,174,0,71.902806
2922,97102,0,762867,12.728562,0.000000,5.003528,timeout,0.972316,0,175,0,71.878207
2923,97102,0,762867,12.728562,0.000000,0.021983,non_zero_exit,0.971991,0,175,0,71.853625
2924,97103,1,762867,12.728693,0.000131,0.032670,,0.971670,0,175,0,71.863248
2925,97104,1,762867,12.728824,0.000131,3.032290,,0.972375,0,175,0,71.872864
2926,97104,0,762867,12.728824,0.000000,3.029769,,0.973077,0,175,0,71.882474
2927,97104,0,762867,12.728824,0.000000,1.529616,,0.973268,0,175,0,71.892077
2928,97104,0,762867,12.728824,0.000000,0.026455,non_zero_exit,0.972944,0,175,0,71.867532
2929,97104,0,762867,12.728824,0.000000,2.025505,,0.973304,0,175,0,71.877133
2930,97104,0,762867,12.728824,0.000000,1.029570,,0.973323,0,175,0,71.886728
2931,97104,0,762867,12.728824,0.000000,0.033384,non_zero_exit,0.973002,0,175,0,71.862210
2932,97104,0,762867,12.728824,0.000000,0.031300,,0.972681,0,175,0,71.871804
2933,97104,0,762867,12.728824,0.000000,0.028834,,0.972359,0,175,0,71.881391
2934,97104,0,762867,12.728824,0.000000,0.031731,,0.972039,0,175,0,71.890971
2935,97114,10,762867,12.730135,0.001311,3.050331,,0.972747,0,175,0,71.900545
2936,97114,0,762867,12.730135,0.000000,1.035012,non_zero_exit,0.972768,0,175,0,71.876064
2937,97114,0,762867,12.730135,0.000000,0.025224,,0.972445,0,175,0,71.885636
2938,97116,2,762867,12.730397,0.000262,0.023458,non_zero_exit,0.972123,0,175,0,71.861177
2939,97117,1,762867,12.730528,0.000131,0.035995,,0.971804,0,175,0,71.870748
2940,97117,0,762867,12.730528,0.000000,2.040368,,0.972167,0,175,0,71.880313
2941,97117,0,762867,12.730528,0.000000,0.030196,,0.971847,0,175,0,71.889871
2942,97117,0,762867,12.730528,0.000000,3.535246,,0.972718,0,175,0,71.899422
2943,97117,0,762867,12.730528,0.000000,0.022348,non_zero_exit,0.972396,0,175,0,71.875000
2944,97117,0,762867,12.730528,0.000000,0.022838,non_zero_exit,0.972073,0,175,0,71.850594
2945,97117,0,762867,12.730528,0.000000,0.029924,,0.971753,0,175,0,71.860149
2946,97117,0,762867,12.730528,0.000000,2.579601,,0.972299,0,175,0,71.869698
2947,97117,0,762867,12.730528,0.000000,2.520386,,0.972824,0,175,0,71.879240
2948,97117,0,762867,12.730528,0.000000,0.026706,,0.972503,0,175,0,71.888776
2949,97117,0,762867,12.730528,0.000000,1.036095,,0.972525,0,175,0,71.898305
2950,97117,0,762867,12.730528,0.000000,0.531718,,0.972375,0,175,0,71.907828
2951,97117,0,762867,12.730528,0.000000,1.030300,,0.972395,0,175,0,71.917344
2952,97117,0,762867,12.730528,0.000000,1.027634,,0.972414,0,175,0,71.926854
2953,97117,0,762867,12.730528,0.000000,0.031003,,0.972095,0,175,0,71.936357
2954,97117,0,762867,12.730528,0.000000,0.034289,,0.971778,0,175,0,71.945854
2955,97117,0,762867,12.730528,0.000000,4.034227,,0.972814,0,175,0,71.955345
2956,97124,7,762867,12.731446,0.000918,0.026826,non_zero_exit,0.972494,0,175,0,71.931011
2957,97126,2,762867,12.731708,0.000262,0.058657,,0.972185,0,175,0,71.940500
2958,97126,0,762867,12.731708,0.000000,3.040779,,0.972884,0,175,0,71.949983
2959,97126,0,762867,12.731708,0.000000,0.025374,non_zero_exit,0.972564,0,175,0,71.925676
2960,97126,0,762867,12.731708,0.000000,1.030422,non_zero_exit,0.972583,0,175,0,71.901385
2961,97126,0,762867,12.731708,0.000000,0.025894,non_zero_exit,0.972264,0,175,0,71.877110
2962,97132,6,762867,12.732495,0.000787,0.040803,,0.971949,0,175,0,71.886601
2963,97132,0,762867,12.732495,0.000000,1.530585,,0.972138,0,175,0,71.896086
2964,97133,1,762867,12.732626,0.000131,0.030837,,0.971820,0,175,0,71.905565
2965,97133,0,762867,12.732626,0.000000,5.003280,timeout,0.973180,0,176,0,71.881322
2966,97133,0,762867,12.732626,0.000000,1.031544,,0.973199,0,176,0,71.890799
2967,97133,0,762867,12.732626,0.000000,1.728858,,0.973454,0,176,0,71.900270
2968,97133,0,762867,12.732626,0.000000,0.023454,non_zero_exit,0.973134,0,176,0,71.876053
2969,97133,0,762867,12.732626,0.000000,3.029666,,0.973826,0,176,0,71.885522
2970,97135,2,762867,12.732888,0.000262,3.538002,,0.974689,0,176,0,71.894985
2971,97135,0,762867,12.732888,0.000000,0.030757,,0.974372,0,176,0,71.904441
2972,97135,0,762867,12.732888,0.000000,5.008293,timeout,0.975729,0,177,0,71.880256
2973,97135,0,762867,12.732888,0.000000,0.030419,,0.975411,0,177,0,71.889711
2974,97135,0,762867,12.732888,0.000000,0.022630,non_zero_exit,0.975090,0,177,0,71.865546
2975,97135,0,762867,12.732888,0.000000,0.022289,non_zero_exit,0.974770,0,177,0,71.841398
2976,97135,0,762867,12.732888,0.000000,0.030848,,0.974453,0,177,0,71.850857
2977,97135,0,762867,12.732888,0.000000,1.027817,,0.974471,0,177,0,71.860309
2978,97135,0,762867,12.732888,0.000000,5.007021,timeout,0.975825,0,178,0,71.836187
2979,97135,0,762867,12.732888,0.000000,0.029639,,0.975507,0,178,0,71.845638
2980,97135,0,762867,12.732888,0.000000,0.021236,non_zero_exit,0.975187,0,178,0,71.821536
2981,97136,1,762867,12.733019,0.000131,1.032137,,0.975206,0,178,0,71.830986
2982,97136,0,762867,12.733019,0.000000,0.022009,non_zero_exit,0.974887,0,178,0,71.806906
2983,97136,0,762867,12.733019,0.000000,0.028918,,0.974570,0,178,0,71.816354
2984,97136,0,762867,12.733019,0.000000,0.029810,,0.974253,0,178,0,71.825796
2985,97275,139,762867,12.751240,0.018221,4.033129,,0.975278,0,178,0,71.835231
2986,97275,0,762867,12.751240,0.000000,0.991022,,0.975283,0,178,0,71.844660
2987,97275,0,762867,12.751240,0.000000,1.044377,,0.975306,0,178,0,71.854083
2988,97276,1,762867,12.751371,0.000131,1.030562,,0.975325,0,178,0,71.863499
2989,97276,0,762867,12.751371,0.000000,0.032098,,0.975009,0,178,0,71.872910
2990,97276,0,762867,12.751371,0.000000,0.033991,,0.974694,0,178,0,71.882314
2991,97276,0,762867,12.751371,0.000000,0.029611,,0.974379,0,178,0,71.891711
2992,97303,27,762867,12.754910,0.003539,0.030057,non_zero_exit,0.974063,0,178,0,71.867691
2993,97303,0,762867,12.754910,0.000000,0.034543,,0.973749,0,178,0,71.877088
2994,97305,2,762867,12.755172,0.000262,0.024164,non_zero_exit,0.973432,0,178,0,71.853088
2995,97305,0,762867,12.755172,0.000000,5.004569,timeout,0.974778,0,179,0,71.829105
2996,97305,0,762867,12.755172,0.000000,0.022850,non_zero_exit,0.974460,0,179,0,71.805138
2997,97305,0,762867,12.755172,0.000000,3.037933,,0.975148,0,179,0,71.814543
2998,97305,0,762867,12.755172,0.000000,1.532634,,0.975334,0,179,0,71.823941
2999,97305,0,762867,12.755172,0.000000,1.028667,,0.975352,0,179,0,71.833333
3000,97313,8,762867,12.756221,0.001049,0.021296,non_zero_exit,0.975034,0,179,0,71.809397
3001,97313,0,762867,12.756221,0.000000,2.032690,non_zero_exit,0.975386,0,179,0,71.785476
3002,97313,0,762867,12.756221,0.000000,2.030835,,0.975738,0,179,0,71.794872
3003,97313,0,762867,12.756221,0.000000,0.034378,,0.975425,0,179,0,71.804261
3004,97313,0,762867,12.756221,0.000000,1.037363,,0.975445,0,179,0,71.813644
3005,97313,0,762867,12.756221,0.000000,2.033777,,0.975797,0,179,0,71.823021
3006,97313,0,762867,12.756221,0.000000,0.023038,non_zero_exit,0.975480,0,179,0,71.799135
3007,97313,0,762867,12.756221,0.000000,0.021140,non_zero_exit,0.975163,0,179,0,71.775266
3008,97313,0,762867,12.756221,0.000000,1.032267,,0.975182,0,179,0,71.784646
3009,97313,0,762867,12.756221,0.000000,1.026058,,0.975199,0,179,0,71.794020
3010,97313,0,762867,12.756221,0.000000,0.029168,,0.974885,0,179,0,71.803388
3011,97313,0,762867,12.756221,0.000000,3.034244,,0.975569,0,179,0,71.812749
3012,97313,0,762867,12.756221,0.000000,0.031323,,0.975255,0,179,0,71.822104
3013,97313,0,762867,12.756221,0.000000,0.027783,non_zero_exit,0.974941,0,179,0,71.798275
3014,97313,0,762867,12.756221,0.000000,2.030219,,0.975291,0,179,0,71.807629
3015,97313,0,762867,12.756221,0.000000,1.028810,non_zero_exit,0.975309,0,179,0,71.783820
3016,97313,0,762867,12.756221,0.000000,0.027376,,0.974994,0,179,0,71.793172
3017,97313,0,762867,12.756221,0.000000,0.027620,,0.974680,0,179,0,71.802518
3018,97313,0,762867,12.756221,0.000000,1.032910,,0.974700,0,179,0,71.811858
3019,97315,2,762867,12.756483,0.000262,3.028665,,0.975380,0,179,0,71.821192
3020,97316,1,762867,12.756614,0.000131,2.035938,,0.975731,0,179,0,71.830520
3021,97316,0,762867,12.756614,0.000000,3.031880,,0.976411,0,179,0,71.839841
3022,97316,0,762867,12.756614,0.000000,0.027369,,0.976097,0,179,0,71.849156
3023,97316,0,762867,12.756614,0.000000,1.034833,,0.976117,0,179,0,71.858466
3024,97316,0,762867,12.756614,0.000000,1.032370,,0.976135,0,179,0,71.867769
3025,97316,0,762867,12.756614,0.000000,0.029010,,0.975822,0,179,0,71.877065
3026,97316,0,762867,12.756614,0.000000,0.028888,,0.975510,0,179,0,71.886356
3027,97316,0,762867,12.756614,0.000000,0.033294,,0.975198,0,179,0,71.895641
3028,97316,0,762867,12.756614,0.000000,3.033307,,0.975878,0,179,0,71.904919
3029,97316,0,762867,12.756614,0.000000,0.032254,,0.975566,0,179,0,71.914191
3030,97316,0,762867,12.756614,0.000000,5.003994,timeout,0.976895,0,180,0,71.890465
3031,97318,2,762867,12.756876,0.000262,0.022733,non_zero_exit,0.976581,0,180,0,71.866755
3032,97373,55,762867,12.764086,0.007210,1.033126,,0.976599,0,180,0,71.876030
3033,97373,0,762867,12.764086,0.000000,0.168092,,0.976333,0,180,0,71.885300
3034,97382,9,762867,12.765266,0.001180,0.022620,non_zero_exit,0.976019,0,180,0,71.861614
3035,97382,0,762867,12.765266,0.000000,1.027942,,0.976036,0,180,0,71.870883
3036,97383,1,762867,12.765397,0.000131,3.037030,,0.976714,0,180,0,71.880145
3037,97384,1,762867,12.765528,0.000131,1.035722,,0.976734,0,180,0,71.889401
3038,97384,0,762867,12.765528,0.000000,0.022916,non_zero_exit,0.976420,0,180,0,71.865745
3039,97384,0,762867,12.765528,0.000000,3.035378,,0.977097,0,180,0,71.875000
3040,97384,0,762867,12.765528,0.000000,0.029722,,0.976786,0,180,0,71.884249
3041,97384,0,762867,12.765528,0.000000,5.003843,timeout,0.978110,0,181,0,71.860618
3042,97384,0,762867,12.765528,0.000000,3.535177,,0.978950,0,181,0,71.869865
3043,97384,0,762867,12.765528,0.000000,0.023709,non_zero_exit,0.978636,0,181,0,71.846255
3044,97384,0,762867,12.765528,0.000000,3.031159,,0.979310,0,181,0,71.855501
3045,97384,0,762867,12.765528,0.000000,0.031116,,0.978999,0,181,0,71.864741
3046,97384,0,762867,12.765528,0.000000,1.027297,,0.979015,0,181,0,71.873974
3047,97384,0,762867,12.765528,0.000000,0.032720,,0.978704,0,181,0,71.883202
3048,97384,0,762867,12.765528,0.000000,1.028947,,0.978721,0,181,0,71.892424
3049,97384,0,762867,12.765528,0.000000,1.033789,,0.978739,0,181,0,71.901639
3050,97385,1,762867,12.765659,0.000131,0.537385,,0.978594,0,181,0,71.910849
3051,97385,0,762867,12.765659,0.000000,0.021512,non_zero_exit,0.978281,0,181,0,71.887287
3052,97385,0,762867,12.765659,0.000000,0.024415,non_zero_exit,0.977968,0,181,0,71.863741
3053,97385,0,762867,12.765659,0.000000,3.030439,,0.978640,0,181,0,71.872954
3054,97386,1,762867,12.765790,0.000131,5.003586,timeout,0.979958,0,182,0,71.849427
3055,97387,1,762867,12.765921,0.000131,0.024565,non_zero_exit,0.979645,0,182,0,71.825916
3056,97387,0,762867,12.765921,0.000000,0.024886,non_zero_exit,0.979333,0,182,0,71.802421
3057,97387,0,762867,12.765921,0.000000,1.030095,,0.979349,0,182,0,71.811642
3058,97387,0,762867,12.765921,0.000000,1.038701,,0.979369,0,182,0,71.820856
3059,97387,0,762867,12.765921,0.000000,1.032320,,0.979386,0,182,0,71.830065
3060,97387,0,762867,12.765921,0.000000,0.026717,non_zero_exit,0.979075,0,182,0,71.806599
3061,97387,0,762867,12.765921,0.000000,5.003818,timeout,0.980389,0,183,0,71.783148
3062,97395,8,762867,12.766970,0.001049,1.037240,,0.980408,0,183,0,71.792360
3063,97395,0,762867,12.766970,0.000000,0.030215,,0.980098,0,183,0,71.801567
3064,97395,0,762867,12.766970,0.000000,1.531263,,0.980277,0,183,0,71.810767
3065,97395,0,762867,12.766970,0.000000,1.998260,,0.980609,0,183,0,71.819961
3066,97395,0,762867,12.766970,0.000000,5.004690,timeout,0.981922,0,184,0,71.796544
3067,97395,0,762867,12.766970,0.000000,0.033372,,0.981612,0,184,0,71.805737
3068,97395,0,762867,12.766970,0.000000,1.030253,non_zero_exit,0.981628,0,184,0,71.782340
3069,97395,0,762867,12.766970,0.000000,0.024755,non_zero_exit,0.981317,0,184,0,71.758958
3070,97397,2,762867,12.767232,0.000262,0.029906,,0.981007,0,184,0,71.768154
3071,97397,0,762867,12.767232,0.000000,0.536502,,0.980862,0,184,0,71.777344
3072,97397,0,762867,12.767232,0.000000,0.029902,,0.980553,0,184,0,71.786528
3073,97406,9,762867,12.768412,0.001180,1.044722,,0.980573,0,184,0,71.795706
3074,97406,0,762867,12.768412,0.000000,0.023015,non_zero_exit,0.980262,0,184,0,71.772358
3075,97406,0,762867,12.768412,0.000000,0.026059,non_zero_exit,0.979952,0,184,0,71.749025
3076,97406,0,762867,12.768412,0.000000,2.042212,,0.980297,0,184,0,71.758206
3077,97406,0,762867,12.768412,0.000000,0.032406,,0.979989,0,184,0,71.767381
3078,97406,0,762867,12.768412,0.000000,1.031224,,0.980006,0,184,0,71.776551
3079,97406,0,762867,12.768412,0.000000,3.031636,,0.980672,0,184,0,71.785714
3080,97406,0,762867,12.768412,0.000000,2.531197,,0.981175,0,184,0,71.794872
3081,97406,0,762867,12.768412,0.000000,2.530579,,0.981678,0,184,0,71.804023
3082,97406,0,762867,12.768412,0.000000,1.028019,,0.981693,0,184,0,71.813169
3083,97406,0,762867,12.768412,0.000000,5.003405,timeout,0.982997,0,185,0,71.789883
3084,97406,0,762867,12.768412,0.000000,1.028595,,0.983012,0,185,0,71.799028
3085,97406,0,762867,12.768412,0.000000,0.030176,,0.982703,0,185,0,71.808166
3086,97406,0,762867,12.768412,0.000000,0.029070,non_zero_exit,0.982394,0,185,0,71.784904
3087,97406,0,762867,12.768412,0.000000,0.032213,,0.982086,0,185,0,71.794041
3088,97406,0,762867,12.768412,0.000000,1.026647,,0.982101,0,185,0,71.803173
3089,97406,0,762867,12.768412,0.000000,0.928562,,0.982083,0,185,0,71.812298
3090,97406,0,762867,12.768412,0.000000,1.035917,,0.982101,0,185,0,71.821417
3091,97406,0,762867,12.768412,0.000000,1.028240,,0.982116,0,185,0,71.830530
3092,97406,0,762867,12.768412,0.000000,0.026506,non_zero_exit,0.981807,0,185,0,71.807307
3093,97406,0,762867,12.768412,0.000000,1.031667,,0.981823,0,185,0,71.816419
3094,97406,0,762867,12.768412,0.000000,1.031050,,0.981839,0,185,0,71.825525
3095,97408,2,762867,12.768674,0.000262,1.033249,,0.981855,0,185,0,71.834625
3096,97408,0,762867,12.768674,0.000000,0.028037,,0.981547,0,185,0,71.843720
3097,97408,0,762867,12.768674,0.000000,0.028197,,0.981240,0,185,0,71.852808
3098,97408,0,762867,12.768674,0.000000,0.026137,,0.980932,0,185,0,71.861891
3099,97408,0,762867,12.768674,0.000000,0.025403,non_zero_exit,0.980623,0,185,0,71.838710
3100,97412,4,762867,12.769198,0.000524,2.240944,,0.981030,0,185,0,71.847791
3101,97412,0,762867,12.769198,0.000000,3.030653,,0.981690,0,185,0,71.856867
3102,97412,0,762867,12.769198,0.000000,0.022483,non_zero_exit,0.981381,0,185,0,71.833709
3103,97412,0,762867,12.769198,0.000000,0.026391,,0.981074,0,185,0,71.842784
3104,97454,42,762867,12.774704,0.005506,0.034692,,0.980769,0,185,0,71.851852
3105,97454,0,762867,12.774704,0.000000,5.007648,timeout,0.982065,0,186,0,71.828719
3106,97454,0,762867,12.774704,0.000000,1.035819,,0.982083,0,186,0,71.837786
3107,97454,0,762867,12.774704,0.000000,1.037524,,0.982100,0,186,0,71.846847
3108,97456,2,762867,12.774966,0.000262,0.030354,,0.981794,0,186,0,71.855902
3109,97456,0,762867,12.774966,0.000000,3.041313,,0.982457,0,186,0,71.864952
3110,97456,0,762867,12.774966,0.000000,1.029320,non_zero_exit,0.982472,0,186,0,71.841851
3111,97456,0,762867,12.774966,0.000000,0.021530,non_zero_exit,0.982163,0,186,0,71.818766
3112,97456,0,762867,12.774966,0.000000,0.031377,,0.981857,0,186,0,71.827819
3113,97456,0,762867,12.774966,0.000000,1.529562,,0.982033,0,186,0,71.836866
3114,97456,0,762867,12.774966,0.000000,0.026228,,0.981726,0,186,0,71.845907
3115,97456,0,762867,12.774966,0.000000,4.537060,,0.982867,0,186,0,71.854942
3116,97456,0,762867,12.774966,0.000000,1.030022,,0.982883,0,186,0,71.863972
3117,97456,0,762867,12.774966,0.000000,0.021602,non_zero_exit,0.982574,0,186,0,71.840924
3118,97456,0,762867,12.774966,0.000000,0.022022,non_zero_exit,0.982266,0,186,0,71.817890
3119,97456,0,762867,12.774966,0.000000,0.025338,non_zero_exit,0.981960,0,186,0,71.794872
3120,97456,0,762867,12.774966,0.000000,0.535012,,0.981816,0,186,0,71.803909
3121,97456,0,762867,12.774966,0.000000,0.022166,non_zero_exit,0.981509,0,186,0,71.780910
3122,97456,0,762867,12.774966,0.000000,1.030161,,0.981525,0,186,0,71.789946
3123,97456,0,762867,12.774966,0.000000,2.929188,,0.982148,0,186,0,71.798976
3124,97457,1,762867,12.775097,0.000131,0.023495,non_zero_exit,0.981841,0,186,0,71.776000
3125,97459,2,762867,12.775359,0.000262,0.045733,non_zero_exit,0.981542,0,186,0,71.753039
3126,97464,5,762867,12.776015,0.000655,1.043161,,0.981562,0,186,0,71.762072
3127,97464,0,762867,12.776015,0.000000,0.019812,non_zero_exit,0.981254,0,186,0,71.739130
3128,97464,0,762867,12.776015,0.000000,0.038784,,0.980953,0,186,0,71.748162
3129,97465,1,762867,12.776146,0.000131,4.043454,,0.981931,0,186,0,71.757188
3130,97465,0,762867,12.776146,0.000000,1.034676,,0.981948,0,186,0,71.766209
3131,97465,0,762867,12.776146,0.000000,0.035035,,0.981646,0,186,0,71.775223
3132,97465,0,762867,12.776146,0.000000,1.033144,,0.981662,0,186,0,71.784232
3133,97465,0,762867,12.776146,0.000000,0.034539,,0.981360,0,186,0,71.793235
3134,97465,0,762867,12.776146,0.000000,0.032508,,0.981057,0,186,0,71.802233
3135,97465,0,762867,12.776146,0.000000,1.043407,,0.981077,0,186,0,71.811224
3136,97465,0,762867,12.776146,0.000000,1.034425,,0.981094,0,186,0,71.820210
3137,97465,0,762867,12.776146,0.000000,1.531467,,0.981270,0,186,0,71.829191
3138,97753,288,762867,12.813898,0.037752,0.041624,,0.980970,0,186,0,71.838165
3139,97753,0,762867,12.813898,0.000000,0.037189,,0.980670,0,186,0,71.847134
3140,97753,0,762867,12.813898,0.000000,0.032326,,0.980368,0,186,0,71.856097
3141,97753,0,762867,12.813898,0.000000,1.030062,,0.980384,0,186,0,71.865054
3142,97753,0,762867,12.813898,0.000000,1.032854,,0.980400,0,186,0,71.874006
3143,97753,0,762867,12.813898,0.000000,5.004957,timeout,0.981680,0,187,0,71.851145
3144,97762,9,762867,12.815078,0.001180,1.032038,,0.981696,0,187,0,71.860095
3145,97763,1,762867,12.815209,0.000131,0.037778,non_zero_exit,0.981396,0,187,0,71.837254
3146,97763,0,762867,12.815209,0.000000,0.025936,non_zero_exit,0.981093,0,187,0,71.814426
3147,97763,0,762867,12.815209,0.000000,0.022520,non_zero_exit,0.980788,0,187,0,71.791614
3148,97763,0,762867,12.815209,0.000000,5.007711,timeout,0.982067,0,188,0,71.768815
3149,97763,0,762867,12.815209,0.000000,0.029233,,0.981765,0,188,0,71.777778
3150,97763,0,762867,12.815209,0.000000,1.026656,non_zero_exit,0.981779,0,188,0,71.754998
3151,97763,0,762867,12.815209,0.000000,0.033375,,0.981478,0,188,0,71.763959
3152,97763,0,762867,12.815209,0.000000,1.531871,,0.981653,0,188,0,71.772915
3153,97763,0,762867,12.815209,0.000000,0.020784,non_zero_exit,0.981348,0,188,0,71.750159
3154,97763,0,762867,12.815209,0.000000,0.022199,non_zero_exit,0.981044,0,188,0,71.727417
3155,97763,0,762867,12.815209,0.000000,0.022321,non_zero_exit,0.980740,0,188,0,71.704689
3156,97763,0,762867,12.815209,0.000000,1.031689,non_zero_exit,0.980756,0,188,0,71.681977
3157,97763,0,762867,12.815209,0.000000,0.025933,,0.980454,0,188,0,71.690944
3158,97763,0,762867,12.815209,0.000000,0.031265,,0.980153,0,188,0,71.699905
3159,97763,0,762867,12.815209,0.000000,0.023359,non_zero_exit,0.979851,0,188,0,71.677215
3160,97763,0,762867,12.815209,0.000000,0.031084,,0.979550,0,188,0,71.686175
3161,97763,0,762867,12.815209,0.000000,2.025743,,0.979881,0,188,0,71.695130
3162,97765,2,762867,12.815471,0.000262,1.035790,,0.979899,0,188,0,71.704078
3163,97765,0,762867,12.815471,0.000000,0.031008,,0.979599,0,188,0,71.713021
3164,97765,0,762867,12.815471,0.000000,2.030532,,0.979931,0,188,0,71.721959
3165,97765,0,762867,12.815471,0.000000,0.023719,non_zero_exit,0.979629,0,188,0,71.699305
3166,97765,0,762867,12.815471,0.000000,5.002874,timeout,0.980899,0,189,0,71.676666
3167,97765,0,762867,12.815471,0.000000,0.028007,,0.980599,0,189,0,71.685606
3168,97765,0,762867,12.815471,0.000000,0.029876,,0.980299,0,189,0,71.694541
3169,97765,0,762867,12.815471,0.000000,0.031465,,0.979999,0,189,0,71.703470
3170,97765,0,762867,12.815471,0.000000,0.027328,,0.979699,0,189,0,71.712394
3171,97765,0,762867,12.815471,0.000000,0.023085,non_zero_exit,0.979397,0,189,0,71.689786
3172,97765,0,762867,12.815471,0.000000,3.536016,,0.980203,0,189,0,71.698708
3173,97765,0,762867,12.815471,0.000000,1.030716,,0.980219,0,189,0,71.707624
3174,97793,28,762867,12.819141,0.003670,0.049337,,0.979926,0,189,0,71.716535
3175,97794,1,762867,12.819273,0.000131,1.040806,,0.979945,0,189,0,71.725441
3176,97794,0,762867,12.819273,0.000000,1.046107,,0.979966,0,189,0,71.734341
3177,97794,0,762867,12.819273,0.000000,0.030214,,0.979667,0,189,0,71.743235
3178,97794,0,762867,12.819273,0.000000,0.030274,,0.979368,0,189,0,71.752123
3179,97794,0,762867,12.819273,0.000000,1.026768,,0.979383,0,189,0,71.761006
3180,97802,8,762867,12.820321,0.001049,1.249372,,0.979468,0,189,0,71.769884
3181,97802,0,762867,12.820321,0.000000,0.023637,non_zero_exit,0.979168,0,189,0,71.747329
3182,97802,0,762867,12.820321,0.000000,0.029876,,0.978869,0,189,0,71.756205
3183,97802,0,762867,12.820321,0.000000,0.027142,,0.978571,0,189,0,71.765075
3184,97802,0,762867,12.820321,0.000000,0.021701,non_zero_exit,0.978270,0,189,0,71.742543
3185,97802,0,762867,12.820321,0.000000,0.030453,,0.977973,0,189,0,71.751412
3186,97802,0,762867,12.820321,0.000000,0.027022,,0.977674,0,189,0,71.760276
3187,97802,0,762867,12.820321,0.000000,1.033594,,0.977692,0,189,0,71.769134
3188,97802,0,762867,12.820321,0.000000,1.036619,,0.977710,0,189,0,71.777987
3189,97802,0,762867,12.820321,0.000000,0.028602,,0.977413,0,189,0,71.786834
3190,97802,0,762867,12.820321,0.000000,1.033338,non_zero_exit,0.977430,0,189,0,71.764337
3191,97802,0,762867,12.820321,0.000000,0.021301,non_zero_exit,0.977131,0,189,0,71.741855
3192,97802,0,762867,12.820321,0.000000,0.022824,non_zero_exit,0.976832,0,189,0,71.719386
3193,97802,0,762867,12.820321,0.000000,0.028877,,0.976535,0,189,0,71.728240
3194,97802,0,762867,12.820321,0.000000,5.003151,timeout,0.977795,0,190,0,71.705790
3195,97802,0,762867,12.820321,0.000000,1.034698,,0.977813,0,190,0,71.714643
3196,97802,0,762867,12.820321,0.000000,1.032203,,0.977830,0,190,0,71.723491
3197,97802,0,762867,12.820321,0.000000,0.032157,,0.977534,0,190,0,71.732333
3198,97802,0,762867,12.820321,0.000000,0.022645,non_zero_exit,0.977236,0,190,0,71.709909
3199,97802,0,762867,12.820321,0.000000,1.033102,,0.977253,0,190,0,71.718750
3200,97802,0,762867,12.820321,0.000000,0.029786,,0.976957,0,190,0,71.727585
3201,97804,2,762867,12.820583,0.000262,0.029332,,0.976661,0,190,0,71.736415
3202,97804,0,762867,12.820583,0.000000,2.033806,,0.976992,0,190,0,71.745239
3203,97804,0,762867,12.820583,0.000000,0.023436,non_zero_exit,0.976694,0,190,0,71.722846
3204,97804,0,762867,12.820583,0.000000,0.032474,,0.976399,0,190,0,71.731669
3205,97811,7,762867,12.821501,0.000918,0.032734,,0.976105,0,190,0,71.740487
3206,97811,0,762867,12.821501,0.000000,1.538713,,0.976280,0,190,0,71.749298
3207,97811,0,762867,12.821501,0.000000,1.371431,,0.976404,0,190,0,71.758105
3208,97811,0,762867,12.821501,0.000000,0.029366,,0.976108,0,190,0,71.766906
3209,97811,0,762867,12.821501,0.000000,0.023382,non_zero_exit,0.975812,0,190,0,71.744548
3210,97811,0,762867,12.821501,0.000000,3.033047,,0.976452,0,190,0,71.753348
3211,97811,0,762867,12.821501,0.000000,0.028948,,0.976157,0,190,0,71.762142
3212,97811,0,762867,12.821501,0.000000,0.029916,,0.975863,0,190,0,71.770931
3213,97811,0,762867,12.821501,0.000000,1.038454,,0.975882,0,190,0,71.779714
3214,97811,0,762867,12.821501,0.000000,0.032561,,0.975589,0,190,0,71.788491
3215,97811,0,762867,12.821501,0.000000,0.028722,,0.975294,0,190,0,71.797264
3216,97812,1,762867,12.821632,0.000131,1.029210,,0.975311,0,190,0,71.806030
3217,97815,3,762867,12.822025,0.000393,5.088938,timeout,0.976590,0,191,0,71.783717
3218,97815,0,762867,12.822025,0.000000,0.029082,,0.976295,0,191,0,71.792482
3219,97815,0,762867,12.822025,0.000000,0.025893,,0.976000,0,191,0,71.801242
3220,97815,0,762867,12.822025,0.000000,0.031393,,0.975707,0,191,0,71.809997
3221,97815,0,762867,12.822025,0.000000,0.030293,,0.975413,0,191,0,71.818746
3222,97815,0,762867,12.822025,0.000000,1.034472,,0.975432,0,191,0,71.827490
3223,97815,0,762867,12.822025,0.000000,3.033419,,0.976070,0,191,0,71.836228
3224,97815,0,762867,12.822025,0.000000,0.029536,,0.975777,0,191,0,71.844961
3225,97815,0,762867,12.822025,0.000000,0.021754,non_zero_exit,0.975481,0,191,0,71.822691
3226,97816,1,762867,12.822156,0.000131,0.033797,,0.975189,0,191,0,71.831422
3227,97816,0,762867,12.822156,0.000000,0.027816,non_zero_exit,0.974896,0,191,0,71.809170
3228,97816,0,762867,12.822156,0.000000,0.336647,,0.974698,0,191,0,71.817900
3229,97816,0,762867,12.822156,0.000000,3.031850,,0.975335,0,191,0,71.826625
3230,97816,0,762867,12.822156,0.000000,3.030449,,0.975971,0,191,0,71.835345
3231,97816,0,762867,12.822156,0.000000,1.033674,,0.975989,0,191,0,71.844059
3232,97826,10,762867,12.823467,0.001311,0.028165,,0.975695,0,191,0,71.852768
3233,97826,0,762867,12.823467,0.000000,1.030674,,0.975712,0,191,0,71.861472
3234,97826,0,762867,12.823467,0.000000,0.023949,non_zero_exit,0.975418,0,191,0,71.839258
3235,97826,0,762867,12.823467,0.000000,0.036167,,0.975128,0,191,0,71.847960
3236,97826,0,762867,12.823467,0.000000,0.025987,,0.974835,0,191,0,71.856657
3237,97826,0,762867,12.823467,0.000000,0.021417,non_zero_exit,0.974540,0,191,0,71.834466
3238,97826,0,762867,12.823467,0.000000,0.034188,,0.974250,0,191,0,71.843161
3239,97826,0,762867,12.823467,0.000000,0.032094,,0.973959,0,191,0,71.851852
3240,97826,0,762867,12.823467,0.000000,1.034622,,0.973978,0,191,0,71.860537
3241,97826,0,762867,12.823467,0.000000,5.004502,timeout,0.975221,0,192,0,71.838371
3242,97826,0,762867,12.823467,0.000000,0.024369,non_zero_exit,0.974928,0,192,0,71.816220
3243,97826,0,762867,12.823467,0.000000,0.030443,,0.974637,0,192,0,71.824908
3244,97827,1,762867,12.823598,0.000131,0.031869,,0.974346,0,192,0,71.833590
3245,97827,0,762867,12.823598,0.000000,0.026552,,0.974054,0,192,0,71.842267
3246,97827,0,762867,12.823598,0.000000,0.032060,,0.973764,0,192,0,71.850939
3247,97828,1,762867,12.823729,0.000131,0.022253,non_zero_exit,0.973471,0,192,0,71.828818
3248,97828,0,762867,12.823729,0.000000,5.004466,timeout,0.974712,0,193,0,71.806710
3249,97830,2,762867,12.823992,0.000262,0.022286,non_zero_exit,0.974419,0,193,0,71.784615
3250,97830,0,762867,12.823992,0.000000,3.034747,,0.975053,0,193,0,71.793294
3251,97830,0,762867,12.823992,0.000000,0.022505,non_zero_exit,0.974760,0,193,0,71.771218
3252,97830,0,762867,12.823992,0.000000,0.024351,non_zero_exit,0.974468,0,193,0,71.749155
3253,97830,0,762867,12.823992,0.000000,1.027207,,0.974484,0,193,0,71.757837
3254,97830,0,762867,12.823992,0.000000,0.031944,,0.974194,0,193,0,71.766513
3255,97830,0,762867,12.823992,0.000000,0.021976,non_zero_exit,0.973902,0,193,0,71.744472
3256,97830,0,762867,12.823992,0.000000,0.023491,non_zero_exit,0.973610,0,193,0,71.722444
3257,97830,0,762867,12.823992,0.000000,0.026294,,0.973319,0,193,0,71.731123
3258,97830,0,762867,12.823992,0.000000,0.029952,,0.973030,0,193,0,71.739797
3259,97830,0,762867,12.823992,0.000000,1.028199,,0.973047,0,193,0,71.748466
3260,97830,0,762867,12.823992,0.000000,0.030485,,0.972758,0,193,0,71.757130
3261,97830,0,762867,12.823992,0.000000,1.031815,,0.972776,0,193,0,71.765788
3262,97830,0,762867,12.823992,0.000000,1.030372,,0.972793,0,193,0,71.774441
3263,97836,6,762867,12.824778,0.000787,0.029577,,0.972504,0,193,0,71.783088
3264,97836,0,762867,12.824778,0.000000,0.030494,,0.972216,0,193,0,71.791730
3265,97836,0,762867,12.824778,0.000000,1.031760,non_zero_exit,0.972234,0,193,0,71.769749
3266,97836,0,762867,12.824778,0.000000,0.028769,,0.971945,0,193,0,71.778390
3267,97836,0,762867,12.824778,0.000000,5.004408,timeout,0.973179,0,194,0,71.756426
3268,97836,0,762867,12.824778,0.000000,0.023770,non_zero_exit,0.972889,0,194,0,71.734475
3269,97839,3,762867,12.825171,0.000393,5.025112,timeout,0.974128,0,195,0,71.712538
3270,97839,0,762867,12.825171,0.000000,5.004420,timeout,0.975360,0,196,0,71.690614
3271,97839,0,762867,12.825171,0.000000,1.034447,,0.975378,0,196,0,71.699267
3272,97839,0,762867,12.825171,0.000000,0.019922,non_zero_exit,0.975086,0,196,0,71.677360
3273,97849,10,762867,12.826482,0.001311,2.029469,,0.975408,0,196,0,71.686011
3274,97849,0,762867,12.826482,0.000000,0.030702,,0.975120,0,196,0,71.694656
3275,97849,0,762867,12.826482,0.000000,0.036452,,0.974833,0,196,0,71.703297
3276,97849,0,762867,12.826482,0.000000,1.030159,non_zero_exit,0.974850,0,196,0,71.681416
3277,97852,3,762867,12.826875,0.000393,0.024186,non_zero_exit,0.974560,0,196,0,71.659549
3278,97852,0,762867,12.826875,0.000000,1.027482,,0.974576,0,196,0,71.668192
3279,97852,0,762867,12.826875,0.000000,0.031640,,0.974289,0,196,0,71.676829
3280,97852,0,762867,12.826875,0.000000,0.028086,,0.974000,0,196,0,71.685462
3281,97852,0,762867,12.826875,0.000000,0.030326,,0.973713,0,196,0,71.694089
3282,97852,0,762867,12.826875,0.000000,1.530179,non_zero_exit,0.973882,0,196,0,71.672251
3283,97853,1,762867,12.827007,0.000131,0.026730,non_zero_exit,0.973594,0,196,0,71.650426
3284,97868,15,762867,12.828973,0.001966,1.029661,,0.973611,0,196,0,71.659056
3285,97868,0,762867,12.828973,0.000000,1.032100,,0.973629,0,196,0,71.667681
3286,97872,4,762867,12.829497,0.000524,0.025545,non_zero_exit,0.973340,0,196,0,71.645878
3287,97872,0,762867,12.829497,0.000000,0.032605,,0.973054,0,196,0,71.654501
3288,97872,0,762867,12.829497,0.000000,0.141235,,0.972801,0,196,0,71.663119
3289,97873,1,762867,12.829628,0.000131,0.021580,non_zero_exit,0.972512,0,196,0,71.641337
3290,97873,0,762867,12.829628,0.000000,1.030097,,0.972530,0,196,0,71.649954
3291,97873,0,762867,12.829628,0.000000,1.031914,,0.972548,0,196,0,71.658566
3292,97874,1,762867,12.829759,0.000131,0.027170,,0.972261,0,196,0,71.667173
3293,97874,0,762867,12.829759,0.000000,0.028061,non_zero_exit,0.971974,0,196,0,71.645416
3294,97874,0,762867,12.829759,0.000000,0.026808,,0.971687,0,196,0,71.654021
3295,97874,0,762867,12.829759,0.000000,0.133977,non_zero_exit,0.971433,0,196,0,71.632282
3296,97874,0,762867,12.829759,0.000000,0.025162,non_zero_exit,0.971146,0,196,0,71.610555
3297,97874,0,762867,12.829759,0.000000,5.003078,timeout,0.972369,0,197,0,71.588842
3298,97874,0,762867,12.829759,0.000000,1.030566,,0.972386,0,197,0,71.597454
3299,97874,0,762867,12.829759,0.000000,2.024016,,0.972705,0,197,0,71.606061
3300,97874,0,762867,12.829759,0.000000,0.029025,,0.972419,0,197,0,71.614662
3301,97874,0,762867,12.829759,0.000000,0.028306,,0.972133,0,197,0,71.623259
3302,97874,0,762867,12.829759,0.000000,0.029026,,0.971848,0,197,0,71.631850
3303,97874,0,762867,12.829759,0.000000,1.030001,,0.971865,0,197,0,71.640436
3304,97874,0,762867,12.829759,0.000000,5.004298,timeout,0.973085,0,198,0,71.618759
3305,97874,0,762867,12.829759,0.000000,0.022074,non_zero_exit,0.972798,0,198,0,71.597096
3306,97874,0,762867,12.829759,0.000000,0.031356,,0.972513,0,198,0,71.605685
3307,97875,1,762867,12.829890,0.000131,1.036252,,0.972532,0,198,0,71.614268
3308,97875,0,762867,12.829890,0.000000,1.027644,,0.972549,0,198,0,71.622847
3309,97875,0,762867,12.829890,0.000000,0.026442,non_zero_exit,0.972263,0,198,0,71.601208
3310,97875,0,762867,12.829890,0.000000,0.030396,,0.971979,0,198,0,71.609786
3311,97875,0,762867,12.829890,0.000000,0.023510,non_zero_exit,0.971692,0,198,0,71.588164
3312,97875,0,762867,12.829890,0.000000,1.034067,,0.971711,0,198,0,71.596740
3313,97875,0,762867,12.829890,0.000000,1.034736,,0.971730,0,198,0,71.605311
3314,97875,0,762867,12.829890,0.000000,1.037064,,0.971750,0,198,0,71.613876
3315,97875,0,762867,12.829890,0.000000,1.535239,,0.971920,0,198,0,71.622437
3316,97881,6,762867,12.830677,0.000787,0.022968,non_zero_exit,0.971634,0,198,0,71.600844
3317,97881,0,762867,12.830677,0.000000,1.031701,,0.971652,0,198,0,71.609403
3318,97881,0,762867,12.830677,0.000000,0.031412,,0.971368,0,198,0,71.617957
3319,97881,0,762867,12.830677,0.000000,0.019549,non_zero_exit,0.971082,0,198,0,71.596386
3320,97881,0,762867,12.830677,0.000000,5.004425,timeout,0.972296,0,199,0,71.574827
3321,97881,0,762867,12.830677,0.000000,0.877274,,0.972268,0,199,0,71.583384
3322,97893,12,762867,12.832250,0.001573,3.027358,non_zero_exit,0.972886,0,199,0,71.561842
3323,97893,0,762867,12.832250,0.000000,1.037774,,0.972906,0,199,0,71.570397
3324,97893,0,762867,12.832250,0.000000,1.026470,,0.972922,0,199,0,71.578947
3325,97893,0,762867,12.832250,0.000000,1.028759,,0.972939,0,199,0,71.587492
3326,97893,0,762867,12.832250,0.000000,1.031993,,0.972956,0,199,0,71.596032
3327,97893,0,762867,12.832250,0.000000,0.035075,,0.972674,0,199,0,71.604567
3328,97893,0,762867,12.832250,0.000000,1.524116,,0.972840,0,199,0,71.613097
3329,97893,0,762867,12.832250,0.000000,1.027026,,0.972856,0,199,0,71.621622
3330,97893,0,762867,12.832250,0.000000,0.030483,,0.972573,0,199,0,71.630141
3331,97893,0,762867,12.832250,0.000000,0.021842,non_zero_exit,0.972288,0,199,0,71.608643
3332,97893,0,762867,12.832250,0.000000,0.028935,,0.972005,0,199,0,71.617162
3333,97893,0,762867,12.832250,0.000000,0.029397,,0.971722,0,199,0,71.625675
3334,97893,0,762867,12.832250,0.000000,0.533993,,0.971591,0,199,0,71.634183
3335,97893,0,762867,12.832250,0.000000,1.036479,,0.971611,0,199,0,71.642686
3336,97893,0,762867,12.832250,0.000000,0.023003,non_zero_exit,0.971326,0,199,0,71.621217
3337,97893,0,762867,12.832250,0.000000,1.034818,,0.971345,0,199,0,71.629718
3338,97893,0,762867,12.832250,0.000000,0.043280,,0.971067,0,199,0,71.638215
3339,97893,0,762867,12.832250,0.000000,0.029598,,0.970785,0,199,0,71.646707
3340,97893,0,762867,12.832250,0.000000,0.635590,,0.970685,0,199,0,71.655193
3341,97893,0,762867,12.832250,0.000000,2.032657,,0.971003,0,199,0,71.663674
3342,97893,0,762867,12.832250,0.000000,2.035356,,0.971321,0,199,0,71.672151
3343,97893,0,762867,12.832250,0.000000,5.003390,timeout,0.972527,0,200,0,71.650718
3344,97893,0,762867,12.832250,0.000000,0.025279,non_zero_exit,0.972244,0,200,0,71.629297
3345,97893,0,762867,12.832250,0.000000,0.637852,,0.972144,0,200,0,71.637776
3346,97893,0,762867,12.832250,0.000000,4.532773,,0.973208,0,200,0,71.646250
3347,97893,0,762867,12.832250,0.000000,0.028100,,0.972925,0,200,0,71.654719
3348,97894,1,762867,12.832381,0.000131,0.025555,non_zero_exit,0.972643,0,200,0,71.633323
3349,97894,0,762867,12.832381,0.000000,0.020240,non_zero_exit,0.972358,0,200,0,71.611940
3350,97894,0,762867,12.832381,0.000000,0.025282,,0.972076,0,200,0,71.620412
3351,97894,0,762867,12.832381,0.000000,0.023080,non_zero_exit,0.971793,0,200,0,71.599045
3352,97894,0,762867,12.832381,0.000000,1.028362,,0.971809,0,200,0,71.607516
3353,97894,0,762867,12.832381,0.000000,1.024973,,0.971825,0,200,0,71.615981
3354,97894,0,762867,12.832381,0.000000,1.031907,,0.971843,0,200,0,71.624441
3355,97894,0,762867,12.832381,0.000000,0.026051,non_zero_exit,0.971561,0,200,0,71.603099
3356,97894,0,762867,12.832381,0.000000,0.021346,non_zero_exit,0.971278,0,200,0,71.581769
3357,97894,0,762867,12.832381,0.000000,0.030601,,0.970998,0,200,0,71.590232
3358,97894,0,762867,12.832381,0.000000,1.035020,,0.971017,0,200,0,71.598690
3359,97894,0,762867,12.832381,0.000000,0.032095,,0.970738,0,200,0,71.607143
3360,97894,0,762867,12.832381,0.000000,0.023713,non_zero_exit,0.970456,0,200,0,71.585838
3361,97894,0,762867,12.832381,0.000000,5.006977,timeout,0.971657,0,201,0,71.564545
3362,97894,0,762867,12.832381,0.000000,0.044107,,0.971381,0,201,0,71.573000
3363,97894,0,762867,12.832381,0.000000,0.031797,,0.971102,0,201,0,71.581451
3364,97894,0,762867,12.832381,0.000000,1.029424,,0.971119,0,201,0,71.589896
3365,97894,0,762867,12.832381,0.000000,1.534461,,0.971286,0,201,0,71.598336
3366,97896,2,762867,12.832643,0.000262,0.033014,,0.971008,0,201,0,71.606772
3367,97896,0,762867,12.832643,0.000000,2.032203,,0.971323,0,201,0,71.615202
3368,97896,0,762867,12.832643,0.000000,1.035918,,0.971342,0,201,0,71.623627
3369,97896,0,762867,12.832643,0.000000,0.030491,,0.971063,0,201,0,71.632047
3370,97896,0,762867,12.832643,0.000000,0.037432,,0.970786,0,201,0,71.640463
3371,97896,0,762867,12.832643,0.000000,0.028514,,0.970506,0,201,0,71.648873
3372,97897,1,762867,12.832774,0.000131,1.936190,,0.970793,0,201,0,71.657278
3373,97897,0,762867,12.832774,0.000000,0.021229,,0.970511,0,201,0,71.665679
3374,97897,0,762867,12.832774,0.000000,0.025347,non_zero_exit,0.970231,0,201,0,71.644444
3375,97897,0,762867,12.832774,0.000000,0.139913,,0.969985,0,201,0,71.652844
3376,97897,0,762867,12.832774,0.000000,5.003948,timeout,0.971180,0,202,0,71.631626
3377,97897,0,762867,12.832774,0.000000,5.003798,timeout,0.972373,0,203,0,71.610420
3378,97897,0,762867,12.832774,0.000000,0.031463,,0.972095,0,203,0,71.618822
3379,97897,0,762867,12.832774,0.000000,1.031456,,0.972113,0,203,0,71.627219
3380,97898,1,762867,12.832905,0.000131,0.022545,non_zero_exit,0.971832,0,203,0,71.606034
3381,97898,0,762867,12.832905,0.000000,0.026528,,0.971552,0,203,0,71.614429
3382,97898,0,762867,12.832905,0.000000,0.530137,,0.971422,0,203,0,71.622820
3383,97898,0,762867,12.832905,0.000000,0.025822,,0.971142,0,203,0,71.631206
3384,97898,0,762867,12.832905,0.000000,0.032566,,0.970865,0,203,0,71.639586
3385,97898,0,762867,12.832905,0.000000,2.030623,,0.971178,0,203,0,71.647962
3386,97898,0,762867,12.832905,0.000000,0.024974,non_zero_exit,0.970899,0,203,0,71.626808
3387,97898,0,762867,12.832905,0.000000,5.004753,timeout,0.972089,0,204,0,71.605667
3388,97898,0,762867,12.832905,0.000000,0.025845,,0.971810,0,204,0,71.614045
3389,97898,0,762867,12.832905,0.000000,0.129107,,0.971561,0,204,0,71.622419
3390,97898,0,762867,12.832905,0.000000,0.026922,,0.971283,0,204,0,71.630787
3391,97898,0,762867,12.832905,0.000000,0.029583,,0.971005,0,204,0,71.639151
3392,97898,0,762867,12.832905,0.000000,0.023692,non_zero_exit,0.970726,0,204,0,71.618037
3393,97898,0,762867,12.832905,0.000000,0.036447,,0.970451,0,204,0,71.626400
3394,97898,0,762867,12.832905,0.000000,0.026124,non_zero_exit,0.970173,0,204,0,71.605302
3395,97898,0,762867,12.832905,0.000000,1.831374,,0.970426,0,204,0,71.613663
3396,97898,0,762867,12.832905,0.000000,1.035463,,0.970445,0,204,0,71.622019
3397,97898,0,762867,12.832905,0.000000,0.029463,,0.970168,0,204,0,71.630371
3398,97898,0,762867,12.832905,0.000000,0.022772,non_zero_exit,0.969890,0,204,0,71.609297
3399,97898,0,762867,12.832905,0.000000,5.004701,timeout,0.971076,0,205,0,71.588235
3400,97898,0,762867,12.832905,0.000000,0.024220,non_zero_exit,0.970798,0,205,0,71.567186
3401,97898,0,762867,12.832905,0.000000,0.024506,non_zero_exit,0.970520,0,205,0,71.546149
3402,97898,0,762867,12.832905,0.000000,0.031685,,0.970244,0,205,0,71.554511
3403,97898,0,762867,12.832905,0.000000,0.033909,,0.969969,0,205,0,71.562867
3404,97898,0,762867,12.832905,0.000000,0.035956,,0.969695,0,205,0,71.571219
3405,97898,0,762867,12.832905,0.000000,0.031515,,0.969419,0,205,0,71.579565
3406,97898,0,762867,12.832905,0.000000,0.032435,,0.969144,0,205,0,71.587907
3407,97898,0,762867,12.832905,0.000000,0.024014,non_zero_exit,0.968867,0,205,0,71.566901
3408,97898,0,762867,12.832905,0.000000,0.021887,non_zero_exit,0.968589,0,205,0,71.545908
3409,97898,0,762867,12.832905,0.000000,1.034668,,0.968608,0,205,0,71.554252
3410,97898,0,762867,12.832905,0.000000,0.030105,,0.968333,0,205,0,71.562592
3411,97898,0,762867,12.832905,0.000000,0.539622,,0.968208,0,205,0,71.570926
3412,97898,0,762867,12.832905,0.000000,0.530886,,0.968079,0,205,0,71.579256
3413,97898,0,762867,12.832905,0.000000,0.034452,,0.967806,0,205,0,71.587581
3414,97898,0,762867,12.832905,0.000000,1.035586,,0.967826,0,205,0,71.595900
3415,97898,0,762867,12.832905,0.000000,0.023469,non_zero_exit,0.967549,0,205,0,71.574941
3416,97898,0,762867,12.832905,0.000000,3.038426,non_zero_exit,0.968155,0,205,0,71.553995
3417,97898,0,762867,12.832905,0.000000,1.025467,,0.968172,0,205,0,71.562317
3418,97898,0,762867,12.832905,0.000000,1.030476,,0.968190,0,205,0,71.570635
3419,97899,1,762867,12.833036,0.000131,1.030185,,0.968209,0,205,0,71.578947
3420,97899,0,762867,12.833036,0.000000,2.029258,,0.968519,0,205,0,71.587255
3421,97899,0,762867,12.833036,0.000000,1.031548,,0.968537,0,205,0,71.595558
3422,97899,0,762867,12.833036,0.000000,0.020581,non_zero_exit,0.968260,0,205,0,71.574642
3423,97899,0,762867,12.833036,0.000000,2.035132,,0.968572,0,205,0,71.582944
3424,97899,0,762867,12.833036,0.000000,5.004735,timeout,0.969750,0,206,0,71.562044
3425,97899,0,762867,12.833036,0.000000,1.029711,,0.969768,0,206,0,71.570344
3426,97899,0,762867,12.833036,0.000000,0.029555,,0.969493,0,206,0,71.578640
3427,97899,0,762867,12.833036,0.000000,2.033878,,0.969804,0,206,0,71.586931
3428,97899,0,762867,12.833036,0.000000,0.036062,,0.969532,0,206,0,71.595217
3429,97943,44,762867,12.838804,0.005768,1.030955,,0.969549,0,206,0,71.603499
3430,97943,0,762867,12.838804,0.000000,0.027547,,0.969275,0,206,0,71.611775
3431,97943,0,762867,12.838804,0.000000,4.532876,,0.970313,0,206,0,71.620047
3432,97943,0,762867,12.838804,0.000000,0.133218,,0.970069,0,206,0,71.628313
3433,97943,0,762867,12.838804,0.000000,0.536617,,0.969943,0,206,0,71.636575
3434,97943,0,762867,12.838804,0.000000,0.027406,non_zero_exit,0.969669,0,206,0,71.615721
3435,97943,0,762867,12.838804,0.000000,0.029388,,0.969395,0,206,0,71.623981
3436,97943,0,762867,12.838804,0.000000,0.025788,,0.969121,0,206,0,71.632237
3437,97943,0,762867,12.838804,0.000000,0.031966,,0.968848,0,206,0,71.640489
3438,97943,0,762867,12.838804,0.000000,1.031646,,0.968866,0,206,0,71.648735
3439,97943,0,762867,12.838804,0.000000,2.029485,,0.969175,0,206,0,71.656977
3440,97943,0,762867,12.838804,0.000000,0.032185,,0.968902,0,206,0,71.665214
3441,99308,1365,762867,13.017734,0.178930,5.027298,timeout,0.970081,0,207,0,71.644393
3442,99308,0,762867,13.017734,0.000000,3.030405,,0.970680,0,207,0,71.652629
3443,99308,0,762867,13.017734,0.000000,0.020837,non_zero_exit,0.970404,0,207,0,71.631823
3444,99374,66,762867,13.026386,0.008652,3.031645,,0.971002,0,207,0,71.640058
3445,99374,0,762867,13.026386,0.000000,0.135854,,0.970760,0,207,0,71.648288
3446,99374,0,762867,13.026386,0.000000,5.004054,timeout,0.971930,0,208,0,71.627502
3447,99375,1,762867,13.026517,0.000131,0.028497,,0.971656,0,208,0,71.635731
3448,99375,0,762867,13.026517,0.000000,0.028231,,0.971383,0,208,0,71.643955
3449,99375,0,762867,13.026517,0.000000,0.021025,non_zero_exit,0.971107,0,208,0,71.623188
3450,99375,0,762867,13.026517,0.000000,0.029587,,0.970835,0,208,0,71.631411
3451,99375,0,762867,13.026517,0.000000,5.003834,timeout,0.972003,0,209,0,71.610660
3452,99391,16,762867,13.028614,0.002097,0.027974,,0.971730,0,209,0,71.618882
3453,99391,0,762867,13.028614,0.000000,0.034830,,0.971458,0,209,0,71.627099
3454,99391,0,762867,13.028614,0.000000,2.114580,,0.971789,0,209,0,71.635311
3455,99391,0,762867,13.028614,0.000000,0.538793,,0.971664,0,209,0,71.643519
3456,99391,0,762867,13.028614,0.000000,2.023004,,0.971968,0,209,0,71.651721
3457,99391,0,762867,13.028614,0.000000,0.030170,,0.971696,0,209,0,71.659919
3458,99391,0,762867,13.028614,0.000000,0.027302,,0.971423,0,209,0,71.668112
3459,99391,0,762867,13.028614,0.000000,1.027577,,0.971439,0,209,0,71.676301
3460,99392,1,762867,13.028746,0.000131,0.019765,non_zero_exit,0.971164,0,209,0,71.655591
3461,99392,0,762867,13.028746,0.000000,1.035175,,0.971182,0,209,0,71.663778
3462,99392,0,762867,13.028746,0.000000,0.030184,,0.970911,0,209,0,71.671961
3463,99392,0,762867,13.028746,0.000000,0.128175,,0.970667,0,209,0,71.680139
3464,99392,0,762867,13.028746,0.000000,1.031468,,0.970685,0,209,0,71.688312
3465,99392,0,762867,13.028746,0.000000,0.020974,non_zero_exit,0.970411,0,209,0,71.667628
3466,99392,0,762867,13.028746,0.000000,0.626430,,0.970312,0,209,0,71.675800
3467,99392,0,762867,13.028746,0.000000,1.028500,non_zero_exit,0.970328,0,209,0,71.655133
3468,99392,0,762867,13.028746,0.000000,1.025065,,0.970344,0,209,0,71.663304
3469,99392,0,762867,13.028746,0.000000,0.021542,non_zero_exit,0.970071,0,209,0,71.642651
3470,99392,0,762867,13.028746,0.000000,2.026404,,0.970375,0,209,0,71.650821
3471,99493,101,762867,13.041985,0.013240,5.022725,timeout,0.971542,0,210,0,71.630184
3472,99494,1,762867,13.042116,0.000131,0.025763,,0.971270,0,210,0,71.638353
3473,99494,0,762867,13.042116,0.000000,0.026140,,0.970998,0,210,0,71.646517
3474,99494,0,762867,13.042116,0.000000,0.029848,,0.970727,0,210,0,71.654676
3475,99494,0,762867,13.042116,0.000000,1.030140,,0.970744,0,210,0,71.662831
3476,99495,1,762867,13.042247,0.000131,0.021721,non_zero_exit,0.970471,0,210,0,71.642220
3477,99495,0,762867,13.042247,0.000000,0.032328,,0.970201,0,210,0,71.650374
3478,99495,0,762867,13.042247,0.000000,0.034097,,0.969932,0,210,0,71.658523
3479,99495,0,762867,13.042247,0.000000,0.020685,non_zero_exit,0.969660,0,210,0,71.637931
3480,99495,0,762867,13.042247,0.000000,0.022352,non_zero_exit,0.969387,0,210,0,71.617351
3481,99495,0,762867,13.042247,0.000000,1.030339,,0.969405,0,210,0,71.625503
3482,99495,0,762867,13.042247,0.000000,0.023112,non_zero_exit,0.969133,0,210,0,71.604938
3483,99495,0,762867,13.042247,0.000000,5.008851,timeout,0.970293,0,211,0,71.584386
3484,99495,0,762867,13.042247,0.000000,0.026866,non_zero_exit,0.970022,0,211,0,71.563845
3485,99495,0,762867,13.042247,0.000000,0.031459,,0.969753,0,211,0,71.572002
3486,99495,0,762867,13.042247,0.000000,0.022278,non_zero_exit,0.969481,0,211,0,71.551477
3487,99502,7,762867,13.043165,0.000918,1.033267,,0.969499,0,211,0,71.559633
3488,99502,0,762867,13.043165,0.000000,0.023815,non_zero_exit,0.969228,0,211,0,71.539123
3489,99502,0,762867,13.043165,0.000000,0.035308,,0.968961,0,211,0,71.547278
3490,99502,0,762867,13.043165,0.000000,2.033430,,0.969266,0,211,0,71.555428
3491,99502,0,762867,13.043165,0.000000,0.028384,,0.968996,0,211,0,71.563574
3492,99502,0,762867,13.043165,0.000000,1.029071,,0.969013,0,211,0,71.571715
3493,99502,0,762867,13.043165,0.000000,0.038699,non_zero_exit,0.968747,0,211,0,71.551231
3494,99502,0,762867,13.043165,0.000000,1.038984,,0.968767,0,211,0,71.559371
3495,99502,0,762867,13.043165,0.000000,2.024736,,0.969069,0,211,0,71.567506
3496,99502,0,762867,13.043165,0.000000,1.037916,,0.969089,0,211,0,71.575636
3497,99502,0,762867,13.043165,0.000000,0.024326,non_zero_exit,0.968819,0,211,0,71.555174
3498,99502,0,762867,13.043165,0.000000,0.031682,,0.968551,0,211,0,71.563304
3499,99502,0,762867,13.043165,0.000000,0.031856,,0.968283,0,211,0,71.571429
3500,99502,0,762867,13.043165,0.000000,0.029292,,0.968015,0,211,0,71.579549
3501,99502,0,762867,13.043165,0.000000,0.026302,non_zero_exit,0.967746,0,211,0,71.559109
3502,99502,0,762867,13.043165,0.000000,1.029775,,0.967764,0,211,0,71.567228
3503,99502,0,762867,13.043165,0.000000,1.031435,,0.967782,0,211,0,71.575342
3504,99502,0,762867,13.043165,0.000000,2.026475,,0.968084,0,211,0,71.583452
3505,99502,0,762867,13.043165,0.000000,1.037425,,0.968104,0,211,0,71.591557
3506,99502,0,762867,13.043165,0.000000,0.030712,,0.967837,0,211,0,71.599658
3507,99502,0,762867,13.043165,0.000000,2.034479,,0.968141,0,211,0,71.607754
3508,99502,0,762867,13.043165,0.000000,1.032010,,0.968159,0,211,0,71.615845
3509,99502,0,762867,13.043165,0.000000,4.532510,,0.969175,0,211,0,71.623932
3510,99502,0,762867,13.043165,0.000000,2.042068,,0.969480,0,211,0,71.632014
3511,99502,0,762867,13.043165,0.000000,0.030228,,0.969213,0,211,0,71.640091
3512,99502,0,762867,13.043165,0.000000,0.529579,,0.969088,0,211,0,71.648164
3513,99502,0,762867,13.043165,0.000000,1.034954,,0.969106,0,211,0,71.656232
3514,99502,0,762867,13.043165,0.000000,0.024478,non_zero_exit,0.968838,0,211,0,71.635846
3515,99502,0,762867,13.043165,0.000000,1.037243,,0.968857,0,211,0,71.643914
3516,99502,0,762867,13.043165,0.000000,0.040255,,0.968593,0,211,0,71.651976
3517,99502,0,762867,13.043165,0.000000,3.028393,,0.969178,0,211,0,71.660034
3518,99502,0,762867,13.043165,0.000000,0.028892,,0.968911,0,211,0,71.668088
3519,99502,0,762867,13.043165,0.000000,0.036032,,0.968646,0,211,0,71.676136
3520,99502,0,762867,13.043165,0.000000,0.029854,,0.968380,0,211,0,71.684181
3521,99502,0,762867,13.043165,0.000000,1.031695,,0.968398,0,211,0,71.692220
3522,99502,0,762867,13.043165,0.000000,0.029524,,0.968131,0,211,0,71.700255
3523,99502,0,762867,13.043165,0.000000,0.023866,non_zero_exit,0.967863,0,211,0,71.679909
3524,99502,0,762867,13.043165,0.000000,0.029061,,0.967597,0,211,0,71.687943
3525,99502,0,762867,13.043165,0.000000,0.031332,,0.967331,0,211,0,71.695973
3526,99502,0,762867,13.043165,0.000000,2.029635,,0.967632,0,211,0,71.703998
3527,99502,0,762867,13.043165,0.000000,1.031967,,0.967651,0,211,0,71.712018
3528,99504,2,762867,13.043427,0.000262,0.022388,non_zero_exit,0.967383,0,211,0,71.691697
3529,99504,0,762867,13.043427,0.000000,0.028824,,0.967117,0,211,0,71.699717
3530,99504,0,762867,13.043427,0.000000,0.021862,non_zero_exit,0.966849,0,211,0,71.679411
3531,99504,0,762867,13.043427,0.000000,0.021810,,0.966582,0,211,0,71.687429
3532,99504,0,762867,13.043427,0.000000,3.037348,,0.967168,0,211,0,71.695443
3533,99504,0,762867,13.043427,0.000000,5.003446,timeout,0.968310,0,212,0,71.675156
3534,99504,0,762867,13.043427,0.000000,0.025552,,0.968043,0,212,0,71.683168
3535,99504,0,762867,13.043427,0.000000,0.038843,,0.967780,0,212,0,71.691176
3536,99504,0,762867,13.043427,0.000000,0.025859,non_zero_exit,0.967514,0,212,0,71.670908
3537,99504,0,762867,13.043427,0.000000,1.833730,,0.967759,0,212,0,71.678915
3538,99504,0,762867,13.043427,0.000000,1.129038,,0.967805,0,212,0,71.686917
3539,99504,0,762867,13.043427,0.000000,0.023272,non_zero_exit,0.967538,0,212,0,71.666667
3540,99504,0,762867,13.043427,0.000000,1.032283,,0.967556,0,212,0,71.674668
3541,99504,0,762867,13.043427,0.000000,0.030310,,0.967291,0,212,0,71.682665
3542,99504,0,762867,13.043427,0.000000,0.026197,,0.967026,0,212,0,71.690658
3543,99504,0,762867,13.043427,0.000000,2.038843,,0.967328,0,212,0,71.698646
3544,99504,0,762867,13.043427,0.000000,3.036388,,0.967912,0,212,0,71.706629
3545,99505,1,762867,13.043558,0.000131,1.031917,,0.967930,0,212,0,71.714608
3546,99505,0,762867,13.043558,0.000000,0.029377,,0.967665,0,212,0,71.722582
3547,99505,0,762867,13.043558,0.000000,0.020732,non_zero_exit,0.967398,0,212,0,71.702368
3548,99505,0,762867,13.043558,0.000000,5.004219,timeout,0.968536,0,213,0,71.682164
3549,99505,0,762867,13.043558,0.000000,0.022561,non_zero_exit,0.968269,0,213,0,71.661972
3550,99505,0,762867,13.043558,0.000000,1.529423,,0.968427,0,213,0,71.669952
3551,99506,1,762867,13.043689,0.000131,2.042983,,0.968730,0,213,0,71.677928
3552,99506,0,762867,13.043689,0.000000,0.030127,,0.968466,0,213,0,71.685899
3553,99506,0,762867,13.043689,0.000000,0.025357,,0.968200,0,213,0,71.693866
3554,99506,0,762867,13.043689,0.000000,0.033385,,0.967937,0,213,0,71.701828
3555,99506,0,762867,13.043689,0.000000,0.021481,non_zero_exit,0.967671,0,213,0,71.681665
3556,99506,0,762867,13.043689,0.000000,1.029817,,0.967689,0,213,0,71.689626
3557,99506,0,762867,13.043689,0.000000,0.031362,,0.967426,0,213,0,71.697583
3558,99506,0,762867,13.043689,0.000000,1.033315,,0.967444,0,213,0,71.705535
3559,99506,0,762867,13.043689,0.000000,0.042856,,0.967184,0,213,0,71.713483
3560,99506,0,762867,13.043689,0.000000,1.028723,,0.967202,0,213,0,71.721427
3561,99506,0,762867,13.043689,0.000000,3.028904,,0.967781,0,213,0,71.729366
3562,99506,0,762867,13.043689,0.000000,1.031218,,0.967798,0,213,0,71.737300
3563,99506,0,762867,13.043689,0.000000,0.030425,,0.967535,0,213,0,71.745230
3564,99506,0,762867,13.043689,0.000000,5.004243,timeout,0.968668,0,214,0,71.725105
3565,99506,0,762867,13.043689,0.000000,1.034912,,0.968686,0,214,0,71.733034
3566,99506,0,762867,13.043689,0.000000,1.032740,,0.968704,0,214,0,71.740959
3567,99506,0,762867,13.043689,0.000000,0.028251,,0.968441,0,214,0,71.748879
3568,99506,0,762867,13.043689,0.000000,0.026809,,0.968177,0,214,0,71.756795
3569,99506,0,762867,13.043689,0.000000,0.022129,non_zero_exit,0.967912,0,214,0,71.736695
3570,99506,0,762867,13.043689,0.000000,0.031649,,0.967650,0,214,0,71.744609
3571,99506,0,762867,13.043689,0.000000,0.026695,,0.967386,0,214,0,71.752520
3572,99506,0,762867,13.043689,0.000000,2.032146,,0.967684,0,214,0,71.760425
3573,99506,0,762867,13.043689,0.000000,1.028369,,0.967701,0,214,0,71.768327
3574,99506,0,762867,13.043689,0.000000,5.004561,timeout,0.968830,0,215,0,71.748252
3575,99506,0,762867,13.043689,0.000000,1.029009,,0.968847,0,215,0,71.756152
3576,99506,0,762867,13.043689,0.000000,0.041981,,0.968588,0,215,0,71.764048
3577,99506,0,762867,13.043689,0.000000,0.024555,,0.968324,0,215,0,71.771940
3578,99506,0,762867,13.043689,0.000000,0.034622,non_zero_exit,0.968063,0,215,0,71.751886
3579,99509,3,762867,13.044082,0.000393,0.023128,non_zero_exit,0.967799,0,215,0,71.731844
3580,99509,0,762867,13.044082,0.000000,0.027683,non_zero_exit,0.967537,0,215,0,71.711812
3581,99509,0,762867,13.044082,0.000000,1.037520,,0.967556,0,215,0,71.719710
3582,99509,0,762867,13.044082,0.000000,0.540492,,0.967437,0,215,0,71.727603
3583,99510,1,762867,13.044213,0.000131,4.030143,,0.968292,0,215,0,71.735491
3584,99510,0,762867,13.044213,0.000000,1.030300,,0.968309,0,215,0,71.743375
3585,99510,0,762867,13.044213,0.000000,2.032947,,0.968606,0,215,0,71.751255
3586,99510,0,762867,13.044213,0.000000,0.031468,,0.968345,0,215,0,71.759130
3587,99512,2,762867,13.044476,0.000262,0.029092,non_zero_exit,0.968083,0,215,0,71.739130
3588,99512,0,762867,13.044476,0.000000,2.028364,,0.968378,0,215,0,71.747005
3589,99512,0,762867,13.044476,0.000000,3.032874,,0.968953,0,215,0,71.754875
3590,99512,0,762867,13.044476,0.000000,0.032207,,0.968692,0,215,0,71.762740
3591,99512,0,762867,13.044476,0.000000,0.028455,,0.968431,0,215,0,71.770601
3592,99512,0,762867,13.044476,0.000000,1.028405,,0.968447,0,215,0,71.778458
3593,99512,0,762867,13.044476,0.000000,0.654861,,0.968360,0,215,0,71.786311
3594,99512,0,762867,13.044476,0.000000,0.031722,,0.968100,0,215,0,71.794159
3595,99512,0,762867,13.044476,0.000000,0.037055,,0.967841,0,215,0,71.802002
3596,99512,0,762867,13.044476,0.000000,0.029562,,0.967580,0,215,0,71.809842
3597,99512,0,762867,13.044476,0.000000,2.028354,,0.967875,0,215,0,71.817676
3598,99512,0,762867,13.044476,0.000000,0.028612,,0.967614,0,215,0,71.825507
3599,99512,0,762867,13.044476,0.000000,1.031339,,0.967631,0,215,0,71.833333
3600,99512,0,762867,13.044476,0.000000,0.034173,,0.967372,0,215,0,71.841155
3601,99512,0,762867,13.044476,0.000000,0.021798,non_zero_exit,0.967110,0,215,0,71.821210
3602,99512,0,762867,13.044476,0.000000,0.032061,,0.966850,0,215,0,71.829031
3603,99512,0,762867,13.044476,0.000000,1.032798,,0.966868,0,215,0,71.836848
3604,99512,0,762867,13.044476,0.000000,1.033372,,0.966887,0,215,0,71.844660
3605,99512,0,762867,13.044476,0.000000,0.534019,,0.966767,0,215,0,71.852468
3606,99512,0,762867,13.044476,0.000000,0.038451,,0.966510,0,215,0,71.860272
3607,99512,0,762867,13.044476,0.000000,5.004813,timeout,0.967629,0,216,0,71.840355
3608,99512,0,762867,13.044476,0.000000,3.030402,,0.968200,0,216,0,71.848157
3609,99512,0,762867,13.044476,0.000000,3.031388,,0.968772,0,216,0,71.855956
3610,99512,0,762867,13.044476,0.000000,0.023764,non_zero_exit,0.968510,0,216,0,71.836056
3611,99512,0,762867,13.044476,0.000000,0.031694,,0.968251,0,216,0,71.843854
3612,99512,0,762867,13.044476,0.000000,3.036551,,0.968823,0,216,0,71.851647
3613,99512,0,762867,13.044476,0.000000,5.004299,timeout,0.969940,0,217,0,71.831765
3614,99512,0,762867,13.044476,0.000000,0.029646,,0.969680,0,217,0,71.839557
3615,99512,0,762867,13.044476,0.000000,1.531707,,0.969835,0,217,0,71.847345
3616,99515,3,762867,13.044869,0.000393,1.033489,,0.969853,0,217,0,71.855129
3617,99515,0,762867,13.044869,0.000000,2.032783,,0.970147,0,217,0,71.862908
3618,99515,0,762867,13.044869,0.000000,1.033575,,0.970164,0,217,0,71.870683
3619,99516,1,762867,13.045000,0.000131,3.032162,,0.970734,0,217,0,71.878453
3620,99516,0,762867,13.045000,0.000000,0.031403,,0.970474,0,217,0,71.886219
3621,99516,0,762867,13.045000,0.000000,1.031670,,0.970491,0,217,0,71.893981
3622,99516,0,762867,13.045000,0.000000,1.530409,,0.970646,0,217,0,71.901739
3623,99516,0,762867,13.045000,0.000000,0.029538,,0.970386,0,217,0,71.909492
3624,99516,0,762867,13.045000,0.000000,1.031616,,0.970403,0,217,0,71.917241
3625,99522,6,762867,13.045786,0.000787,1.032456,,0.970420,0,217,0,71.924986
3626,99522,0,762867,13.045786,0.000000,0.022285,non_zero_exit,0.970159,0,217,0,71.905156
3627,99522,0,762867,13.045786,0.000000,0.028049,,0.969899,0,217,0,71.912900
3628,99522,0,762867,13.045786,0.000000,3.030660,,0.970467,0,217,0,71.920639
3629,99522,0,762867,13.045786,0.000000,0.027337,,0.970207,0,217,0,71.928375
3630,99524,2,762867,13.046049,0.000262,3.035532,,0.970776,0,217,0,71.936106
3631,99524,0,762867,13.046049,0.000000,0.031747,,0.970517,0,217,0,71.943833
3632,99524,0,762867,13.046049,0.000000,1.035813,,0.970535,0,217,0,71.951555
3633,99524,0,762867,13.046049,0.000000,0.028606,,0.970276,0,217,0,71.959274
3634,99524,0,762867,13.046049,0.000000,0.034707,,0.970019,0,217,0,71.966988
3635,99532,8,762867,13.047097,0.001049,4.031141,,0.970861,0,217,0,71.974697
3636,99532,0,762867,13.047097,0.000000,4.533893,,0.971840,0,217,0,71.982403
3637,99532,0,762867,13.047097,0.000000,0.030545,,0.971581,0,217,0,71.990104
3638,99532,0,762867,13.047097,0.000000,0.031994,,0.971323,0,217,0,71.997802
3639,99533,1,762867,13.047228,0.000131,0.025138,,0.971063,0,217,0,72.005495
3640,99533,0,762867,13.047228,0.000000,0.030648,,0.970805,0,217,0,72.013183
3641,99533,0,762867,13.047228,0.000000,1.033375,,0.970822,0,217,0,72.020868
3642,99533,0,762867,13.047228,0.000000,1.029400,,0.970838,0,217,0,72.028548
3643,99533,0,762867,13.047228,0.000000,0.019454,non_zero_exit,0.970577,0,217,0,72.008782
3644,99533,0,762867,13.047228,0.000000,1.029538,,0.970593,0,217,0,72.016461
3645,99533,0,762867,13.047228,0.000000,2.572432,,0.971033,0,217,0,72.024136
3646,99533,0,762867,13.047228,0.000000,1.532706,,0.971187,0,217,0,72.031807
3647,99533,0,762867,13.047228,0.000000,3.033449,,0.971752,0,217,0,72.039474
3648,99533,0,762867,13.047228,0.000000,1.029022,,0.971768,0,217,0,72.047136
3649,99533,0,762867,13.047228,0.000000,0.034904,,0.971511,0,217,0,72.054795
3650,99533,0,762867,13.047228,0.000000,1.033251,,0.971528,0,217,0,72.062449
3651,99533,0,762867,13.047228,0.000000,2.531432,,0.971955,0,217,0,72.070099
3652,99533,0,762867,13.047228,0.000000,0.020281,non_zero_exit,0.971695,0,217,0,72.050370
3653,99533,0,762867,13.047228,0.000000,0.024483,non_zero_exit,0.971435,0,217,0,72.030651
3654,99533,0,762867,13.047228,0.000000,0.025597,,0.971177,0,217,0,72.038304
3655,99533,0,762867,13.047228,0.000000,0.035794,,0.970921,0,217,0,72.045952
3656,99533,0,762867,13.047228,0.000000,0.021644,non_zero_exit,0.970661,0,217,0,72.026251
3657,99533,0,762867,13.047228,0.000000,0.020970,non_zero_exit,0.970402,0,217,0,72.006561
3658,99533,0,762867,13.047228,0.000000,0.032409,,0.970145,0,217,0,72.014212
3659,99533,0,762867,13.047228,0.000000,2.023303,,0.970433,0,217,0,72.021858
3660,99533,0,762867,13.047228,0.000000,1.034281,,0.970450,0,217,0,72.029500
3661,99533,0,762867,13.047228,0.000000,1.030377,,0.970467,0,217,0,72.037138
3662,99533,0,762867,13.047228,0.000000,0.029587,,0.970210,0,217,0,72.044772
3663,99533,0,762867,13.047228,0.000000,0.030120,,0.969953,0,217,0,72.052402
3664,99533,0,762867,13.047228,0.000000,1.031784,,0.969970,0,217,0,72.060027
3665,99533,0,762867,13.047228,0.000000,0.021927,non_zero_exit,0.969712,0,217,0,72.040371
3666,99533,0,762867,13.047228,0.000000,2.028126,,0.970000,0,217,0,72.047996
3667,99533,0,762867,13.047228,0.000000,1.035128,,0.970018,0,217,0,72.055616
3668,99533,0,762867,13.047228,0.000000,1.029562,,0.970034,0,217,0,72.063232
3669,99533,0,762867,13.047228,0.000000,1.033245,,0.970051,0,217,0,72.070845
3670,99533,0,762867,13.047228,0.000000,1.031364,,0.970068,0,217,0,72.078453
3671,99533,0,762867,13.047228,0.000000,1.019342,,0.970082,0,217,0,72.086057
3672,99533,0,762867,13.047228,0.000000,0.029451,,0.969825,0,217,0,72.093656
3673,99533,0,762867,13.047228,0.000000,0.020997,non_zero_exit,0.969567,0,217,0,72.074034
3674,99533,0,762867,13.047228,0.000000,4.540792,non_zero_exit,0.970539,0,217,0,72.054422
3675,99537,4,762867,13.047753,0.000524,0.034379,,0.970284,0,217,0,72.062024
3676,99537,0,762867,13.047753,0.000000,0.031867,non_zero_exit,0.970029,0,217,0,72.042426
3677,99537,0,762867,13.047753,0.000000,2.415103,,0.970422,0,217,0,72.050027
3678,99537,0,762867,13.047753,0.000000,3.028952,non_zero_exit,0.970982,0,217,0,72.030443
3679,99537,0,762867,13.047753,0.000000,0.032921,non_zero_exit,0.970727,0,217,0,72.010870
3680,99538,1,762867,13.047884,0.000131,3.031567,,0.971286,0,217,0,72.018473
3681,99538,0,762867,13.047884,0.000000,0.035617,,0.971032,0,217,0,72.026073
3682,99538,0,762867,13.047884,0.000000,0.028424,,0.970776,0,217,0,72.033668
3683,99538,0,762867,13.047884,0.000000,1.030107,,0.970793,0,217,0,72.041260
3684,99538,0,762867,13.047884,0.000000,0.031840,,0.970538,0,217,0,72.048847
3685,99538,0,762867,13.047884,0.000000,0.028766,,0.970282,0,217,0,72.056430
3686,99538,0,762867,13.047884,0.000000,1.830707,,0.970516,0,217,0,72.064009
3687,99538,0,762867,13.047884,0.000000,0.024443,,0.970259,0,217,0,72.071584
3688,99538,0,762867,13.047884,0.000000,3.532923,,0.970954,0,217,0,72.079154
3689,99538,0,762867,13.047884,0.000000,0.021791,non_zero_exit,0.970697,0,217,0,72.059621
3690,99538,0,762867,13.047884,0.000000,1.031143,,0.970713,0,217,0,72.067190
3691,99538,0,762867,13.047884,0.000000,3.040070,,0.971273,0,217,0,72.074756
3692,99538,0,762867,13.047884,0.000000,0.019629,non_zero_exit,0.971016,0,217,0,72.055240
3693,99538,0,762867,13.047884,0.000000,0.020850,non_zero_exit,0.970758,0,217,0,72.035734
3694,99538,0,762867,13.047884,0.000000,1.830441,,0.970991,0,217,0,72.043302
3695,99538,0,762867,13.047884,0.000000,1.042140,,0.971010,0,217,0,72.050866
3696,99538,0,762867,13.047884,0.000000,1.028995,,0.971026,0,217,0,72.058426
3697,99538,0,762867,13.047884,0.000000,0.027915,,0.970771,0,217,0,72.065982
3698,99538,0,762867,13.047884,0.000000,0.026616,,0.970516,0,217,0,72.073533
3699,99538,0,762867,13.047884,0.000000,3.025044,,0.971071,0,217,0,72.081081
3700,99539,1,762867,13.048015,0.000131,0.026853,non_zero_exit,0.970816,0,217,0,72.061605
3701,99539,0,762867,13.048015,0.000000,0.030851,,0.970562,0,217,0,72.069152
3702,99539,0,762867,13.048015,0.000000,0.030221,non_zero_exit,0.970308,0,217,0,72.049689
3703,99539,0,762867,13.048015,0.000000,0.022921,non_zero_exit,0.970052,0,217,0,72.030238
3704,99539,0,762867,13.048015,0.000000,0.027391,,0.969798,0,217,0,72.037787
3705,99539,0,762867,13.048015,0.000000,0.024450,non_zero_exit,0.969543,0,217,0,72.018349
3706,99539,0,762867,13.048015,0.000000,1.013909,,0.969555,0,217,0,72.025897
3707,99539,0,762867,13.048015,0.000000,0.027072,,0.969301,0,217,0,72.033441
3708,99539,0,762867,13.048015,0.000000,2.042724,,0.969590,0,217,0,72.040981
3709,99539,0,762867,13.048015,0.000000,1.029161,,0.969606,0,217,0,72.048518
3710,99539,0,762867,13.048015,0.000000,2.029789,,0.969892,0,217,0,72.056050
3711,99543,4,762867,13.048539,0.000524,1.035350,,0.969909,0,217,0,72.063578
3712,99543,0,762867,13.048539,0.000000,2.037448,,0.970197,0,217,0,72.071102
3713,99543,0,762867,13.048539,0.000000,2.035169,,0.970484,0,217,0,72.078621
3714,99543,0,762867,13.048539,0.000000,0.036083,,0.970232,0,217,0,72.086137
3715,99543,0,762867,13.048539,0.000000,1.029522,,0.970248,0,217,0,72.093649
3716,99543,0,762867,13.048539,0.000000,1.032934,,0.970265,0,217,0,72.101157
3717,99543,0,762867,13.048539,0.000000,0.031159,,0.970012,0,217,0,72.108661
3718,99543,0,762867,13.048539,0.000000,0.021685,non_zero_exit,0.969757,0,217,0,72.089271
3719,99543,0,762867,13.048539,0.000000,0.031597,,0.969505,0,217,0,72.096774
3720,99543,0,762867,13.048539,0.000000,5.003962,timeout,0.970589,0,218,0,72.077399
3721,99543,0,762867,13.048539,0.000000,1.029712,,0.970605,0,218,0,72.084901
3722,99543,0,762867,13.048539,0.000000,0.021588,non_zero_exit,0.970350,0,218,0,72.065539
3723,99543,0,762867,13.048539,0.000000,2.529385,,0.970769,0,218,0,72.073040
3724,99546,3,762867,13.048933,0.000393,0.029340,,0.970516,0,218,0,72.080537
3725,99546,0,762867,13.048933,0.000000,3.592453,,0.971220,0,218,0,72.088030
3726,99546,0,762867,13.048933,0.000000,1.028138,,0.971235,0,218,0,72.095519
3727,99546,0,762867,13.048933,0.000000,1.030050,,0.971251,0,218,0,72.103004
3728,99546,0,762867,13.048933,0.000000,1.029348,,0.971267,0,218,0,72.110485
3729,99546,0,762867,13.048933,0.000000,1.028319,,0.971282,0,218,0,72.117962
3730,99546,0,762867,13.048933,0.000000,1.527735,,0.971431,0,218,0,72.125436
3731,99546,0,762867,13.048933,0.000000,0.029997,,0.971179,0,218,0,72.132905
3732,99547,1,762867,13.049064,0.000131,0.023104,non_zero_exit,0.970925,0,218,0,72.113582
3733,99547,0,762867,13.049064,0.000000,2.340925,,0.971292,0,218,0,72.121050
3734,99547,0,762867,13.049064,0.000000,0.026799,non_zero_exit,0.971039,0,218,0,72.101740
3735,99547,0,762867,13.049064,0.000000,0.027333,,0.970786,0,218,0,72.109208
3736,99547,0,762867,13.049064,0.000000,3.029276,,0.971337,0,218,0,72.116671
3737,99574,27,762867,13.052603,0.003539,3.036465,,0.971890,0,218,0,72.124131
3738,99577,3,762867,13.052996,0.000393,1.035038,,0.971906,0,218,0,72.131586
3739,99577,0,762867,13.052996,0.000000,2.030815,,0.972190,0,218,0,72.139037
3740,99592,15,762867,13.054962,0.001966,1.044622,,0.972209,0,218,0,72.146485
3741,99592,0,762867,13.054962,0.000000,3.032955,,0.972760,0,218,0,72.153928
3742,99592,0,762867,13.054962,0.000000,1.728658,,0.972962,0,218,0,72.161368
3743,99592,0,762867,13.054962,0.000000,0.044766,non_zero_exit,0.972714,0,218,0,72.142094
3744,99592,0,762867,13.054962,0.000000,1.030995,,0.972729,0,218,0,72.149533
3745,99592,0,762867,13.054962,0.000000,1.032232,,0.972745,0,218,0,72.156967
3746,99592,0,762867,13.054962,0.000000,0.022443,non_zero_exit,0.972492,0,218,0,72.137710
3747,99592,0,762867,13.054962,0.000000,0.026313,,0.972239,0,218,0,72.145144
3748,99592,0,762867,13.054962,0.000000,1.027449,,0.972254,0,218,0,72.152574
3749,99592,0,762867,13.054962,0.000000,2.031086,,0.972536,0,218,0,72.160000
3750,99592,0,762867,13.054962,0.000000,0.031741,,0.972285,0,218,0,72.167422
3751,99592,0,762867,13.054962,0.000000,0.023647,non_zero_exit,0.972033,0,218,0,72.148188
3752,99592,0,762867,13.054962,0.000000,3.038974,,0.972583,0,218,0,72.155609
3753,99592,0,762867,13.054962,0.000000,1.029720,non_zero_exit,0.972598,0,218,0,72.136388
3754,99592,0,762867,13.054962,0.000000,3.029652,,0.973146,0,218,0,72.143808
3755,99592,0,762867,13.054962,0.000000,0.031667,,0.972896,0,218,0,72.151225
3756,99592,0,762867,13.054962,0.000000,0.021212,non_zero_exit,0.972642,0,218,0,72.132020
3757,99592,0,762867,13.054962,0.000000,0.028930,,0.972391,0,218,0,72.139436
3758,99592,0,762867,13.054962,0.000000,1.031189,,0.972407,0,218,0,72.146848
3759,99592,0,762867,13.054962,0.000000,0.031315,,0.972157,0,218,0,72.154255
3760,99593,1,762867,13.055093,0.000131,0.027520,,0.971905,0,218,0,72.161659
3761,99593,0,762867,13.055093,0.000000,1.034357,,0.971922,0,218,0,72.169059
3762,99593,0,762867,13.055093,0.000000,0.029308,,0.971672,0,218,0,72.176455
3763,99593,0,762867,13.055093,0.000000,0.832028,,0.971634,0,218,0,72.183847
3764,99593,0,762867,13.055093,0.000000,0.023468,non_zero_exit,0.971383,0,218,0,72.164675
3765,99593,0,762867,13.055093,0.000000,2.033411,,0.971665,0,218,0,72.172066
3766,99596,3,762867,13.055487,0.000393,1.029194,,0.971680,0,218,0,72.179453
3767,99596,0,762867,13.055487,0.000000,0.020622,non_zero_exit,0.971427,0,218,0,72.160297
3768,99596,0,762867,13.055487,0.000000,0.021535,non_zero_exit,0.971175,0,218,0,72.141151
3769,99596,0,762867,13.055487,0.000000,0.028157,,0.970925,0,218,0,72.148541
3770,99596,0,762867,13.055487,0.000000,0.025528,non_zero_exit,0.970675,0,218,0,72.129409
3771,99596,0,762867,13.055487,0.000000,0.022891,non_zero_exit,0.970423,0,218,0,72.110286
3772,99596,0,762867,13.055487,0.000000,3.027774,,0.970969,0,218,0,72.117678
3773,99596,0,762867,13.055487,0.000000,0.032363,,0.970720,0,218,0,72.125066
3774,99596,0,762867,13.055487,0.000000,0.025112,non_zero_exit,0.970469,0,218,0,72.105960
3775,99596,0,762867,13.055487,0.000000,0.029599,,0.970220,0,218,0,72.113347
3776,99596,0,762867,13.055487,0.000000,0.028068,,0.969971,0,218,0,72.120731
3777,99596,0,762867,13.055487,0.000000,1.032424,,0.969987,0,218,0,72.128110
3778,99596,0,762867,13.055487,0.000000,0.035399,,0.969740,0,218,0,72.135486
3779,99596,0,762867,13.055487,0.000000,0.129606,,0.969518,0,218,0,72.142857
3780,99596,0,762867,13.055487,0.000000,5.008505,timeout,0.970586,0,219,0,72.123777
3781,99596,0,762867,13.055487,0.000000,2.031919,,0.970867,0,219,0,72.131148
3782,99596,0,762867,13.055487,0.000000,0.026710,,0.970617,0,219,0,72.138514
3783,99596,0,762867,13.055487,0.000000,1.529283,,0.970765,0,219,0,72.145877
3784,99596,0,762867,13.055487,0.000000,0.029408,,0.970516,0,219,0,72.153236
3785,99596,0,762867,13.055487,0.000000,0.030020,,0.970268,0,219,0,72.160592
3786,99596,0,762867,13.055487,0.000000,0.024045,non_zero_exit,0.970018,0,219,0,72.141537
3787,99596,0,762867,13.055487,0.000000,0.032575,,0.969770,0,219,0,72.148891
3788,99596,0,762867,13.055487,0.000000,0.027498,,0.969522,0,219,0,72.156242
3789,99596,0,762867,13.055487,0.000000,0.040963,,0.969277,0,219,0,72.163588
3790,99608,12,762867,13.057060,0.001573,0.026055,,0.969028,0,219,0,72.170931
3791,99608,0,762867,13.057060,0.000000,0.033114,,0.968781,0,219,0,72.178270
3792,99608,0,762867,13.057060,0.000000,0.030229,,0.968533,0,219,0,72.185605
3793,99609,1,762867,13.057191,0.000131,0.024471,non_zero_exit,0.968285,0,219,0,72.166579
3794,99609,0,762867,13.057191,0.000000,0.029458,,0.968037,0,219,0,72.173913
3795,99609,0,762867,13.057191,0.000000,2.032630,,0.968318,0,219,0,72.181243
3796,99609,0,762867,13.057191,0.000000,0.030269,,0.968071,0,219,0,72.188570
3797,99609,0,762867,13.057191,0.000000,0.028537,,0.967823,0,219,0,72.195893
3798,99609,0,762867,13.057191,0.000000,1.029465,,0.967839,0,219,0,72.203211
3799,99609,0,762867,13.057191,0.000000,0.033304,,0.967594,0,219,0,72.210526
3800,99609,0,762867,13.057191,0.000000,0.021441,non_zero_exit,0.967345,0,219,0,72.191529
3801,99609,0,762867,13.057191,0.000000,2.030582,,0.967624,0,219,0,72.198843
3802,99609,0,762867,13.057191,0.000000,0.031360,,0.967378,0,219,0,72.206153
3803,99609,0,762867,13.057191,0.000000,0.031114,,0.967132,0,219,0,72.213460
3804,99609,0,762867,13.057191,0.000000,0.029635,,0.966886,0,219,0,72.220762
3805,99609,0,762867,13.057191,0.000000,0.020502,non_zero_exit,0.966637,0,219,0,72.201787
3806,99609,0,762867,13.057191,0.000000,0.022579,non_zero_exit,0.966389,0,219,0,72.182821
3807,99609,0,762867,13.057191,0.000000,1.587162,,0.966552,0,219,0,72.190126
3808,99612,3,762867,13.057584,0.000393,0.022912,non_zero_exit,0.966304,0,219,0,72.171174
3809,99612,0,762867,13.057584,0.000000,1.025344,non_zero_exit,0.966320,0,219,0,72.152231
3810,99612,0,762867,13.057584,0.000000,1.033082,,0.966337,0,219,0,72.159538
3811,99612,0,762867,13.057584,0.000000,0.021729,non_zero_exit,0.966089,0,219,0,72.140609
3812,99612,0,762867,13.057584,0.000000,0.021685,non_zero_exit,0.965842,0,219,0,72.121689
3813,99612,0,762867,13.057584,0.000000,0.024118,non_zero_exit,0.965595,0,219,0,72.102779
3814,99612,0,762867,13.057584,0.000000,0.031780,,0.965350,0,219,0,72.110092
3815,99612,0,762867,13.057584,0.000000,0.029481,,0.965105,0,219,0,72.117400
3816,99612,0,762867,13.057584,0.000000,0.027241,non_zero_exit,0.964859,0,219,0,72.098507
3817,99612,0,762867,13.057584,0.000000,0.027918,,0.964614,0,219,0,72.105815
3818,99612,0,762867,13.057584,0.000000,0.027278,,0.964368,0,219,0,72.113119
3819,99612,0,762867,13.057584,0.000000,0.025131,non_zero_exit,0.964122,0,219,0,72.094241
3820,99612,0,762867,13.057584,0.000000,1.029195,,0.964139,0,219,0,72.101544
3821,99612,0,762867,13.057584,0.000000,2.043493,,0.964422,0,219,0,72.108844
3822,99614,2,762867,13.057846,0.000262,0.038727,,0.964180,0,219,0,72.116139
3823,99614,0,762867,13.057846,0.000000,1.029526,,0.964197,0,219,0,72.123431
3824,99614,0,762867,13.057846,0.000000,0.022202,non_zero_exit,0.963951,0,219,0,72.104575
3825,99614,0,762867,13.057846,0.000000,0.028636,,0.963706,0,219,0,72.111866
3826,99614,0,762867,13.057846,0.000000,1.036625,,0.963725,0,219,0,72.119153
3827,99614,0,762867,13.057846,0.000000,0.028270,,0.963481,0,219,0,72.126437
3828,99614,0,762867,13.057846,0.000000,2.223090,,0.963810,0,219,0,72.133716
3829,99614,0,762867,13.057846,0.000000,0.022100,non_zero_exit,0.963564,0,219,0,72.114883
3830,99614,0,762867,13.057846,0.000000,0.020671,non_zero_exit,0.963318,0,219,0,72.096058
3831,99614,0,762867,13.057846,0.000000,0.024444,non_zero_exit,0.963073,0,219,0,72.077244
3832,99614,0,762867,13.057846,0.000000,0.032673,,0.962830,0,219,0,72.084529
3833,99614,0,762867,13.057846,0.000000,0.027155,,0.962586,0,219,0,72.091810
3834,99614,0,762867,13.057846,0.000000,0.023528,non_zero_exit,0.962341,0,219,0,72.073012
3835,99619,5,762867,13.058502,0.000655,0.683510,,0.962268,0,219,0,72.080292
3836,99619,0,762867,13.058502,0.000000,0.026874,non_zero_exit,0.962025,0,219,0,72.061506
3837,99619,0,762867,13.058502,0.000000,0.031605,,0.961782,0,219,0,72.068786
3838,99619,0,762867,13.058502,0.000000,0.999010,,0.961792,0,219,0,72.076061
3839,99620,1,762867,13.058633,0.000131,1.001824,,0.961802,0,219,0,72.083333
3840,99620,0,762867,13.058633,0.000000,0.035869,,0.961561,0,219,0,72.090601
3841,99620,0,762867,13.058633,0.000000,0.032509,,0.961319,0,219,0,72.097866
3842,99620,0,762867,13.058633,0.000000,1.029877,,0.961337,0,219,0,72.105126
3843,99620,0,762867,13.058633,0.000000,1.030648,,0.961355,0,219,0,72.112383
3844,99621,1,762867,13.058764,0.000131,3.032666,,0.961894,0,219,0,72.119636
3845,99621,0,762867,13.058764,0.000000,1.027500,,0.961911,0,219,0,72.126885
3846,99625,4,762867,13.059288,0.000524,0.023225,non_zero_exit,0.961667,0,219,0,72.108136
3847,99625,0,762867,13.059288,0.000000,1.031486,,0.961685,0,219,0,72.115385
3848,99625,0,762867,13.059288,0.000000,3.030672,,0.962223,0,219,0,72.122629
3849,99625,0,762867,13.059288,0.000000,5.003772,timeout,0.963272,0,220,0,72.103896
3850,99625,0,762867,13.059288,0.000000,0.023710,non_zero_exit,0.963028,0,220,0,72.085173
3851,99625,0,762867,13.059288,0.000000,0.021823,non_zero_exit,0.962784,0,220,0,72.066459
3852,99625,0,762867,13.059288,0.000000,1.033404,,0.962802,0,220,0,72.073709
3853,99625,0,762867,13.059288,0.000000,3.035060,,0.963340,0,220,0,72.080955
3854,99625,0,762867,13.059288,0.000000,1.030554,,0.963358,0,220,0,72.088197
3855,99648,23,762867,13.062303,0.003015,5.004654,timeout,0.964406,0,221,0,72.069502
3856,99648,0,762867,13.062303,0.000000,0.033932,,0.964164,0,221,0,72.076744
3857,99648,0,762867,13.062303,0.000000,0.022826,non_zero_exit,0.963920,0,221,0,72.058061
3858,99651,3,762867,13.062696,0.000393,5.089001,timeout,0.964989,0,222,0,72.039388
3859,99651,0,762867,13.062696,0.000000,2.026960,,0.965264,0,222,0,72.046632
3860,99651,0,762867,13.062696,0.000000,0.905342,,0.965249,0,222,0,72.053872
3861,99651,0,762867,13.062696,0.000000,1.038190,,0.965268,0,222,0,72.061108
3862,99651,0,762867,13.062696,0.000000,1.031508,,0.965285,0,222,0,72.068341
3863,99652,1,762867,13.062827,0.000131,3.036257,,0.965821,0,222,0,72.075569
3864,99652,0,762867,13.062827,0.000000,0.023014,non_zero_exit,0.965577,0,222,0,72.056921
3865,99652,0,762867,13.062827,0.000000,0.031010,,0.965335,0,222,0,72.064149
3866,99652,0,762867,13.062827,0.000000,0.033953,,0.965094,0,222,0,72.071373
3867,99710,58,762867,13.070430,0.007603,1.034188,,0.965112,0,222,0,72.078594
3868,99710,0,762867,13.070430,0.000000,1.528652,,0.965258,0,222,0,72.085810
3869,99710,0,762867,13.070430,0.000000,1.028315,,0.965274,0,222,0,72.093023
3870,99710,0,762867,13.070430,0.000000,5.004205,timeout,0.966318,0,223,0,72.074399
3871,99710,0,762867,13.070430,0.000000,0.022807,non_zero_exit,0.966074,0,223,0,72.055785
3872,99710,0,762867,13.070430,0.000000,0.032753,,0.965833,0,223,0,72.063000
3873,99710,0,762867,13.070430,0.000000,2.040268,,0.966110,0,223,0,72.070212
3874,99710,0,762867,13.070430,0.000000,0.026335,,0.965868,0,223,0,72.077419
3875,99710,0,762867,13.070430,0.000000,1.346592,,0.965966,0,223,0,72.084623
3876,99710,0,762867,13.070430,0.000000,0.021624,non_zero_exit,0.965722,0,223,0,72.066030
3877,99710,0,762867,13.070430,0.000000,0.026036,non_zero_exit,0.965480,0,223,0,72.047447
3878,99710,0,762867,13.070430,0.000000,0.032247,,0.965240,0,223,0,72.054653
3879,99710,0,762867,13.070430,0.000000,0.033411,,0.964999,0,223,0,72.061856
3880,99710,0,762867,13.070430,0.000000,5.007749,timeout,0.966041,0,224,0,72.043288
3881,99710,0,762867,13.070430,0.000000,0.025968,non_zero_exit,0.965799,0,224,0,72.024730
3882,99710,0,762867,13.070430,0.000000,1.029270,,0.965815,0,224,0,72.031934
3883,99710,0,762867,13.070430,0.000000,1.538941,,0.965963,0,224,0,72.039135
3884,99710,0,762867,13.070430,0.000000,0.023031,non_zero_exit,0.965720,0,224,0,72.020592
3885,99710,0,762867,13.070430,0.000000,0.030398,,0.965479,0,224,0,72.027792
3886,99717,7,762867,13.071348,0.000918,1.031549,,0.965496,0,224,0,72.034988
3887,99717,0,762867,13.071348,0.000000,0.022782,non_zero_exit,0.965254,0,224,0,72.016461
3888,99717,0,762867,13.071348,0.000000,0.033027,,0.965014,0,224,0,72.023656
3889,99717,0,762867,13.071348,0.000000,0.029936,,0.964774,0,224,0,72.030848
3890,99717,0,762867,13.071348,0.000000,3.030206,,0.965305,0,224,0,72.038036
3891,99717,0,762867,13.071348,0.000000,0.032425,,0.965065,0,224,0,72.045221
3892,99717,0,762867,13.071348,0.000000,0.024764,non_zero_exit,0.964823,0,224,0,72.026715
3893,99717,0,762867,13.071348,0.000000,1.025244,,0.964839,0,224,0,72.033898
3894,99717,0,762867,13.071348,0.000000,0.022439,non_zero_exit,0.964597,0,224,0,72.015404
3895,99717,0,762867,13.071348,0.000000,0.030451,,0.964357,0,224,0,72.022587
3896,99717,0,762867,13.071348,0.000000,1.029641,,0.964374,0,224,0,72.029766
3897,99717,0,762867,13.071348,0.000000,3.055115,,0.964910,0,224,0,72.036942
3898,99717,0,762867,13.071348,0.000000,0.027812,,0.964670,0,224,0,72.044114
3899,99717,0,762867,13.071348,0.000000,1.030547,,0.964687,0,224,0,72.051282
3900,99726,9,762867,13.072528,0.001180,1.031121,non_zero_exit,0.964704,0,224,0,72.032812
3901,99726,0,762867,13.072528,0.000000,0.022820,non_zero_exit,0.964463,0,224,0,72.014352
3902,99735,9,762867,13.073707,0.001180,0.023278,non_zero_exit,0.964221,0,224,0,71.995901
3903,99735,0,762867,13.073707,0.000000,1.033087,non_zero_exit,0.964239,0,224,0,71.977459
3904,99735,0,762867,13.073707,0.000000,1.035627,,0.964257,0,224,0,71.984635
3905,99735,0,762867,13.073707,0.000000,0.028565,,0.964018,0,224,0,71.991807
3906,99735,0,762867,13.073707,0.000000,1.528929,,0.964162,0,224,0,71.998976
3907,99735,0,762867,13.073707,0.000000,0.028631,,0.963923,0,224,0,72.006141
3908,99735,0,762867,13.073707,0.000000,2.030046,,0.964196,0,224,0,72.013303
3909,99735,0,762867,13.073707,0.000000,0.536363,,0.964086,0,224,0,72.020460
3910,99735,0,762867,13.073707,0.000000,1.037525,,0.964105,0,224,0,72.027614
3911,99735,0,762867,13.073707,0.000000,1.036767,,0.964124,0,224,0,72.034765
3912,99735,0,762867,13.073707,0.000000,2.535152,,0.964525,0,224,0,72.041912
3913,99779,44,762867,13.079475,0.005768,0.139753,,0.964314,0,224,0,72.049055
3914,99779,0,762867,13.079475,0.000000,0.021268,non_zero_exit,0.964074,0,224,0,72.030651
3915,99779,0,762867,13.079475,0.000000,1.038913,non_zero_exit,0.964093,0,224,0,72.012257
3916,99779,0,762867,13.079475,0.000000,0.022238,non_zero_exit,0.963852,0,224,0,71.993873
3917,99779,0,762867,13.079475,0.000000,1.864982,,0.964082,0,224,0,72.001021
3918,99779,0,762867,13.079475,0.000000,1.029230,,0.964099,0,224,0,72.008165
3919,99779,0,762867,13.079475,0.000000,0.033854,,0.963861,0,224,0,72.015306
3920,99779,0,762867,13.079475,0.000000,0.028481,,0.963623,0,224,0,72.022443
3921,99779,0,762867,13.079475,0.000000,0.027600,,0.963384,0,224,0,72.029577
3922,99779,0,762867,13.079475,0.000000,1.034965,,0.963403,0,224,0,72.036707
3923,99779,0,762867,13.079475,0.000000,0.031487,,0.963165,0,224,0,72.043833
3924,99789,10,762867,13.080786,0.001311,0.025666,,0.962926,0,224,0,72.050955
3925,99789,0,762867,13.080786,0.000000,3.042537,,0.963456,0,224,0,72.058074
3926,99789,0,762867,13.080786,0.000000,0.029307,,0.963218,0,224,0,72.065190
3927,99847,58,762867,13.088389,0.007603,1.031658,,0.963235,0,224,0,72.072301
3928,99847,0,762867,13.088389,0.000000,0.024830,non_zero_exit,0.962997,0,224,0,72.053958
3929,99847,0,762867,13.088389,0.000000,1.037676,,0.963016,0,224,0,72.061069
3930,99848,1,762867,13.088520,0.000131,0.032135,,0.962779,0,224,0,72.068176
3931,99848,0,762867,13.088520,0.000000,0.031138,,0.962542,0,224,0,72.075280
3932,99848,0,762867,13.088520,0.000000,0.023593,non_zero_exit,0.962303,0,224,0,72.056954
3933,99848,0,762867,13.088520,0.000000,2.038637,,0.962577,0,224,0,72.064057
3934,99848,0,762867,13.088520,0.000000,1.032268,,0.962594,0,224,0,72.071156
3935,99848,0,762867,13.088520,0.000000,0.019759,non_zero_exit,0.962355,0,224,0,72.052846
3936,99848,0,762867,13.088520,0.000000,0.020455,non_zero_exit,0.962116,0,224,0,72.034544
3937,99849,1,762867,13.088651,0.000131,1.029916,,0.962133,0,224,0,72.041646
3938,99849,0,762867,13.088651,0.000000,0.027679,,0.961896,0,224,0,72.048743
3939,99849,0,762867,13.088651,0.000000,1.030765,,0.961913,0,224,0,72.055838
3940,99849,0,762867,13.088651,0.000000,0.034228,,0.961678,0,224,0,72.062928
3941,99849,0,762867,13.088651,0.000000,0.134773,,0.961468,0,224,0,72.070015
3942,99849,0,762867,13.088651,0.000000,0.021375,non_zero_exit,0.961230,0,224,0,72.051737
3943,99849,0,762867,13.088651,0.000000,5.007016,timeout,0.962255,0,225,0,72.033469
3944,99849,0,762867,13.088651,0.000000,0.037076,,0.962021,0,225,0,72.040558
3945,99849,0,762867,13.088651,0.000000,2.028765,,0.962291,0,225,0,72.047643
3946,99849,0,762867,13.088651,0.000000,0.030962,,0.962055,0,225,0,72.054725
3947,99849,0,762867,13.088651,0.000000,0.336265,,0.961897,0,225,0,72.061803
3948,99849,0,762867,13.088651,0.000000,1.028780,,0.961914,0,225,0,72.068878
3949,99849,0,762867,13.088651,0.000000,0.041777,,0.961681,0,225,0,72.075949
3950,99849,0,762867,13.088651,0.000000,5.003954,timeout,0.962704,0,226,0,72.057707
3951,99849,0,762867,13.088651,0.000000,4.532796,,0.963607,0,226,0,72.064777
3952,99849,0,762867,13.088651,0.000000,2.037964,,0.963879,0,226,0,72.071844
3953,99849,0,762867,13.088651,0.000000,1.030655,,0.963896,0,226,0,72.078907
3954,99849,0,762867,13.088651,0.000000,1.029254,,0.963912,0,226,0,72.085967
3955,99849,0,762867,13.088651,0.000000,0.024534,,0.963675,0,226,0,72.093023
3956,99849,0,762867,13.088651,0.000000,0.023865,non_zero_exit,0.963437,0,226,0,72.074804
3957,99850,1,762867,13.088782,0.000131,1.534603,,0.963582,0,226,0,72.081860
3958,99850,0,762867,13.088782,0.000000,2.033910,,0.963852,0,226,0,72.088911
3959,99850,0,762867,13.088782,0.000000,0.945198,,0.963847,0,226,0,72.095960
3960,99850,0,762867,13.088782,0.000000,1.037536,,0.963866,0,226,0,72.103004
3961,99850,0,762867,13.088782,0.000000,0.585991,,0.963771,0,226,0,72.110045
3962,99850,0,762867,13.088782,0.000000,0.031109,non_zero_exit,0.963535,0,226,0,72.091850
3963,99850,0,762867,13.088782,0.000000,0.038803,,0.963302,0,226,0,72.098890
3964,99850,0,762867,13.088782,0.000000,1.036537,,0.963320,0,226,0,72.105927
3965,99850,0,762867,13.088782,0.000000,2.540802,,0.963718,0,226,0,72.112960
3966,99853,3,762867,13.089175,0.000393,0.033601,non_zero_exit,0.963484,0,226,0,72.094782
3967,99853,0,762867,13.089175,0.000000,0.023065,non_zero_exit,0.963247,0,226,0,72.076613
3968,99853,0,762867,13.089175,0.000000,0.755543,,0.963194,0,226,0,72.083648
3969,99853,0,762867,13.089175,0.000000,0.035021,,0.962961,0,226,0,72.090680
3970,99853,0,762867,13.089175,0.000000,1.132706,,0.963003,0,226,0,72.097708
3971,99853,0,762867,13.089175,0.000000,0.026787,non_zero_exit,0.962768,0,226,0,72.079557
3972,99853,0,762867,13.089175,0.000000,0.034852,non_zero_exit,0.962534,0,226,0,72.061415
3973,99853,0,762867,13.089175,0.000000,0.031806,,0.962300,0,226,0,72.068445
3974,99853,0,762867,13.089175,0.000000,0.027495,non_zero_exit,0.962065,0,226,0,72.050314
3975,99853,0,762867,13.089175,0.000000,2.026077,,0.962332,0,226,0,72.057344
3976,99853,0,762867,13.089175,0.000000,0.028720,,0.962098,0,226,0,72.064370
3977,99853,0,762867,13.089175,0.000000,0.029957,,0.961863,0,226,0,72.071393
3978,99853,0,762867,13.089175,0.000000,0.032439,,0.961630,0,226,0,72.078412
3979,99853,0,762867,13.089175,0.000000,2.534790,,0.962025,0,226,0,72.085427
3980,99868,15,762867,13.091142,0.001966,0.030249,,0.961791,0,226,0,72.092439
3981,99868,0,762867,13.091142,0.000000,2.027348,,0.962058,0,226,0,72.099448
3982,99868,0,762867,13.091142,0.000000,0.034218,,0.961825,0,226,0,72.106452
3983,99868,0,762867,13.091142,0.000000,0.033743,,0.961593,0,226,0,72.113454
3984,99869,1,762867,13.091273,0.000131,2.535633,,0.961987,0,226,0,72.120452
3985,99869,0,762867,13.091273,0.000000,0.127462,,0.961778,0,226,0,72.127446
3986,99869,0,762867,13.091273,0.000000,0.033185,,0.961545,0,226,0,72.134437
3987,99869,0,762867,13.091273,0.000000,1.032067,,0.961563,0,226,0,72.141424
3988,99869,0,762867,13.091273,0.000000,0.029757,,0.961329,0,226,0,72.148408
3989,99869,0,762867,13.091273,0.000000,0.023332,,0.961094,0,226,0,72.155388
3990,99869,0,762867,13.091273,0.000000,1.030928,,0.961112,0,226,0,72.162365
3991,99869,0,762867,13.091273,0.000000,0.024040,non_zero_exit,0.960877,0,226,0,72.144289
3992,99869,0,762867,13.091273,0.000000,0.022446,non_zero_exit,0.960642,0,226,0,72.126221
3993,99869,0,762867,13.091273,0.000000,1.035229,,0.960661,0,226,0,72.133200
3994,99897,28,762867,13.094943,0.003670,0.028188,,0.960427,0,226,0,72.140175
3995,99897,0,762867,13.094943,0.000000,1.027261,,0.960444,0,226,0,72.147147
3996,99906,9,762867,13.096123,0.001180,0.027683,,0.960211,0,226,0,72.154116
3997,99906,0,762867,13.096123,0.000000,0.026381,,0.959977,0,226,0,72.161081
3998,99906,0,762867,13.096123,0.000000,0.338625,,0.959822,0,226,0,72.168042
3999,99906,0,762867,13.096123,0.000000,2.025723,,0.960088,0,226,0,72.175000
4000,99906,0,762867,13.096123,0.000000,0.027765,,0.959855,0,226,0,72.181955
4001,99906,0,762867,13.096123,0.000000,1.028170,,0.959872,0,226,0,72.188906
4002,99906,0,762867,13.096123,0.000000,0.029050,,0.959640,0,226,0,72.195853
4003,99906,0,762867,13.096123,0.000000,1.026409,,0.959656,0,226,0,72.202797
4004,99906,0,762867,13.096123,0.000000,0.030790,,0.959424,0,226,0,72.209738
4005,99908,2,762867,13.096385,0.000262,0.028359,non_zero_exit,0.959192,0,226,0,72.191712
4006,99908,0,762867,13.096385,0.000000,0.022618,non_zero_exit,0.958958,0,226,0,72.173696
4007,99908,0,762867,13.096385,0.000000,1.035334,,0.958977,0,226,0,72.180639
4008,99908,0,762867,13.096385,0.000000,0.023900,non_zero_exit,0.958744,0,226,0,72.162634
4009,99908,0,762867,13.096385,0.000000,5.004296,timeout,0.959753,0,227,0,72.144638
4010,99908,0,762867,13.096385,0.000000,1.034120,,0.959771,0,227,0,72.151583
4011,99908,0,762867,13.096385,0.000000,0.020773,non_zero_exit,0.959537,0,227,0,72.133599
4012,99908,0,762867,13.096385,0.000000,0.024279,non_zero_exit,0.959304,0,227,0,72.115624
4013,99908,0,762867,13.096385,0.000000,1.029078,,0.959322,0,227,0,72.122571
4014,99908,0,762867,13.096385,0.000000,0.039772,,0.959093,0,227,0,72.129514
4015,99909,1,762867,13.096516,0.000131,0.021618,non_zero_exit,0.958859,0,227,0,72.111554
4016,99909,0,762867,13.096516,0.000000,0.023162,non_zero_exit,0.958626,0,227,0,72.093602
4017,99909,0,762867,13.096516,0.000000,1.510284,,0.958764,0,227,0,72.100548
4018,99909,0,762867,13.096516,0.000000,0.042229,,0.958536,0,227,0,72.107489
4019,99912,3,762867,13.096909,0.000393,0.031240,,0.958305,0,227,0,72.114428
4020,99912,0,762867,13.096909,0.000000,1.030842,,0.958323,0,227,0,72.121363
4021,99917,5,762867,13.097565,0.000655,0.021628,non_zero_exit,0.958090,0,227,0,72.103431
4022,99917,0,762867,13.097565,0.000000,0.028172,non_zero_exit,0.957859,0,227,0,72.085508
4023,99918,1,762867,13.097696,0.000131,0.031280,,0.957629,0,227,0,72.092445
4024,99918,0,762867,13.097696,0.000000,0.023267,non_zero_exit,0.957397,0,227,0,72.074534
4025,99918,0,762867,13.097696,0.000000,0.022369,non_zero_exit,0.957164,0,227,0,72.056632
4026,99918,0,762867,13.097696,0.000000,0.022210,non_zero_exit,0.956932,0,227,0,72.038739
4027,99918,0,762867,13.097696,0.000000,0.030624,,0.956702,0,227,0,72.045680
4028,99918,0,762867,13.097696,0.000000,0.029100,,0.956472,0,227,0,72.052619
4029,99918,0,762867,13.097696,0.000000,1.030855,,0.956490,0,227,0,72.059553
4030,99918,0,762867,13.097696,0.000000,5.075109,timeout,0.957512,0,228,0,72.041677
4031,99918,0,762867,13.097696,0.000000,1.538685,,0.957656,0,228,0,72.048611
4032,99918,0,762867,13.097696,0.000000,1.527936,,0.957798,0,228,0,72.055542
4033,99918,0,762867,13.097696,0.000000,0.040174,,0.957570,0,228,0,72.062469
4034,99918,0,762867,13.097696,0.000000,3.030375,,0.958084,0,228,0,72.069393
4035,99918,0,762867,13.097696,0.000000,1.030324,,0.958102,0,228,0,72.076313
4036,99918,0,762867,13.097696,0.000000,0.031541,,0.957872,0,228,0,72.083230
4037,99918,0,762867,13.097696,0.000000,0.022191,non_zero_exit,0.957641,0,228,0,72.065379
4038,99918,0,762867,13.097696,0.000000,0.029393,,0.957411,0,228,0,72.072295
4039,99918,0,762867,13.097696,0.000000,0.030424,,0.957181,0,228,0,72.079208
4040,99918,0,762867,13.097696,0.000000,0.537107,,0.957077,0,228,0,72.086117
4041,99918,0,762867,13.097696,0.000000,0.028567,,0.956848,0,228,0,72.093023
4042,99918,0,762867,13.097696,0.000000,1.037663,,0.956868,0,228,0,72.099926
4043,99918,0,762867,13.097696,0.000000,3.033212,,0.957381,0,228,0,72.106825
4044,99918,0,762867,13.097696,0.000000,2.028662,,0.957646,0,228,0,72.113721
4045,99918,0,762867,13.097696,0.000000,1.028824,,0.957663,0,228,0,72.120613
4046,99918,0,762867,13.097696,0.000000,0.034450,,0.957435,0,228,0,72.127502
4047,99918,0,762867,13.097696,0.000000,1.036833,,0.957455,0,228,0,72.134387
4048,99918,0,762867,13.097696,0.000000,1.029342,,0.957473,0,228,0,72.141269
4049,99918,0,762867,13.097696,0.000000,0.028173,,0.957243,0,228,0,72.148148
4050,99918,0,762867,13.097696,0.000000,0.028885,,0.957014,0,228,0,72.155023
4051,99918,0,762867,13.097696,0.000000,0.031435,,0.956786,0,228,0,72.161895
4052,99918,0,762867,13.097696,0.000000,0.021993,non_zero_exit,0.956555,0,228,0,72.144091
4053,99918,0,762867,13.097696,0.000000,1.025660,,0.956572,0,228,0,72.150962
4054,99918,0,762867,13.097696,0.000000,1.023457,,0.956589,0,228,0,72.157830
4055,99918,0,762867,13.097696,0.000000,2.030977,,0.956853,0,228,0,72.164694
4056,99918,0,762867,13.097696,0.000000,2.122782,,0.957141,0,228,0,72.171555
4057,99918,0,762867,13.097696,0.000000,2.031644,,0.957406,0,228,0,72.178413
4058,99918,0,762867,13.097696,0.000000,2.032060,,0.957670,0,228,0,72.185267
4059,99918,0,762867,13.097696,0.000000,5.003039,timeout,0.958667,0,229,0,72.167488
4060,99918,0,762867,13.097696,0.000000,1.028974,,0.958684,0,229,0,72.174341
4061,99918,0,762867,13.097696,0.000000,0.029986,,0.958455,0,229,0,72.181192
4062,99918,0,762867,13.097696,0.000000,1.034139,,0.958474,0,229,0,72.188038
4063,99918,0,762867,13.097696,0.000000,0.031356,,0.958246,0,229,0,72.194882
4064,99918,0,762867,13.097696,0.000000,3.068294,,0.958765,0,229,0,72.201722
4065,99918,0,762867,13.097696,0.000000,3.037734,,0.959276,0,229,0,72.208559
4066,99923,5,762867,13.098351,0.000655,2.029410,,0.959539,0,229,0,72.215392
4067,99925,2,762867,13.098614,0.000262,1.030769,,0.959557,0,229,0,72.222222
4068,99925,0,762867,13.098614,0.000000,0.021156,non_zero_exit,0.959326,0,229,0,72.204473
4069,99925,0,762867,13.098614,0.000000,1.028866,,0.959343,0,229,0,72.211302
4070,99925,0,762867,13.098614,0.000000,0.033486,,0.959116,0,229,0,72.218128
4071,99925,0,762867,13.098614,0.000000,1.034061,,0.959134,0,229,0,72.224951
4072,99925,0,762867,13.098614,0.000000,0.030571,,0.958906,0,229,0,72.231770
4073,99934,9,762867,13.099793,0.001180,0.032243,,0.958679,0,229,0,72.238586
4074,99934,0,762867,13.099793,0.000000,1.028539,,0.958696,0,229,0,72.245399
4075,99935,1,762867,13.099924,0.000131,0.022211,non_zero_exit,0.958466,0,229,0,72.227674
4076,99936,1,762867,13.100055,0.000131,0.021054,non_zero_exit,0.958236,0,229,0,72.209958
4077,99936,0,762867,13.100055,0.000000,0.020213,non_zero_exit,0.958006,0,229,0,72.192251
4078,99936,0,762867,13.100055,0.000000,0.029369,,0.957779,0,229,0,72.199068
4079,99936,0,762867,13.100055,0.000000,5.003119,timeout,0.958770,0,230,0,72.181373
4080,99936,0,762867,13.100055,0.000000,1.030226,,0.958788,0,230,0,72.188189
4081,99936,0,762867,13.100055,0.000000,0.029341,,0.958560,0,230,0,72.195002
4082,99936,0,762867,13.100055,0.000000,1.029008,,0.958577,0,230,0,72.201812
4083,99936,0,762867,13.100055,0.000000,0.031023,,0.958350,0,230,0,72.208619
4084,99936,0,762867,13.100055,0.000000,0.026953,non_zero_exit,0.958122,0,230,0,72.190942
4085,99936,0,762867,13.100055,0.000000,1.027368,,0.958139,0,230,0,72.197748
4086,99936,0,762867,13.100055,0.000000,0.038557,,0.957914,0,230,0,72.204551
4087,99936,0,762867,13.100055,0.000000,0.023482,non_zero_exit,0.957686,0,230,0,72.186888
4088,99938,2,762867,13.100318,0.000262,1.028467,,0.957703,0,230,0,72.193690
4089,99938,0,762867,13.100318,0.000000,0.032908,,0.957477,0,230,0,72.200489
4090,99938,0,762867,13.100318,0.000000,0.432145,,0.957348,0,230,0,72.207284
4091,99938,0,762867,13.100318,0.000000,0.045094,,0.957125,0,230,0,72.214076
4092,99938,0,762867,13.100318,0.000000,3.855629,,0.957834,0,230,0,72.220865
4093,99938,0,762867,13.100318,0.000000,2.031141,,0.958096,0,230,0,72.227650
4094,99938,0,762867,13.100318,0.000000,3.028804,,0.958601,0,230,0,72.234432
4095,99939,1,762867,13.100449,0.000131,0.022434,non_zero_exit,0.958373,0,230,0,72.216797
4096,99939,0,762867,13.100449,0.000000,0.031900,,0.958147,0,230,0,72.223578
4097,99939,0,762867,13.100449,0.000000,0.022404,non_zero_exit,0.957918,0,230,0,72.205954
4098,99939,0,762867,13.100449,0.000000,1.028385,non_zero_exit,0.957936,0,230,0,72.188339
4099,99939,0,762867,13.100449,0.000000,0.027096,non_zero_exit,0.957709,0,230,0,72.170732
4100,99939,0,762867,13.100449,0.000000,0.020888,non_zero_exit,0.957480,0,230,0,72.153133
4101,99939,0,762867,13.100449,0.000000,0.026798,non_zero_exit,0.957253,0,230,0,72.135544
4102,99939,0,762867,13.100449,0.000000,3.037230,,0.957760,0,230,0,72.142335
4103,99939,0,762867,13.100449,0.000000,1.028606,,0.957777,0,230,0,72.149123
4104,99939,0,762867,13.100449,0.000000,3.784838,,0.958466,0,230,0,72.155907
4105,99939,0,762867,13.100449,0.000000,0.027348,,0.958239,0,230,0,72.162689
4106,99939,0,762867,13.100449,0.000000,2.029965,,0.958500,0,230,0,72.169467
4107,99939,0,762867,13.100449,0.000000,0.022669,non_zero_exit,0.958272,0,230,0,72.151899
4108,99941,2,762867,13.100711,0.000262,0.030537,,0.958047,0,230,0,72.158676
4109,99941,0,762867,13.100711,0.000000,4.532964,,0.958916,0,230,0,72.165450
4110,99941,0,762867,13.100711,0.000000,1.031098,,0.958934,0,230,0,72.172221
4111,99941,0,762867,13.100711,0.000000,0.026656,non_zero_exit,0.958707,0,230,0,72.154669
4112,99956,15,762867,13.102677,0.001966,0.032479,,0.958482,0,230,0,72.161439
4113,99956,0,762867,13.102677,0.000000,0.030909,,0.958257,0,230,0,72.168206
4114,99956,0,762867,13.102677,0.000000,0.767346,,0.958210,0,230,0,72.174970
4115,99956,0,762867,13.102677,0.000000,1.024746,,0.958226,0,230,0,72.181730
4116,99956,0,762867,13.102677,0.000000,0.230348,,0.958050,0,230,0,72.188487
4117,99956,0,762867,13.102677,0.000000,0.023881,non_zero_exit,0.957823,0,230,0,72.170957
4118,99956,0,762867,13.102677,0.000000,1.028704,,0.957840,0,230,0,72.177713
4119,99956,0,762867,13.102677,0.000000,0.035040,,0.957616,0,230,0,72.184466
4120,99956,0,762867,13.102677,0.000000,5.004426,timeout,0.958598,0,231,0,72.166950
4121,99956,0,762867,13.102677,0.000000,1.030585,,0.958615,0,231,0,72.173702
4122,99958,2,762867,13.102939,0.000262,5.004138,timeout,0.959597,0,232,0,72.156197
4123,99958,0,762867,13.102939,0.000000,0.029964,,0.959371,0,232,0,72.162949
4124,99958,0,762867,13.102939,0.000000,0.528043,,0.959267,0,232,0,72.169697
4125,99958,0,762867,13.102939,0.000000,1.034620,,0.959285,0,232,0,72.176442
4126,99968,10,762867,13.104250,0.001311,0.030040,non_zero_exit,0.959060,0,232,0,72.158953
4127,99968,0,762867,13.104250,0.000000,0.028842,,0.958834,0,232,0,72.165698
4128,99968,0,762867,13.104250,0.000000,0.021538,non_zero_exit,0.958607,0,232,0,72.148220
4129,99968,0,762867,13.104250,0.000000,0.030514,,0.958383,0,232,0,72.154964
4130,99968,0,762867,13.104250,0.000000,0.033181,,0.958159,0,232,0,72.161704
4131,99968,0,762867,13.104250,0.000000,1.030080,,0.958176,0,232,0,72.168441
4132,99968,0,762867,13.104250,0.000000,0.032970,,0.957952,0,232,0,72.175175
4133,99968,0,762867,13.104250,0.000000,0.029508,,0.957728,0,232,0,72.181906
4134,99968,0,762867,13.104250,0.000000,0.027975,,0.957503,0,232,0,72.188634
4135,99968,0,762867,13.104250,0.000000,0.022835,non_zero_exit,0.957277,0,232,0,72.171180
4136,99968,0,762867,13.104250,0.000000,0.025736,,0.957052,0,232,0,72.177907
4137,99968,0,762867,13.104250,0.000000,0.029257,,0.956828,0,232,0,72.184630
4138,99968,0,762867,13.104250,0.000000,1.029262,,0.956845,0,232,0,72.191351
4139,99968,0,762867,13.104250,0.000000,1.028910,,0.956862,0,232,0,72.198068
4140,99968,0,762867,13.104250,0.000000,3.033515,,0.957364,0,232,0,72.204781
4141,99988,20,762867,13.106872,0.002622,1.033193,,0.957382,0,232,0,72.211492
4142,99988,0,762867,13.106872,0.000000,1.029623,,0.957400,0,232,0,72.218199
4143,99988,0,762867,13.106872,0.000000,1.108173,,0.957436,0,232,0,72.224903
4144,99988,0,762867,13.106872,0.000000,1.234014,,0.957503,0,232,0,72.231604
4145,99988,0,762867,13.106872,0.000000,1.037525,,0.957522,0,232,0,72.238302
4146,99988,0,762867,13.106872,0.000000,0.032369,,0.957299,0,232,0,72.244996
4147,99988,0,762867,13.106872,0.000000,5.004474,timeout,0.958275,0,233,0,72.227580
4148,99988,0,762867,13.106872,0.000000,0.031738,,0.958051,0,233,0,72.234273
4149,99988,0,762867,13.106872,0.000000,0.023950,non_zero_exit,0.957826,0,233,0,72.216867
4150,99988,0,762867,13.106872,0.000000,2.030142,,0.958085,0,233,0,72.223561
4151,99988,0,762867,13.106872,0.000000,0.032559,,0.957862,0,233,0,72.230250
4152,99988,0,762867,13.106872,0.000000,0.023263,non_zero_exit,0.957637,0,233,0,72.212858
4153,99988,0,762867,13.106872,0.000000,1.033030,,0.957655,0,233,0,72.219547
4154,99992,4,762867,13.107396,0.000524,0.022236,non_zero_exit,0.957430,0,233,0,72.202166
4155,99999,7,762867,13.108314,0.000918,2.722182,,0.957854,0,233,0,72.208855
4156,99999,0,762867,13.108314,0.000000,0.023764,non_zero_exit,0.957630,0,233,0,72.191484
4157,99999,0,762867,13.108314,0.000000,1.031772,,0.957647,0,233,0,72.198172
4158,99999,0,762867,13.108314,0.000000,2.036848,,0.957907,0,233,0,72.204857
4159,99999,0,762867,13.108314,0.000000,5.004971,timeout,0.958880,0,234,0,72.187500
4160,100000,1,762867,13.108445,0.000131,1.035800,,0.958898,0,234,0,72.194184
4161,100000,0,762867,13.108445,0.000000,0.029770,,0.958675,0,234,0,72.200865
4162,100000,0,762867,13.108445,0.000000,0.021764,non_zero_exit,0.958450,0,234,0,72.183521
4163,100000,0,762867,13.108445,0.000000,0.021229,non_zero_exit,0.958225,0,234,0,72.166186
4164,100000,0,762867,13.108445,0.000000,0.028078,,0.958002,0,234,0,72.172869
4165,100016,16,762867,13.110542,0.002097,3.036705,,0.958500,0,234,0,72.179549
4166,100017,1,762867,13.110673,0.000131,1.032758,,0.958518,0,234,0,72.186225
4167,100017,0,762867,13.110673,0.000000,0.019389,non_zero_exit,0.958293,0,234,0,72.168906
4168,100017,0,762867,13.110673,0.000000,0.027732,,0.958070,0,234,0,72.175582
4169,100017,0,762867,13.110673,0.000000,0.025134,,0.957846,0,234,0,72.182254
4170,100017,0,762867,13.110673,0.000000,0.030213,,0.957624,0,234,0,72.188924
4171,100017,0,762867,13.110673,0.000000,2.027671,,0.957880,0,234,0,72.195590
4172,100017,0,762867,13.110673,0.000000,0.024372,non_zero_exit,0.957656,0,234,0,72.178289
4173,100017,0,762867,13.110673,0.000000,0.030506,,0.957434,0,234,0,72.184954
4174,100017,0,762867,13.110673,0.000000,0.689217,,0.957370,0,234,0,72.191617
4175,100017,0,762867,13.110673,0.000000,1.033750,,0.957388,0,234,0,72.198276
4176,100017,0,762867,13.110673,0.000000,1.036557,,0.957407,0,234,0,72.204932
4177,100017,0,762867,13.110673,0.000000,1.029863,,0.957425,0,234,0,72.211584
4178,100022,5,762867,13.111329,0.000655,0.031281,,0.957203,0,234,0,72.218234
4179,100022,0,762867,13.111329,0.000000,0.033979,,0.956982,0,234,0,72.224880
4180,100022,0,762867,13.111329,0.000000,0.021697,non_zero_exit,0.956758,0,234,0,72.207606
4181,100022,0,762867,13.111329,0.000000,3.030184,,0.957254,0,234,0,72.214252
4182,100022,0,762867,13.111329,0.000000,0.020802,non_zero_exit,0.957030,0,234,0,72.196988
4183,100022,0,762867,13.111329,0.000000,0.031404,,0.956809,0,234,0,72.203633
4184,100022,0,762867,13.111329,0.000000,0.029128,,0.956588,0,234,0,72.210275
4185,100022,0,762867,13.111329,0.000000,1.027469,,0.956604,0,234,0,72.216914
4186,100022,0,762867,13.111329,0.000000,0.434128,,0.956480,0,234,0,72.223549
4187,100022,0,762867,13.111329,0.000000,1.530189,,0.956617,0,234,0,72.230181
4188,100022,0,762867,13.111329,0.000000,2.045935,,0.956877,0,234,0,72.236811
4189,100022,0,762867,13.111329,0.000000,0.028751,,0.956655,0,234,0,72.243437
4190,100022,0,762867,13.111329,0.000000,0.022583,non_zero_exit,0.956432,0,234,0,72.226199
4191,100022,0,762867,13.111329,0.000000,0.029508,,0.956211,0,234,0,72.232824
4192,100022,0,762867,13.111329,0.000000,1.032220,,0.956229,0,234,0,72.239447
4193,100022,0,762867,13.111329,0.000000,0.024893,non_zero_exit,0.956007,0,234,0,72.222222
4194,100022,0,762867,13.111329,0.000000,0.860251,,0.955984,0,234,0,72.228844
4195,100022,0,762867,13.111329,0.000000,5.004517,timeout,0.956949,0,235,0,72.211630
4196,100022,0,762867,13.111329,0.000000,0.022221,non_zero_exit,0.956727,0,235,0,72.194425
4197,100022,0,762867,13.111329,0.000000,1.032099,,0.956745,0,235,0,72.201048
4198,100022,0,762867,13.111329,0.000000,0.535637,,0.956644,0,235,0,72.207668
4199,100022,0,762867,13.111329,0.000000,1.030644,,0.956662,0,235,0,72.214286
4200,100022,0,762867,13.111329,0.000000,0.025709,non_zero_exit,0.956440,0,235,0,72.197096
4201,100022,0,762867,13.111329,0.000000,1.192849,,0.956497,0,235,0,72.203713
4202,100022,0,762867,13.111329,0.000000,0.031377,non_zero_exit,0.956276,0,235,0,72.186533
4203,100022,0,762867,13.111329,0.000000,0.024767,non_zero_exit,0.956055,0,235,0,72.169363
4204,100022,0,762867,13.111329,0.000000,3.197003,,0.956588,0,235,0,72.175981
4205,100022,0,762867,13.111329,0.000000,5.005285,timeout,0.957550,0,236,0,72.158821
4206,100022,0,762867,13.111329,0.000000,2.029555,,0.957805,0,236,0,72.165439
4207,100022,0,762867,13.111329,0.000000,0.748431,,0.957755,0,236,0,72.172053
4208,100022,0,762867,13.111329,0.000000,2.038650,,0.958012,0,236,0,72.178665
4209,100022,0,762867,13.111329,0.000000,0.022429,non_zero_exit,0.957790,0,236,0,72.161520
4210,100022,0,762867,13.111329,0.000000,0.027268,,0.957569,0,236,0,72.168131
4211,100022,0,762867,13.111329,0.000000,3.031224,,0.958061,0,236,0,72.174739
4212,100025,3,762867,13.111722,0.000393,1.034152,,0.958079,0,236,0,72.181343
4213,100025,0,762867,13.111722,0.000000,1.031476,,0.958097,0,236,0,72.187945
4214,100029,4,762867,13.112246,0.000524,1.031695,,0.958114,0,236,0,72.194543
4215,100030,1,762867,13.112377,0.000131,0.023835,non_zero_exit,0.957893,0,236,0,72.177419
4216,100030,0,762867,13.112377,0.000000,2.027081,,0.958146,0,236,0,72.184017
4217,100032,2,762867,13.112640,0.000262,0.130138,,0.957950,0,236,0,72.190612
4218,100032,0,762867,13.112640,0.000000,0.030796,,0.957730,0,236,0,72.197203
4219,100032,0,762867,13.112640,0.000000,0.643510,,0.957656,0,236,0,72.203791
4220,100032,0,762867,13.112640,0.000000,1.131373,,0.957697,0,236,0,72.210377
4221,100032,0,762867,13.112640,0.000000,0.031167,,0.957477,0,236,0,72.216959
4222,100032,0,762867,13.112640,0.000000,0.537291,,0.957378,0,236,0,72.223538
4223,100032,0,762867,13.112640,0.000000,1.028911,,0.957395,0,236,0,72.230114
4224,100032,0,762867,13.112640,0.000000,0.029089,,0.957175,0,236,0,72.236686
4225,100032,0,762867,13.112640,0.000000,0.028668,,0.956955,0,236,0,72.243256
4226,100032,0,762867,13.112640,0.000000,0.032337,,0.956737,0,236,0,72.249823
4227,100032,0,762867,13.112640,0.000000,2.029242,,0.956990,0,236,0,72.256386
4228,100032,0,762867,13.112640,0.000000,0.027060,,0.956770,0,236,0,72.262946
4229,100032,0,762867,13.112640,0.000000,0.024034,non_zero_exit,0.956550,0,236,0,72.245863
4230,100032,0,762867,13.112640,0.000000,0.031065,,0.956331,0,236,0,72.252423
4231,100032,0,762867,13.112640,0.000000,0.028851,,0.956112,0,236,0,72.258979
4232,100032,0,762867,13.112640,0.000000,1.031949,,0.956130,0,236,0,72.265533
4233,100032,0,762867,13.112640,0.000000,1.027282,,0.956147,0,236,0,72.272083
4234,100032,0,762867,13.112640,0.000000,1.654789,,0.956312,0,236,0,72.278630
4235,100032,0,762867,13.112640,0.000000,1.029270,,0.956329,0,236,0,72.285175
4236,100032,0,762867,13.112640,0.000000,5.004853,timeout,0.957284,0,237,0,72.268114
4237,100032,0,762867,13.112640,0.000000,5.004220,timeout,0.958239,0,238,0,72.251062
4238,100032,0,762867,13.112640,0.000000,1.041276,,0.958259,0,238,0,72.257608
4239,100032,0,762867,13.112640,0.000000,3.032666,,0.958748,0,238,0,72.264151
4240,100035,3,762867,13.113033,0.000393,0.022847,non_zero_exit,0.958528,0,238,0,72.247112
4241,100035,0,762867,13.113033,0.000000,0.020993,non_zero_exit,0.958307,0,238,0,72.230080
4242,100035,0,762867,13.113033,0.000000,2.529074,non_zero_exit,0.958677,0,238,0,72.213057
4243,100035,0,762867,13.113033,0.000000,0.026138,,0.958457,0,238,0,72.219604
4244,100035,0,762867,13.113033,0.000000,1.026149,,0.958473,0,238,0,72.226148
4245,100035,0,762867,13.113033,0.000000,0.026217,,0.958253,0,238,0,72.232690
4246,100035,0,762867,13.113033,0.000000,0.022185,non_zero_exit,0.958033,0,238,0,72.215682
4247,100035,0,762867,13.113033,0.000000,5.004527,timeout,0.958986,0,239,0,72.198682
4248,100035,0,762867,13.113033,0.000000,0.035105,,0.958768,0,239,0,72.205225
4249,100035,0,762867,13.113033,0.000000,0.028558,non_zero_exit,0.958549,0,239,0,72.188235
4250,100035,0,762867,13.113033,0.000000,0.027564,,0.958330,0,239,0,72.194778
4251,100047,12,762867,13.114606,0.001573,0.023981,non_zero_exit,0.958110,0,239,0,72.177799
4252,100047,0,762867,13.114606,0.000000,0.023390,non_zero_exit,0.957891,0,239,0,72.160828
4253,100047,0,762867,13.114606,0.000000,0.025548,non_zero_exit,0.957672,0,239,0,72.143865
4254,100047,0,762867,13.114606,0.000000,0.030568,,0.957454,0,239,0,72.150411
4255,100047,0,762867,13.114606,0.000000,0.035563,,0.957237,0,239,0,72.156955
4256,100106,59,762867,13.122340,0.007734,2.059201,,0.957496,0,239,0,72.163495
4257,100106,0,762867,13.122340,0.000000,0.030763,,0.957278,0,239,0,72.170033
4258,100106,0,762867,13.122340,0.000000,1.030220,non_zero_exit,0.957295,0,239,0,72.153088
4259,100106,0,762867,13.122340,0.000000,0.023691,non_zero_exit,0.957076,0,239,0,72.136150
4260,100106,0,762867,13.122340,0.000000,1.030712,,0.957093,0,239,0,72.142690
4261,100106,0,762867,13.122340,0.000000,2.028856,,0.957345,0,239,0,72.149226
4262,100106,0,762867,13.122340,0.000000,0.528562,,0.957244,0,239,0,72.155759
4263,100106,0,762867,13.122340,0.000000,0.034976,,0.957028,0,239,0,72.162289
4264,100110,4,762867,13.122864,0.000524,0.030328,,0.956811,0,239,0,72.168816
4265,100110,0,762867,13.122864,0.000000,1.034461,,0.956829,0,239,0,72.175340
4266,100110,0,762867,13.122864,0.000000,1.030180,,0.956846,0,239,0,72.181861
4267,100110,0,762867,13.122864,0.000000,1.027867,,0.956863,0,239,0,72.188379
4268,100110,0,762867,13.122864,0.000000,0.031678,,0.956646,0,239,0,72.194893
4269,100110,0,762867,13.122864,0.000000,0.034436,,0.956430,0,239,0,72.201405
4270,100110,0,762867,13.122864,0.000000,0.023181,non_zero_exit,0.956212,0,239,0,72.184500
4271,100112,2,762867,13.123126,0.000262,0.029619,,0.955995,0,239,0,72.191011
4272,100112,0,762867,13.123126,0.000000,0.024858,non_zero_exit,0.955777,0,239,0,72.174117
4273,100113,1,762867,13.123257,0.000131,1.029297,,0.955794,0,239,0,72.180627
4274,100113,0,762867,13.123257,0.000000,2.031774,,0.956046,0,239,0,72.187135
4275,100113,0,762867,13.123257,0.000000,0.028563,,0.955829,0,239,0,72.193639
4276,100113,0,762867,13.123257,0.000000,1.037237,,0.955848,0,239,0,72.200140
4277,100113,0,762867,13.123257,0.000000,1.029399,,0.955865,0,239,0,72.206639
4278,100113,0,762867,13.123257,0.000000,5.003926,timeout,0.956811,0,240,0,72.189764
4279,100113,0,762867,13.123257,0.000000,0.028434,,0.956594,0,240,0,72.196262
4280,100113,0,762867,13.123257,0.000000,0.022528,non_zero_exit,0.956376,0,240,0,72.179397
4281,100113,0,762867,13.123257,0.000000,3.032675,non_zero_exit,0.956861,0,240,0,72.162541
4282,100113,0,762867,13.123257,0.000000,5.003959,timeout,0.957806,0,241,0,72.145692
4283,100113,0,762867,13.123257,0.000000,1.029292,,0.957822,0,241,0,72.152194
4284,100113,0,762867,13.123257,0.000000,0.022683,non_zero_exit,0.957604,0,241,0,72.135356
4285,100114,1,762867,13.123388,0.000131,1.028461,,0.957621,0,241,0,72.141857
4286,100114,0,762867,13.123388,0.000000,0.031972,,0.957405,0,241,0,72.148355
4287,100114,0,762867,13.123388,0.000000,3.034405,,0.957889,0,241,0,72.154851
4288,100114,0,762867,13.123388,0.000000,0.030754,,0.957673,0,241,0,72.161343
4289,100114,0,762867,13.123388,0.000000,0.023865,non_zero_exit,0.957455,0,241,0,72.144522
4290,100127,13,762867,13.125093,0.001704,0.022779,non_zero_exit,0.957238,0,241,0,72.127709
4291,100127,0,762867,13.125093,0.000000,0.030950,,0.957022,0,241,0,72.134203
4292,100127,0,762867,13.125093,0.000000,0.030751,,0.956806,0,241,0,72.140694
4293,100127,0,762867,13.125093,0.000000,1.026248,,0.956822,0,241,0,72.147182
4294,100127,0,762867,13.125093,0.000000,0.031425,,0.956607,0,241,0,72.153667
4295,100127,0,762867,13.125093,0.000000,0.021479,non_zero_exit,0.956389,0,241,0,72.136872
4296,100127,0,762867,13.125093,0.000000,0.026403,non_zero_exit,0.956173,0,241,0,72.120084
4297,100129,2,762867,13.125355,0.000262,3.734884,,0.956819,0,241,0,72.126570
4298,100129,0,762867,13.125355,0.000000,0.030901,,0.956604,0,241,0,72.133054
4299,100129,0,762867,13.125355,0.000000,2.040937,non_zero_exit,0.956856,0,241,0,72.116279
4300,100129,0,762867,13.125355,0.000000,1.136644,,0.956898,0,241,0,72.122762
4301,100129,0,762867,13.125355,0.000000,0.029292,,0.956682,0,241,0,72.129242
4302,100144,15,762867,13.127321,0.001966,0.335290,,0.956538,0,241,0,72.135719
4303,100145,1,762867,13.127452,0.000131,3.211332,,0.957062,0,241,0,72.142193
4304,100145,0,762867,13.127452,0.000000,1.528327,,0.957194,0,241,0,72.148664
4305,100145,0,762867,13.127452,0.000000,1.033126,,0.957212,0,241,0,72.155132
4306,100145,0,762867,13.127452,0.000000,1.030144,,0.957229,0,241,0,72.161597
4307,100145,0,762867,13.127452,0.000000,3.036590,,0.957711,0,241,0,72.168059
4308,100145,0,762867,13.127452,0.000000,0.018847,non_zero_exit,0.957494,0,241,0,72.151311
4309,100145,0,762867,13.127452,0.000000,3.027288,,0.957974,0,241,0,72.157773
4310,100145,0,762867,13.127452,0.000000,0.528236,,0.957874,0,241,0,72.164231
4311,100145,0,762867,13.127452,0.000000,1.029260,,0.957891,0,241,0,72.170686
4312,100145,0,762867,13.127452,0.000000,0.030789,,0.957676,0,241,0,72.177139
4313,100145,0,762867,13.127452,0.000000,0.028635,,0.957460,0,241,0,72.183588
4314,100145,0,762867,13.127452,0.000000,2.028819,,0.957709,0,241,0,72.190035
4315,100145,0,762867,13.127452,0.000000,0.030289,,0.957494,0,241,0,72.196478
4316,100145,0,762867,13.127452,0.000000,0.016982,non_zero_exit,0.957276,0,241,0,72.179754
4317,100145,0,762867,13.127452,0.000000,1.032319,,0.957293,0,241,0,72.186197
4318,100147,2,762867,13.127714,0.000262,3.035374,,0.957774,0,241,0,72.192637
4319,100147,0,762867,13.127714,0.000000,0.025412,non_zero_exit,0.957559,0,241,0,72.175926
4320,100147,0,762867,13.127714,0.000000,0.032719,,0.957345,0,241,0,72.182365
4321,100147,0,762867,13.127714,0.000000,0.022774,non_zero_exit,0.957128,0,241,0,72.165664
4322,100147,0,762867,13.127714,0.000000,1.528310,,0.957261,0,241,0,72.172103
4323,100147,0,762867,13.127714,0.000000,0.030263,,0.957046,0,241,0,72.178538
4324,100147,0,762867,13.127714,0.000000,0.021545,non_zero_exit,0.956830,0,241,0,72.161850
4325,100147,0,762867,13.127714,0.000000,0.026968,,0.956615,0,241,0,72.168285
4326,100147,0,762867,13.127714,0.000000,0.058498,,0.956407,0,241,0,72.174717
4327,100147,0,762867,13.127714,0.000000,3.525248,,0.957001,0,241,0,72.181146
4328,100147,0,762867,13.127714,0.000000,0.027465,,0.956786,0,241,0,72.187572
4329,100147,0,762867,13.127714,0.000000,1.028964,,0.956803,0,241,0,72.193995
4330,100147,0,762867,13.127714,0.000000,4.033135,,0.957513,0,241,0,72.200416
4331,100148,1,762867,13.127845,0.000131,0.024178,non_zero_exit,0.957298,0,241,0,72.183749
4332,100148,0,762867,13.127845,0.000000,1.033591,,0.957315,0,241,0,72.190168
4333,100148,0,762867,13.127845,0.000000,1.032693,,0.957333,0,241,0,72.196585
4334,100148,0,762867,13.127845,0.000000,0.030269,,0.957119,0,241,0,72.202999
4335,100149,1,762867,13.127976,0.000131,0.053737,,0.956910,0,241,0,72.209410
4336,100149,0,762867,13.127976,0.000000,0.026514,,0.956696,0,241,0,72.215817
4337,100149,0,762867,13.127976,0.000000,0.017570,non_zero_exit,0.956479,0,241,0,72.199170
4338,100149,0,762867,13.127976,0.000000,2.030254,,0.956727,0,241,0,72.205577
4339,100149,0,762867,13.127976,0.000000,0.024743,non_zero_exit,0.956512,0,241,0,72.188940
4340,100150,1,762867,13.128108,0.000131,2.029730,,0.956759,0,241,0,72.195347
4341,100150,0,762867,13.128108,0.000000,2.023260,,0.957005,0,241,0,72.201750
4342,100150,0,762867,13.128108,0.000000,0.024920,non_zero_exit,0.956790,0,241,0,72.185125
4343,100150,0,762867,13.128108,0.000000,5.004579,timeout,0.957722,0,242,0,72.168508
4344,100150,0,762867,13.128108,0.000000,0.131081,,0.957532,0,242,0,72.174914
4345,100150,0,762867,13.128108,0.000000,1.029192,,0.957548,0,242,0,72.181316
4346,100150,0,762867,13.128108,0.000000,0.030889,,0.957335,0,242,0,72.187716
4347,100150,0,762867,13.128108,0.000000,1.535151,,0.957468,0,242,0,72.194112
4348,100150,0,762867,13.128108,0.000000,1.026639,non_zero_exit,0.957484,0,242,0,72.177512
4349,100150,0,762867,13.128108,0.000000,1.034664,,0.957502,0,242,0,72.183908
4350,100154,4,762867,13.128632,0.000524,0.021621,non_zero_exit,0.957287,0,242,0,72.167318
4351,100154,0,762867,13.128632,0.000000,2.534076,,0.957649,0,242,0,72.173713
4352,100154,0,762867,13.128632,0.000000,0.022086,non_zero_exit,0.957434,0,242,0,72.157133
4353,100161,7,762867,13.129549,0.000918,0.035162,,0.957222,0,242,0,72.163528
4354,100161,0,762867,13.129549,0.000000,1.033057,,0.957240,0,242,0,72.169920
4355,100161,0,762867,13.129549,0.000000,1.030845,,0.957257,0,242,0,72.176309
4356,100201,40,762867,13.134793,0.005243,2.036457,,0.957504,0,242,0,72.182695
4357,100201,0,762867,13.134793,0.000000,3.030675,,0.957980,0,242,0,72.189078
4358,100201,0,762867,13.134793,0.000000,0.024512,non_zero_exit,0.957766,0,242,0,72.172517
4359,100244,43,762867,13.140429,0.005637,0.040268,,0.957555,0,242,0,72.178899
4360,100244,0,762867,13.140429,0.000000,0.021797,non_zero_exit,0.957341,0,242,0,72.162348
4361,100244,0,762867,13.140429,0.000000,3.037775,,0.957818,0,242,0,72.168730
4362,100245,1,762867,13.140561,0.000131,5.004061,timeout,0.958745,0,243,0,72.152189
4363,100245,0,762867,13.140561,0.000000,0.021911,non_zero_exit,0.958531,0,243,0,72.135655
4364,100291,46,762867,13.146590,0.006030,0.025510,,0.958317,0,243,0,72.142039
4365,100291,0,762867,13.146590,0.000000,0.029137,,0.958104,0,243,0,72.148420
4366,100291,0,762867,13.146590,0.000000,0.028048,,0.957891,0,243,0,72.154797
4367,100291,0,762867,13.146590,0.000000,1.036336,,0.957909,0,243,0,72.161172
4368,100291,0,762867,13.146590,0.000000,1.030783,,0.957926,0,243,0,72.167544
4369,100291,0,762867,13.146590,0.000000,2.033686,,0.958172,0,243,0,72.173913
4370,100292,1,762867,13.146722,0.000131,1.029421,,0.958188,0,243,0,72.180279
4371,100292,0,762867,13.146722,0.000000,5.003687,timeout,0.959113,0,244,0,72.163769
4372,100292,0,762867,13.146722,0.000000,3.034075,,0.959588,0,244,0,72.170135
4373,100292,0,762867,13.146722,0.000000,0.021323,non_zero_exit,0.959373,0,244,0,72.153635
4374,100292,0,762867,13.146722,0.000000,1.031302,,0.959390,0,244,0,72.160000
4375,100292,0,762867,13.146722,0.000000,1.024832,,0.959405,0,244,0,72.166362
4376,100292,0,762867,13.146722,0.000000,0.030722,,0.959193,0,244,0,72.172721
4377,100292,0,762867,13.146722,0.000000,2.026743,,0.959436,0,244,0,72.179077
4378,100296,4,762867,13.147246,0.000524,0.029674,,0.959224,0,244,0,72.185430
4379,100296,0,762867,13.147246,0.000000,1.036004,,0.959242,0,244,0,72.191781
4380,100296,0,762867,13.147246,0.000000,1.525424,,0.959371,0,244,0,72.198128
4381,100296,0,762867,13.147246,0.000000,1.036387,,0.959388,0,244,0,72.204473
4382,100296,0,762867,13.147246,0.000000,0.027024,non_zero_exit,0.959176,0,244,0,72.187999
4383,100296,0,762867,13.147246,0.000000,0.022055,non_zero_exit,0.958962,0,244,0,72.171533
4384,100296,0,762867,13.147246,0.000000,1.028053,non_zero_exit,0.958978,0,244,0,72.155074
4385,100296,0,762867,13.147246,0.000000,0.019219,non_zero_exit,0.958763,0,244,0,72.138623
4386,100296,0,762867,13.147246,0.000000,0.027400,,0.958551,0,244,0,72.144974
4387,100296,0,762867,13.147246,0.000000,0.033960,,0.958340,0,244,0,72.151322
4388,100296,0,762867,13.147246,0.000000,0.022381,non_zero_exit,0.958127,0,244,0,72.134883
4389,100296,0,762867,13.147246,0.000000,1.029726,,0.958144,0,244,0,72.141230
4390,100296,0,762867,13.147246,0.000000,3.034277,,0.958616,0,244,0,72.147575
4391,100296,0,762867,13.147246,0.000000,5.007746,timeout,0.959538,0,245,0,72.131148
4392,100296,0,762867,13.147246,0.000000,0.437382,,0.959419,0,245,0,72.137491
4393,100296,0,762867,13.147246,0.000000,0.029615,,0.959208,0,245,0,72.143832
4394,100296,0,762867,13.147246,0.000000,0.024616,,0.958995,0,245,0,72.150171
4395,100303,7,762867,13.148163,0.000918,0.025923,,0.958783,0,245,0,72.156506
4396,100303,0,762867,13.148163,0.000000,1.027033,,0.958798,0,245,0,72.162838
4397,100303,0,762867,13.148163,0.000000,1.027618,,0.958814,0,245,0,72.169168
4398,100303,0,762867,13.148163,0.000000,0.030482,,0.958603,0,245,0,72.175494
4399,100303,0,762867,13.148163,0.000000,0.028126,,0.958392,0,245,0,72.181818
4400,100303,0,762867,13.148163,0.000000,2.030142,,0.958635,0,245,0,72.188139
4401,100303,0,762867,13.148163,0.000000,1.029291,,0.958651,0,245,0,72.194457
4402,100303,0,762867,13.148163,0.000000,0.044530,,0.958444,0,245,0,72.200772
4403,100303,0,762867,13.148163,0.000000,1.039241,,0.958462,0,245,0,72.207084
4404,100303,0,762867,13.148163,0.000000,0.028523,,0.958251,0,245,0,72.213394
4405,100303,0,762867,13.148163,0.000000,1.029064,,0.958267,0,245,0,72.219700
4406,100303,0,762867,13.148163,0.000000,2.528604,non_zero_exit,0.958623,0,245,0,72.203313
4407,100303,0,762867,13.148163,0.000000,5.004203,timeout,0.959541,0,246,0,72.186933
4408,100303,0,762867,13.148163,0.000000,0.023008,non_zero_exit,0.959329,0,246,0,72.170560
4409,100303,0,762867,13.148163,0.000000,1.831436,,0.959526,0,246,0,72.176871
4410,100303,0,762867,13.148163,0.000000,0.032304,,0.959316,0,246,0,72.183178
4411,100303,0,762867,13.148163,0.000000,0.031309,,0.959106,0,246,0,72.189483
4412,100303,0,762867,13.148163,0.000000,0.530938,,0.959009,0,246,0,72.195785
4413,100304,1,762867,13.148295,0.000131,1.034344,,0.959026,0,246,0,72.202084
4414,100304,0,762867,13.148295,0.000000,0.030432,,0.958815,0,246,0,72.208381
4415,100304,0,762867,13.148295,0.000000,3.030473,,0.959285,0,246,0,72.214674
4416,100304,0,762867,13.148295,0.000000,0.033111,,0.959075,0,246,0,72.220964
4417,100304,0,762867,13.148295,0.000000,5.003869,timeout,0.959990,0,247,0,72.204617
4418,100304,0,762867,13.148295,0.000000,0.033395,,0.959781,0,247,0,72.210907
4419,100304,0,762867,13.148295,0.000000,0.022053,non_zero_exit,0.959569,0,247,0,72.194570
4420,100304,0,762867,13.148295,0.000000,0.021936,non_zero_exit,0.959357,0,247,0,72.178240
4421,100304,0,762867,13.148295,0.000000,1.036059,,0.959374,0,247,0,72.184532
4422,100304,0,762867,13.148295,0.000000,0.029103,,0.959164,0,247,0,72.190821
4423,100304,0,762867,13.148295,0.000000,0.032367,,0.958954,0,247,0,72.197107
4424,100304,0,762867,13.148295,0.000000,0.023330,non_zero_exit,0.958743,0,247,0,72.180791
4425,100304,0,762867,13.148295,0.000000,5.007958,timeout,0.959657,0,248,0,72.164483
4426,100304,0,762867,13.148295,0.000000,1.030584,,0.959673,0,248,0,72.170770
4427,100304,0,762867,13.148295,0.000000,0.026201,non_zero_exit,0.959463,0,248,0,72.154472
4428,100304,0,762867,13.148295,0.000000,2.029008,,0.959704,0,248,0,72.160759
4429,100304,0,762867,13.148295,0.000000,0.030299,,0.959494,0,248,0,72.167043
4430,100304,0,762867,13.148295,0.000000,0.026572,,0.959284,0,248,0,72.173324
4431,100304,0,762867,13.148295,0.000000,0.032674,,0.959075,0,248,0,72.179603
4432,100304,0,762867,13.148295,0.000000,2.035625,,0.959318,0,248,0,72.185879
4433,100304,0,762867,13.148295,0.000000,0.030876,,0.959108,0,248,0,72.192152
4434,100304,0,762867,13.148295,0.000000,1.031408,,0.959125,0,248,0,72.198422
4435,100304,0,762867,13.148295,0.000000,3.032595,,0.959592,0,248,0,72.204689
4436,100304,0,762867,13.148295,0.000000,2.030313,,0.959833,0,248,0,72.210953
4437,100304,0,762867,13.148295,0.000000,1.030348,,0.959849,0,248,0,72.217215
4438,100304,0,762867,13.148295,0.000000,0.025118,non_zero_exit,0.959639,0,248,0,72.200946
4439,100304,0,762867,13.148295,0.000000,0.037566,,0.959431,0,248,0,72.207207
4440,100304,0,762867,13.148295,0.000000,3.031006,,0.959897,0,248,0,72.213465
4441,100304,0,762867,13.148295,0.000000,3.037555,,0.960365,0,248,0,72.219721
4442,100304,0,762867,13.148295,0.000000,1.935510,,0.960585,0,248,0,72.225973
4443,100304,0,762867,13.148295,0.000000,1.030653,,0.960600,0,248,0,72.232223
4444,100304,0,762867,13.148295,0.000000,0.029497,non_zero_exit,0.960391,0,248,0,72.215973
4445,100304,0,762867,13.148295,0.000000,1.027791,,0.960406,0,248,0,72.222222
4446,100304,0,762867,13.148295,0.000000,0.027007,,0.960196,0,248,0,72.228469
4447,100306,2,762867,13.148557,0.000262,3.031680,,0.960662,0,248,0,72.234712
4448,100306,0,762867,13.148557,0.000000,0.031289,,0.960453,0,248,0,72.240953
4449,100306,0,762867,13.148557,0.000000,0.030942,,0.960244,0,248,0,72.247191
4450,100306,0,762867,13.148557,0.000000,0.028255,,0.960035,0,248,0,72.253426
4451,100306,0,762867,13.148557,0.000000,3.033025,,0.960500,0,248,0,72.259659
4452,100306,0,762867,13.148557,0.000000,2.744698,,0.960901,0,248,0,72.265888
4453,100306,0,762867,13.148557,0.000000,5.003439,timeout,0.961809,0,249,0,72.249663
4454,100306,0,762867,13.148557,0.000000,5.003843,timeout,0.962716,0,250,0,72.233446
4455,100306,0,762867,13.148557,0.000000,1.032111,,0.962731,0,250,0,72.239677
4456,100306,0,762867,13.148557,0.000000,3.035031,,0.963196,0,250,0,72.245905
4457,100306,0,762867,13.148557,0.000000,0.031369,,0.962987,0,250,0,72.252131
4458,100306,0,762867,13.148557,0.000000,0.030710,,0.962778,0,250,0,72.258354
4459,100306,0,762867,13.148557,0.000000,1.029748,,0.962793,0,250,0,72.264574
4460,100306,0,762867,13.148557,0.000000,0.030224,,0.962584,0,250,0,72.270791
4461,100306,0,762867,13.148557,0.000000,0.535820,,0.962489,0,250,0,72.277006
4462,100306,0,762867,13.148557,0.000000,0.023779,non_zero_exit,0.962278,0,250,0,72.260811
4463,100306,0,762867,13.148557,0.000000,5.003937,timeout,0.963184,0,251,0,72.244624
4464,100306,0,762867,13.148557,0.000000,0.021413,non_zero_exit,0.962973,0,251,0,72.228443
4465,100307,1,762867,13.148688,0.000131,2.030850,,0.963212,0,251,0,72.234662
4466,100307,0,762867,13.148688,0.000000,1.030551,,0.963227,0,251,0,72.240878
4467,100307,0,762867,13.148688,0.000000,0.060110,,0.963025,0,251,0,72.247090
4468,100307,0,762867,13.148688,0.000000,1.272220,,0.963094,0,251,0,72.253301
4469,100307,0,762867,13.148688,0.000000,1.036562,,0.963110,0,251,0,72.259508
4470,100307,0,762867,13.148688,0.000000,0.336142,,0.962970,0,251,0,72.265712
4471,100307,0,762867,13.148688,0.000000,0.024736,non_zero_exit,0.962760,0,251,0,72.249553
4472,100307,0,762867,13.148688,0.000000,0.024253,non_zero_exit,0.962551,0,251,0,72.233400
4473,100307,0,762867,13.148688,0.000000,0.772265,,0.962508,0,251,0,72.239607
4474,100307,0,762867,13.148688,0.000000,1.027394,,0.962523,0,251,0,72.245810
4475,100307,0,762867,13.148688,0.000000,0.027692,,0.962314,0,251,0,72.252011
4476,100307,0,762867,13.148688,0.000000,0.029725,,0.962105,0,251,0,72.258209
4477,100307,0,762867,13.148688,0.000000,1.029112,,0.962120,0,251,0,72.264404
4478,100307,0,762867,13.148688,0.000000,1.029272,,0.962135,0,251,0,72.270596
4479,100307,0,762867,13.148688,0.000000,0.024248,non_zero_exit,0.961926,0,251,0,72.254464
4480,100307,0,762867,13.148688,0.000000,0.036789,,0.961720,0,251,0,72.260656
4481,100307,0,762867,13.148688,0.000000,1.033749,,0.961736,0,251,0,72.266845
4482,100307,0,762867,13.148688,0.000000,1.029323,,0.961751,0,251,0,72.273031
4483,100307,0,762867,13.148688,0.000000,5.004510,timeout,0.962652,0,252,0,72.256913
4484,100307,0,762867,13.148688,0.000000,0.023681,non_zero_exit,0.962443,0,252,0,72.240803
4485,100307,0,762867,13.148688,0.000000,1.029806,,0.962458,0,252,0,72.246991
4486,100307,0,762867,13.148688,0.000000,4.237268,non_zero_exit,0.963188,0,252,0,72.230889
4487,100313,6,762867,13.149474,0.000787,0.034186,,0.962981,0,252,0,72.237077
4488,100313,0,762867,13.149474,0.000000,0.028927,,0.962773,0,252,0,72.243261
4489,100313,0,762867,13.149474,0.000000,0.034946,,0.962566,0,252,0,72.249443
4490,100313,0,762867,13.149474,0.000000,0.033197,,0.962359,0,252,0,72.255622
4491,100313,0,762867,13.149474,0.000000,1.035637,,0.962375,0,252,0,72.261799
4492,100313,0,762867,13.149474,0.000000,0.029165,,0.962168,0,252,0,72.267972
4493,100313,0,762867,13.149474,0.000000,1.031720,,0.962183,0,252,0,72.274143
4494,100313,0,762867,13.149474,0.000000,0.034675,,0.961977,0,252,0,72.280311
4495,100313,0,762867,13.149474,0.000000,4.128599,,0.962681,0,252,0,72.286477
4496,100313,0,762867,13.149474,0.000000,5.007918,timeout,0.963581,0,253,0,72.270402
4497,100313,0,762867,13.149474,0.000000,0.024618,non_zero_exit,0.963372,0,253,0,72.254335
4498,100313,0,762867,13.149474,0.000000,0.538657,,0.963278,0,253,0,72.260502
4499,100313,0,762867,13.149474,0.000000,3.033633,,0.963738,0,253,0,72.266667
4500,100313,0,762867,13.149474,0.000000,0.537621,,0.963643,0,253,0,72.272828
4501,100313,0,762867,13.149474,0.000000,0.030535,,0.963436,0,253,0,72.278987
4502,100313,0,762867,13.149474,0.000000,1.027364,,0.963450,0,253,0,72.285143
4503,100313,0,762867,13.149474,0.000000,0.027219,,0.963242,0,253,0,72.291297
4504,100313,0,762867,13.149474,0.000000,1.027375,,0.963256,0,253,0,72.297447
4505,100313,0,762867,13.149474,0.000000,1.025865,,0.963270,0,253,0,72.303595
4506,100313,0,762867,13.149474,0.000000,0.025734,non_zero_exit,0.963062,0,253,0,72.287553
4507,100313,0,762867,13.149474,0.000000,2.031434,,0.963299,0,253,0,72.293700
4508,100313,0,762867,13.149474,0.000000,0.028475,,0.963092,0,253,0,72.299845
4509,100313,0,762867,13.149474,0.000000,0.026317,,0.962884,0,253,0,72.305987
4510,100313,0,762867,13.149474,0.000000,0.023298,non_zero_exit,0.962676,0,253,0,72.289958
4511,100313,0,762867,13.149474,0.000000,0.021681,non_zero_exit,0.962467,0,253,0,72.273936
4512,100313,0,762867,13.149474,0.000000,1.032548,,0.962483,0,253,0,72.280080
4513,100313,0,762867,13.149474,0.000000,0.023224,non_zero_exit,0.962275,0,253,0,72.264067
4514,100313,0,762867,13.149474,0.000000,1.027347,,0.962289,0,253,0,72.270210
4515,100313,0,762867,13.149474,0.000000,0.022207,non_zero_exit,0.962081,0,253,0,72.254207
4516,100313,0,762867,13.149474,0.000000,0.021817,non_zero_exit,0.961873,0,253,0,72.238211
4517,100313,0,762867,13.149474,0.000000,3.424162,,0.962418,0,253,0,72.244356
4518,100313,0,762867,13.149474,0.000000,1.033223,,0.962434,0,253,0,72.250498
4519,100313,0,762867,13.149474,0.000000,0.028573,,0.962227,0,253,0,72.256637
4520,100313,0,762867,13.149474,0.000000,5.004742,timeout,0.963121,0,254,0,72.240655
4521,100313,0,762867,13.149474,0.000000,3.025358,,0.963577,0,254,0,72.246793
4522,100313,0,762867,13.149474,0.000000,0.026633,,0.963370,0,254,0,72.252929
4523,100313,0,762867,13.149474,0.000000,0.026735,non_zero_exit,0.963163,0,254,0,72.236958
4524,100313,0,762867,13.149474,0.000000,5.005064,timeout,0.964056,0,255,0,72.220994
4525,100431,118,762867,13.164942,0.015468,2.654765,,0.964430,0,255,0,72.227132
4526,100431,0,762867,13.164942,0.000000,1.034928,,0.964445,0,255,0,72.233267
4527,100433,2,762867,13.165204,0.000262,0.023621,non_zero_exit,0.964238,0,255,0,72.217314
4528,100440,7,762867,13.166122,0.000918,0.029082,,0.964031,0,255,0,72.223449
4529,100440,0,762867,13.166122,0.000000,1.529053,,0.964156,0,255,0,72.229581
4530,100440,0,762867,13.166122,0.000000,0.022948,non_zero_exit,0.963948,0,255,0,72.213639
4531,100440,0,762867,13.166122,0.000000,5.005569,timeout,0.964840,0,256,0,72.197705
4532,100440,0,762867,13.166122,0.000000,0.031784,,0.964634,0,256,0,72.203839
4533,100440,0,762867,13.166122,0.000000,1.029463,,0.964648,0,256,0,72.209969
4534,100440,0,762867,13.166122,0.000000,0.021950,non_zero_exit,0.964440,0,256,0,72.194046
4535,100440,0,762867,13.166122,0.000000,0.028790,,0.964234,0,256,0,72.200176
4536,100440,0,762867,13.166122,0.000000,0.034703,,0.964029,0,256,0,72.206304
4537,100440,0,762867,13.166122,0.000000,1.028320,,0.964043,0,256,0,72.212428
4538,100440,0,762867,13.166122,0.000000,0.029322,,0.963838,0,256,0,72.218550
4539,100440,0,762867,13.166122,0.000000,0.031370,,0.963632,0,256,0,72.224670
4540,100440,0,762867,13.166122,0.000000,0.783801,,0.963593,0,256,0,72.230786
4541,100440,0,762867,13.166122,0.000000,1.031487,,0.963607,0,256,0,72.236900
4542,100440,0,762867,13.166122,0.000000,1.037983,,0.963624,0,256,0,72.243011
4543,100440,0,762867,13.166122,0.000000,0.014628,non_zero_exit,0.963415,0,256,0,72.227113
4544,100440,0,762867,13.166122,0.000000,0.023597,non_zero_exit,0.963208,0,256,0,72.211221
4545,100440,0,762867,13.166122,0.000000,0.021625,non_zero_exit,0.963001,0,256,0,72.195337
4546,100440,0,762867,13.166122,0.000000,0.021297,non_zero_exit,0.962794,0,256,0,72.179459
4547,100440,0,762867,13.166122,0.000000,1.030974,,0.962809,0,256,0,72.185576
4548,100440,0,762867,13.166122,0.000000,0.128955,,0.962626,0,256,0,72.191690
4549,100440,0,762867,13.166122,0.000000,1.034726,,0.962642,0,256,0,72.197802
4550,100440,0,762867,13.166122,0.000000,0.030999,,0.962437,0,256,0,72.203911
4551,100441,1,762867,13.166253,0.000131,1.029810,,0.962452,0,256,0,72.210018
4552,100441,0,762867,13.166253,0.000000,1.026326,,0.962466,0,256,0,72.216121
4553,100441,0,762867,13.166253,0.000000,3.030030,,0.962920,0,256,0,72.222222
4554,100441,0,762867,13.166253,0.000000,0.027709,,0.962714,0,256,0,72.228321
4555,100441,0,762867,13.166253,0.000000,2.527148,,0.963058,0,256,0,72.234416
4556,100441,0,762867,13.166253,0.000000,3.028141,,0.963511,0,256,0,72.240509
4557,100441,0,762867,13.166253,0.000000,0.024955,non_zero_exit,0.963305,0,256,0,72.224660
4558,100441,0,762867,13.166253,0.000000,0.021720,non_zero_exit,0.963098,0,256,0,72.208818
4559,100441,0,762867,13.166253,0.000000,3.030831,,0.963552,0,256,0,72.214912
4560,100441,0,762867,13.166253,0.000000,0.023295,non_zero_exit,0.963346,0,256,0,72.199079
4561,100441,0,762867,13.166253,0.000000,0.025537,,0.963140,0,256,0,72.205173
4562,100441,0,762867,13.166253,0.000000,2.012400,,0.963370,0,256,0,72.211265
4563,100441,0,762867,13.166253,0.000000,0.588175,,0.963288,0,256,0,72.217353
4564,100441,0,762867,13.166253,0.000000,2.033274,,0.963522,0,256,0,72.223439
4565,100441,0,762867,13.166253,0.000000,0.029921,,0.963318,0,256,0,72.229523
4566,100442,1,762867,13.166384,0.000131,0.127640,,0.963135,0,256,0,72.235603
4567,100442,0,762867,13.166384,0.000000,4.030298,,0.963806,0,256,0,72.241681
4568,100442,0,762867,13.166384,0.000000,1.031989,,0.963821,0,256,0,72.247757
4569,100442,0,762867,13.166384,0.000000,1.028203,,0.963835,0,256,0,72.253829
4570,100442,0,762867,13.166384,0.000000,0.026065,,0.963630,0,256,0,72.259899
4571,100442,0,762867,13.166384,0.000000,0.030538,,0.963426,0,256,0,72.265967
4572,100442,0,762867,13.166384,0.000000,1.029869,,0.963441,0,256,0,72.272031
4573,100442,0,762867,13.166384,0.000000,0.025103,non_zero_exit,0.963235,0,256,0,72.256231
4574,100442,0,762867,13.166384,0.000000,1.032292,,0.963251,0,256,0,72.262295
4575,100442,0,762867,13.166384,0.000000,1.029918,,0.963265,0,256,0,72.268357
4576,100442,0,762867,13.166384,0.000000,1.018536,,0.963277,0,256,0,72.274416
4577,100442,0,762867,13.166384,0.000000,0.028616,,0.963073,0,256,0,72.280472
4578,100442,0,762867,13.166384,0.000000,3.032308,,0.963525,0,256,0,72.286525
4579,100442,0,762867,13.166384,0.000000,0.025259,non_zero_exit,0.963320,0,256,0,72.270742
4580,100442,0,762867,13.166384,0.000000,0.028538,,0.963116,0,256,0,72.276795
4581,100524,82,762867,13.177133,0.010749,1.032336,,0.963131,0,256,0,72.282846
4582,100524,0,762867,13.177133,0.000000,3.043962,,0.963585,0,256,0,72.288894
4583,100524,0,762867,13.177133,0.000000,5.004607,timeout,0.964467,0,257,0,72.273124
4584,100524,0,762867,13.177133,0.000000,0.028767,,0.964263,0,257,0,72.279171
4585,100524,0,762867,13.177133,0.000000,0.030341,,0.964059,0,257,0,72.285216
4586,100524,0,762867,13.177133,0.000000,0.024264,non_zero_exit,0.963854,0,257,0,72.269457
4587,100524,0,762867,13.177133,0.000000,1.027897,,0.963868,0,257,0,72.275501
4588,100524,0,762867,13.177133,0.000000,0.022155,non_zero_exit,0.963663,0,257,0,72.259752
4589,100524,0,762867,13.177133,0.000000,0.026520,,0.963459,0,257,0,72.265795
4590,100530,6,762867,13.177920,0.000787,0.023070,non_zero_exit,0.963254,0,257,0,72.250054
4591,100531,1,762867,13.178051,0.000131,0.021612,non_zero_exit,0.963049,0,257,0,72.234321
4592,100533,2,762867,13.178313,0.000262,2.035247,,0.963282,0,257,0,72.240366
4593,100533,0,762867,13.178313,0.000000,0.023138,non_zero_exit,0.963078,0,257,0,72.224641
4594,100533,0,762867,13.178313,0.000000,0.032543,,0.962875,0,257,0,72.230686
4595,100533,0,762867,13.178313,0.000000,0.134791,,0.962695,0,257,0,72.236728
4596,100533,0,762867,13.178313,0.000000,4.032554,,0.963363,0,257,0,72.242767
4597,100533,0,762867,13.178313,0.000000,1.528879,,0.963486,0,257,0,72.248804
4598,100533,0,762867,13.178313,0.000000,0.026321,,0.963282,0,257,0,72.254838
4599,100537,4,762867,13.178837,0.000524,1.035316,,0.963298,0,257,0,72.260870
4600,100537,0,762867,13.178837,0.000000,0.037138,,0.963096,0,257,0,72.266899
4601,100537,0,762867,13.178837,0.000000,1.031480,,0.963111,0,257,0,72.272925
4602,100537,0,762867,13.178837,0.000000,3.041637,,0.963563,0,257,0,72.278949
4603,100538,1,762867,13.178968,0.000131,1.029709,,0.963577,0,257,0,72.284970
4604,100538,0,762867,13.178968,0.000000,4.055798,,0.964249,0,257,0,72.290988
4605,100538,0,762867,13.178968,0.000000,0.031541,,0.964046,0,257,0,72.297004
4606,100538,0,762867,13.178968,0.000000,1.027053,,0.964060,0,257,0,72.303017
4607,100538,0,762867,13.178968,0.000000,3.051433,,0.964513,0,257,0,72.309028
4608,100540,2,762867,13.179230,0.000262,1.035074,,0.964528,0,257,0,72.315036
4609,100540,0,762867,13.179230,0.000000,1.532150,,0.964651,0,257,0,72.321041
4610,100540,0,762867,13.179230,0.000000,2.728891,,0.965034,0,257,0,72.327044
4611,100540,0,762867,13.179230,0.000000,0.021809,non_zero_exit,0.964829,0,257,0,72.311362
4612,100540,0,762867,13.179230,0.000000,0.032128,,0.964627,0,257,0,72.317364
4613,100540,0,762867,13.179230,0.000000,1.031877,,0.964642,0,257,0,72.323364
4614,100540,0,762867,13.179230,0.000000,0.020487,non_zero_exit,0.964437,0,257,0,72.307692
4615,100540,0,762867,13.179230,0.000000,3.032467,,0.964885,0,257,0,72.313692
4616,100540,0,762867,13.179230,0.000000,1.031142,,0.964899,0,257,0,72.319688
4617,100540,0,762867,13.179230,0.000000,1.031199,,0.964914,0,257,0,72.325682
4618,100540,0,762867,13.179230,0.000000,5.007467,timeout,0.965789,0,258,0,72.310024
4619,100540,0,762867,13.179230,0.000000,1.030291,,0.965803,0,258,0,72.316017
4620,100540,0,762867,13.179230,0.000000,2.534772,,0.966142,0,258,0,72.322008
4621,100540,0,762867,13.179230,0.000000,0.022449,,0.965938,0,258,0,72.327997
4622,100540,0,762867,13.179230,0.000000,0.031793,non_zero_exit,0.965736,0,258,0,72.312351
4623,100540,0,762867,13.179230,0.000000,2.032193,,0.965967,0,258,0,72.318339
4624,100540,0,762867,13.179230,0.000000,1.525681,,0.966088,0,258,0,72.324324
4625,100540,0,762867,13.179230,0.000000,0.025457,,0.965885,0,258,0,72.330307
4626,100540,0,762867,13.179230,0.000000,3.033142,,0.966331,0,258,0,72.336287
4627,100540,0,762867,13.179230,0.000000,0.030780,,0.966129,0,258,0,72.342264
4628,100540,0,762867,13.179230,0.000000,0.029522,,0.965927,0,258,0,72.348239
4629,100540,0,762867,13.179230,0.000000,1.792527,,0.966105,0,258,0,72.354212
4630,100540,0,762867,13.179230,0.000000,1.032887,,0.966120,0,258,0,72.360181
4631,100540,0,762867,13.179230,0.000000,0.025630,non_zero_exit,0.965917,0,258,0,72.344560
4632,100552,12,762867,13.180803,0.001573,0.026105,,0.965714,0,258,0,72.350529
4633,100552,0,762867,13.180803,0.000000,0.030563,,0.965512,0,258,0,72.356495
4634,100552,0,762867,13.180803,0.000000,0.030650,,0.965310,0,258,0,72.362460
4635,100552,0,762867,13.180803,0.000000,2.031852,,0.965540,0,258,0,72.368421
4636,100554,2,762867,13.181066,0.000262,0.025592,,0.965338,0,258,0,72.374380
4637,100554,0,762867,13.181066,0.000000,1.028789,,0.965351,0,258,0,72.380336
4638,100554,0,762867,13.181066,0.000000,2.535885,,0.965690,0,258,0,72.386290
4639,100554,0,762867,13.181066,0.000000,0.031186,,0.965489,0,258,0,72.392241
4640,100554,0,762867,13.181066,0.000000,0.032080,,0.965287,0,258,0,72.398190
4641,100554,0,762867,13.181066,0.000000,0.037816,,0.965088,0,258,0,72.404136
4642,100554,0,762867,13.181066,0.000000,0.024004,,0.964885,0,258,0,72.410080
4643,100554,0,762867,13.181066,0.000000,0.028856,,0.964683,0,258,0,72.416021
4644,100554,0,762867,13.181066,0.000000,5.004616,timeout,0.965553,0,259,0,72.400431
4645,100554,0,762867,13.181066,0.000000,2.026902,,0.965782,0,259,0,72.406371
4646,100554,0,762867,13.181066,0.000000,0.024659,non_zero_exit,0.965579,0,259,0,72.390790
4647,100554,0,762867,13.181066,0.000000,0.439384,,0.965466,0,259,0,72.396730
4648,100554,0,762867,13.181066,0.000000,0.028250,,0.965264,0,259,0,72.402667
4649,100554,0,762867,13.181066,0.000000,5.004649,timeout,0.966133,0,260,0,72.387097
4650,100554,0,762867,13.181066,0.000000,0.021667,non_zero_exit,0.965930,0,260,0,72.371533
4651,100554,0,762867,13.181066,0.000000,1.029572,,0.965944,0,260,0,72.377472
4652,100554,0,762867,13.181066,0.000000,5.003990,timeout,0.966811,0,261,0,72.361917
4653,100554,0,762867,13.181066,0.000000,2.029993,,0.967040,0,261,0,72.367856
4654,100554,0,762867,13.181066,0.000000,0.026382,non_zero_exit,0.966838,0,261,0,72.352309
4655,100554,0,762867,13.181066,0.000000,1.034184,,0.966852,0,261,0,72.358247
4656,100554,0,762867,13.181066,0.000000,0.639422,non_zero_exit,0.966782,0,261,0,72.342710
4657,100561,7,762867,13.181983,0.000918,0.022304,non_zero_exit,0.966579,0,261,0,72.327179
4658,100561,0,762867,13.181983,0.000000,0.538051,,0.966487,0,261,0,72.333119
4659,100567,6,762867,13.182770,0.000787,0.032710,,0.966287,0,261,0,72.339056
4660,100567,0,762867,13.182770,0.000000,1.532186,,0.966408,0,261,0,72.344990
4661,100567,0,762867,13.182770,0.000000,1.029230,,0.966422,0,261,0,72.350922
4662,100567,0,762867,13.182770,0.000000,0.035073,non_zero_exit,0.966222,0,261,0,72.335406
4663,100567,0,762867,13.182770,0.000000,0.037542,,0.966023,0,261,0,72.341338
4664,100567,0,762867,13.182770,0.000000,1.029549,,0.966036,0,261,0,72.347267
4665,100567,0,762867,13.182770,0.000000,1.029199,,0.966050,0,261,0,72.353193
4666,100567,0,762867,13.182770,0.000000,0.027759,,0.965849,0,261,0,72.359117
4667,100567,0,762867,13.182770,0.000000,0.037826,,0.965650,0,261,0,72.365039
4668,100567,0,762867,13.182770,0.000000,0.024144,,0.965448,0,261,0,72.370957
4669,100567,0,762867,13.182770,0.000000,0.027675,,0.965248,0,261,0,72.376874
4670,100567,0,762867,13.182770,0.000000,0.030680,,0.965048,0,261,0,72.382787
4671,100567,0,762867,13.182770,0.000000,1.029097,non_zero_exit,0.965061,0,261,0,72.367295
4672,100568,1,762867,13.182901,0.000131,0.033736,,0.964862,0,261,0,72.373208
4673,100568,0,762867,13.182901,0.000000,0.029266,,0.964662,0,261,0,72.379119
4674,100568,0,762867,13.182901,0.000000,0.021090,non_zero_exit,0.964460,0,261,0,72.363636
4675,100568,0,762867,13.182901,0.000000,0.030474,,0.964260,0,261,0,72.369547
4676,100569,1,762867,13.183032,0.000131,4.033332,,0.964916,0,261,0,72.375454
4677,100569,0,762867,13.183032,0.000000,1.024718,,0.964929,0,261,0,72.381360
4678,100569,0,762867,13.183032,0.000000,1.671457,,0.965080,0,261,0,72.387262
4679,100569,0,762867,13.183032,0.000000,5.005909,timeout,0.965944,0,262,0,72.371795
4680,100569,0,762867,13.183032,0.000000,0.024903,non_zero_exit,0.965743,0,262,0,72.356334
4681,100569,0,762867,13.183032,0.000000,0.637571,,0.965673,0,262,0,72.362238
4682,100569,0,762867,13.183032,0.000000,0.022226,non_zero_exit,0.965471,0,262,0,72.346786
4683,100569,0,762867,13.183032,0.000000,0.040579,,0.965274,0,262,0,72.352690
4684,100569,0,762867,13.183032,0.000000,0.629697,non_zero_exit,0.965202,0,262,0,72.337247
4685,100569,0,762867,13.183032,0.000000,0.332963,,0.965067,0,262,0,72.343150
4686,100569,0,762867,13.183032,0.000000,0.024918,non_zero_exit,0.964866,0,262,0,72.327715
4687,100569,0,762867,13.183032,0.000000,0.038805,,0.964669,0,262,0,72.333618
4688,100569,0,762867,13.183032,0.000000,1.027796,,0.964682,0,262,0,72.339518
4689,100569,0,762867,13.183032,0.000000,0.028850,,0.964483,0,262,0,72.345416
4690,100569,0,762867,13.183032,0.000000,0.030071,,0.964284,0,262,0,72.351311
4691,100569,0,762867,13.183032,0.000000,0.029695,,0.964084,0,262,0,72.357204
4692,100569,0,762867,13.183032,0.000000,1.538090,,0.964207,0,262,0,72.363094
4693,100569,0,762867,13.183032,0.000000,0.020259,non_zero_exit,0.964006,0,262,0,72.347678
4694,100569,0,762867,13.183032,0.000000,0.020268,non_zero_exit,0.963805,0,262,0,72.332268
4695,100569,0,762867,13.183032,0.000000,0.021299,non_zero_exit,0.963604,0,262,0,72.316865
4696,100569,0,762867,13.183032,0.000000,0.032584,,0.963406,0,262,0,72.322759
4697,100569,0,762867,13.183032,0.000000,1.027622,,0.963419,0,262,0,72.328650
4698,100569,0,762867,13.183032,0.000000,0.631505,,0.963349,0,262,0,72.334539
4699,100569,0,762867,13.183032,0.000000,2.031825,,0.963576,0,262,0,72.340426
4700,100569,0,762867,13.183032,0.000000,0.023483,non_zero_exit,0.963376,0,262,0,72.325037
4701,100569,0,762867,13.183032,0.000000,0.022244,non_zero_exit,0.963176,0,262,0,72.309655
4702,100570,1,762867,13.183163,0.000131,0.025115,,0.962977,0,262,0,72.315543
4703,100570,0,762867,13.183163,0.000000,1.031959,,0.962991,0,262,0,72.321429
4704,100570,0,762867,13.183163,0.000000,2.045022,,0.963221,0,262,0,72.327311
4705,100570,0,762867,13.183163,0.000000,0.027565,,0.963022,0,262,0,72.333192
4706,101016,446,762867,13.241627,0.058464,1.048107,,0.963040,0,262,0,72.339069
4707,101016,0,762867,13.241627,0.000000,0.024065,non_zero_exit,0.962841,0,262,0,72.323704
4708,101016,0,762867,13.241627,0.000000,0.028505,,0.962643,0,262,0,72.329582
4709,101016,0,762867,13.241627,0.000000,0.025177,,0.962444,0,262,0,72.335456
4710,101016,0,762867,13.241627,0.000000,1.550570,,0.962568,0,262,0,72.341329
4711,101016,0,762867,13.241627,0.000000,0.031369,,0.962371,0,262,0,72.347199
4712,101016,0,762867,13.241627,0.000000,3.031100,,0.962810,0,262,0,72.353066
4713,101016,0,762867,13.241627,0.000000,2.029497,,0.963036,0,262,0,72.358931
4714,101016,0,762867,13.241627,0.000000,4.030227,,0.963686,0,262,0,72.364793
4715,101016,0,762867,13.241627,0.000000,1.026581,,0.963700,0,262,0,72.370653
4716,101016,0,762867,13.241627,0.000000,1.032335,,0.963714,0,262,0,72.376510
4717,101016,0,762867,13.241627,0.000000,0.034351,,0.963517,0,262,0,72.382365
4718,101016,0,762867,13.241627,0.000000,0.033982,,0.963320,0,262,0,72.388218
4719,101016,0,762867,13.241627,0.000000,0.032451,,0.963123,0,262,0,72.394068
4720,101016,0,762867,13.241627,0.000000,0.019358,non_zero_exit,0.962923,0,262,0,72.378733
4721,101018,2,762867,13.241889,0.000262,2.040654,,0.963152,0,262,0,72.384583
4722,101018,0,762867,13.241889,0.000000,5.004967,timeout,0.964007,0,263,0,72.369257
4723,101018,0,762867,13.241889,0.000000,0.034702,,0.963811,0,263,0,72.375106
4724,101018,0,762867,13.241889,0.000000,2.035583,,0.964037,0,263,0,72.380952
4725,101018,0,762867,13.241889,0.000000,1.031642,,0.964052,0,263,0,72.386796
4726,101021,3,762867,13.242282,0.000393,3.058161,,0.964495,0,263,0,72.392638
4727,101021,0,762867,13.242282,0.000000,5.004076,timeout,0.965349,0,264,0,72.377327
4728,101021,0,762867,13.242282,0.000000,0.025233,,0.965150,0,264,0,72.383168
4729,101021,0,762867,13.242282,0.000000,0.033787,,0.964953,0,264,0,72.389006
4730,101021,0,762867,13.242282,0.000000,0.024726,non_zero_exit,0.964755,0,264,0,72.373705
4731,101021,0,762867,13.242282,0.000000,0.024585,non_zero_exit,0.964556,0,264,0,72.358411
4732,101021,0,762867,13.242282,0.000000,0.021507,non_zero_exit,0.964357,0,264,0,72.343123
4733,101021,0,762867,13.242282,0.000000,1.029920,non_zero_exit,0.964371,0,264,0,72.327841
4734,101021,0,762867,13.242282,0.000000,5.004071,timeout,0.965224,0,265,0,72.312566
4735,101021,0,762867,13.242282,0.000000,0.033068,,0.965027,0,265,0,72.318412
4736,101021,0,762867,13.242282,0.000000,1.305035,,0.965099,0,265,0,72.324256
4737,101021,0,762867,13.242282,0.000000,0.027804,,0.964901,0,265,0,72.330097
4738,101021,0,762867,13.242282,0.000000,3.538829,,0.965444,0,265,0,72.335936
4739,101021,0,762867,13.242282,0.000000,0.029340,,0.965247,0,265,0,72.341772
4740,101021,0,762867,13.242282,0.000000,0.030608,,0.965049,0,265,0,72.347606
4741,101021,0,762867,13.242282,0.000000,1.029552,,0.965063,0,265,0,72.353437
4742,101021,0,762867,13.242282,0.000000,0.032324,,0.964866,0,265,0,72.359266
4743,101024,3,762867,13.242675,0.000393,0.028645,non_zero_exit,0.964669,0,265,0,72.344013
4744,101024,0,762867,13.242675,0.000000,0.030671,,0.964472,0,265,0,72.349842
4745,101026,2,762867,13.242937,0.000262,2.031847,,0.964697,0,265,0,72.355668
4746,101026,0,762867,13.242937,0.000000,0.044573,,0.964503,0,265,0,72.361491
4747,101026,0,762867,13.242937,0.000000,0.028982,,0.964306,0,265,0,72.367313
4748,101026,0,762867,13.242937,0.000000,3.031223,,0.964741,0,265,0,72.373131
4749,101026,0,762867,13.242937,0.000000,0.031685,,0.964545,0,265,0,72.378947
4750,101026,0,762867,13.242937,0.000000,3.033296,,0.964980,0,265,0,72.384761
4751,101026,0,762867,13.242937,0.000000,3.030275,,0.965415,0,265,0,72.390572
4752,101026,0,762867,13.242937,0.000000,0.030811,,0.965218,0,265,0,72.396381
4753,101026,0,762867,13.242937,0.000000,0.027483,,0.965021,0,265,0,72.402188
4754,101026,0,762867,13.242937,0.000000,1.030093,,0.965035,0,265,0,72.407992
4755,101026,0,762867,13.242937,0.000000,0.028187,,0.964838,0,265,0,72.413793
4756,101026,0,762867,13.242937,0.000000,1.030533,,0.964852,0,265,0,72.419592
4757,101026,0,762867,13.242937,0.000000,1.538191,,0.964972,0,265,0,72.425389
4758,101026,0,762867,13.242937,0.000000,1.032856,,0.964986,0,265,0,72.431183
4759,101026,0,762867,13.242937,0.000000,0.022109,non_zero_exit,0.964788,0,265,0,72.415966
4760,101026,0,762867,13.242937,0.000000,2.028316,,0.965012,0,265,0,72.421760
4761,101026,0,762867,13.242937,0.000000,1.024672,,0.965024,0,265,0,72.427551
4762,101026,0,762867,13.242937,0.000000,0.023965,non_zero_exit,0.964827,0,265,0,72.412345
4763,101026,0,762867,13.242937,0.000000,5.004162,timeout,0.965675,0,266,0,72.397145
4764,101026,0,762867,13.242937,0.000000,0.027819,,0.965478,0,266,0,72.402938
4765,101026,0,762867,13.242937,0.000000,1.030996,,0.965491,0,266,0,72.408728
4766,101026,0,762867,13.242937,0.000000,0.037606,,0.965297,0,266,0,72.414516
4767,101026,0,762867,13.242937,0.000000,3.031310,,0.965730,0,266,0,72.420302
4768,101026,0,762867,13.242937,0.000000,1.794615,,0.965904,0,266,0,72.426085
4769,101027,1,762867,13.243069,0.000131,0.023823,,0.965706,0,266,0,72.431866
4770,101027,0,762867,13.243069,0.000000,0.036472,,0.965512,0,266,0,72.437644
4771,101027,0,762867,13.243069,0.000000,0.028144,,0.965315,0,266,0,72.443420
4772,101027,0,762867,13.243069,0.000000,1.029900,,0.965329,0,266,0,72.449193
4773,101027,0,762867,13.243069,0.000000,1.032724,,0.965343,0,266,0,72.454964
4774,101027,0,762867,13.243069,0.000000,5.003972,timeout,0.966189,0,267,0,72.439791
4775,101027,0,762867,13.243069,0.000000,1.030904,,0.966202,0,267,0,72.445561
4776,101027,0,762867,13.243069,0.000000,0.020867,non_zero_exit,0.966004,0,267,0,72.430396
4777,101027,0,762867,13.243069,0.000000,0.028498,,0.965808,0,267,0,72.436166
4778,101027,0,762867,13.243069,0.000000,1.531310,,0.965926,0,267,0,72.441933
4779,101027,0,762867,13.243069,0.000000,0.020853,non_zero_exit,0.965729,0,267,0,72.426778
4780,101028,1,762867,13.243200,0.000131,0.523651,,0.965636,0,267,0,72.432545
4781,101028,0,762867,13.243200,0.000000,5.004066,timeout,0.966481,0,268,0,72.417399
4782,101028,0,762867,13.243200,0.000000,0.023719,,0.966284,0,268,0,72.423165
4783,101028,0,762867,13.243200,0.000000,2.039004,,0.966508,0,268,0,72.428930
4784,101028,0,762867,13.243200,0.000000,0.021967,non_zero_exit,0.966311,0,268,0,72.413793
4785,101028,0,762867,13.243200,0.000000,0.030095,,0.966115,0,268,0,72.419557
4786,101028,0,762867,13.243200,0.000000,0.028454,,0.965919,0,268,0,72.425319
4787,101028,0,762867,13.243200,0.000000,2.027448,,0.966141,0,268,0,72.431078
4788,101028,0,762867,13.243200,0.000000,0.034061,,0.965946,0,268,0,72.436834
4789,101028,0,762867,13.243200,0.000000,1.027410,,0.965959,0,268,0,72.442589
4790,101028,0,762867,13.243200,0.000000,5.003924,timeout,0.966802,0,269,0,72.427468
4791,101028,0,762867,13.243200,0.000000,0.030597,,0.966606,0,269,0,72.433222
4792,101028,0,762867,13.243200,0.000000,0.026659,non_zero_exit,0.966410,0,269,0,72.418110
4793,101028,0,762867,13.243200,0.000000,0.025563,,0.966214,0,269,0,72.423863
4794,101028,0,762867,13.243200,0.000000,1.030588,,0.966227,0,269,0,72.429614
4795,101028,0,762867,13.243200,0.000000,2.029249,,0.966449,0,269,0,72.435363
4796,101028,0,762867,13.243200,0.000000,5.004004,timeout,0.967291,0,270,0,72.420263
4797,101028,0,762867,13.243200,0.000000,5.003988,timeout,0.968132,0,271,0,72.405169
4798,101028,0,762867,13.243200,0.000000,2.033240,,0.968354,0,271,0,72.410919
4799,101028,0,762867,13.243200,0.000000,5.004258,timeout,0.969195,0,272,0,72.395833
4800,101028,0,762867,13.243200,0.000000,0.029486,,0.968999,0,272,0,72.401583
4801,101028,0,762867,13.243200,0.000000,2.031087,,0.969220,0,272,0,72.407330
4802,101028,0,762867,13.243200,0.000000,2.030004,,0.969441,0,272,0,72.413075
4803,101028,0,762867,13.243200,0.000000,0.028594,,0.969245,0,272,0,72.418818
4804,101028,0,762867,13.243200,0.000000,0.531355,,0.969154,0,272,0,72.424558
4805,101028,0,762867,13.243200,0.000000,2.534325,,0.969480,0,272,0,72.430295
4806,101028,0,762867,13.243200,0.000000,3.030713,,0.969909,0,272,0,72.436031
4807,101028,0,762867,13.243200,0.000000,0.021663,non_zero_exit,0.969711,0,272,0,72.420965
4808,101028,0,762867,13.243200,0.000000,0.030967,,0.969516,0,272,0,72.426700
4809,101028,0,762867,13.243200,0.000000,0.023023,non_zero_exit,0.969319,0,272,0,72.411642
4810,101028,0,762867,13.243200,0.000000,5.005806,timeout,0.970158,0,273,0,72.396591
4811,101028,0,762867,13.243200,0.000000,0.022464,non_zero_exit,0.969962,0,273,0,72.381546
4812,101028,0,762867,13.243200,0.000000,0.035066,,0.969767,0,273,0,72.387284
4813,101028,0,762867,13.243200,0.000000,1.032533,,0.969780,0,273,0,72.393020
4814,101028,0,762867,13.243200,0.000000,0.033120,,0.969586,0,273,0,72.398754
4815,101028,0,762867,13.243200,0.000000,1.029073,,0.969598,0,273,0,72.404485
4816,101028,0,762867,13.243200,0.000000,0.032124,,0.969404,0,273,0,72.410214
4817,101028,0,762867,13.243200,0.000000,0.023473,non_zero_exit,0.969207,0,273,0,72.395185
4818,101028,0,762867,13.243200,0.000000,1.031459,,0.969220,0,273,0,72.400913
4819,101028,0,762867,13.243200,0.000000,2.026761,,0.969440,0,273,0,72.406639
4820,101028,0,762867,13.243200,0.000000,0.026000,,0.969244,0,273,0,72.412363
4821,101028,0,762867,13.243200,0.000000,0.031499,,0.969049,0,273,0,72.418084
4822,101028,0,762867,13.243200,0.000000,0.030477,,0.968855,0,273,0,72.423803
4823,101028,0,762867,13.243200,0.000000,0.029530,,0.968660,0,273,0,72.429519
4824,101028,0,762867,13.243200,0.000000,0.026988,,0.968465,0,273,0,72.435233
4825,101041,13,762867,13.244904,0.001704,0.028730,non_zero_exit,0.968270,0,273,0,72.420224
4826,101053,12,762867,13.246477,0.001573,0.024801,,0.968075,0,273,0,72.425937
4827,101053,0,762867,13.246477,0.000000,0.029025,,0.967880,0,273,0,72.431649
4828,101053,0,762867,13.246477,0.000000,1.031703,,0.967893,0,273,0,72.437358
4829,101053,0,762867,13.246477,0.000000,0.027207,,0.967699,0,273,0,72.443064
4830,101053,0,762867,13.246477,0.000000,1.029122,,0.967711,0,273,0,72.448768
4831,101053,0,762867,13.246477,0.000000,0.027225,,0.967517,0,273,0,72.454470
4832,101053,0,762867,13.246477,0.000000,5.003824,timeout,0.968352,0,274,0,72.439479
4833,101053,0,762867,13.246477,0.000000,0.032023,,0.968158,0,274,0,72.445180
4834,101053,0,762867,13.246477,0.000000,0.026716,,0.967963,0,274,0,72.450879
4835,101053,0,762867,13.246477,0.000000,1.031285,,0.967977,0,274,0,72.456576
4836,101053,0,762867,13.246477,0.000000,1.029159,,0.967989,0,274,0,72.462270
4837,101055,2,762867,13.246739,0.000262,0.023202,non_zero_exit,0.967794,0,274,0,72.447292
4838,101055,0,762867,13.246739,0.000000,0.028530,,0.967600,0,274,0,72.452986
4839,101055,0,762867,13.246739,0.000000,5.003975,timeout,0.968434,0,275,0,72.438017
4840,101055,0,762867,13.246739,0.000000,2.031002,,0.968653,0,275,0,72.443710
4841,101055,0,762867,13.246739,0.000000,0.032118,,0.968460,0,275,0,72.449401
4842,101055,0,762867,13.246739,0.000000,0.024531,non_zero_exit,0.968265,0,275,0,72.434441
4843,101055,0,762867,13.246739,0.000000,0.030980,,0.968071,0,275,0,72.440132
4844,101055,0,762867,13.246739,0.000000,0.031192,,0.967878,0,275,0,72.445820
4845,101055,0,762867,13.246739,0.000000,0.024502,non_zero_exit,0.967683,0,275,0,72.430871
4846,101055,0,762867,13.246739,0.000000,0.030373,,0.967490,0,275,0,72.436559
4847,101055,0,762867,13.246739,0.000000,1.032305,,0.967503,0,275,0,72.442244
4848,101055,0,762867,13.246739,0.000000,1.026951,,0.967516,0,275,0,72.447927
4849,101055,0,762867,13.246739,0.000000,0.028866,,0.967322,0,275,0,72.453608
4850,101055,0,762867,13.246739,0.000000,0.019104,non_zero_exit,0.967127,0,275,0,72.438672
4851,101055,0,762867,13.246739,0.000000,0.031904,,0.966934,0,275,0,72.444353
4852,101056,1,762867,13.246870,0.000131,0.932768,,0.966927,0,275,0,72.450031
4853,101056,0,762867,13.246870,0.000000,0.030389,,0.966734,0,275,0,72.455707
4854,101056,0,762867,13.246870,0.000000,0.020987,non_zero_exit,0.966539,0,275,0,72.440783
4855,101056,0,762867,13.246870,0.000000,0.528358,,0.966449,0,275,0,72.446458
4856,101056,0,762867,13.246870,0.000000,1.300950,,0.966518,0,275,0,72.452131
4857,101064,8,762867,13.247919,0.001049,2.039802,,0.966739,0,275,0,72.457802
4858,101064,0,762867,13.247919,0.000000,3.538977,,0.967268,0,275,0,72.463470
4859,101064,0,762867,13.247919,0.000000,0.026754,,0.967075,0,275,0,72.469136
4860,101064,0,762867,13.247919,0.000000,0.030208,,0.966882,0,275,0,72.474799
4861,101064,0,762867,13.247919,0.000000,3.037214,non_zero_exit,0.967308,0,275,0,72.459893
4862,101064,0,762867,13.247919,0.000000,5.004622,timeout,0.968138,0,276,0,72.444993
4863,101064,0,762867,13.247919,0.000000,0.021009,non_zero_exit,0.967943,0,276,0,72.430099
4864,101064,0,762867,13.247919,0.000000,0.022965,non_zero_exit,0.967749,0,276,0,72.415211
4865,101064,0,762867,13.247919,0.000000,0.021802,non_zero_exit,0.967554,0,276,0,72.400329
4866,101064,0,762867,13.247919,0.000000,0.034131,,0.967363,0,276,0,72.406000
4867,101064,0,762867,13.247919,0.000000,5.004935,timeout,0.968192,0,277,0,72.391126
4868,101064,0,762867,13.247919,0.000000,0.023381,non_zero_exit,0.967998,0,277,0,72.376258
4869,101064,0,762867,13.247919,0.000000,2.029860,,0.968216,0,277,0,72.381930
4870,101064,0,762867,13.247919,0.000000,0.022289,non_zero_exit,0.968022,0,277,0,72.367070
4871,101064,0,762867,13.247919,0.000000,0.021823,non_zero_exit,0.967828,0,277,0,72.352217
4872,101064,0,762867,13.247919,0.000000,0.024169,non_zero_exit,0.967634,0,277,0,72.337369
4873,101064,0,762867,13.247919,0.000000,1.022769,,0.967645,0,277,0,72.343045
4874,101064,0,762867,13.247919,0.000000,0.035165,,0.967454,0,277,0,72.348718
4875,101064,0,762867,13.247919,0.000000,1.031844,,0.967467,0,277,0,72.354389
4876,101064,0,762867,13.247919,0.000000,1.029974,,0.967480,0,277,0,72.360057
4877,101064,0,762867,13.247919,0.000000,0.027128,,0.967287,0,277,0,72.365724
4878,101064,0,762867,13.247919,0.000000,0.056670,,0.967101,0,277,0,72.371388
4879,101064,0,762867,13.247919,0.000000,2.033019,,0.967319,0,277,0,72.377049
4880,101065,1,762867,13.248050,0.000131,1.029758,non_zero_exit,0.967332,0,277,0,72.362221
4881,101065,0,762867,13.248050,0.000000,0.022660,,0.967138,0,277,0,72.367882
4882,101065,0,762867,13.248050,0.000000,5.008111,timeout,0.967966,0,278,0,72.353062
4883,101065,0,762867,13.248050,0.000000,1.030855,,0.967979,0,278,0,72.358722
4884,101067,2,762867,13.248312,0.000262,0.029111,,0.967787,0,278,0,72.364381
4885,101067,0,762867,13.248312,0.000000,0.034078,,0.967596,0,278,0,72.370037
4886,101067,0,762867,13.248312,0.000000,0.018079,non_zero_exit,0.967401,0,278,0,72.355228
4887,101068,1,762867,13.248443,0.000131,0.031161,,0.967210,0,278,0,72.360884
4888,101068,0,762867,13.248443,0.000000,1.030626,,0.967223,0,278,0,72.366537
4889,101068,0,762867,13.248443,0.000000,1.035217,,0.967237,0,278,0,72.372188
4890,101068,0,762867,13.248443,0.000000,1.027241,,0.967249,0,278,0,72.377837
4891,101068,0,762867,13.248443,0.000000,0.022947,non_zero_exit,0.967056,0,278,0,72.363042
4892,101068,0,762867,13.248443,0.000000,2.027111,,0.967272,0,278,0,72.368690
4893,101068,0,762867,13.248443,0.000000,0.034843,,0.967082,0,278,0,72.374336
4894,101068,0,762867,13.248443,0.000000,2.031343,,0.967299,0,278,0,72.379980
4895,101068,0,762867,13.248443,0.000000,0.032181,,0.967108,0,278,0,72.385621
4896,101068,0,762867,13.248443,0.000000,1.029158,,0.967121,0,278,0,72.391260
4897,101068,0,762867,13.248443,0.000000,0.022523,non_zero_exit,0.966928,0,278,0,72.376480
4898,101068,0,762867,13.248443,0.000000,3.036536,,0.967351,0,278,0,72.382119
4899,101068,0,762867,13.248443,0.000000,0.035106,,0.967160,0,278,0,72.387755
4900,101068,0,762867,13.248443,0.000000,0.020435,non_zero_exit,0.966967,0,278,0,72.372985
4901,101069,1,762867,13.248574,0.000131,0.023696,non_zero_exit,0.966775,0,278,0,72.358221
4902,101069,0,762867,13.248574,0.000000,1.030456,,0.966788,0,278,0,72.363859
4903,101072,3,762867,13.248967,0.000393,0.021786,non_zero_exit,0.966595,0,278,0,72.349103
4904,101072,0,762867,13.248967,0.000000,1.029842,,0.966608,0,278,0,72.354740
4905,101072,0,762867,13.248967,0.000000,1.032081,,0.966621,0,278,0,72.360375
4906,101072,0,762867,13.248967,0.000000,5.004687,timeout,0.967444,0,279,0,72.345629
4907,101072,0,762867,13.248967,0.000000,2.026841,,0.967660,0,279,0,72.351263
4908,101072,0,762867,13.248967,0.000000,0.027362,non_zero_exit,0.967469,0,279,0,72.336525
4909,101072,0,762867,13.248967,0.000000,0.016285,non_zero_exit,0.967275,0,279,0,72.321792
4910,101072,0,762867,13.248967,0.000000,0.028792,,0.967084,0,279,0,72.327428
4911,101072,0,762867,13.248967,0.000000,0.028496,,0.966893,0,279,0,72.333062
4912,101072,0,762867,13.248967,0.000000,1.030802,,0.966906,0,279,0,72.338693
4913,101072,0,762867,13.248967,0.000000,3.033462,,0.967326,0,279,0,72.344322
4914,101088,16,762867,13.251065,0.002097,1.039814,,0.967341,0,279,0,72.349949
4915,101088,0,762867,13.251065,0.000000,0.021424,non_zero_exit,0.967149,0,279,0,72.335232
4916,101088,0,762867,13.251065,0.000000,0.034234,,0.966959,0,279,0,72.340858
4917,101088,0,762867,13.251065,0.000000,2.030906,,0.967175,0,279,0,72.346482
4918,101088,0,762867,13.251065,0.000000,0.026195,non_zero_exit,0.966984,0,279,0,72.331775
4919,101088,0,762867,13.251065,0.000000,1.028329,,0.966996,0,279,0,72.337398
4920,101088,0,762867,13.251065,0.000000,0.028330,,0.966806,0,279,0,72.343020
4921,101088,0,762867,13.251065,0.000000,1.828701,non_zero_exit,0.966981,0,279,0,72.328322
4922,101088,0,762867,13.251065,0.000000,0.030633,,0.966790,0,279,0,72.333943
4923,101088,0,762867,13.251065,0.000000,4.725361,,0.967554,0,279,0,72.339561
4924,101088,0,762867,13.251065,0.000000,5.004268,timeout,0.968373,0,280,0,72.324873
4925,101088,0,762867,13.251065,0.000000,0.030432,,0.968183,0,280,0,72.330491
4926,101088,0,762867,13.251065,0.000000,1.036782,,0.968197,0,280,0,72.336107
4927,101092,4,762867,13.251589,0.000524,0.031494,,0.968007,0,280,0,72.341721
4928,101092,0,762867,13.251589,0.000000,5.004171,timeout,0.968826,0,281,0,72.327044
4929,101092,0,762867,13.251589,0.000000,1.028015,,0.968838,0,281,0,72.332657
4930,101092,0,762867,13.251589,0.000000,0.024270,,0.968646,0,281,0,72.338268
4931,101092,0,762867,13.251589,0.000000,1.026062,,0.968658,0,281,0,72.343877
4932,101092,0,762867,13.251589,0.000000,0.021593,non_zero_exit,0.968466,0,281,0,72.329211
4933,101092,0,762867,13.251589,0.000000,0.035462,,0.968277,0,281,0,72.334820
4934,101092,0,762867,13.251589,0.000000,4.032348,,0.968898,0,281,0,72.340426
4935,101092,0,762867,13.251589,0.000000,1.034260,,0.968911,0,281,0,72.346029
4936,101092,0,762867,13.251589,0.000000,0.042800,,0.968723,0,281,0,72.351631
4937,101092,0,762867,13.251589,0.000000,2.609849,non_zero_exit,0.969056,0,281,0,72.336979
4938,101092,0,762867,13.251589,0.000000,1.031753,,0.969068,0,281,0,72.342579
4939,101092,0,762867,13.251589,0.000000,0.026208,,0.968877,0,281,0,72.348178
4940,101092,0,762867,13.251589,0.000000,1.435548,,0.968972,0,281,0,72.353775
4941,101092,0,762867,13.251589,0.000000,0.028895,,0.968782,0,281,0,72.359369
4942,101092,0,762867,13.251589,0.000000,2.031496,,0.968997,0,281,0,72.364961
4943,101092,0,762867,13.251589,0.000000,0.035336,,0.968808,0,281,0,72.370550
4944,101250,158,762867,13.272300,0.020711,1.956384,,0.969008,0,281,0,72.376138
4945,101250,0,762867,13.272300,0.000000,5.003644,timeout,0.969823,0,282,0,72.361504
4946,101253,3,762867,13.272694,0.000393,0.023500,non_zero_exit,0.969632,0,282,0,72.346877
4947,101253,0,762867,13.272694,0.000000,0.535837,,0.969544,0,282,0,72.352466
4948,101253,0,762867,13.272694,0.000000,0.026831,,0.969354,0,282,0,72.358052
4949,101253,0,762867,13.272694,0.000000,1.029682,non_zero_exit,0.969366,0,282,0,72.343434
4950,101253,0,762867,13.272694,0.000000,5.004676,timeout,0.970181,0,283,0,72.328822
4951,101253,0,762867,13.272694,0.000000,0.021240,non_zero_exit,0.969989,0,283,0,72.314216
4952,101253,0,762867,13.272694,0.000000,3.036088,,0.970407,0,283,0,72.319806
4953,101253,0,762867,13.272694,0.000000,0.021675,non_zero_exit,0.970215,0,283,0,72.305208
4954,101253,0,762867,13.272694,0.000000,0.440130,,0.970108,0,283,0,72.310797
4955,101253,0,762867,13.272694,0.000000,0.030972,,0.969919,0,283,0,72.316384
4956,101253,0,762867,13.272694,0.000000,3.036544,,0.970336,0,283,0,72.321969
4957,101253,0,762867,13.272694,0.000000,0.022314,non_zero_exit,0.970144,0,283,0,72.307382
4958,101253,0,762867,13.272694,0.000000,0.028943,,0.969955,0,283,0,72.312966
4959,101253,0,762867,13.272694,0.000000,0.033609,,0.969766,0,283,0,72.318548
4960,101253,0,762867,13.272694,0.000000,0.024449,non_zero_exit,0.969575,0,283,0,72.303971
4961,101253,0,762867,13.272694,0.000000,0.036497,,0.969387,0,283,0,72.309553
4962,101253,0,762867,13.272694,0.000000,5.002930,timeout,0.970200,0,284,0,72.294983
4963,101253,0,762867,13.272694,0.000000,1.049914,,0.970216,0,284,0,72.300564
4964,101253,0,762867,13.272694,0.000000,1.026846,,0.970227,0,284,0,72.306143
4965,101253,0,762867,13.272694,0.000000,0.029955,,0.970038,0,284,0,72.311720
4966,101253,0,762867,13.272694,0.000000,1.026473,,0.970049,0,284,0,72.317294
4967,101256,3,762867,13.273087,0.000393,0.030584,,0.969860,0,284,0,72.322866
4968,101256,0,762867,13.273087,0.000000,0.021354,non_zero_exit,0.969669,0,284,0,72.308312
4969,101256,0,762867,13.273087,0.000000,5.003830,timeout,0.970481,0,285,0,72.293763
4970,101256,0,762867,13.273087,0.000000,1.530218,,0.970594,0,285,0,72.299336
4971,101256,0,762867,13.273087,0.000000,0.021672,non_zero_exit,0.970403,0,285,0,72.284795
4972,101256,0,762867,13.273087,0.000000,0.029224,,0.970214,0,285,0,72.290368
4973,101256,0,762867,13.273087,0.000000,0.033286,,0.970025,0,285,0,72.295939
4974,101256,0,762867,13.273087,0.000000,1.030988,,0.970037,0,285,0,72.301508
4975,101256,0,762867,13.273087,0.000000,2.027402,,0.970250,0,285,0,72.307074
4976,101256,0,762867,13.273087,0.000000,0.034209,,0.970062,0,285,0,72.312638
4977,101256,0,762867,13.273087,0.000000,0.037193,,0.969874,0,285,0,72.318200
4978,101256,0,762867,13.273087,0.000000,1.029835,,0.969886,0,285,0,72.323760
4979,101257,1,762867,13.273218,0.000131,0.021379,non_zero_exit,0.969696,0,285,0,72.309237
4980,101257,0,762867,13.273218,0.000000,1.030284,,0.969708,0,285,0,72.314796
4981,101257,0,762867,13.273218,0.000000,0.023731,non_zero_exit,0.969518,0,285,0,72.300281
4982,101257,0,762867,13.273218,0.000000,0.023777,non_zero_exit,0.969329,0,285,0,72.285772
4983,101257,0,762867,13.273218,0.000000,0.022953,non_zero_exit,0.969139,0,285,0,72.271268
4984,101257,0,762867,13.273218,0.000000,0.134051,,0.968971,0,285,0,72.276830
4985,101257,0,762867,13.273218,0.000000,2.033827,,0.969185,0,285,0,72.282391
4986,101257,0,762867,13.273218,0.000000,0.535937,,0.969098,0,285,0,72.287949
4987,101257,0,762867,13.273218,0.000000,0.022924,non_zero_exit,0.968908,0,285,0,72.273456
4988,101257,0,762867,13.273218,0.000000,1.028589,non_zero_exit,0.968920,0,285,0,72.258970
4989,101257,0,762867,13.273218,0.000000,3.429786,,0.969413,0,285,0,72.264529
4990,101257,0,762867,13.273218,0.000000,0.024799,non_zero_exit,0.969224,0,285,0,72.250050
4991,101257,0,762867,13.273218,0.000000,0.026691,,0.969035,0,285,0,72.255609
4992,101257,0,762867,13.273218,0.000000,1.029360,,0.969047,0,285,0,72.261166
4993,101257,0,762867,13.273218,0.000000,0.035691,,0.968860,0,285,0,72.266720
4994,101257,0,762867,13.273218,0.000000,5.003830,timeout,0.969668,0,286,0,72.252252
4995,101257,0,762867,13.273218,0.000000,2.035581,,0.969882,0,286,0,72.257806
4996,101257,0,762867,13.273218,0.000000,0.021087,non_zero_exit,0.969692,0,286,0,72.243346
4997,101257,0,762867,13.273218,0.000000,1.034517,,0.969705,0,286,0,72.248900
4998,101257,0,762867,13.273218,0.000000,4.040056,,0.970319,0,286,0,72.254451
4999,101257,0,762867,13.273218,0.000000,1.029946,,0.970331,0,286,0,72.260000
5000,101257,0,762867,13.273218,0.000000,5.003999,timeout,0.971137,0,287,0,72.245551
5001,101257,0,762867,13.273218,0.000000,1.036868,,0.971150,0,287,0,72.251100
5002,101257,0,762867,13.273218,0.000000,1.035310,,0.971163,0,287,0,72.256646
5003,101257,0,762867,13.273218,0.000000,0.031056,,0.970975,0,287,0,72.262190
5004,101257,0,762867,13.273218,0.000000,1.029709,,0.970987,0,287,0,72.267732
5005,101257,0,762867,13.273218,0.000000,1.029647,,0.970999,0,287,0,72.273272
5006,101257,0,762867,13.273218,0.000000,0.030224,,0.970811,0,287,0,72.278810
5007,101257,0,762867,13.273218,0.000000,1.029707,,0.970823,0,287,0,72.284345
5008,101257,0,762867,13.273218,0.000000,0.028083,,0.970635,0,287,0,72.289878
5009,101258,1,762867,13.273349,0.000131,0.037484,,0.970448,0,287,0,72.295409
5010,101258,0,762867,13.273349,0.000000,0.032261,,0.970261,0,287,0,72.300938
5011,101258,0,762867,13.273349,0.000000,0.030269,,0.970073,0,287,0,72.306464
5012,101258,0,762867,13.273349,0.000000,5.003530,timeout,0.970878,0,288,0,72.292041
5013,101258,0,762867,13.273349,0.000000,0.035213,non_zero_exit,0.970691,0,288,0,72.277623
5014,101258,0,762867,13.273349,0.000000,0.538172,,0.970605,0,288,0,72.283151
5015,101258,0,762867,13.273349,0.000000,2.038077,,0.970818,0,288,0,72.288676
5016,101258,0,762867,13.273349,0.000000,0.031388,,0.970631,0,288,0,72.294200
5017,101258,0,762867,13.273349,0.000000,1.031877,,0.970643,0,288,0,72.299721
5018,101258,0,762867,13.273349,0.000000,0.028136,,0.970455,0,288,0,72.305240
5019,101258,0,762867,13.273349,0.000000,0.026467,,0.970267,0,288,0,72.310757
5020,101258,0,762867,13.273349,0.000000,1.036598,,0.970280,0,288,0,72.316272
5021,101258,0,762867,13.273349,0.000000,1.137478,,0.970314,0,288,0,72.321784
5022,101258,0,762867,13.273349,0.000000,1.031934,,0.970326,0,288,0,72.327294
5023,101264,6,762867,13.274136,0.000787,5.061966,timeout,0.971140,0,289,0,72.312898
5024,101264,0,762867,13.274136,0.000000,0.335525,,0.971014,0,289,0,72.318408
5025,101264,0,762867,13.274136,0.000000,0.024623,,0.970826,0,289,0,72.323916
5026,101264,0,762867,13.274136,0.000000,0.021890,non_zero_exit,0.970637,0,289,0,72.309529
5027,101264,0,762867,13.274136,0.000000,5.005108,timeout,0.971439,0,290,0,72.295147
5028,101264,0,762867,13.274136,0.000000,1.030116,,0.971451,0,290,0,72.300656
5029,101264,0,762867,13.274136,0.000000,1.529912,,0.971562,0,290,0,72.306163
5030,101264,0,762867,13.274136,0.000000,1.030302,,0.971574,0,290,0,72.311668
5031,101264,0,762867,13.274136,0.000000,0.028660,,0.971386,0,290,0,72.317170
5032,101264,0,762867,13.274136,0.000000,2.034045,,0.971597,0,290,0,72.322670
5033,101264,0,762867,13.274136,0.000000,0.031934,,0.971411,0,290,0,72.328168
5034,101264,0,762867,13.274136,0.000000,0.030726,,0.971224,0,290,0,72.333664
5035,101264,0,762867,13.274136,0.000000,0.028891,,0.971037,0,290,0,72.339158
5036,101264,0,762867,13.274136,0.000000,2.037931,,0.971249,0,290,0,72.344650
5037,101264,0,762867,13.274136,0.000000,0.031320,,0.971062,0,290,0,72.350139
5038,101264,0,762867,13.274136,0.000000,0.526194,,0.970974,0,290,0,72.355626
5039,101264,0,762867,13.274136,0.000000,0.022458,non_zero_exit,0.970785,0,290,0,72.341270
5040,101297,33,762867,13.278461,0.004326,1.040180,non_zero_exit,0.970799,0,290,0,72.326919
5041,101297,0,762867,13.278461,0.000000,0.023788,non_zero_exit,0.970611,0,290,0,72.312574
5042,101297,0,762867,13.278461,0.000000,0.034298,,0.970426,0,290,0,72.318065
5043,101297,0,762867,13.278461,0.000000,0.030663,,0.970239,0,290,0,72.323553
5044,101297,0,762867,13.278461,0.000000,0.022806,non_zero_exit,0.970052,0,290,0,72.309217
5045,101297,0,762867,13.278461,0.000000,0.021290,non_zero_exit,0.969864,0,290,0,72.294887
5046,101297,0,762867,13.278461,0.000000,0.031605,,0.969678,0,290,0,72.300376
5047,101297,0,762867,13.278461,0.000000,0.023289,non_zero_exit,0.969490,0,290,0,72.286054
5048,101297,0,762867,13.278461,0.000000,0.021174,non_zero_exit,0.969302,0,290,0,72.271737
5049,101300,3,762867,13.278855,0.000393,5.004560,timeout,0.970101,0,291,0,72.257426
5050,101306,6,762867,13.279641,0.000787,1.032809,,0.970114,0,291,0,72.262918
5051,101306,0,762867,13.279641,0.000000,1.028951,,0.970126,0,291,0,72.268409
5052,101306,0,762867,13.279641,0.000000,0.427486,,0.970018,0,291,0,72.273897
5053,101306,0,762867,13.279641,0.000000,2.548500,,0.970330,0,291,0,72.279383
5054,101307,1,762867,13.279772,0.000131,0.022515,non_zero_exit,0.970143,0,291,0,72.265084
5055,101307,0,762867,13.279772,0.000000,0.031240,,0.969957,0,291,0,72.270570
5056,101307,0,762867,13.279772,0.000000,0.632694,non_zero_exit,0.969891,0,291,0,72.256278
5057,101307,0,762867,13.279772,0.000000,0.029573,,0.969705,0,291,0,72.261764
5058,101318,11,762867,13.281214,0.001442,0.035613,,0.969520,0,291,0,72.267246
5059,101318,0,762867,13.281214,0.000000,0.027739,non_zero_exit,0.969334,0,291,0,72.252964
5060,101318,0,762867,13.281214,0.000000,0.024446,,0.969147,0,291,0,72.258447
5061,101318,0,762867,13.281214,0.000000,4.031791,,0.969752,0,291,0,72.263927
5062,101318,0,762867,13.281214,0.000000,0.022207,non_zero_exit,0.969565,0,291,0,72.249654
5063,101318,0,762867,13.281214,0.000000,4.533890,,0.970269,0,291,0,72.255134
5064,101318,0,762867,13.281214,0.000000,0.048278,,0.970087,0,291,0,72.260612
5065,101318,0,762867,13.281214,0.000000,1.033864,,0.970099,0,291,0,72.266088
5066,101318,0,762867,13.281214,0.000000,4.039574,non_zero_exit,0.970705,0,291,0,72.251826
5067,101318,0,762867,13.281214,0.000000,0.027617,,0.970519,0,291,0,72.257301
5068,101318,0,762867,13.281214,0.000000,5.003901,timeout,0.971315,0,292,0,72.243046
5069,101318,0,762867,13.281214,0.000000,0.028525,,0.971129,0,292,0,72.248521
5070,101318,0,762867,13.281214,0.000000,0.025091,non_zero_exit,0.970942,0,292,0,72.234273
5071,101318,0,762867,13.281214,0.000000,0.021626,non_zero_exit,0.970755,0,292,0,72.220032
5072,101318,0,762867,13.281214,0.000000,2.029025,,0.970964,0,292,0,72.225508
5073,101318,0,762867,13.281214,0.000000,0.023961,non_zero_exit,0.970777,0,292,0,72.211273
5074,101318,0,762867,13.281214,0.000000,1.407096,,0.970863,0,292,0,72.216749
5075,101318,0,762867,13.281214,0.000000,0.126161,,0.970697,0,292,0,72.222222
5076,101318,0,762867,13.281214,0.000000,1.028690,,0.970708,0,292,0,72.227694
5077,101321,3,762867,13.281607,0.000393,1.046401,,0.970723,0,292,0,72.233163
5078,101321,0,762867,13.281607,0.000000,0.028604,,0.970538,0,292,0,72.238630
5079,101511,190,762867,13.306513,0.024906,1.255245,,0.970594,0,292,0,72.244094
5080,101511,0,762867,13.306513,0.000000,0.029958,,0.970408,0,292,0,72.249557
5081,101511,0,762867,13.306513,0.000000,0.021756,non_zero_exit,0.970222,0,292,0,72.235340
5082,101511,0,762867,13.306513,0.000000,0.427039,,0.970115,0,292,0,72.240803
5083,101511,0,762867,13.306513,0.000000,1.028778,,0.970126,0,292,0,72.246263
5084,101511,0,762867,13.306513,0.000000,0.021348,non_zero_exit,0.969940,0,292,0,72.232055
5085,101511,0,762867,13.306513,0.000000,1.029194,,0.969952,0,292,0,72.237515
5086,101511,0,762867,13.306513,0.000000,0.024195,non_zero_exit,0.969766,0,292,0,72.223314
5087,101511,0,762867,13.306513,0.000000,5.004205,timeout,0.970559,0,293,0,72.209119
5088,101511,0,762867,13.306513,0.000000,4.549380,,0.971262,0,293,0,72.214580
5089,101511,0,762867,13.306513,0.000000,0.025443,non_zero_exit,0.971076,0,293,0,72.200393
5090,101511,0,762867,13.306513,0.000000,5.004346,timeout,0.971868,0,294,0,72.186211
5091,101511,0,762867,13.306513,0.000000,0.025730,non_zero_exit,0.971682,0,294,0,72.172035
5092,101511,0,762867,13.306513,0.000000,0.588777,,0.971607,0,294,0,72.177499
5093,101511,0,762867,13.306513,0.000000,5.003948,timeout,0.972399,0,295,0,72.163329
5094,101512,1,762867,13.306645,0.000131,4.031187,,0.972999,0,295,0,72.168793
5095,101512,0,762867,13.306645,0.000000,1.031550,,0.973011,0,295,0,72.174254
5096,101513,1,762867,13.306776,0.000131,5.004826,timeout,0.973802,0,296,0,72.160094
5097,101513,0,762867,13.306776,0.000000,1.530736,,0.973911,0,296,0,72.165555
5098,101513,0,762867,13.306776,0.000000,0.024379,non_zero_exit,0.973725,0,296,0,72.151402
5099,101513,0,762867,13.306776,0.000000,1.029400,,0.973736,0,296,0,72.156863
5100,101513,0,762867,13.306776,0.000000,2.029027,,0.973943,0,296,0,72.162321
5101,101513,0,762867,13.306776,0.000000,0.031702,,0.973758,0,296,0,72.167777
5102,101513,0,762867,13.306776,0.000000,1.990528,,0.973957,0,296,0,72.173231
5103,101513,0,762867,13.306776,0.000000,1.030966,,0.973968,0,296,0,72.178683
5104,101513,0,762867,13.306776,0.000000,0.030212,,0.973783,0,296,0,72.184133
5105,101513,0,762867,13.306776,0.000000,1.037957,,0.973796,0,296,0,72.189581
5106,101513,0,762867,13.306776,0.000000,0.032362,,0.973612,0,296,0,72.195026
5107,101513,0,762867,13.306776,0.000000,0.042233,,0.973429,0,296,0,72.200470
5108,101513,0,762867,13.306776,0.000000,1.028086,,0.973440,0,296,0,72.205911
5109,101513,0,762867,13.306776,0.000000,0.027194,,0.973255,0,296,0,72.211350
5110,101513,0,762867,13.306776,0.000000,0.024610,non_zero_exit,0.973069,0,296,0,72.197222
5111,101514,1,762867,13.306907,0.000131,1.030770,,0.973080,0,296,0,72.202660
5112,101514,0,762867,13.306907,0.000000,0.041892,,0.972898,0,296,0,72.208097
5113,101514,0,762867,13.306907,0.000000,0.022480,non_zero_exit,0.972712,0,296,0,72.193977
5114,101514,0,762867,13.306907,0.000000,0.901866,,0.972699,0,296,0,72.199413
5115,101514,0,762867,13.306907,0.000000,1.030137,,0.972710,0,296,0,72.204848
5116,101514,0,762867,13.306907,0.000000,0.032555,,0.972526,0,296,0,72.210279
5117,101514,0,762867,13.306907,0.000000,1.832618,,0.972694,0,296,0,72.215709
5118,101514,0,762867,13.306907,0.000000,1.028908,,0.972705,0,296,0,72.221137
5119,101514,0,762867,13.306907,0.000000,5.003183,timeout,0.973492,0,297,0,72.207031
5120,101514,0,762867,13.306907,0.000000,3.035535,,0.973895,0,297,0,72.212459
5121,101528,14,762867,13.308742,0.001835,1.033375,,0.973907,0,297,0,72.217884
5122,101528,0,762867,13.308742,0.000000,0.020496,non_zero_exit,0.973721,0,297,0,72.203787
5123,101528,0,762867,13.308742,0.000000,5.003803,timeout,0.974507,0,298,0,72.189696
5124,101528,0,762867,13.308742,0.000000,5.004742,timeout,0.975293,0,299,0,72.175610
5125,101528,0,762867,13.308742,0.000000,1.035658,,0.975305,0,299,0,72.181038
5126,101528,0,762867,13.308742,0.000000,0.029437,,0.975121,0,299,0,72.186464
5127,101528,0,762867,13.308742,0.000000,3.032426,,0.975522,0,299,0,72.191888
5128,101528,0,762867,13.308742,0.000000,5.003682,timeout,0.976307,0,300,0,72.177812
5129,101528,0,762867,13.308742,0.000000,2.029106,,0.976513,0,300,0,72.183236
5130,101528,0,762867,13.308742,0.000000,1.030318,,0.976523,0,300,0,72.188657
5131,101528,0,762867,13.308742,0.000000,1.032715,,0.976534,0,300,0,72.194076
5132,101528,0,762867,13.308742,0.000000,5.004740,timeout,0.977319,0,301,0,72.180012
5133,101528,0,762867,13.308742,0.000000,0.026016,non_zero_exit,0.977133,0,301,0,72.165952
5134,101528,0,762867,13.308742,0.000000,0.029732,,0.976949,0,301,0,72.171373
5135,101528,0,762867,13.308742,0.000000,0.022967,non_zero_exit,0.976763,0,301,0,72.157321
5136,101528,0,762867,13.308742,0.000000,0.021595,non_zero_exit,0.976577,0,301,0,72.143274
5137,101528,0,762867,13.308742,0.000000,2.031719,,0.976783,0,301,0,72.148696
5138,101528,0,762867,13.308742,0.000000,1.030123,,0.976793,0,301,0,72.154116
5139,101528,0,762867,13.308742,0.000000,1.030546,,0.976803,0,301,0,72.159533
5140,101528,0,762867,13.308742,0.000000,0.022205,non_zero_exit,0.976618,0,301,0,72.145497
5141,101528,0,762867,13.308742,0.000000,0.031831,,0.976434,0,301,0,72.150914
5142,101528,0,762867,13.308742,0.000000,1.029442,,0.976444,0,301,0,72.156329
5143,101528,0,762867,13.308742,0.000000,1.029464,,0.976455,0,301,0,72.161742
5144,101528,0,762867,13.308742,0.000000,0.022860,non_zero_exit,0.976269,0,301,0,72.147716
5145,101528,0,762867,13.308742,0.000000,0.028941,,0.976085,0,301,0,72.153129
5146,101528,0,762867,13.308742,0.000000,3.028131,,0.976484,0,301,0,72.158539
5147,101528,0,762867,13.308742,0.000000,0.130448,,0.976320,0,301,0,72.163947
5148,101528,0,762867,13.308742,0.000000,0.033914,,0.976137,0,301,0,72.169353
5149,101528,0,762867,13.308742,0.000000,0.030293,,0.975953,0,301,0,72.174757
5150,101528,0,762867,13.308742,0.000000,0.028204,,0.975769,0,301,0,72.180159
5151,101528,0,762867,13.308742,0.000000,0.029411,,0.975585,0,301,0,72.185559
5152,101528,0,762867,13.308742,0.000000,1.031034,,0.975596,0,301,0,72.190957
5153,101528,0,762867,13.308742,0.000000,0.027128,non_zero_exit,0.975412,0,301,0,72.176950
5154,101530,2,762867,13.309004,0.000262,0.036539,,0.975230,0,301,0,72.182347
5155,101530,0,762867,13.309004,0.000000,1.034945,,0.975241,0,301,0,72.187742
5156,101530,0,762867,13.309004,0.000000,0.032810,,0.975059,0,301,0,72.193136
5157,101530,0,762867,13.309004,0.000000,0.031577,,0.974876,0,301,0,72.198527
5158,101531,1,762867,13.309135,0.000131,0.024030,non_zero_exit,0.974691,0,301,0,72.184532
5159,101546,15,762867,13.311101,0.001966,0.540280,,0.974607,0,301,0,72.189922
5160,101546,0,762867,13.311101,0.000000,1.030423,,0.974618,0,301,0,72.195311
5161,101546,0,762867,13.311101,0.000000,0.031843,,0.974435,0,301,0,72.200697
5162,101546,0,762867,13.311101,0.000000,0.022567,non_zero_exit,0.974251,0,301,0,72.186713
5163,101546,0,762867,13.311101,0.000000,0.029201,,0.974068,0,301,0,72.192099
5164,101546,0,762867,13.311101,0.000000,0.025570,non_zero_exit,0.973884,0,301,0,72.178122
5165,101555,9,762867,13.312281,0.001180,0.030320,non_zero_exit,0.973702,0,301,0,72.164150
5166,101555,0,762867,13.312281,0.000000,1.036381,,0.973714,0,301,0,72.169537
5167,101559,4,762867,13.312806,0.000524,0.026828,,0.973531,0,301,0,72.174923
5168,101559,0,762867,13.312806,0.000000,1.038122,,0.973543,0,301,0,72.180306
5169,101559,0,762867,13.312806,0.000000,1.025431,,0.973553,0,301,0,72.185687
5170,101559,0,762867,13.312806,0.000000,0.039732,,0.973373,0,301,0,72.191066
5171,101559,0,762867,13.312806,0.000000,1.027948,,0.973383,0,301,0,72.196442
5172,101559,0,762867,13.312806,0.000000,2.033018,,0.973588,0,301,0,72.201817
5173,101559,0,762867,13.312806,0.000000,1.029776,,0.973599,0,301,0,72.207190
5174,101559,0,762867,13.312806,0.000000,1.043915,,0.973612,0,301,0,72.212560
5175,101559,0,762867,13.312806,0.000000,5.007416,timeout,0.974392,0,302,0,72.198609
5176,101559,0,762867,13.312806,0.000000,1.028242,,0.974402,0,302,0,72.203979
5177,101559,0,762867,13.312806,0.000000,1.035665,,0.974414,0,302,0,72.209347
5178,101559,0,762867,13.312806,0.000000,1.029460,,0.974425,0,302,0,72.214713
5179,101559,0,762867,13.312806,0.000000,1.030846,,0.974436,0,302,0,72.220077
5180,101559,0,762867,13.312806,0.000000,0.029677,,0.974253,0,302,0,72.225439
5181,101559,0,762867,13.312806,0.000000,0.024910,non_zero_exit,0.974070,0,302,0,72.211501
5182,101559,0,762867,13.312806,0.000000,5.003934,timeout,0.974847,0,303,0,72.197569
5183,101559,0,762867,13.312806,0.000000,0.533462,,0.974762,0,303,0,72.202932
5184,101559,0,762867,13.312806,0.000000,0.028782,,0.974580,0,303,0,72.208293
5185,101559,0,762867,13.312806,0.000000,0.136190,,0.974418,0,303,0,72.213652
5186,101559,0,762867,13.312806,0.000000,1.036886,,0.974430,0,303,0,72.219009
5187,101559,0,762867,13.312806,0.000000,1.030333,,0.974441,0,303,0,72.224364
5188,101559,0,762867,13.312806,0.000000,0.026772,non_zero_exit,0.974258,0,303,0,72.210445
5189,101559,0,762867,13.312806,0.000000,1.035773,,0.974270,0,303,0,72.215800
5190,101559,0,762867,13.312806,0.000000,2.030673,,0.974474,0,303,0,72.221152
5191,101559,0,762867,13.312806,0.000000,5.008560,timeout,0.975251,0,304,0,72.207242
5192,101559,0,762867,13.312806,0.000000,0.031248,,0.975069,0,304,0,72.212594
5193,101559,0,762867,13.312806,0.000000,1.030281,,0.975080,0,304,0,72.217944
5194,101559,0,762867,13.312806,0.000000,0.021560,non_zero_exit,0.974896,0,304,0,72.204042
5195,101559,0,762867,13.312806,0.000000,0.025424,non_zero_exit,0.974713,0,304,0,72.190146
5196,101559,0,762867,13.312806,0.000000,0.029189,,0.974531,0,304,0,72.195497
5197,101560,1,762867,13.312937,0.000131,5.004097,timeout,0.975307,0,305,0,72.181608
5198,101560,0,762867,13.312937,0.000000,1.028548,,0.975317,0,305,0,72.186959
5199,101560,0,762867,13.312937,0.000000,0.034474,,0.975136,0,305,0,72.192308
5200,101560,0,762867,13.312937,0.000000,0.024672,,0.974953,0,305,0,72.197654
5201,101560,0,762867,13.312937,0.000000,1.027706,,0.974963,0,305,0,72.202999
5202,101560,0,762867,13.312937,0.000000,0.030852,,0.974782,0,305,0,72.208341
5203,101564,4,762867,13.313461,0.000524,0.021036,non_zero_exit,0.974599,0,305,0,72.194466
5204,101564,0,762867,13.313461,0.000000,0.029595,,0.974417,0,305,0,72.199808
5205,101564,0,762867,13.313461,0.000000,0.538144,non_zero_exit,0.974333,0,305,0,72.185939
5206,101564,0,762867,13.313461,0.000000,0.030873,,0.974152,0,305,0,72.191281
5207,101564,0,762867,13.313461,0.000000,0.024977,non_zero_exit,0.973970,0,305,0,72.177419
5208,101564,0,762867,13.313461,0.000000,0.024550,,0.973787,0,305,0,72.182761
5209,101567,3,762867,13.313854,0.000393,0.031834,,0.973607,0,305,0,72.188100
5210,101567,0,762867,13.313854,0.000000,1.033140,,0.973618,0,305,0,72.193437
5211,101567,0,762867,13.313854,0.000000,0.031064,,0.973437,0,305,0,72.198772
5212,101580,13,762867,13.315558,0.001704,5.022022,timeout,0.974214,0,306,0,72.184922
5213,101580,0,762867,13.315558,0.000000,0.805409,,0.974182,0,306,0,72.190257
5214,101580,0,762867,13.315558,0.000000,1.033088,,0.974193,0,306,0,72.195590
5215,101580,0,762867,13.315558,0.000000,0.026797,,0.974011,0,306,0,72.200920
5216,101581,1,762867,13.315689,0.000131,0.024309,non_zero_exit,0.973829,0,306,0,72.187081
5217,101581,0,762867,13.315689,0.000000,0.030305,,0.973648,0,306,0,72.192411
5218,101581,0,762867,13.315689,0.000000,0.028285,,0.973467,0,306,0,72.197739
5219,101581,0,762867,13.315689,0.000000,2.032204,,0.973670,0,306,0,72.203065
5220,101581,0,762867,13.315689,0.000000,0.030709,,0.973489,0,306,0,72.208389
5221,101581,0,762867,13.315689,0.000000,1.031416,,0.973501,0,306,0,72.213711
5222,101581,0,762867,13.315689,0.000000,0.028906,,0.973320,0,306,0,72.219031
5223,101581,0,762867,13.315689,0.000000,0.021629,non_zero_exit,0.973137,0,306,0,72.205207
5224,101581,0,762867,13.315689,0.000000,0.232006,,0.972996,0,306,0,72.210526
5225,101581,0,762867,13.315689,0.000000,1.030786,,0.973007,0,306,0,72.215844
5226,101581,0,762867,13.315689,0.000000,1.027555,,0.973017,0,306,0,72.221159
5227,101581,0,762867,13.315689,0.000000,3.035932,,0.973412,0,306,0,72.226473
5228,101581,0,762867,13.315689,0.000000,1.027814,,0.973422,0,306,0,72.231784
5229,101581,0,762867,13.315689,0.000000,0.032564,,0.973242,0,306,0,72.237094
5230,101581,0,762867,13.315689,0.000000,1.600174,,0.973362,0,306,0,72.242401
5231,101581,0,762867,13.315689,0.000000,0.033301,,0.973182,0,306,0,72.247706
5232,101581,0,762867,13.315689,0.000000,3.030890,,0.973576,0,306,0,72.253010
5233,101581,0,762867,13.315689,0.000000,0.018416,non_zero_exit,0.973393,0,306,0,72.239205
5234,101581,0,762867,13.315689,0.000000,0.020927,,0.973211,0,306,0,72.244508
5235,101583,2,762867,13.315952,0.000262,0.852352,,0.973188,0,306,0,72.249809
5236,101583,0,762867,13.315952,0.000000,0.021661,non_zero_exit,0.973006,0,306,0,72.236013
5237,101583,0,762867,13.315952,0.000000,0.030284,,0.972826,0,306,0,72.241313
5238,101583,0,762867,13.315952,0.000000,1.029100,,0.972837,0,306,0,72.246612
5239,101583,0,762867,13.315952,0.000000,2.034296,,0.973040,0,306,0,72.251908
5240,101583,0,762867,13.315952,0.000000,0.021357,non_zero_exit,0.972858,0,306,0,72.238122
5241,101583,0,762867,13.315952,0.000000,0.027200,non_zero_exit,0.972678,0,306,0,72.224342
5242,101583,0,762867,13.315952,0.000000,0.021690,non_zero_exit,0.972496,0,306,0,72.210566
5243,101583,0,762867,13.315952,0.000000,1.027956,,0.972507,0,306,0,72.215866
5244,101583,0,762867,13.315952,0.000000,0.534894,non_zero_exit,0.972424,0,306,0,72.202097
5245,101583,0,762867,13.315952,0.000000,3.030450,,0.972816,0,306,0,72.207396
5246,101583,0,762867,13.315952,0.000000,0.022468,non_zero_exit,0.972635,0,306,0,72.193634
5247,101583,0,762867,13.315952,0.000000,0.021246,non_zero_exit,0.972453,0,306,0,72.179878
5248,101583,0,762867,13.315952,0.000000,3.027114,,0.972845,0,306,0,72.185178
5249,101583,0,762867,13.315952,0.000000,0.026080,non_zero_exit,0.972665,0,306,0,72.171429
5250,101583,0,762867,13.315952,0.000000,0.022950,non_zero_exit,0.972484,0,306,0,72.157684
5251,101583,0,762867,13.315952,0.000000,1.031457,,0.972495,0,306,0,72.162986
5252,101583,0,762867,13.315952,0.000000,0.030279,,0.972316,0,306,0,72.168285
5253,101583,0,762867,13.315952,0.000000,0.021283,non_zero_exit,0.972135,0,306,0,72.154549
5254,101595,12,762867,13.317525,0.001573,1.449383,,0.972225,0,306,0,72.159848
5255,101595,0,762867,13.317525,0.000000,0.031737,,0.972046,0,306,0,72.165145
5256,101595,0,762867,13.317525,0.000000,1.033437,,0.972058,0,306,0,72.170439
5257,101595,0,762867,13.317525,0.000000,1.030647,non_zero_exit,0.972069,0,306,0,72.156714
5258,101595,0,762867,13.317525,0.000000,0.105937,,0.971905,0,306,0,72.162008
5259,101595,0,762867,13.317525,0.000000,0.027940,,0.971725,0,306,0,72.167300
5260,101595,0,762867,13.317525,0.000000,5.004678,timeout,0.972492,0,307,0,72.153583
5261,101595,0,762867,13.317525,0.000000,0.026003,,0.972312,0,307,0,72.158875
5262,101595,0,762867,13.317525,0.000000,0.033696,,0.972133,0,307,0,72.164165
5263,101595,0,762867,13.317525,0.000000,3.031646,,0.972525,0,307,0,72.169453
5264,101595,0,762867,13.317525,0.000000,1.027946,,0.972535,0,307,0,72.174739
5265,101596,1,762867,13.317656,0.000131,1.029832,non_zero_exit,0.972546,0,307,0,72.161033
5266,101597,1,762867,13.317787,0.000131,0.023794,,0.972366,0,307,0,72.166319
5267,101597,0,762867,13.317787,0.000000,0.022019,non_zero_exit,0.972186,0,307,0,72.152620
5268,101597,0,762867,13.317787,0.000000,0.035179,,0.972008,0,307,0,72.157905
5269,101672,75,762867,13.327618,0.009831,0.142012,,0.971850,0,307,0,72.163188
5270,101672,0,762867,13.327618,0.000000,0.022996,non_zero_exit,0.971670,0,307,0,72.149497
5271,101672,0,762867,13.327618,0.000000,0.022185,non_zero_exit,0.971490,0,307,0,72.135812
5272,101672,0,762867,13.327618,0.000000,0.029857,,0.971312,0,307,0,72.141096
5273,101699,27,762867,13.331157,0.003539,0.025309,,0.971132,0,307,0,72.146378
5274,101699,0,762867,13.331157,0.000000,0.034395,,0.970955,0,307,0,72.151659
5275,101699,0,762867,13.331157,0.000000,0.030677,,0.970776,0,307,0,72.156937
5276,101700,1,762867,13.331288,0.000131,0.027939,,0.970598,0,307,0,72.162213
5277,101700,0,762867,13.331288,0.000000,1.035448,,0.970610,0,307,0,72.167488
5278,101700,0,762867,13.331288,0.000000,1.031576,,0.970622,0,307,0,72.172760
5279,101700,0,762867,13.331288,0.000000,5.005395,timeout,0.971386,0,308,0,72.159091
5280,101700,0,762867,13.331288,0.000000,0.025441,non_zero_exit,0.971207,0,308,0,72.145427
5281,101700,0,762867,13.331288,0.000000,2.031178,,0.971407,0,308,0,72.150700
5282,101700,0,762867,13.331288,0.000000,5.004960,timeout,0.972171,0,309,0,72.137043
5283,101700,0,762867,13.331288,0.000000,0.029714,,0.971992,0,309,0,72.142316
5284,101700,0,762867,13.331288,0.000000,1.032085,,0.972004,0,309,0,72.147588
5285,101700,0,762867,13.331288,0.000000,1.029821,,0.972015,0,309,0,72.152857
5286,101700,0,762867,13.331288,0.000000,1.532782,,0.972121,0,309,0,72.158124
5287,101700,0,762867,13.331288,0.000000,0.021631,non_zero_exit,0.971941,0,309,0,72.144478
5288,101700,0,762867,13.331288,0.000000,0.040551,,0.971765,0,309,0,72.149745
5289,101710,10,762867,13.332599,0.001311,0.644290,,0.971703,0,309,0,72.155009
5290,101710,0,762867,13.332599,0.000000,0.031573,,0.971525,0,309,0,72.160272
5291,101710,0,762867,13.332599,0.000000,1.035147,,0.971537,0,309,0,72.165533
5292,101713,3,762867,13.332993,0.000393,0.024817,non_zero_exit,0.971358,0,309,0,72.151899
5293,101713,0,762867,13.332993,0.000000,4.033947,,0.971937,0,309,0,72.157159
5294,101713,0,762867,13.332993,0.000000,0.022813,non_zero_exit,0.971758,0,309,0,72.143532
5295,101713,0,762867,13.332993,0.000000,0.023375,,0.971579,0,309,0,72.148792
5296,101713,0,762867,13.332993,0.000000,0.034011,,0.971402,0,309,0,72.154049
5297,101713,0,762867,13.332993,0.000000,0.999370,,0.971407,0,309,0,72.159305
5298,101713,0,762867,13.332993,0.000000,1.026433,,0.971417,0,309,0,72.164559
5299,101713,0,762867,13.332993,0.000000,0.029114,,0.971240,0,309,0,72.169811
5300,101713,0,762867,13.332993,0.000000,1.035811,,0.971252,0,309,0,72.175061
5301,101713,0,762867,13.332993,0.000000,1.025116,,0.971262,0,309,0,72.180309
5302,101713,0,762867,13.332993,0.000000,0.030373,,0.971084,0,309,0,72.185555
5303,101713,0,762867,13.332993,0.000000,0.026915,,0.970906,0,309,0,72.190799
5304,101714,1,762867,13.333124,0.000131,0.023346,non_zero_exit,0.970728,0,309,0,72.177191
5305,101719,5,762867,13.333779,0.000655,1.034983,,0.970740,0,309,0,72.182435
5306,101719,0,762867,13.333779,0.000000,0.022543,non_zero_exit,0.970561,0,309,0,72.168834
5307,101719,0,762867,13.333779,0.000000,1.033649,,0.970573,0,309,0,72.174077
5308,101719,0,762867,13.333779,0.000000,0.030790,,0.970396,0,309,0,72.179318
5309,101719,0,762867,13.333779,0.000000,1.470347,,0.970490,0,309,0,72.184557
5310,101719,0,762867,13.333779,0.000000,2.030071,,0.970690,0,309,0,72.189795
5311,101719,0,762867,13.333779,0.000000,1.032641,,0.970701,0,309,0,72.195030
5312,101719,0,762867,13.333779,0.000000,0.033566,,0.970525,0,309,0,72.200264
5313,101719,0,762867,13.333779,0.000000,1.030166,,0.970536,0,309,0,72.205495
5314,101719,0,762867,13.333779,0.000000,0.031794,,0.970360,0,309,0,72.210724
5315,101719,0,762867,13.333779,0.000000,0.027859,,0.970182,0,309,0,72.215952
5316,101719,0,762867,13.333779,0.000000,0.025394,non_zero_exit,0.970005,0,309,0,72.202370
5317,101720,1,762867,13.333910,0.000131,1.145189,,0.970038,0,309,0,72.207597
5318,101720,0,762867,13.333910,0.000000,1.031060,,0.970049,0,309,0,72.212822
5319,101720,0,762867,13.333910,0.000000,0.028624,,0.969872,0,309,0,72.218045
5320,101720,0,762867,13.333910,0.000000,0.035718,,0.969697,0,309,0,72.223266
5321,101721,1,762867,13.334041,0.000131,0.028559,non_zero_exit,0.969520,0,309,0,72.209696
5322,101725,4,762867,13.334566,0.000524,0.046376,,0.969346,0,309,0,72.214916
5323,101725,0,762867,13.334566,0.000000,1.029496,,0.969358,0,309,0,72.220135
5324,101725,0,762867,13.334566,0.000000,3.037339,,0.969746,0,309,0,72.225352
5325,101725,0,762867,13.334566,0.000000,0.021556,,0.969568,0,309,0,72.230567
5326,101725,0,762867,13.334566,0.000000,0.034004,,0.969392,0,309,0,72.235780
5327,101725,0,762867,13.334566,0.000000,0.024779,non_zero_exit,0.969215,0,309,0,72.222222
5328,101725,0,762867,13.334566,0.000000,0.017710,non_zero_exit,0.969036,0,309,0,72.208670
5329,101725,0,762867,13.334566,0.000000,0.030613,,0.968860,0,309,0,72.213884
5330,101725,0,762867,13.334566,0.000000,1.023112,,0.968871,0,309,0,72.219096
5331,101725,0,762867,13.334566,0.000000,0.029655,,0.968694,0,309,0,72.224306
5332,101725,0,762867,13.334566,0.000000,0.021244,non_zero_exit,0.968517,0,309,0,72.210763
5333,101728,3,762867,13.334959,0.000393,3.035455,,0.968904,0,309,0,72.215973
5334,101728,0,762867,13.334959,0.000000,1.439445,,0.968992,0,309,0,72.221181
5335,101728,0,762867,13.334959,0.000000,2.033554,,0.969192,0,309,0,72.226387
5336,101728,0,762867,13.334959,0.000000,0.020959,non_zero_exit,0.969014,0,309,0,72.212854
5337,101728,0,762867,13.334959,0.000000,0.031402,,0.968839,0,309,0,72.218059
5338,101728,0,762867,13.334959,0.000000,0.021033,non_zero_exit,0.968661,0,309,0,72.204533
5339,101728,0,762867,13.334959,0.000000,2.837678,,0.969011,0,309,0,72.209738
5340,101728,0,762867,13.334959,0.000000,0.023756,non_zero_exit,0.968834,0,309,0,72.196218
5341,101728,0,762867,13.334959,0.000000,0.028414,,0.968658,0,309,0,72.201423
5342,101728,0,762867,13.334959,0.000000,0.021574,non_zero_exit,0.968481,0,309,0,72.187909
5343,101728,0,762867,13.334959,0.000000,2.031935,,0.968680,0,309,0,72.193114
5344,101728,0,762867,13.334959,0.000000,0.536345,,0.968599,0,309,0,72.198316
5345,101728,0,762867,13.334959,0.000000,0.021711,non_zero_exit,0.968422,0,309,0,72.184811
5346,101731,3,762867,13.335352,0.000393,0.880694,,0.968405,0,309,0,72.190013
5347,101731,0,762867,13.335352,0.000000,0.034579,,0.968231,0,309,0,72.195213
5348,101731,0,762867,13.335352,0.000000,1.539276,,0.968338,0,309,0,72.200411
5349,101731,0,762867,13.335352,0.000000,0.022705,non_zero_exit,0.968161,0,309,0,72.186916
5350,101731,0,762867,13.335352,0.000000,0.030292,,0.967986,0,309,0,72.192114
5351,101731,0,762867,13.335352,0.000000,0.023299,non_zero_exit,0.967809,0,309,0,72.178625
5352,101731,0,762867,13.335352,0.000000,1.023198,,0.967819,0,309,0,72.183822
5353,101731,0,762867,13.335352,0.000000,0.030946,,0.967644,0,309,0,72.189018
5354,101731,0,762867,13.335352,0.000000,2.027290,,0.967842,0,309,0,72.194211
5355,101731,0,762867,13.335352,0.000000,0.024695,non_zero_exit,0.967666,0,309,0,72.180732
5356,101731,0,762867,13.335352,0.000000,1.027048,,0.967677,0,309,0,72.185925
5357,101732,1,762867,13.335483,0.000131,0.025705,,0.967501,0,309,0,72.191116
5358,101732,0,762867,13.335483,0.000000,2.031483,non_zero_exit,0.967700,0,309,0,72.177645
5359,101732,0,762867,13.335483,0.000000,0.033879,,0.967526,0,309,0,72.182836
5360,101732,0,762867,13.335483,0.000000,0.026557,,0.967350,0,309,0,72.188025
5361,101732,0,762867,13.335483,0.000000,1.029107,non_zero_exit,0.967362,0,309,0,72.174562
5362,101732,0,762867,13.335483,0.000000,5.003648,timeout,0.968114,0,310,0,72.161104
5363,101732,0,762867,13.335483,0.000000,5.003726,timeout,0.968867,0,311,0,72.147651
5364,101732,0,762867,13.335483,0.000000,1.036046,,0.968879,0,311,0,72.152842
5365,101732,0,762867,13.335483,0.000000,1.035835,,0.968892,0,311,0,72.158032
5366,101733,1,762867,13.335614,0.000131,1.028771,,0.968903,0,311,0,72.163220
5367,101733,0,762867,13.335614,0.000000,0.030913,,0.968728,0,311,0,72.168405
5368,101733,0,762867,13.335614,0.000000,0.022063,non_zero_exit,0.968552,0,311,0,72.154964
5369,101733,0,762867,13.335614,0.000000,0.334348,,0.968434,0,311,0,72.160149
5370,101738,5,762867,13.336270,0.000655,0.025763,,0.968258,0,311,0,72.165332
5371,101738,0,762867,13.336270,0.000000,1.030116,,0.968270,0,311,0,72.170514
5372,101738,0,762867,13.336270,0.000000,1.029280,,0.968281,0,311,0,72.175693
5373,101738,0,762867,13.336270,0.000000,0.034077,,0.968107,0,311,0,72.180871
5374,101738,0,762867,13.336270,0.000000,0.027681,,0.967932,0,311,0,72.186047
5375,101738,0,762867,13.336270,0.000000,0.023016,non_zero_exit,0.967757,0,311,0,72.172619
5376,101738,0,762867,13.336270,0.000000,2.024526,,0.967953,0,311,0,72.177794
5377,101738,0,762867,13.336270,0.000000,0.021184,non_zero_exit,0.967777,0,311,0,72.164373
5378,101738,0,762867,13.336270,0.000000,1.029145,,0.967788,0,311,0,72.169548
5379,101738,0,762867,13.336270,0.000000,0.038845,,0.967616,0,311,0,72.174721
5380,101738,0,762867,13.336270,0.000000,1.027031,,0.967627,0,311,0,72.179892
5381,101738,0,762867,13.336270,0.000000,0.029163,,0.967452,0,311,0,72.185061
5382,101738,0,762867,13.336270,0.000000,0.021790,non_zero_exit,0.967277,0,311,0,72.171651
5383,101739,1,762867,13.336401,0.000131,3.036238,non_zero_exit,0.967661,0,311,0,72.158247
5384,101748,9,762867,13.337580,0.001180,2.031373,,0.967859,0,311,0,72.163417
5385,101748,0,762867,13.337580,0.000000,5.003426,timeout,0.968608,0,312,0,72.150019
5386,101752,4,762867,13.338105,0.000524,0.932361,,0.968601,0,312,0,72.155188
5387,101752,0,762867,13.338105,0.000000,0.027279,,0.968426,0,312,0,72.160356
5388,101757,5,762867,13.338760,0.000655,5.006417,timeout,0.969176,0,313,0,72.146966
5389,101757,0,762867,13.338760,0.000000,3.034662,,0.969559,0,313,0,72.152134
5390,101757,0,762867,13.338760,0.000000,1.036339,,0.969571,0,313,0,72.157299
5391,101758,1,762867,13.338891,0.000131,1.028183,,0.969582,0,313,0,72.162463
5392,101758,0,762867,13.338891,0.000000,2.538801,,0.969873,0,313,0,72.167625
5393,101758,0,762867,13.338891,0.000000,0.026664,,0.969698,0,313,0,72.172785
5394,101758,0,762867,13.338891,0.000000,2.028843,,0.969895,0,313,0,72.177943
5395,101758,0,762867,13.338891,0.000000,0.036329,,0.969722,0,313,0,72.183099
5396,101758,0,762867,13.338891,0.000000,0.028977,,0.969547,0,313,0,72.188253
5397,101758,0,762867,13.338891,0.000000,3.030534,,0.969929,0,313,0,72.193405
5398,101758,0,762867,13.338891,0.000000,0.031008,,0.969755,0,313,0,72.198555
5399,101758,0,762867,13.338891,0.000000,0.028695,,0.969581,0,313,0,72.203704
5400,101758,0,762867,13.338891,0.000000,0.031920,,0.969407,0,313,0,72.208850
5401,101758,0,762867,13.338891,0.000000,1.037213,,0.969420,0,313,0,72.213995
5402,101758,0,762867,13.338891,0.000000,0.029849,,0.969246,0,313,0,72.219138
5403,101758,0,762867,13.338891,0.000000,5.004025,timeout,0.969993,0,314,0,72.205774
5404,101758,0,762867,13.338891,0.000000,0.029545,,0.969819,0,314,0,72.210916
5405,101758,0,762867,13.338891,0.000000,1.030226,,0.969830,0,314,0,72.216056
5406,101758,0,762867,13.338891,0.000000,3.033409,,0.970211,0,314,0,72.221195
5407,101758,0,762867,13.338891,0.000000,0.031823,,0.970038,0,314,0,72.226331
5408,101759,1,762867,13.339022,0.000131,1.032969,,0.970050,0,314,0,72.231466
5409,101759,0,762867,13.339022,0.000000,0.029831,,0.969876,0,314,0,72.236599
5410,101759,0,762867,13.339022,0.000000,1.531972,,0.969980,0,314,0,72.241730
5411,101759,0,762867,13.339022,0.000000,0.029943,,0.969806,0,314,0,72.246859
5412,101759,0,762867,13.339022,0.000000,0.030909,,0.969632,0,314,0,72.251986
5413,101759,0,762867,13.339022,0.000000,0.030427,,0.969459,0,314,0,72.257111
5414,101759,0,762867,13.339022,0.000000,0.030270,,0.969286,0,314,0,72.262235
5415,101759,0,762867,13.339022,0.000000,0.029821,,0.969112,0,314,0,72.267356
5416,101759,0,762867,13.339022,0.000000,1.035680,,0.969124,0,314,0,72.272476
5417,101759,0,762867,13.339022,0.000000,0.230208,,0.968988,0,314,0,72.277593
5418,101759,0,762867,13.339022,0.000000,0.028097,,0.968814,0,314,0,72.282709
5419,101759,0,762867,13.339022,0.000000,0.036605,,0.968642,0,314,0,72.287823
5420,101759,0,762867,13.339022,0.000000,0.025463,non_zero_exit,0.968468,0,314,0,72.274488
5421,101759,0,762867,13.339022,0.000000,1.531872,,0.968572,0,314,0,72.279602
5422,101759,0,762867,13.339022,0.000000,1.027951,,0.968583,0,314,0,72.284713
5423,101759,0,762867,13.339022,0.000000,0.030275,,0.968410,0,314,0,72.289823
5424,101759,0,762867,13.339022,0.000000,1.031709,,0.968422,0,314,0,72.294931
5425,101759,0,762867,13.339022,0.000000,1.031180,,0.968433,0,314,0,72.300037
5426,101759,0,762867,13.339022,0.000000,1.321614,,0.968499,0,314,0,72.305141
5427,101759,0,762867,13.339022,0.000000,2.234040,,0.968732,0,314,0,72.310243
5428,101759,0,762867,13.339022,0.000000,0.027064,,0.968558,0,314,0,72.315344
5429,101759,0,762867,13.339022,0.000000,0.019178,non_zero_exit,0.968383,0,314,0,72.302026
5430,101759,0,762867,13.339022,0.000000,0.028529,,0.968210,0,314,0,72.307126
5431,101759,0,762867,13.339022,0.000000,0.037320,,0.968039,0,314,0,72.312224
5432,101759,0,762867,13.339022,0.000000,1.030259,,0.968050,0,314,0,72.317320
5433,101759,0,762867,13.339022,0.000000,0.030854,,0.967878,0,314,0,72.322414
5434,101759,0,762867,13.339022,0.000000,0.029874,,0.967705,0,314,0,72.327507
5435,101759,0,762867,13.339022,0.000000,1.026579,,0.967716,0,314,0,72.332597
5436,101760,1,762867,13.339153,0.000131,2.037448,,0.967913,0,314,0,72.337686
5437,101761,1,762867,13.339285,0.000131,0.021386,non_zero_exit,0.967739,0,314,0,72.324384
5438,101761,0,762867,13.339285,0.000000,0.031761,,0.967567,0,314,0,72.329472
5439,101761,0,762867,13.339285,0.000000,3.030137,,0.967946,0,314,0,72.334559
5440,101761,0,762867,13.339285,0.000000,0.028345,,0.967773,0,314,0,72.339643
5441,101761,0,762867,13.339285,0.000000,1.030190,,0.967785,0,314,0,72.344726
5442,101761,0,762867,13.339285,0.000000,3.128511,,0.968182,0,314,0,72.349807
5443,101761,0,762867,13.339285,0.000000,3.033888,,0.968561,0,314,0,72.354886
5444,101761,0,762867,13.339285,0.000000,0.022152,non_zero_exit,0.968387,0,314,0,72.341598
5445,101761,0,762867,13.339285,0.000000,0.024259,non_zero_exit,0.968214,0,314,0,72.328314
5446,101761,0,762867,13.339285,0.000000,1.034253,,0.968226,0,314,0,72.333395
5447,101761,0,762867,13.339285,0.000000,0.027728,,0.968054,0,314,0,72.338473
5448,101761,0,762867,13.339285,0.000000,2.034677,,0.968249,0,314,0,72.343549
5449,101761,0,762867,13.339285,0.000000,3.033982,non_zero_exit,0.968628,0,314,0,72.330275
5450,101761,0,762867,13.339285,0.000000,1.034312,,0.968640,0,314,0,72.335351
5451,101762,1,762867,13.339416,0.000131,0.022504,non_zero_exit,0.968467,0,314,0,72.322084
5452,101762,0,762867,13.339416,0.000000,1.000601,,0.968473,0,314,0,72.327159
5453,101762,0,762867,13.339416,0.000000,1.034043,,0.968485,0,314,0,72.332233
5454,101762,0,762867,13.339416,0.000000,0.022477,non_zero_exit,0.968311,0,314,0,72.318973
5455,101762,0,762867,13.339416,0.000000,2.027724,,0.968505,0,314,0,72.324047
5456,101762,0,762867,13.339416,0.000000,1.040070,,0.968519,0,314,0,72.329119
5457,101762,0,762867,13.339416,0.000000,3.037479,,0.968898,0,314,0,72.334188
5458,101762,0,762867,13.339416,0.000000,3.031718,,0.969276,0,314,0,72.339256
5459,101762,0,762867,13.339416,0.000000,1.030606,,0.969287,0,314,0,72.344322
5460,101762,0,762867,13.339416,0.000000,1.405162,,0.969367,0,314,0,72.349387
5461,101762,0,762867,13.339416,0.000000,0.026187,,0.969194,0,314,0,72.354449
5462,101762,0,762867,13.339416,0.000000,0.029632,,0.969022,0,314,0,72.359509
5463,101762,0,762867,13.339416,0.000000,0.031810,,0.968850,0,314,0,72.364568
5464,101762,0,762867,13.339416,0.000000,0.022925,non_zero_exit,0.968677,0,314,0,72.351327
5465,101762,0,762867,13.339416,0.000000,1.036721,,0.968690,0,314,0,72.356385
5466,101762,0,762867,13.339416,0.000000,0.022490,non_zero_exit,0.968517,0,314,0,72.343150
5467,101762,0,762867,13.339416,0.000000,2.033307,,0.968711,0,314,0,72.348208
5468,101762,0,762867,13.339416,0.000000,0.022806,non_zero_exit,0.968538,0,314,0,72.334979
5469,101762,0,762867,13.339416,0.000000,1.054651,,0.968554,0,314,0,72.340037
5470,101762,0,762867,13.339416,0.000000,2.514616,,0.968837,0,314,0,72.345092
5471,101762,0,762867,13.339416,0.000000,0.028236,,0.968665,0,314,0,72.350146
5472,101762,0,762867,13.339416,0.000000,5.003864,timeout,0.969402,0,315,0,72.336927
5473,101762,0,762867,13.339416,0.000000,0.030353,,0.969231,0,315,0,72.341980
5474,101762,0,762867,13.339416,0.000000,1.463654,,0.969321,0,315,0,72.347032
5475,101762,0,762867,13.339416,0.000000,0.030033,,0.969149,0,315,0,72.352082
5476,101762,0,762867,13.339416,0.000000,2.025382,,0.969342,0,315,0,72.357130
5477,101762,0,762867,13.339416,0.000000,1.530673,non_zero_exit,0.969445,0,315,0,72.343921
5478,101762,0,762867,13.339416,0.000000,0.027651,,0.969273,0,315,0,72.348969
5479,101762,0,762867,13.339416,0.000000,0.034207,,0.969102,0,315,0,72.354015
5480,101762,0,762867,13.339416,0.000000,1.029359,,0.969113,0,315,0,72.359059
5481,101762,0,762867,13.339416,0.000000,4.533590,,0.969763,0,315,0,72.364101
5482,101769,7,762867,13.340333,0.000918,0.035041,,0.969593,0,315,0,72.369141
5483,101769,0,762867,13.340333,0.000000,1.028874,,0.969604,0,315,0,72.374179
5484,101769,0,762867,13.340333,0.000000,0.031443,,0.969433,0,315,0,72.379216
5485,101769,0,762867,13.340333,0.000000,0.025589,non_zero_exit,0.969261,0,315,0,72.366023
5486,101769,0,762867,13.340333,0.000000,0.021497,non_zero_exit,0.969088,0,315,0,72.352834
5487,101769,0,762867,13.340333,0.000000,5.006042,timeout,0.969824,0,316,0,72.339650
5488,101769,0,762867,13.340333,0.000000,0.031748,,0.969653,0,316,0,72.344689
5489,101769,0,762867,13.340333,0.000000,0.334373,,0.969537,0,316,0,72.349727
5490,101769,0,762867,13.340333,0.000000,0.026457,,0.969365,0,316,0,72.354762
5491,101769,0,762867,13.340333,0.000000,2.030525,,0.969558,0,316,0,72.359796
5492,101769,0,762867,13.340333,0.000000,5.006016,timeout,0.970293,0,317,0,72.346623
5493,101769,0,762867,13.340333,0.000000,1.036726,,0.970305,0,317,0,72.351656
5494,101769,0,762867,13.340333,0.000000,1.030024,,0.970316,0,317,0,72.356688
5495,101769,0,762867,13.340333,0.000000,0.023531,non_zero_exit,0.970144,0,317,0,72.343523
5496,101769,0,762867,13.340333,0.000000,2.027941,,0.970336,0,317,0,72.348554
5497,101769,0,762867,13.340333,0.000000,1.030376,,0.970347,0,317,0,72.353583
5498,101770,1,762867,13.340464,0.000131,1.032903,,0.970359,0,317,0,72.358611
5499,101770,0,762867,13.340464,0.000000,0.029464,,0.970188,0,317,0,72.363636
5500,101770,0,762867,13.340464,0.000000,1.730092,,0.970326,0,317,0,72.368660
5501,101770,0,762867,13.340464,0.000000,0.021235,non_zero_exit,0.970153,0,317,0,72.355507
5502,101770,0,762867,13.340464,0.000000,0.023494,non_zero_exit,0.969981,0,317,0,72.342359
5503,101770,0,762867,13.340464,0.000000,1.032083,,0.969992,0,317,0,72.347384
5504,101834,64,762867,13.348854,0.008389,0.023207,,0.969820,0,317,0,72.352407
5505,101834,0,762867,13.348854,0.000000,0.021054,non_zero_exit,0.969648,0,317,0,72.339266
5506,101834,0,762867,13.348854,0.000000,3.034662,,0.970023,0,317,0,72.344289
5507,101834,0,762867,13.348854,0.000000,0.027934,,0.969852,0,317,0,72.349310
5508,101834,0,762867,13.348854,0.000000,0.031033,,0.969682,0,317,0,72.354329
5509,101834,0,762867,13.348854,0.000000,1.039271,,0.969694,0,317,0,72.359347
5510,101834,0,762867,13.348854,0.000000,0.023382,non_zero_exit,0.969523,0,317,0,72.346217
5511,101834,0,762867,13.348854,0.000000,0.028079,,0.969352,0,317,0,72.351234
5512,101834,0,762867,13.348854,0.000000,0.022137,non_zero_exit,0.969180,0,317,0,72.338110
5513,101834,0,762867,13.348854,0.000000,0.024546,non_zero_exit,0.969009,0,317,0,72.324991
5514,101834,0,762867,13.348854,0.000000,1.029629,non_zero_exit,0.969020,0,317,0,72.311877
5515,101834,0,762867,13.348854,0.000000,1.030401,,0.969031,0,317,0,72.316896
5516,102016,182,762867,13.372711,0.023857,1.431962,,0.969115,0,317,0,72.321914
5517,102016,0,762867,13.372711,0.000000,1.035882,,0.969127,0,317,0,72.326930
5518,102016,0,762867,13.372711,0.000000,0.025447,,0.968956,0,317,0,72.331944
5519,102016,0,762867,13.372711,0.000000,3.033662,,0.969330,0,317,0,72.336957
5520,102016,0,762867,13.372711,0.000000,5.003968,timeout,0.970061,0,318,0,72.323854
5521,102016,0,762867,13.372711,0.000000,4.034200,,0.970616,0,318,0,72.328866
5522,102016,0,762867,13.372711,0.000000,0.027354,,0.970445,0,318,0,72.333877
5523,102016,0,762867,13.372711,0.000000,1.134096,,0.970474,0,318,0,72.338885
5524,102016,0,762867,13.372711,0.000000,3.029022,,0.970847,0,318,0,72.343891
5525,102016,0,762867,13.372711,0.000000,1.034462,,0.970858,0,318,0,72.348896
5526,102016,0,762867,13.372711,0.000000,2.041354,,0.971052,0,318,0,72.353899
5527,102016,0,762867,13.372711,0.000000,0.035240,,0.970883,0,318,0,72.358900
5528,102016,0,762867,13.372711,0.000000,0.038678,,0.970714,0,318,0,72.363899
5529,102016,0,762867,13.372711,0.000000,0.022606,non_zero_exit,0.970543,0,318,0,72.350814
5530,102016,0,762867,13.372711,0.000000,0.032740,,0.970373,0,318,0,72.355813
5531,102016,0,762867,13.372711,0.000000,0.026875,,0.970203,0,318,0,72.360810
5532,102016,0,762867,13.372711,0.000000,0.022730,non_zero_exit,0.970031,0,318,0,72.347732
5533,102016,0,762867,13.372711,0.000000,0.030940,,0.969862,0,318,0,72.352729
5534,102016,0,762867,13.372711,0.000000,2.026019,,0.970053,0,318,0,72.357724
5535,102016,0,762867,13.372711,0.000000,2.029887,,0.970244,0,318,0,72.362717
5536,102016,0,762867,13.372711,0.000000,3.032839,,0.970617,0,318,0,72.367708
5537,102016,0,762867,13.372711,0.000000,0.023024,non_zero_exit,0.970445,0,318,0,72.354641
5538,102016,0,762867,13.372711,0.000000,1.032335,,0.970457,0,318,0,72.359632
5539,102016,0,762867,13.372711,0.000000,0.031144,,0.970287,0,318,0,72.364621
5540,102016,0,762867,13.372711,0.000000,0.036428,,0.970119,0,318,0,72.369608
5541,102016,0,762867,13.372711,0.000000,0.031827,,0.969949,0,318,0,72.374594
5542,102016,0,762867,13.372711,0.000000,1.025994,,0.969959,0,318,0,72.379578
5543,102016,0,762867,13.372711,0.000000,1.033375,,0.969971,0,318,0,72.384560
5544,102016,0,762867,13.372711,0.000000,1.028011,,0.969981,0,318,0,72.389540
5545,102016,0,762867,13.372711,0.000000,5.008160,timeout,0.970709,0,319,0,72.376488
5546,102016,0,762867,13.372711,0.000000,0.027288,,0.970539,0,319,0,72.381467
5547,102016,0,762867,13.372711,0.000000,2.034310,,0.970731,0,319,0,72.386446
5548,102016,0,762867,13.372711,0.000000,1.027654,,0.970741,0,319,0,72.391422
5549,102016,0,762867,13.372711,0.000000,5.004424,timeout,0.971468,0,320,0,72.378378
5550,102016,0,762867,13.372711,0.000000,0.484777,,0.971380,0,320,0,72.383354
5551,102016,0,762867,13.372711,0.000000,1.027122,,0.971390,0,320,0,72.388329
5552,102016,0,762867,13.372711,0.000000,0.031525,,0.971221,0,320,0,72.393301
5553,102016,0,762867,13.372711,0.000000,0.021939,non_zero_exit,0.971050,0,320,0,72.380266
5554,102016,0,762867,13.372711,0.000000,0.028759,,0.970881,0,320,0,72.385239
5555,102016,0,762867,13.372711,0.000000,3.026747,non_zero_exit,0.971251,0,320,0,72.372210
5556,102016,0,762867,13.372711,0.000000,0.029931,,0.971081,0,320,0,72.377182
5557,102016,0,762867,13.372711,0.000000,0.020866,non_zero_exit,0.970910,0,320,0,72.364160
5558,102016,0,762867,13.372711,0.000000,1.030427,,0.970921,0,320,0,72.369131
5559,102016,0,762867,13.372711,0.000000,0.029730,,0.970752,0,320,0,72.374101
5560,102016,0,762867,13.372711,0.000000,2.033377,,0.970943,0,320,0,72.379069
5561,102016,0,762867,13.372711,0.000000,0.026808,,0.970773,0,320,0,72.384035
5562,102016,0,762867,13.372711,0.000000,1.026447,,0.970783,0,320,0,72.388999
5563,102016,0,762867,13.372711,0.000000,0.031923,,0.970614,0,320,0,72.393961
5564,102016,0,762867,13.372711,0.000000,1.031010,,0.970625,0,320,0,72.398922
5565,102016,0,762867,13.372711,0.000000,1.027006,non_zero_exit,0.970635,0,320,0,72.385914
5566,102016,0,762867,13.372711,0.000000,0.527731,,0.970556,0,320,0,72.390875
5567,102016,0,762867,13.372711,0.000000,0.024260,non_zero_exit,0.970386,0,320,0,72.377874
5568,102016,0,762867,13.372711,0.000000,4.031347,,0.970935,0,320,0,72.382834
5569,102016,0,762867,13.372711,0.000000,0.029708,,0.970766,0,320,0,72.387792
5570,102016,0,762867,13.372711,0.000000,1.027356,,0.970777,0,320,0,72.392748
5571,102016,0,762867,13.372711,0.000000,0.027303,non_zero_exit,0.970607,0,320,0,72.379756
5572,102016,0,762867,13.372711,0.000000,0.030247,,0.970439,0,320,0,72.384712
5573,102016,0,762867,13.372711,0.000000,0.040397,,0.970272,0,320,0,72.389666
5574,102016,0,762867,13.372711,0.000000,5.002588,timeout,0.970995,0,321,0,72.376682
5575,102016,0,762867,13.372711,0.000000,1.029184,,0.971005,0,321,0,72.381636
5576,102016,0,762867,13.372711,0.000000,1.029529,,0.971016,0,321,0,72.386588
5577,102016,0,762867,13.372711,0.000000,1.028267,,0.971026,0,321,0,72.391538
5578,102017,1,762867,13.372842,0.000131,0.022259,non_zero_exit,0.970856,0,321,0,72.378562
5579,102017,0,762867,13.372842,0.000000,0.031715,,0.970688,0,321,0,72.383513
5580,102017,0,762867,13.372842,0.000000,1.031971,,0.970699,0,321,0,72.388461
5581,102017,0,762867,13.372842,0.000000,2.030895,,0.970889,0,321,0,72.393407
5582,102017,0,762867,13.372842,0.000000,0.025682,,0.970719,0,321,0,72.398352
5583,102017,0,762867,13.372842,0.000000,0.029360,,0.970551,0,321,0,72.403295
5584,102017,0,762867,13.372842,0.000000,0.031805,,0.970383,0,321,0,72.408236
5585,102020,3,762867,13.373235,0.000393,1.046568,,0.970396,0,321,0,72.413176
5586,102020,0,762867,13.373235,0.000000,1.029293,non_zero_exit,0.970407,0,321,0,72.400215
5587,102020,0,762867,13.373235,0.000000,3.027826,,0.970775,0,321,0,72.405154
5588,102020,0,762867,13.373235,0.000000,1.029787,,0.970786,0,321,0,72.410091
5589,102020,0,762867,13.373235,0.000000,1.033051,,0.970797,0,321,0,72.415027
5590,102020,0,762867,13.373235,0.000000,1.030992,,0.970808,0,321,0,72.419961
5591,102020,0,762867,13.373235,0.000000,0.023104,non_zero_exit,0.970638,0,321,0,72.407010
5592,102020,0,762867,13.373235,0.000000,2.027047,,0.970827,0,321,0,72.411944
5593,102020,0,762867,13.373235,0.000000,0.034079,,0.970660,0,321,0,72.416875
5594,102020,0,762867,13.373235,0.000000,0.023283,non_zero_exit,0.970490,0,321,0,72.403932
5595,102020,0,762867,13.373235,0.000000,0.024468,non_zero_exit,0.970321,0,321,0,72.390994
5596,102020,0,762867,13.373235,0.000000,0.029767,,0.970153,0,321,0,72.395926
5597,102020,0,762867,13.373235,0.000000,3.042284,,0.970523,0,321,0,72.400857
5598,102020,0,762867,13.373235,0.000000,1.028398,,0.970534,0,321,0,72.405787
5599,102020,0,762867,13.373235,0.000000,0.026187,,0.970365,0,321,0,72.410714
5600,102020,0,762867,13.373235,0.000000,0.020978,non_zero_exit,0.970195,0,321,0,72.397786
5601,102020,0,762867,13.373235,0.000000,2.532247,non_zero_exit,0.970474,0,321,0,72.384863
5602,102020,0,762867,13.373235,0.000000,0.025188,non_zero_exit,0.970306,0,321,0,72.371944
5603,102029,9,762867,13.374415,0.001180,0.022613,non_zero_exit,0.970136,0,321,0,72.359029
5604,102029,0,762867,13.374415,0.000000,0.023849,,0.969968,0,321,0,72.363961
5605,102029,0,762867,13.374415,0.000000,0.024880,non_zero_exit,0.969799,0,321,0,72.351052
5606,102029,0,762867,13.374415,0.000000,1.028573,,0.969810,0,321,0,72.355984
5607,102029,0,762867,13.374415,0.000000,0.533668,,0.969732,0,321,0,72.360913
5608,102030,1,762867,13.374546,0.000131,0.028571,,0.969564,0,321,0,72.365841
5609,102030,0,762867,13.374546,0.000000,1.027501,,0.969574,0,321,0,72.370766
5610,102030,0,762867,13.374546,0.000000,1.030381,,0.969585,0,321,0,72.375691
5611,102030,0,762867,13.374546,0.000000,3.036640,,0.969953,0,321,0,72.380613
5612,102030,0,762867,13.374546,0.000000,0.022447,non_zero_exit,0.969785,0,321,0,72.367718
5613,102030,0,762867,13.374546,0.000000,0.021773,non_zero_exit,0.969616,0,321,0,72.354827
5614,102030,0,762867,13.374546,0.000000,0.029188,,0.969448,0,321,0,72.359751
5615,102030,0,762867,13.374546,0.000000,0.527677,,0.969370,0,321,0,72.364672
5616,102030,0,762867,13.374546,0.000000,0.031610,,0.969203,0,321,0,72.369592
5617,102030,0,762867,13.374546,0.000000,0.029944,,0.969036,0,321,0,72.374511
5618,102030,0,762867,13.374546,0.000000,0.023465,non_zero_exit,0.968867,0,321,0,72.361630
5619,102030,0,762867,13.374546,0.000000,0.021526,non_zero_exit,0.968699,0,321,0,72.348754
5620,102030,0,762867,13.374546,0.000000,1.037249,,0.968711,0,321,0,72.353674
5621,102030,0,762867,13.374546,0.000000,3.031410,,0.969078,0,321,0,72.358591
5622,102037,7,762867,13.375464,0.000918,4.153554,,0.969644,0,321,0,72.363507
5623,102037,0,762867,13.375464,0.000000,3.038742,,0.970012,0,321,0,72.368421
5624,102037,0,762867,13.375464,0.000000,0.031033,,0.969845,0,321,0,72.373333
5625,102037,0,762867,13.375464,0.000000,1.033156,,0.969856,0,321,0,72.378244
5626,102037,0,762867,13.375464,0.000000,1.029577,,0.969867,0,321,0,72.383153
5627,102037,0,762867,13.375464,0.000000,1.035579,,0.969879,0,321,0,72.388060
5628,102037,0,762867,13.375464,0.000000,0.026876,non_zero_exit,0.969711,0,321,0,72.375200
5629,102037,0,762867,13.375464,0.000000,0.021638,non_zero_exit,0.969543,0,321,0,72.362345
5630,102037,0,762867,13.375464,0.000000,2.028238,,0.969731,0,321,0,72.367253
5631,102037,0,762867,13.375464,0.000000,0.030610,,0.969564,0,321,0,72.372159
5632,102037,0,762867,13.375464,0.000000,1.036783,,0.969576,0,321,0,72.377064
5633,102037,0,762867,13.375464,0.000000,0.029346,,0.969409,0,321,0,72.381967
5634,102037,0,762867,13.375464,0.000000,0.536208,,0.969332,0,321,0,72.386868
5635,102037,0,762867,13.375464,0.000000,0.023251,non_zero_exit,0.969164,0,321,0,72.374024
5636,102037,0,762867,13.375464,0.000000,5.003389,timeout,0.969880,0,322,0,72.361185
5637,102037,0,762867,13.375464,0.000000,3.036827,,0.970247,0,322,0,72.366087
5638,102037,0,762867,13.375464,0.000000,0.030664,non_zero_exit,0.970080,0,322,0,72.353254
5639,102037,0,762867,13.375464,0.000000,1.029413,,0.970090,0,322,0,72.358156
5640,102037,0,762867,13.375464,0.000000,5.003700,timeout,0.970805,0,323,0,72.345329
5641,102037,0,762867,13.375464,0.000000,0.033995,,0.970639,0,323,0,72.350230
5642,102037,0,762867,13.375464,0.000000,0.127846,,0.970490,0,323,0,72.355130
5643,102037,0,762867,13.375464,0.000000,2.028560,non_zero_exit,0.970678,0,323,0,72.342310
5644,102037,0,762867,13.375464,0.000000,0.023075,non_zero_exit,0.970510,0,323,0,72.329495
5645,102037,0,762867,13.375464,0.000000,0.022377,non_zero_exit,0.970342,0,323,0,72.316684
5646,102039,2,762867,13.375726,0.000262,0.021754,non_zero_exit,0.970174,0,323,0,72.303878
5647,102039,0,762867,13.375726,0.000000,1.028448,,0.970184,0,323,0,72.308782
5648,102039,0,762867,13.375726,0.000000,0.023385,non_zero_exit,0.970017,0,323,0,72.295982
5649,102039,0,762867,13.375726,0.000000,0.028697,,0.969850,0,323,0,72.300885
5650,102039,0,762867,13.375726,0.000000,1.028015,,0.969860,0,323,0,72.305787
5651,102039,0,762867,13.375726,0.000000,0.038774,,0.969695,0,323,0,72.310686
5652,102039,0,762867,13.375726,0.000000,1.027524,,0.969706,0,323,0,72.315585
5653,102039,0,762867,13.375726,0.000000,0.035218,,0.969540,0,323,0,72.320481
5654,102039,0,762867,13.375726,0.000000,1.027892,,0.969551,0,323,0,72.325376
5655,102039,0,762867,13.375726,0.000000,0.034881,,0.969385,0,323,0,72.330269
5656,102039,0,762867,13.375726,0.000000,0.023401,non_zero_exit,0.969218,0,323,0,72.317483
5657,102039,0,762867,13.375726,0.000000,1.045408,,0.969232,0,323,0,72.322375
5658,102039,0,762867,13.375726,0.000000,0.031467,,0.969066,0,323,0,72.327266
5659,102039,0,762867,13.375726,0.000000,0.029107,,0.968900,0,323,0,72.332155
5660,102039,0,762867,13.375726,0.000000,0.027164,non_zero_exit,0.968734,0,323,0,72.319378
5661,102039,0,762867,13.375726,0.000000,3.864902,,0.969245,0,323,0,72.324267
5662,102039,0,762867,13.375726,0.000000,0.022820,non_zero_exit,0.969078,0,323,0,72.311496
5663,102039,0,762867,13.375726,0.000000,0.030037,,0.968912,0,323,0,72.316384
5664,102040,1,762867,13.375857,0.000131,0.018739,non_zero_exit,0.968744,0,323,0,72.303619
5665,102040,0,762867,13.375857,0.000000,5.004161,timeout,0.969457,0,324,0,72.290858
5666,102040,0,762867,13.375857,0.000000,0.025847,non_zero_exit,0.969290,0,324,0,72.278101
5667,102040,0,762867,13.375857,0.000000,1.030032,,0.969301,0,324,0,72.282992
5668,102040,0,762867,13.375857,0.000000,0.022384,non_zero_exit,0.969134,0,324,0,72.270242
5669,102040,0,762867,13.375857,0.000000,1.031895,,0.969145,0,324,0,72.275132
5670,102040,0,762867,13.375857,0.000000,2.030189,,0.969332,0,324,0,72.280021
5671,102040,0,762867,13.375857,0.000000,2.034086,,0.969520,0,324,0,72.284908
5672,102040,0,762867,13.375857,0.000000,3.919528,,0.970040,0,324,0,72.289794
5673,102040,0,762867,13.375857,0.000000,0.028637,,0.969874,0,324,0,72.294677
5674,102040,0,762867,13.375857,0.000000,0.022768,non_zero_exit,0.969707,0,324,0,72.281938
5675,102040,0,762867,13.375857,0.000000,2.536695,,0.969983,0,324,0,72.286822
5676,102040,0,762867,13.375857,0.000000,0.027576,,0.969817,0,324,0,72.291703
5677,102043,3,762867,13.376250,0.000393,1.031084,,0.969828,0,324,0,72.296583
5678,102043,0,762867,13.376250,0.000000,0.023536,,0.969661,0,324,0,72.301462
5679,102043,0,762867,13.376250,0.000000,0.022347,non_zero_exit,0.969494,0,324,0,72.288732
5680,102043,0,762867,13.376250,0.000000,0.032258,,0.969329,0,324,0,72.293610
5681,102043,0,762867,13.376250,0.000000,1.529920,,0.969428,0,324,0,72.298486
5682,102043,0,762867,13.376250,0.000000,5.006196,timeout,0.970138,0,325,0,72.285765
5683,102043,0,762867,13.376250,0.000000,5.003951,timeout,0.970848,0,326,0,72.273047
5684,102043,0,762867,13.376250,0.000000,0.022089,non_zero_exit,0.970681,0,326,0,72.260334
5685,102043,0,762867,13.376250,0.000000,0.028899,,0.970516,0,326,0,72.265213
5686,102043,0,762867,13.376250,0.000000,0.028255,,0.970350,0,326,0,72.270090
5687,102043,0,762867,13.376250,0.000000,1.032438,,0.970361,0,326,0,72.274965
5688,102043,0,762867,13.376250,0.000000,2.040248,,0.970549,0,326,0,72.279838
5689,102043,0,762867,13.376250,0.000000,1.029761,,0.970559,0,326,0,72.284710
5690,102043,0,762867,13.376250,0.000000,1.027040,,0.970569,0,326,0,72.289580
5691,102043,0,762867,13.376250,0.000000,3.033338,,0.970932,0,326,0,72.294448
5692,102043,0,762867,13.376250,0.000000,2.533693,,0.971206,0,326,0,72.299315
5693,102043,0,762867,13.376250,0.000000,3.043624,,0.971570,0,326,0,72.304180
5694,102043,0,762867,13.376250,0.000000,0.025709,non_zero_exit,0.971404,0,326,0,72.291484
5695,102043,0,762867,13.376250,0.000000,0.032913,,0.971239,0,326,0,72.296348
5696,102043,0,762867,13.376250,0.000000,0.534828,,0.971163,0,326,0,72.301211
5697,102043,0,762867,13.376250,0.000000,0.023425,non_zero_exit,0.970996,0,326,0,72.288522
5698,102043,0,762867,13.376250,0.000000,0.030621,,0.970831,0,326,0,72.293385
5699,102043,0,762867,13.376250,0.000000,0.433678,,0.970737,0,326,0,72.298246
5700,102043,0,762867,13.376250,0.000000,5.003365,timeout,0.971444,0,327,0,72.285564
5701,102043,0,762867,13.376250,0.000000,0.032223,,0.971280,0,327,0,72.290424
5702,102043,0,762867,13.376250,0.000000,0.334614,,0.971168,0,327,0,72.295283
5703,102043,0,762867,13.376250,0.000000,0.132377,,0.971021,0,327,0,72.300140
5704,102043,0,762867,13.376250,0.000000,5.004150,timeout,0.971728,0,328,0,72.287467
5705,102043,0,762867,13.376250,0.000000,1.035973,,0.971739,0,328,0,72.292324
5706,102043,0,762867,13.376250,0.000000,0.025143,,0.971573,0,328,0,72.297179
5707,102043,0,762867,13.376250,0.000000,1.028508,,0.971583,0,328,0,72.302032
5708,102043,0,762867,13.376250,0.000000,0.032234,,0.971419,0,328,0,72.306884
5709,102043,0,762867,13.376250,0.000000,0.030029,,0.971254,0,328,0,72.311734
5710,102043,0,762867,13.376250,0.000000,1.172224,,0.971289,0,328,0,72.316582
5711,102043,0,762867,13.376250,0.000000,0.029977,,0.971124,0,328,0,72.321429
5712,102043,0,762867,13.376250,0.000000,1.031971,,0.971135,0,328,0,72.326273
5713,102043,0,762867,13.376250,0.000000,1.032283,,0.971146,0,328,0,72.331117
5714,102043,0,762867,13.376250,0.000000,0.029598,,0.970981,0,328,0,72.335958
5715,102043,0,762867,13.376250,0.000000,0.030675,,0.970816,0,328,0,72.340798
5716,102043,0,762867,13.376250,0.000000,0.032480,,0.970652,0,328,0,72.345636
5717,102043,0,762867,13.376250,0.000000,3.028126,,0.971012,0,328,0,72.350472
5718,102043,0,762867,13.376250,0.000000,1.028626,,0.971022,0,328,0,72.355307
5719,102048,5,762867,13.376906,0.000655,0.028595,non_zero_exit,0.970857,0,328,0,72.342657
5720,102048,0,762867,13.376906,0.000000,0.535949,,0.970781,0,328,0,72.347492
5721,102048,0,762867,13.376906,0.000000,3.529151,non_zero_exit,0.971228,0,328,0,72.334848
5722,102048,0,762867,13.376906,0.000000,1.029647,,0.971239,0,328,0,72.339682
5723,102048,0,762867,13.376906,0.000000,0.032003,,0.971075,0,328,0,72.344514
5724,102048,0,762867,13.376906,0.000000,1.035196,,0.971086,0,328,0,72.349345
5725,102048,0,762867,13.376906,0.000000,0.022440,non_zero_exit,0.970920,0,328,0,72.336710
5726,102049,1,762867,13.377037,0.000131,0.023188,non_zero_exit,0.970755,0,328,0,72.324079
5727,102049,0,762867,13.377037,0.000000,2.527792,,0.971026,0,328,0,72.328911
5728,102049,0,762867,13.377037,0.000000,0.030473,,0.970862,0,328,0,72.333741
5729,102049,0,762867,13.377037,0.000000,5.003785,timeout,0.971566,0,329,0,72.321117
5730,102049,0,762867,13.377037,0.000000,1.037824,,0.971578,0,329,0,72.325947
5731,102049,0,762867,13.377037,0.000000,1.031273,,0.971588,0,329,0,72.330775
5732,102049,0,762867,13.377037,0.000000,0.023319,non_zero_exit,0.971423,0,329,0,72.318158
5733,102049,0,762867,13.377037,0.000000,3.033684,,0.971782,0,329,0,72.322986
5734,102052,3,762867,13.377430,0.000393,2.038685,,0.971968,0,329,0,72.327812
5735,102052,0,762867,13.377430,0.000000,1.029357,,0.971978,0,329,0,72.332636
5736,102053,1,762867,13.377561,0.000131,0.021602,non_zero_exit,0.971813,0,329,0,72.320028
5737,102053,0,762867,13.377561,0.000000,0.224960,,0.971683,0,329,0,72.324852
5738,102053,0,762867,13.377561,0.000000,2.525956,,0.971953,0,329,0,72.329674
5739,102053,0,762867,13.377561,0.000000,0.017667,non_zero_exit,0.971787,0,329,0,72.317073
5740,102053,0,762867,13.377561,0.000000,1.028288,,0.971797,0,329,0,72.321895
5741,102053,0,762867,13.377561,0.000000,0.033084,,0.971633,0,329,0,72.326715
5742,102053,0,762867,13.377561,0.000000,3.041137,,0.971994,0,329,0,72.331534
5743,102053,0,762867,13.377561,0.000000,5.003934,timeout,0.972696,0,330,0,72.318942
5744,102053,0,762867,13.377561,0.000000,3.029594,,0.973054,0,330,0,72.323760
5745,102053,0,762867,13.377561,0.000000,1.029615,,0.973064,0,330,0,72.328576
5746,102053,0,762867,13.377561,0.000000,1.028845,,0.973073,0,330,0,72.333391
5747,102053,0,762867,13.377561,0.000000,1.026815,,0.973083,0,330,0,72.338205
5748,102101,48,762867,13.383853,0.006292,1.026952,,0.973092,0,330,0,72.343016
5749,102101,0,762867,13.383853,0.000000,0.027541,,0.972928,0,330,0,72.347826
5750,102101,0,762867,13.383853,0.000000,0.039721,,0.972765,0,330,0,72.352634
5751,102101,0,762867,13.383853,0.000000,0.031903,,0.972602,0,330,0,72.357441
5752,102101,0,762867,13.383853,0.000000,0.020963,non_zero_exit,0.972436,0,330,0,72.344864
5753,102101,0,762867,13.383853,0.000000,1.036619,,0.972448,0,330,0,72.349670
5754,102101,0,762867,13.383853,0.000000,0.132120,,0.972302,0,330,0,72.354474
5755,102101,0,762867,13.383853,0.000000,0.029530,,0.972138,0,330,0,72.359277
5756,102101,0,762867,13.383853,0.000000,0.031445,,0.971974,0,330,0,72.364079
5757,102101,0,762867,13.383853,0.000000,1.028438,,0.971984,0,330,0,72.368878
5758,102101,0,762867,13.383853,0.000000,5.007234,timeout,0.972685,0,331,0,72.356312
5759,102101,0,762867,13.383853,0.000000,0.028538,,0.972521,0,331,0,72.361111
5760,102101,0,762867,13.383853,0.000000,1.026861,,0.972530,0,331,0,72.365909
5761,102101,0,762867,13.383853,0.000000,1.032299,,0.972541,0,331,0,72.370705
5762,102101,0,762867,13.383853,0.000000,1.030451,,0.972551,0,331,0,72.375499
5763,102102,1,762867,13.383984,0.000131,0.024497,,0.972386,0,331,0,72.380291
5764,102102,0,762867,13.383984,0.000000,3.034436,,0.972744,0,331,0,72.385082
5765,102102,0,762867,13.383984,0.000000,5.003831,timeout,0.973443,0,332,0,72.372529
5766,102102,0,762867,13.383984,0.000000,0.021352,non_zero_exit,0.973278,0,332,0,72.359979
5767,102102,0,762867,13.383984,0.000000,2.032066,,0.973462,0,332,0,72.364771
5768,102102,0,762867,13.383984,0.000000,0.029781,,0.973298,0,332,0,72.369561
5769,102102,0,762867,13.383984,0.000000,0.539402,,0.973223,0,332,0,72.374350
5770,102102,0,762867,13.383984,0.000000,1.027028,,0.973232,0,332,0,72.379137
5771,102103,1,762867,13.384115,0.000131,0.834224,,0.973208,0,332,0,72.383922
5772,102103,0,762867,13.384115,0.000000,0.032316,,0.973045,0,332,0,72.388706
5773,102103,0,762867,13.384115,0.000000,0.020236,non_zero_exit,0.972880,0,332,0,72.376169
5774,102103,0,762867,13.384115,0.000000,0.023074,non_zero_exit,0.972716,0,332,0,72.363636
5775,102103,0,762867,13.384115,0.000000,1.036683,non_zero_exit,0.972727,0,332,0,72.351108
5776,102103,0,762867,13.384115,0.000000,1.028727,,0.972736,0,332,0,72.355894
5777,102118,15,762867,13.386082,0.001966,2.032850,,0.972920,0,332,0,72.360678
5778,102118,0,762867,13.386082,0.000000,1.364082,,0.972987,0,332,0,72.365461
5779,102118,0,762867,13.386082,0.000000,0.021736,non_zero_exit,0.972823,0,332,0,72.352941
5780,102118,0,762867,13.386082,0.000000,3.031152,,0.973179,0,332,0,72.357724
5781,102118,0,762867,13.386082,0.000000,0.022036,non_zero_exit,0.973014,0,332,0,72.345209
5782,102118,0,762867,13.386082,0.000000,0.945796,,0.973010,0,332,0,72.349991
5783,102118,0,762867,13.386082,0.000000,0.031441,,0.972847,0,332,0,72.354772
5784,102118,0,762867,13.386082,0.000000,1.034227,,0.972858,0,332,0,72.359551
5785,102118,0,762867,13.386082,0.000000,2.034276,,0.973041,0,332,0,72.364328
5786,102118,0,762867,13.386082,0.000000,0.031640,,0.972878,0,332,0,72.369103
5787,102118,0,762867,13.386082,0.000000,0.025185,non_zero_exit,0.972715,0,332,0,72.356600
5788,102118,0,762867,13.386082,0.000000,1.028935,,0.972724,0,332,0,72.361375
5789,102118,0,762867,13.386082,0.000000,5.004390,timeout,0.973421,0,333,0,72.348877
5790,102118,0,762867,13.386082,0.000000,1.029082,,0.973430,0,333,0,72.353652
5791,102118,0,762867,13.386082,0.000000,1.027076,,0.973439,0,333,0,72.358425
5792,102118,0,762867,13.386082,0.000000,3.541059,,0.973883,0,333,0,72.363197
5793,102118,0,762867,13.386082,0.000000,0.021512,non_zero_exit,0.973718,0,333,0,72.350708
5794,102118,0,762867,13.386082,0.000000,0.032722,,0.973556,0,333,0,72.355479
5795,102118,0,762867,13.386082,0.000000,3.029994,,0.973911,0,333,0,72.360248
5796,102118,0,762867,13.386082,0.000000,0.029105,,0.973748,0,333,0,72.365016
5797,102118,0,762867,13.386082,0.000000,1.030761,,0.973758,0,333,0,72.369783
5798,102118,0,762867,13.386082,0.000000,1.026801,,0.973767,0,333,0,72.374547
5799,102118,0,762867,13.386082,0.000000,0.024586,non_zero_exit,0.973603,0,333,0,72.362069
5800,102118,0,762867,13.386082,0.000000,3.030673,,0.973958,0,333,0,72.366833
5801,102118,0,762867,13.386082,0.000000,1.029465,,0.973967,0,333,0,72.371596
5802,102118,0,762867,13.386082,0.000000,5.004412,timeout,0.974662,0,334,0,72.359125
5803,102118,0,762867,13.386082,0.000000,0.022575,non_zero_exit,0.974498,0,334,0,72.346657
5804,102118,0,762867,13.386082,0.000000,0.030496,,0.974335,0,334,0,72.351421
5805,102118,0,762867,13.386082,0.000000,1.023848,,0.974344,0,334,0,72.356183
5806,102118,0,762867,13.386082,0.000000,1.028763,,0.974353,0,334,0,72.360944
5807,102118,0,762867,13.386082,0.000000,1.528816,,0.974449,0,334,0,72.365702
5808,102118,0,762867,13.386082,0.000000,1.031585,,0.974458,0,334,0,72.370460
5809,102118,0,762867,13.386082,0.000000,1.531723,,0.974554,0,334,0,72.375215
5810,102118,0,762867,13.386082,0.000000,1.028088,,0.974564,0,334,0,72.379969
5811,102118,0,762867,13.386082,0.000000,1.026631,,0.974572,0,334,0,72.384721
5812,102118,0,762867,13.386082,0.000000,5.004107,timeout,0.975266,0,335,0,72.372269
5813,102118,0,762867,13.386082,0.000000,2.538471,,0.975535,0,335,0,72.377021
5814,102118,0,762867,13.386082,0.000000,0.021058,non_zero_exit,0.975370,0,335,0,72.364574
5815,102118,0,762867,13.386082,0.000000,0.023587,non_zero_exit,0.975207,0,335,0,72.352132
5816,102118,0,762867,13.386082,0.000000,3.033715,,0.975561,0,335,0,72.356885
5817,102118,0,762867,13.386082,0.000000,0.032909,,0.975399,0,335,0,72.361636
5818,102144,26,762867,13.389490,0.003408,3.038447,,0.975753,0,335,0,72.366386
5819,102144,0,762867,13.389490,0.000000,1.027084,,0.975762,0,335,0,72.371134
5820,102144,0,762867,13.389490,0.000000,0.029494,,0.975599,0,335,0,72.375880
5821,102144,0,762867,13.389490,0.000000,1.033379,,0.975609,0,335,0,72.380625
5822,102144,0,762867,13.389490,0.000000,0.021230,non_zero_exit,0.975445,0,335,0,72.368195
5823,102144,0,762867,13.389490,0.000000,0.026351,,0.975282,0,335,0,72.372940
5824,102144,0,762867,13.389490,0.000000,0.739497,,0.975242,0,335,0,72.377682
5825,102144,0,762867,13.389490,0.000000,0.029799,,0.975080,0,335,0,72.382424
5826,102144,0,762867,13.389490,0.000000,0.031719,,0.974918,0,335,0,72.387163
5827,102144,0,762867,13.389490,0.000000,0.020964,non_zero_exit,0.974754,0,335,0,72.374743
5828,102146,2,762867,13.389752,0.000262,0.032459,,0.974592,0,335,0,72.379482
5829,102146,0,762867,13.389752,0.000000,5.004182,timeout,0.975284,0,336,0,72.367067
5830,102146,0,762867,13.389752,0.000000,0.031260,,0.975122,0,336,0,72.371806
5831,102150,4,762867,13.390276,0.000524,0.020759,non_zero_exit,0.974958,0,336,0,72.359396
5832,102152,2,762867,13.390539,0.000262,0.029137,,0.974796,0,336,0,72.364135
5833,102152,0,762867,13.390539,0.000000,0.025294,non_zero_exit,0.974633,0,336,0,72.351731
5834,102152,0,762867,13.390539,0.000000,0.034954,,0.974472,0,336,0,72.356470
5835,102152,0,762867,13.390539,0.000000,1.028909,,0.974481,0,336,0,72.361206
5836,102152,0,762867,13.390539,0.000000,1.031934,,0.974491,0,336,0,72.365941
5837,102152,0,762867,13.390539,0.000000,0.023304,non_zero_exit,0.974328,0,336,0,72.353546
5838,102152,0,762867,13.390539,0.000000,0.023346,non_zero_exit,0.974166,0,336,0,72.341154
5839,102152,0,762867,13.390539,0.000000,1.026500,,0.974174,0,336,0,72.345890
5840,102152,0,762867,13.390539,0.000000,0.022880,non_zero_exit,0.974012,0,336,0,72.333505
5841,102152,0,762867,13.390539,0.000000,0.535315,,0.973937,0,336,0,72.338240
5842,102152,0,762867,13.390539,0.000000,0.030878,,0.973775,0,336,0,72.342974
5843,102152,0,762867,13.390539,0.000000,3.035395,,0.974128,0,336,0,72.347707
5844,102152,0,762867,13.390539,0.000000,0.022923,non_zero_exit,0.973965,0,336,0,72.335329
5845,102152,0,762867,13.390539,0.000000,0.021314,non_zero_exit,0.973802,0,336,0,72.322956
5846,102152,0,762867,13.390539,0.000000,0.025426,,0.973640,0,336,0,72.327689
5847,102152,0,762867,13.390539,0.000000,1.038409,,0.973651,0,336,0,72.332421
5848,102152,0,762867,13.390539,0.000000,1.036203,,0.973662,0,336,0,72.337152
5849,102152,0,762867,13.390539,0.000000,0.024423,non_zero_exit,0.973500,0,336,0,72.324786
5850,102152,0,762867,13.390539,0.000000,0.057378,,0.973343,0,336,0,72.329516
5851,102152,0,762867,13.390539,0.000000,0.027939,,0.973181,0,336,0,72.334245
5852,102152,0,762867,13.390539,0.000000,1.030205,non_zero_exit,0.973191,0,336,0,72.321886
5853,102152,0,762867,13.390539,0.000000,0.021674,non_zero_exit,0.973029,0,336,0,72.309532
5854,102152,0,762867,13.390539,0.000000,0.030859,,0.972868,0,336,0,72.314261
5855,102152,0,762867,13.390539,0.000000,5.004949,timeout,0.973556,0,337,0,72.301913
5856,102152,0,762867,13.390539,0.000000,1.542316,,0.973653,0,337,0,72.306642
5857,102152,0,762867,13.390539,0.000000,0.021837,non_zero_exit,0.973491,0,337,0,72.294298
5858,102152,0,762867,13.390539,0.000000,1.031834,,0.973501,0,337,0,72.299027
5859,102152,0,762867,13.390539,0.000000,1.027023,,0.973510,0,337,0,72.303754
5860,102155,3,762867,13.390932,0.000393,1.047102,,0.973522,0,337,0,72.308480
5861,102155,0,762867,13.390932,0.000000,0.020365,non_zero_exit,0.973360,0,337,0,72.296145
5862,102155,0,762867,13.390932,0.000000,0.023297,non_zero_exit,0.973198,0,337,0,72.283814
5863,102156,1,762867,13.391063,0.000131,0.021208,non_zero_exit,0.973035,0,337,0,72.271487
5864,102156,0,762867,13.391063,0.000000,0.024355,non_zero_exit,0.972874,0,337,0,72.259165
5865,102156,0,762867,13.391063,0.000000,1.033679,,0.972884,0,337,0,72.263894
5866,102156,0,762867,13.391063,0.000000,2.031221,,0.973064,0,337,0,72.268621
5867,102156,0,762867,13.391063,0.000000,0.022943,non_zero_exit,0.972903,0,337,0,72.256305
5868,102156,0,762867,13.391063,0.000000,0.022698,non_zero_exit,0.972741,0,337,0,72.243994
5869,102156,0,762867,13.391063,0.000000,0.032371,,0.972580,0,337,0,72.248722
5870,102156,0,762867,13.391063,0.000000,0.022843,non_zero_exit,0.972419,0,337,0,72.236416
5871,102156,0,762867,13.391063,0.000000,1.035506,,0.972429,0,337,0,72.241144
5872,102156,0,762867,13.391063,0.000000,0.028964,,0.972269,0,337,0,72.245871
5873,102167,11,762867,13.392505,0.001442,5.077844,timeout,0.972968,0,338,0,72.233572
5874,102167,0,762867,13.392505,0.000000,0.022896,non_zero_exit,0.972806,0,338,0,72.221277
5875,102167,0,762867,13.392505,0.000000,0.025815,,0.972645,0,338,0,72.226004
5876,102167,0,762867,13.392505,0.000000,0.022082,non_zero_exit,0.972483,0,338,0,72.213714
5877,102167,0,762867,13.392505,0.000000,0.935874,,0.972477,0,338,0,72.218442
5878,102167,0,762867,13.392505,0.000000,1.029931,,0.972487,0,338,0,72.223167
5879,102167,0,762867,13.392505,0.000000,1.028715,,0.972496,0,338,0,72.227891
5880,102167,0,762867,13.392505,0.000000,1.025559,,0.972505,0,338,0,72.232614
5881,102167,0,762867,13.392505,0.000000,1.030192,,0.972515,0,338,0,72.237334
5882,102167,0,762867,13.392505,0.000000,0.026864,,0.972354,0,338,0,72.242053
5883,102167,0,762867,13.392505,0.000000,0.023624,,0.972193,0,338,0,72.246771
5884,102167,0,762867,13.392505,0.000000,1.037873,,0.972204,0,338,0,72.251487
5885,102179,12,762867,13.394078,0.001573,0.131779,,0.972061,0,338,0,72.256201
5886,102182,3,762867,13.394471,0.000393,5.004694,timeout,0.972746,0,339,0,72.243927
5887,102182,0,762867,13.394471,0.000000,0.025551,non_zero_exit,0.972586,0,339,0,72.231658
5888,102182,0,762867,13.394471,0.000000,0.030701,,0.972426,0,339,0,72.236373
5889,102182,0,762867,13.394471,0.000000,0.023014,non_zero_exit,0.972264,0,339,0,72.224109
5890,102182,0,762867,13.394471,0.000000,1.028371,non_zero_exit,0.972274,0,339,0,72.211849
5891,102182,0,762867,13.394471,0.000000,0.030053,,0.972114,0,339,0,72.216565
5892,102182,0,762867,13.394471,0.000000,0.022475,non_zero_exit,0.971953,0,339,0,72.204310
5893,102182,0,762867,13.394471,0.000000,0.025276,,0.971792,0,339,0,72.209026
5894,102182,0,762867,13.394471,0.000000,0.030216,,0.971633,0,339,0,72.213740
5895,102182,0,762867,13.394471,0.000000,0.028704,,0.971473,0,339,0,72.218453
5896,102182,0,762867,13.394471,0.000000,0.023302,non_zero_exit,0.971312,0,339,0,72.206207
5897,102182,0,762867,13.394471,0.000000,0.030524,,0.971152,0,339,0,72.210919
5898,102182,0,762867,13.394471,0.000000,0.020942,non_zero_exit,0.970991,0,339,0,72.198678
5899,102182,0,762867,13.394471,0.000000,3.035535,,0.971341,0,339,0,72.203390
5900,102182,0,762867,13.394471,0.000000,0.034197,,0.971182,0,339,0,72.208100
5901,102182,0,762867,13.394471,0.000000,0.033720,,0.971024,0,339,0,72.212809
5902,102199,17,762867,13.396700,0.002228,0.028999,,0.970864,0,339,0,72.217517
5903,102200,1,762867,13.396831,0.000131,0.017572,non_zero_exit,0.970703,0,339,0,72.205285
5904,102200,0,762867,13.396831,0.000000,0.038450,,0.970545,0,339,0,72.209992
5905,102200,0,762867,13.396831,0.000000,0.031215,,0.970386,0,339,0,72.214697
5906,102200,0,762867,13.396831,0.000000,1.034415,,0.970396,0,339,0,72.219401
5907,102200,0,762867,13.396831,0.000000,2.027060,,0.970575,0,339,0,72.224103
5908,102200,0,762867,13.396831,0.000000,0.023314,non_zero_exit,0.970415,0,339,0,72.211880
5909,102200,0,762867,13.396831,0.000000,0.041250,non_zero_exit,0.970258,0,339,0,72.199662
5910,102200,0,762867,13.396831,0.000000,5.004229,timeout,0.970940,0,340,0,72.187447
5911,102200,0,762867,13.396831,0.000000,0.022867,non_zero_exit,0.970780,0,340,0,72.175237
5912,102200,0,762867,13.396831,0.000000,1.036800,,0.970791,0,340,0,72.179942
5913,102200,0,762867,13.396831,0.000000,3.030843,,0.971139,0,340,0,72.184647
5914,102200,0,762867,13.396831,0.000000,0.031002,,0.970980,0,340,0,72.189349
5915,102200,0,762867,13.396831,0.000000,2.031168,,0.971160,0,340,0,72.194050
5916,102200,0,762867,13.396831,0.000000,0.022333,non_zero_exit,0.970999,0,340,0,72.181849
5917,102200,0,762867,13.396831,0.000000,1.441927,,0.971079,0,340,0,72.186550
5918,102200,0,762867,13.396831,0.000000,0.026906,non_zero_exit,0.970919,0,340,0,72.174354
5919,102200,0,762867,13.396831,0.000000,0.021250,non_zero_exit,0.970759,0,340,0,72.162162
5920,102200,0,762867,13.396831,0.000000,2.029846,,0.970938,0,340,0,72.166864
5921,102200,0,762867,13.396831,0.000000,3.036061,,0.971286,0,340,0,72.171564
5922,102201,1,762867,13.396962,0.000131,1.033282,,0.971297,0,340,0,72.176262
5923,102201,0,762867,13.396962,0.000000,2.035665,,0.971477,0,340,0,72.180959
5924,102202,1,762867,13.397093,0.000131,0.030254,,0.971318,0,340,0,72.185654
5925,102202,0,762867,13.397093,0.000000,1.043577,,0.971330,0,340,0,72.190348
5926,102202,0,762867,13.397093,0.000000,1.032089,,0.971340,0,340,0,72.195040
5927,102202,0,762867,13.397093,0.000000,1.040754,,0.971352,0,340,0,72.199730
5928,102202,0,762867,13.397093,0.000000,0.028893,,0.971193,0,340,0,72.204419
5929,102202,0,762867,13.397093,0.000000,3.031785,,0.971540,0,340,0,72.209106
5930,102202,0,762867,13.397093,0.000000,3.027050,,0.971887,0,340,0,72.213792
5931,102202,0,762867,13.397093,0.000000,0.029563,,0.971728,0,340,0,72.218476
5932,102202,0,762867,13.397093,0.000000,1.528889,non_zero_exit,0.971822,0,340,0,72.206304
5933,102202,0,762867,13.397093,0.000000,3.037840,,0.972170,0,340,0,72.210988
5934,102202,0,762867,13.397093,0.000000,1.029581,,0.972180,0,340,0,72.215670
5935,102202,0,762867,13.397093,0.000000,1.029730,,0.972190,0,340,0,72.220350
5936,102204,2,762867,13.397355,0.000262,1.027294,,0.972199,0,340,0,72.225029
5937,102204,0,762867,13.397355,0.000000,0.032823,,0.972041,0,340,0,72.229707
5938,102204,0,762867,13.397355,0.000000,0.021675,non_zero_exit,0.971881,0,340,0,72.217545
5939,102204,0,762867,13.397355,0.000000,0.023275,non_zero_exit,0.971721,0,340,0,72.205387
5940,102204,0,762867,13.397355,0.000000,0.329782,,0.971613,0,340,0,72.210066
5941,102204,0,762867,13.397355,0.000000,4.030952,,0.972128,0,340,0,72.214743
5942,102204,0,762867,13.397355,0.000000,1.028889,,0.972137,0,340,0,72.219418
5943,102205,1,762867,13.397486,0.000131,0.021789,non_zero_exit,0.971977,0,340,0,72.207268
5944,102205,0,762867,13.397486,0.000000,0.023742,non_zero_exit,0.971818,0,340,0,72.195122
5945,102205,0,762867,13.397486,0.000000,0.022750,non_zero_exit,0.971658,0,340,0,72.182980
5946,102205,0,762867,13.397486,0.000000,0.030933,,0.971500,0,340,0,72.187658
5947,102207,2,762867,13.397748,0.000262,5.008179,timeout,0.972179,0,341,0,72.175521
5948,102207,0,762867,13.397748,0.000000,1.029257,,0.972188,0,341,0,72.180198
5949,102207,0,762867,13.397748,0.000000,1.028498,,0.972198,0,341,0,72.184874
5950,102207,0,762867,13.397748,0.000000,3.042840,,0.972546,0,341,0,72.189548
5951,102207,0,762867,13.397748,0.000000,2.068063,,0.972730,0,341,0,72.194220
5952,102207,0,762867,13.397748,0.000000,1.029535,,0.972739,0,341,0,72.198891
5953,102207,0,762867,13.397748,0.000000,3.030755,,0.973085,0,341,0,72.203561
5954,102207,0,762867,13.397748,0.000000,0.028550,,0.972926,0,341,0,72.208228
5955,102207,0,762867,13.397748,0.000000,1.033483,,0.972937,0,341,0,72.212895
5956,102207,0,762867,13.397748,0.000000,0.021274,non_zero_exit,0.972777,0,341,0,72.200772
5957,102207,0,762867,13.397748,0.000000,5.007751,timeout,0.973454,0,342,0,72.188654
5958,102207,0,762867,13.397748,0.000000,1.029783,,0.973464,0,342,0,72.193321
5959,102207,0,762867,13.397748,0.000000,0.031124,,0.973305,0,342,0,72.197987
5960,102207,0,762867,13.397748,0.000000,5.004859,timeout,0.973982,0,343,0,72.185875
5961,102207,0,762867,13.397748,0.000000,1.529142,,0.974075,0,343,0,72.190540
5962,102207,0,762867,13.397748,0.000000,1.031363,,0.974085,0,343,0,72.195204
5963,102207,0,762867,13.397748,0.000000,0.020969,non_zero_exit,0.973925,0,343,0,72.183099
5964,102207,0,762867,13.397748,0.000000,0.026058,non_zero_exit,0.973766,0,343,0,72.170997
5965,102207,0,762867,13.397748,0.000000,0.019355,non_zero_exit,0.973606,0,343,0,72.158900
5966,102207,0,762867,13.397748,0.000000,1.033171,,0.973616,0,343,0,72.163566
5967,102207,0,762867,13.397748,0.000000,0.132726,,0.973475,0,343,0,72.168231
5968,102207,0,762867,13.397748,0.000000,0.030024,,0.973317,0,343,0,72.172893
5969,102207,0,762867,13.397748,0.000000,0.045962,,0.973161,0,343,0,72.177554
5970,102207,0,762867,13.397748,0.000000,0.035728,,0.973005,0,343,0,72.182214
5971,102209,2,762867,13.398010,0.000262,0.027625,,0.972846,0,343,0,72.186872
5972,102209,0,762867,13.398010,0.000000,1.035903,,0.972857,0,343,0,72.191529
5973,102209,0,762867,13.398010,0.000000,0.031228,,0.972699,0,343,0,72.196183
5974,102209,0,762867,13.398010,0.000000,0.033252,,0.972542,0,343,0,72.200837
5975,102209,0,762867,13.398010,0.000000,0.030771,,0.972384,0,343,0,72.205489
5976,102209,0,762867,13.398010,0.000000,0.028171,,0.972226,0,343,0,72.210139
5977,102209,0,762867,13.398010,0.000000,0.037536,,0.972070,0,343,0,72.214788
5978,102209,0,762867,13.398010,0.000000,1.031821,,0.972080,0,343,0,72.219435
5979,102215,6,762867,13.398797,0.000787,0.021340,non_zero_exit,0.971921,0,343,0,72.207358
5980,102215,0,762867,13.398797,0.000000,0.039224,,0.971765,0,343,0,72.212005
5981,102228,13,762867,13.400501,0.001704,5.021915,timeout,0.972442,0,344,0,72.199933
5982,102228,0,762867,13.400501,0.000000,1.031362,,0.972452,0,344,0,72.204580
5983,102230,2,762867,13.400763,0.000262,3.036215,,0.972797,0,344,0,72.209225
5984,102231,1,762867,13.400894,0.000131,1.028572,,0.972806,0,344,0,72.213868
5985,102231,0,762867,13.400894,0.000000,1.031165,,0.972816,0,344,0,72.218510
5986,102231,0,762867,13.400894,0.000000,0.025378,non_zero_exit,0.972658,0,344,0,72.206447
5987,102231,0,762867,13.400894,0.000000,0.031166,,0.972500,0,344,0,72.211089
5988,102231,0,762867,13.400894,0.000000,0.024028,,0.972342,0,344,0,72.215729
5989,102231,0,762867,13.400894,0.000000,0.030048,,0.972185,0,344,0,72.220367
5990,102231,0,762867,13.400894,0.000000,0.030571,,0.972028,0,344,0,72.225004
5991,102231,0,762867,13.400894,0.000000,0.023776,,0.971869,0,344,0,72.229640
5992,102231,0,762867,13.400894,0.000000,1.033717,,0.971880,0,344,0,72.234273
5993,102231,0,762867,13.400894,0.000000,3.031094,,0.972223,0,344,0,72.238906
5994,102233,2,762867,13.401156,0.000262,0.030443,non_zero_exit,0.972066,0,344,0,72.226856
5995,102233,0,762867,13.401156,0.000000,0.028957,,0.971909,0,344,0,72.231488
5996,102233,0,762867,13.401156,0.000000,0.021411,non_zero_exit,0.971750,0,344,0,72.219443
5997,102233,0,762867,13.401156,0.000000,0.022391,non_zero_exit,0.971592,0,344,0,72.207402
5998,102233,0,762867,13.401156,0.000000,0.026853,,0.971435,0,344,0,72.212035
5999,102233,0,762867,13.401156,0.000000,0.033065,,0.971278,0,344,0,72.216667
6000,102234,1,762867,13.401288,0.000131,0.018523,non_zero_exit,0.971119,0,344,0,72.204633
6001,102234,0,762867,13.401288,0.000000,5.003384,timeout,0.971791,0,345,0,72.192602
6002,102234,0,762867,13.401288,0.000000,1.035751,,0.971802,0,345,0,72.197235
6003,102234,0,762867,13.401288,0.000000,2.028889,,0.971978,0,345,0,72.201865
6004,102234,0,762867,13.401288,0.000000,1.030755,,0.971988,0,345,0,72.206495
6005,102237,3,762867,13.401681,0.000393,5.004795,timeout,0.972659,0,346,0,72.194472
6006,102237,0,762867,13.401681,0.000000,1.030461,,0.972669,0,346,0,72.199101
6007,102237,0,762867,13.401681,0.000000,5.004397,timeout,0.973340,0,347,0,72.187084
6008,102237,0,762867,13.401681,0.000000,0.029124,,0.973183,0,347,0,72.191712
6009,102237,0,762867,13.401681,0.000000,0.024323,non_zero_exit,0.973025,0,347,0,72.179700
6010,102237,0,762867,13.401681,0.000000,0.038620,,0.972869,0,347,0,72.184329
6011,102237,0,762867,13.401681,0.000000,1.833480,,0.973013,0,347,0,72.188955
6012,102237,0,762867,13.401681,0.000000,1.036943,,0.973023,0,347,0,72.193581
6013,102237,0,762867,13.401681,0.000000,2.028651,,0.973199,0,347,0,72.198204
6014,102237,0,762867,13.401681,0.000000,0.037993,,0.973043,0,347,0,72.202826
6015,102237,0,762867,13.401681,0.000000,3.034618,,0.973386,0,347,0,72.207447
6016,102237,0,762867,13.401681,0.000000,0.021216,non_zero_exit,0.973228,0,347,0,72.195446
6017,102237,0,762867,13.401681,0.000000,1.030294,,0.973237,0,347,0,72.200066
6018,102237,0,762867,13.401681,0.000000,0.032093,,0.973081,0,347,0,72.204685
6019,102237,0,762867,13.401681,0.000000,1.030401,,0.973090,0,347,0,72.209302
6020,102237,0,762867,13.401681,0.000000,3.062743,,0.973437,0,347,0,72.213918
6021,102237,0,762867,13.401681,0.000000,5.004599,timeout,0.974107,0,348,0,72.201926
6022,102237,0,762867,13.401681,0.000000,1.027614,,0.974116,0,348,0,72.206542
6023,102237,0,762867,13.401681,0.000000,0.030598,,0.973959,0,348,0,72.211155
6024,102237,0,762867,13.401681,0.000000,4.026380,,0.974466,0,348,0,72.215768
6025,102237,0,762867,13.401681,0.000000,1.029789,,0.974475,0,348,0,72.220378
6026,102237,0,762867,13.401681,0.000000,3.028899,,0.974816,0,348,0,72.224988
6027,102237,0,762867,13.401681,0.000000,0.025525,,0.974658,0,348,0,72.229595
6028,102237,0,762867,13.401681,0.000000,0.173629,non_zero_exit,0.974525,0,348,0,72.217615
6029,102237,0,762867,13.401681,0.000000,1.029843,,0.974535,0,348,0,72.222222
6030,102237,0,762867,13.401681,0.000000,2.157448,,0.974731,0,348,0,72.226828
6031,102237,0,762867,13.401681,0.000000,1.032809,,0.974740,0,348,0,72.231432
6032,102237,0,762867,13.401681,0.000000,0.023682,non_zero_exit,0.974583,0,348,0,72.219460
6033,102237,0,762867,13.401681,0.000000,1.033251,non_zero_exit,0.974592,0,348,0,72.207491
6034,102237,0,762867,13.401681,0.000000,1.033107,,0.974602,0,348,0,72.212096
6035,102237,0,762867,13.401681,0.000000,0.031196,,0.974446,0,348,0,72.216700
6036,102237,0,762867,13.401681,0.000000,0.029762,,0.974289,0,348,0,72.221302
6037,102237,0,762867,13.401681,0.000000,0.026048,,0.974132,0,348,0,72.225903
6038,102237,0,762867,13.401681,0.000000,0.038136,,0.973977,0,348,0,72.230502
6039,102237,0,762867,13.401681,0.000000,0.031603,,0.973821,0,348,0,72.235099
6040,102237,0,762867,13.401681,0.000000,0.024866,,0.973664,0,348,0,72.239695
6041,102237,0,762867,13.401681,0.000000,4.034155,,0.974171,0,348,0,72.244290
6042,102237,0,762867,13.401681,0.000000,1.036695,,0.974181,0,348,0,72.248883
6043,102237,0,762867,13.401681,0.000000,0.534861,,0.974108,0,348,0,72.253475
6044,102237,0,762867,13.401681,0.000000,0.031448,,0.973952,0,348,0,72.258065
6045,102237,0,762867,13.401681,0.000000,0.027207,,0.973796,0,348,0,72.262653
6046,102237,0,762867,13.401681,0.000000,0.025144,,0.973639,0,348,0,72.267240
6047,102237,0,762867,13.401681,0.000000,0.022048,non_zero_exit,0.973482,0,348,0,72.255291
6048,102237,0,762867,13.401681,0.000000,1.029164,,0.973491,0,348,0,72.259878
6049,102237,0,762867,13.401681,0.000000,0.021137,non_zero_exit,0.973333,0,348,0,72.247934
6050,102237,0,762867,13.401681,0.000000,0.032057,,0.973178,0,348,0,72.252520
6051,102237,0,762867,13.401681,0.000000,0.022328,non_zero_exit,0.973021,0,348,0,72.240582
6052,102237,0,762867,13.401681,0.000000,1.030077,,0.973030,0,348,0,72.245168
6053,102237,0,762867,13.401681,0.000000,0.020431,non_zero_exit,0.972873,0,348,0,72.233234
6054,102237,0,762867,13.401681,0.000000,1.030317,,0.972882,0,348,0,72.237820
6055,102237,0,762867,13.401681,0.000000,2.039669,,0.973058,0,348,0,72.242404
6056,102237,0,762867,13.401681,0.000000,0.936608,,0.973052,0,348,0,72.246987
6057,102237,0,762867,13.401681,0.000000,0.026137,non_zero_exit,0.972896,0,348,0,72.235061
6058,102237,0,762867,13.401681,0.000000,0.029822,,0.972740,0,348,0,72.239644
6059,102237,0,762867,13.401681,0.000000,0.134217,,0.972602,0,348,0,72.244224
6060,102237,0,762867,13.401681,0.000000,1.027537,,0.972611,0,348,0,72.248804
6061,102237,0,762867,13.401681,0.000000,0.021845,non_zero_exit,0.972454,0,348,0,72.236886
6062,102237,0,762867,13.401681,0.000000,0.021043,non_zero_exit,0.972297,0,348,0,72.224971
6063,102237,0,762867,13.401681,0.000000,0.023999,non_zero_exit,0.972141,0,348,0,72.213061
6064,102237,0,762867,13.401681,0.000000,2.031643,,0.972316,0,348,0,72.217642
6065,102237,0,762867,13.401681,0.000000,1.030482,,0.972325,0,348,0,72.222222
6066,102237,0,762867,13.401681,0.000000,0.029834,,0.972170,0,348,0,72.226801
6067,102239,2,762867,13.401943,0.000262,1.045288,,0.972182,0,348,0,72.231378
6068,102239,0,762867,13.401943,0.000000,0.023950,non_zero_exit,0.972026,0,348,0,72.219476
6069,102239,0,762867,13.401943,0.000000,1.027679,,0.972035,0,348,0,72.224053
6070,102239,0,762867,13.401943,0.000000,1.538312,,0.972128,0,348,0,72.228628
6071,102239,0,762867,13.401943,0.000000,0.022934,non_zero_exit,0.971972,0,348,0,72.216733
6072,102239,0,762867,13.401943,0.000000,2.032638,,0.972147,0,348,0,72.221307
6073,102239,0,762867,13.401943,0.000000,0.023636,,0.971990,0,348,0,72.225881
6074,102239,0,762867,13.401943,0.000000,0.027940,,0.971835,0,348,0,72.230453
6075,102239,0,762867,13.401943,0.000000,0.022015,non_zero_exit,0.971679,0,348,0,72.218565
6076,102239,0,762867,13.401943,0.000000,0.021276,non_zero_exit,0.971522,0,348,0,72.206681
6077,102239,0,762867,13.401943,0.000000,2.029025,,0.971696,0,348,0,72.211254
6078,102239,0,762867,13.401943,0.000000,1.031398,,0.971706,0,348,0,72.215825
6079,102243,4,762867,13.402467,0.000524,0.023581,non_zero_exit,0.971550,0,348,0,72.203947
6080,102243,0,762867,13.402467,0.000000,1.245145,,0.971595,0,348,0,72.208518
6081,102243,0,762867,13.402467,0.000000,1.031733,,0.971605,0,348,0,72.213088
6082,102243,0,762867,13.402467,0.000000,1.031571,,0.971615,0,348,0,72.217656
6083,102243,0,762867,13.402467,0.000000,0.029005,,0.971460,0,348,0,72.222222
6084,102243,0,762867,13.402467,0.000000,0.030030,,0.971305,0,348,0,72.226787
6085,102243,0,762867,13.402467,0.000000,0.025164,,0.971150,0,348,0,72.231351
6086,102243,0,762867,13.402467,0.000000,0.036757,,0.970996,0,348,0,72.235913
6087,102243,0,762867,13.402467,0.000000,0.028664,,0.970841,0,348,0,72.240473
6088,102243,0,762867,13.402467,0.000000,0.033804,,0.970688,0,348,0,72.245032
6089,102243,0,762867,13.402467,0.000000,0.030947,,0.970533,0,348,0,72.249589
6090,102243,0,762867,13.402467,0.000000,1.033369,,0.970544,0,348,0,72.254145
6091,102243,0,762867,13.402467,0.000000,0.235077,,0.970423,0,348,0,72.258700
6092,102244,1,762867,13.402598,0.000131,5.073510,timeout,0.971096,0,349,0,72.246841
6093,102244,0,762867,13.402598,0.000000,0.025737,,0.970941,0,349,0,72.251395
6094,102244,0,762867,13.402598,0.000000,0.027701,,0.970786,0,349,0,72.255947
6095,102244,0,762867,13.402598,0.000000,0.227218,,0.970664,0,349,0,72.260499
6096,102244,0,762867,13.402598,0.000000,3.036793,,0.971003,0,349,0,72.265048
6097,102244,0,762867,13.402598,0.000000,0.019878,non_zero_exit,0.970847,0,349,0,72.253198
6098,102244,0,762867,13.402598,0.000000,0.028355,,0.970693,0,349,0,72.257747
6099,102244,0,762867,13.402598,0.000000,1.529955,,0.970784,0,349,0,72.262295
6100,102244,0,762867,13.402598,0.000000,0.030749,,0.970630,0,349,0,72.266842
6101,102244,0,762867,13.402598,0.000000,0.031478,,0.970476,0,349,0,72.271386
6102,102245,1,762867,13.402729,0.000131,0.941796,,0.970472,0,349,0,72.275930
6103,102245,0,762867,13.402729,0.000000,2.533601,,0.970728,0,349,0,72.280472
6104,102245,0,762867,13.402729,0.000000,0.031672,,0.970574,0,349,0,72.285012
6105,102245,0,762867,13.402729,0.000000,1.036302,,0.970585,0,349,0,72.289551
6106,102245,0,762867,13.402729,0.000000,0.031887,,0.970431,0,349,0,72.294089
6107,102245,0,762867,13.402729,0.000000,0.535169,,0.970360,0,349,0,72.298625
6108,102245,0,762867,13.402729,0.000000,5.007631,timeout,0.971021,0,350,0,72.286790
6109,102245,0,762867,13.402729,0.000000,0.025887,,0.970866,0,350,0,72.291326
6110,102245,0,762867,13.402729,0.000000,0.029979,,0.970712,0,350,0,72.295860
6111,102245,0,762867,13.402729,0.000000,0.026389,non_zero_exit,0.970558,0,350,0,72.284031
6112,102245,0,762867,13.402729,0.000000,0.030118,,0.970404,0,350,0,72.288565
6113,102245,0,762867,13.402729,0.000000,0.022428,non_zero_exit,0.970249,0,350,0,72.276742
6114,102245,0,762867,13.402729,0.000000,0.830775,,0.970226,0,350,0,72.281276
6115,102245,0,762867,13.402729,0.000000,0.026662,,0.970072,0,350,0,72.285808
6116,102245,0,762867,13.402729,0.000000,1.043462,,0.970084,0,350,0,72.290338
6117,102245,0,762867,13.402729,0.000000,0.024740,non_zero_exit,0.969929,0,350,0,72.278522
6118,102245,0,762867,13.402729,0.000000,2.030551,,0.970102,0,350,0,72.283053
6119,102245,0,762867,13.402729,0.000000,0.129932,,0.969965,0,350,0,72.287582
6120,102245,0,762867,13.402729,0.000000,0.033730,,0.969812,0,350,0,72.292109
6121,102245,0,762867,13.402729,0.000000,0.022319,non_zero_exit,0.969657,0,350,0,72.280301
6122,102245,0,762867,13.402729,0.000000,0.060876,,0.969509,0,350,0,72.284828
6123,102245,0,762867,13.402729,0.000000,0.030126,,0.969356,0,350,0,72.289353
6124,102245,0,762867,13.402729,0.000000,0.029828,,0.969202,0,350,0,72.293878
6125,102245,0,762867,13.402729,0.000000,1.027532,,0.969212,0,350,0,72.298400
6126,102245,0,762867,13.402729,0.000000,1.026961,,0.969221,0,350,0,72.302921
6127,102246,1,762867,13.402861,0.000131,0.525531,,0.969149,0,350,0,72.307441
6128,102246,0,762867,13.402861,0.000000,0.031734,,0.968996,0,350,0,72.311960
6129,102246,0,762867,13.402861,0.000000,5.003946,timeout,0.969654,0,351,0,72.300163
6130,102246,0,762867,13.402861,0.000000,1.031965,,0.969664,0,351,0,72.304681
6131,102246,0,762867,13.402861,0.000000,0.033896,,0.969512,0,351,0,72.309198
6132,102246,0,762867,13.402861,0.000000,5.003834,timeout,0.970169,0,352,0,72.297407
6133,102246,0,762867,13.402861,0.000000,0.131974,,0.970033,0,352,0,72.301924
6134,102246,0,762867,13.402861,0.000000,0.031095,,0.969880,0,352,0,72.306438
6135,102246,0,762867,13.402861,0.000000,0.021554,non_zero_exit,0.969725,0,352,0,72.294654
6136,102246,0,762867,13.402861,0.000000,1.029098,,0.969735,0,352,0,72.299169
6137,102246,0,762867,13.402861,0.000000,2.039669,,0.969909,0,352,0,72.303682
6138,102246,0,762867,13.402861,0.000000,0.020072,non_zero_exit,0.969754,0,352,0,72.291904
6139,102246,0,762867,13.402861,0.000000,0.036348,,0.969602,0,352,0,72.296417
6140,102246,0,762867,13.402861,0.000000,5.003612,timeout,0.970259,0,353,0,72.284644
6141,102256,10,762867,13.404171,0.001311,1.536465,,0.970351,0,353,0,72.289157
6142,102256,0,762867,13.404171,0.000000,5.007680,timeout,0.971009,0,354,0,72.277389
6143,102256,0,762867,13.404171,0.000000,0.131183,,0.970872,0,354,0,72.281901
6144,102256,0,762867,13.404171,0.000000,0.021699,non_zero_exit,0.970718,0,354,0,72.270138
6145,102256,0,762867,13.404171,0.000000,1.034345,,0.970728,0,354,0,72.274650
6146,102256,0,762867,13.404171,0.000000,1.029393,,0.970737,0,354,0,72.279161
6147,102256,0,762867,13.404171,0.000000,1.031809,,0.970747,0,354,0,72.283669
6148,102257,1,762867,13.404302,0.000131,0.335342,,0.970644,0,354,0,72.288177
6149,102257,0,762867,13.404302,0.000000,3.035179,,0.970980,0,354,0,72.292683
6150,102257,0,762867,13.404302,0.000000,2.026941,,0.971151,0,354,0,72.297187
6151,102257,0,762867,13.404302,0.000000,5.004552,timeout,0.971807,0,355,0,72.285436
6152,102257,0,762867,13.404302,0.000000,2.535697,,0.972061,0,355,0,72.289940
6153,102257,0,762867,13.404302,0.000000,0.021901,non_zero_exit,0.971907,0,355,0,72.278193
6154,102257,0,762867,13.404302,0.000000,0.021278,non_zero_exit,0.971752,0,355,0,72.266450
6155,102257,0,762867,13.404302,0.000000,0.035850,,0.971600,0,355,0,72.270955
6156,102257,0,762867,13.404302,0.000000,2.032892,non_zero_exit,0.971773,0,355,0,72.259217
6157,102257,0,762867,13.404302,0.000000,0.536821,,0.971702,0,355,0,72.263722
6158,102257,0,762867,13.404302,0.000000,0.024457,,0.971548,0,355,0,72.268225
6159,102257,0,762867,13.404302,0.000000,0.023822,non_zero_exit,0.971394,0,355,0,72.256494
6160,102258,1,762867,13.404434,0.000131,0.020984,non_zero_exit,0.971240,0,355,0,72.244765
6161,102258,0,762867,13.404434,0.000000,0.022427,non_zero_exit,0.971086,0,355,0,72.233041
6162,102258,0,762867,13.404434,0.000000,0.020685,non_zero_exit,0.970932,0,355,0,72.221321
6163,102258,0,762867,13.404434,0.000000,0.030698,,0.970779,0,355,0,72.225827
6164,102258,0,762867,13.404434,0.000000,1.027487,,0.970789,0,355,0,72.230333
6165,102258,0,762867,13.404434,0.000000,0.029104,,0.970636,0,355,0,72.234836
6166,102258,0,762867,13.404434,0.000000,0.133071,,0.970500,0,355,0,72.239338
6167,102258,0,762867,13.404434,0.000000,0.028006,,0.970347,0,355,0,72.243839
6168,102258,0,762867,13.404434,0.000000,0.024197,,0.970194,0,355,0,72.248338
6169,102258,0,762867,13.404434,0.000000,0.028158,,0.970041,0,355,0,72.252836
6170,102258,0,762867,13.404434,0.000000,0.030948,,0.969889,0,355,0,72.257333
6171,102258,0,762867,13.404434,0.000000,0.032577,,0.969737,0,355,0,72.261828
6172,102258,0,762867,13.404434,0.000000,0.024876,,0.969584,0,355,0,72.266321
6173,102258,0,762867,13.404434,0.000000,0.030076,,0.969432,0,355,0,72.270813
6174,102258,0,762867,13.404434,0.000000,1.032277,,0.969442,0,355,0,72.275304
6175,102258,0,762867,13.404434,0.000000,1.029447,,0.969452,0,355,0,72.279793
6176,102258,0,762867,13.404434,0.000000,0.021379,non_zero_exit,0.969298,0,355,0,72.268091
6177,102258,0,762867,13.404434,0.000000,1.031394,,0.969308,0,355,0,72.272580
6178,102258,0,762867,13.404434,0.000000,0.024246,non_zero_exit,0.969155,0,355,0,72.260884
6179,102258,0,762867,13.404434,0.000000,1.030295,,0.969165,0,355,0,72.265372
6180,102258,0,762867,13.404434,0.000000,0.029651,,0.969013,0,355,0,72.269859
6181,102258,0,762867,13.404434,0.000000,0.030065,,0.968861,0,355,0,72.274345
6182,102258,0,762867,13.404434,0.000000,0.023182,non_zero_exit,0.968708,0,355,0,72.262656
6183,102258,0,762867,13.404434,0.000000,0.022638,non_zero_exit,0.968555,0,355,0,72.250970
6184,102258,0,762867,13.404434,0.000000,0.029461,,0.968404,0,355,0,72.255457
6185,102258,0,762867,13.404434,0.000000,0.021255,non_zero_exit,0.968251,0,355,0,72.243776
6186,102258,0,762867,13.404434,0.000000,0.022956,non_zero_exit,0.968098,0,355,0,72.232100
6187,102258,0,762867,13.404434,0.000000,1.029870,,0.968108,0,355,0,72.236587
6188,102258,0,762867,13.404434,0.000000,1.029792,,0.968118,0,355,0,72.241073
6189,102258,0,762867,13.404434,0.000000,0.030936,,0.967966,0,355,0,72.245557
6190,102258,0,762867,13.404434,0.000000,1.029250,,0.967976,0,355,0,72.250040
6191,102259,1,762867,13.404565,0.000131,1.029310,,0.967986,0,355,0,72.254522
6192,102259,0,762867,13.404565,0.000000,1.028596,,0.967996,0,355,0,72.259002
6193,102259,0,762867,13.404565,0.000000,0.031169,,0.967845,0,355,0,72.263481
6194,102259,0,762867,13.404565,0.000000,0.030457,,0.967693,0,355,0,72.267958
6195,102259,0,762867,13.404565,0.000000,1.032525,,0.967704,0,355,0,72.272434
6196,102259,0,762867,13.404565,0.000000,1.036717,,0.967715,0,355,0,72.276908
6197,102259,0,762867,13.404565,0.000000,0.025607,,0.967563,0,355,0,72.281381
6198,102260,1,762867,13.404696,0.000131,0.029217,,0.967412,0,355,0,72.285853
6199,102260,0,762867,13.404696,0.000000,0.028451,non_zero_exit,0.967260,0,355,0,72.274194
6200,102260,0,762867,13.404696,0.000000,1.028414,,0.967270,0,355,0,72.278665
6201,102260,0,762867,13.404696,0.000000,0.033074,,0.967119,0,355,0,72.283134
6202,102260,0,762867,13.404696,0.000000,1.036021,,0.967130,0,355,0,72.287603
6203,102260,0,762867,13.404696,0.000000,0.029685,,0.966979,0,355,0,72.292070
6204,102260,0,762867,13.404696,0.000000,0.027275,,0.966828,0,355,0,72.296535
6205,102260,0,762867,13.404696,0.000000,3.031965,,0.967161,0,355,0,72.300999
6206,102260,0,762867,13.404696,0.000000,0.024418,non_zero_exit,0.967009,0,355,0,72.289351
6207,102260,0,762867,13.404696,0.000000,0.033239,,0.966858,0,355,0,72.293814
6208,102260,0,762867,13.404696,0.000000,0.032054,,0.966708,0,355,0,72.298277
6209,102264,4,762867,13.405220,0.000524,0.042305,,0.966559,0,355,0,72.302738
6210,102264,0,762867,13.405220,0.000000,2.027394,,0.966730,0,355,0,72.307197
6211,102264,0,762867,13.405220,0.000000,5.005072,timeout,0.967380,0,356,0,72.295557
6212,102265,1,762867,13.405351,0.000131,0.022029,non_zero_exit,0.967228,0,356,0,72.283921
6213,102265,0,762867,13.405351,0.000000,1.031092,,0.967238,0,356,0,72.288381
6214,102265,0,762867,13.405351,0.000000,1.038612,,0.967249,0,356,0,72.292840
6215,102265,0,762867,13.405351,0.000000,0.028487,,0.967098,0,356,0,72.297297
6216,102265,0,762867,13.405351,0.000000,0.022344,non_zero_exit,0.966946,0,356,0,72.285668
6217,102265,0,762867,13.405351,0.000000,0.029529,,0.966796,0,356,0,72.290125
6218,102265,0,762867,13.405351,0.000000,0.031529,,0.966645,0,356,0,72.294581
6219,102265,0,762867,13.405351,0.000000,0.031713,,0.966495,0,356,0,72.299035
6220,102266,1,762867,13.405482,0.000131,0.027353,,0.966344,0,356,0,72.303488
6221,102266,0,762867,13.405482,0.000000,0.033134,,0.966194,0,356,0,72.307940
6222,102266,0,762867,13.405482,0.000000,0.543574,,0.966126,0,356,0,72.312390
6223,102266,0,762867,13.405482,0.000000,1.030288,,0.966136,0,356,0,72.316838
6224,102266,0,762867,13.405482,0.000000,2.026537,,0.966307,0,356,0,72.321285
6225,102266,0,762867,13.405482,0.000000,1.032200,,0.966317,0,356,0,72.325731
6226,102266,0,762867,13.405482,0.000000,1.026297,,0.966327,0,356,0,72.330175
6227,102266,0,762867,13.405482,0.000000,5.004663,timeout,0.966975,0,357,0,72.318561
6228,102266,0,762867,13.405482,0.000000,0.024708,non_zero_exit,0.966824,0,357,0,72.306951
6229,102266,0,762867,13.405482,0.000000,0.025362,non_zero_exit,0.966673,0,357,0,72.295345
6230,102266,0,762867,13.405482,0.000000,0.027345,,0.966522,0,357,0,72.299791
6231,102266,0,762867,13.405482,0.000000,0.024209,non_zero_exit,0.966371,0,357,0,72.288190
6232,102266,0,762867,13.405482,0.000000,0.020524,non_zero_exit,0.966219,0,357,0,72.276592
6233,102266,0,762867,13.405482,0.000000,0.023481,non_zero_exit,0.966068,0,357,0,72.264998
6234,102266,0,762867,13.405482,0.000000,1.028902,,0.966078,0,357,0,72.269447
6235,102266,0,762867,13.405482,0.000000,2.046156,,0.966251,0,357,0,72.273894
6236,102266,0,762867,13.405482,0.000000,2.031410,,0.966422,0,357,0,72.278339
6237,102266,0,762867,13.405482,0.000000,3.036313,,0.966754,0,357,0,72.282783
6238,102266,0,762867,13.405482,0.000000,0.022594,non_zero_exit,0.966603,0,357,0,72.271197
6239,102266,0,762867,13.405482,0.000000,0.029530,,0.966452,0,357,0,72.275641
6240,102266,0,762867,13.405482,0.000000,0.025808,,0.966302,0,357,0,72.280083
6241,102266,0,762867,13.405482,0.000000,1.031764,,0.966312,0,357,0,72.284524
6242,102266,0,762867,13.405482,0.000000,1.529589,,0.966402,0,357,0,72.288964
6243,102266,0,762867,13.405482,0.000000,1.032493,,0.966413,0,357,0,72.293402
6244,102266,0,762867,13.405482,0.000000,3.030130,,0.966744,0,357,0,72.297838
6245,102266,0,762867,13.405482,0.000000,1.027604,,0.966753,0,357,0,72.302273
6246,102266,0,762867,13.405482,0.000000,2.029184,,0.966923,0,357,0,72.306707
6247,102266,0,762867,13.405482,0.000000,0.022301,non_zero_exit,0.966772,0,357,0,72.295134
6248,102266,0,762867,13.405482,0.000000,3.034579,,0.967103,0,357,0,72.299568
6249,102266,0,762867,13.405482,0.000000,0.020957,non_zero_exit,0.966952,0,357,0,72.288000
6250,102266,0,762867,13.405482,0.000000,1.031626,,0.966962,0,357,0,72.292433
6251,102266,0,762867,13.405482,0.000000,0.119517,,0.966826,0,357,0,72.296865
6252,102266,0,762867,13.405482,0.000000,5.005470,timeout,0.967472,0,358,0,72.285303
6253,102266,0,762867,13.405482,0.000000,3.035117,non_zero_exit,0.967803,0,358,0,72.273745
6254,102266,0,762867,13.405482,0.000000,1.030421,,0.967813,0,358,0,72.278177
6255,102266,0,762867,13.405482,0.000000,2.033797,,0.967983,0,358,0,72.282609
6256,102266,0,762867,13.405482,0.000000,5.008753,timeout,0.968629,0,359,0,72.271056
6257,102266,0,762867,13.405482,0.000000,5.003938,timeout,0.969274,0,360,0,72.259508
6258,102266,0,762867,13.405482,0.000000,1.534321,,0.969364,0,360,0,72.263940
6259,102266,0,762867,13.405482,0.000000,5.004420,timeout,0.970009,0,361,0,72.252396
6260,102266,0,762867,13.405482,0.000000,5.003337,timeout,0.970653,0,362,0,72.240856
6261,102266,0,762867,13.405482,0.000000,1.028777,,0.970662,0,362,0,72.245289
6262,102266,0,762867,13.405482,0.000000,1.031264,,0.970672,0,362,0,72.249721
6263,102266,0,762867,13.405482,0.000000,0.035989,,0.970523,0,362,0,72.254151
6264,102266,0,762867,13.405482,0.000000,0.033977,,0.970373,0,362,0,72.258579
6265,102266,0,762867,13.405482,0.000000,5.008485,timeout,0.971018,0,363,0,72.247048
6266,102269,3,762867,13.405875,0.000393,0.036399,,0.970869,0,363,0,72.251476
6267,102269,0,762867,13.405875,0.000000,0.028401,,0.970718,0,363,0,72.255903
6268,102269,0,762867,13.405875,0.000000,2.030518,,0.970887,0,363,0,72.260329
6269,102269,0,762867,13.405875,0.000000,1.023782,,0.970896,0,363,0,72.264753
6270,102269,0,762867,13.405875,0.000000,1.041425,,0.970907,0,363,0,72.269176
6271,102269,0,762867,13.405875,0.000000,0.023040,non_zero_exit,0.970756,0,363,0,72.257653
6272,102269,0,762867,13.405875,0.000000,0.029785,,0.970606,0,363,0,72.262076
6273,102269,0,762867,13.405875,0.000000,0.024098,non_zero_exit,0.970455,0,363,0,72.250558
6274,102269,0,762867,13.405875,0.000000,0.024649,non_zero_exit,0.970304,0,363,0,72.239044
6275,102269,0,762867,13.405875,0.000000,0.031365,,0.970155,0,363,0,72.243467
6276,102269,0,762867,13.405875,0.000000,1.032895,,0.970165,0,363,0,72.247889
6277,102302,33,762867,13.410201,0.004326,3.042032,,0.970495,0,363,0,72.252310
6278,102302,0,762867,13.410201,0.000000,1.027252,,0.970504,0,363,0,72.256729
6279,102302,0,762867,13.410201,0.000000,0.028571,,0.970354,0,363,0,72.261146
6280,102302,0,762867,13.410201,0.000000,1.031921,,0.970364,0,363,0,72.265563
6281,102315,13,762867,13.411905,0.001704,1.030870,,0.970373,0,363,0,72.269978
6282,102315,0,762867,13.411905,0.000000,0.028346,,0.970223,0,363,0,72.274391
6283,102315,0,762867,13.411905,0.000000,0.038381,,0.970075,0,363,0,72.278803
6284,102315,0,762867,13.411905,0.000000,0.028912,,0.969925,0,363,0,72.283214
6285,102315,0,762867,13.411905,0.000000,1.030427,,0.969935,0,363,0,72.287623
6286,102315,0,762867,13.411905,0.000000,3.036627,non_zero_exit,0.970264,0,363,0,72.276125
6287,102315,0,762867,13.411905,0.000000,0.033701,,0.970115,0,363,0,72.280534
6288,102315,0,762867,13.411905,0.000000,3.035642,,0.970443,0,363,0,72.284942
6289,102315,0,762867,13.411905,0.000000,1.033072,,0.970453,0,363,0,72.289348
6290,102315,0,762867,13.411905,0.000000,0.030425,,0.970304,0,363,0,72.293753
6291,102315,0,762867,13.411905,0.000000,0.027615,,0.970154,0,363,0,72.298156
6292,102315,0,762867,13.411905,0.000000,2.539479,,0.970403,0,363,0,72.302558
6293,102315,0,762867,13.411905,0.000000,0.114087,,0.970267,0,363,0,72.306959
6294,102327,12,762867,13.413478,0.001573,5.004092,timeout,0.970908,0,364,0,72.295473
6295,102327,0,762867,13.413478,0.000000,1.029373,,0.970917,0,364,0,72.299873
6296,102327,0,762867,13.413478,0.000000,0.528841,,0.970847,0,364,0,72.304272
6297,102327,0,762867,13.413478,0.000000,1.033197,,0.970857,0,364,0,72.308669
6298,102327,0,762867,13.413478,0.000000,0.028437,,0.970707,0,364,0,72.313066
6299,102327,0,762867,13.413478,0.000000,0.024618,,0.970557,0,364,0,72.317460
6300,102327,0,762867,13.413478,0.000000,0.024050,non_zero_exit,0.970407,0,364,0,72.305983
6301,102327,0,762867,13.413478,0.000000,0.022530,non_zero_exit,0.970256,0,364,0,72.294510
6302,102327,0,762867,13.413478,0.000000,0.022923,non_zero_exit,0.970106,0,364,0,72.283040
6303,102327,0,762867,13.413478,0.000000,0.025970,non_zero_exit,0.969956,0,364,0,72.271574
6304,102327,0,762867,13.413478,0.000000,1.033469,,0.969966,0,364,0,72.275971
6305,102328,1,762867,13.413609,0.000131,1.033714,,0.969977,0,364,0,72.280368
6306,102328,0,762867,13.413609,0.000000,1.030082,non_zero_exit,0.969986,0,364,0,72.268908
6307,102328,0,762867,13.413609,0.000000,1.035424,,0.969996,0,364,0,72.273304
6308,102328,0,762867,13.413609,0.000000,1.027349,,0.970006,0,364,0,72.277699
6309,102328,0,762867,13.413609,0.000000,0.027927,,0.969856,0,364,0,72.282092
6310,102328,0,762867,13.413609,0.000000,0.023294,non_zero_exit,0.969706,0,364,0,72.270639
6311,102328,0,762867,13.413609,0.000000,0.804990,,0.969680,0,364,0,72.275032
6312,102328,0,762867,13.413609,0.000000,0.022530,non_zero_exit,0.969530,0,364,0,72.263583
6313,102328,0,762867,13.413609,0.000000,0.129047,,0.969397,0,364,0,72.267976
6314,102328,0,762867,13.413609,0.000000,0.026100,non_zero_exit,0.969248,0,364,0,72.256532
6315,102328,0,762867,13.413609,0.000000,0.022970,non_zero_exit,0.969098,0,364,0,72.245092
6316,102328,0,762867,13.413609,0.000000,0.026247,non_zero_exit,0.968949,0,364,0,72.233655
6317,102328,0,762867,13.413609,0.000000,1.029450,,0.968958,0,364,0,72.238050
6318,102328,0,762867,13.413609,0.000000,2.034424,,0.969127,0,364,0,72.242443
6319,102328,0,762867,13.413609,0.000000,3.028876,,0.969453,0,364,0,72.246835
6320,102328,0,762867,13.413609,0.000000,4.528589,,0.970016,0,364,0,72.251226
6321,102328,0,762867,13.413609,0.000000,1.030364,non_zero_exit,0.970025,0,364,0,72.239798
6322,102328,0,762867,13.413609,0.000000,0.685200,,0.969980,0,364,0,72.244188
6323,102328,0,762867,13.413609,0.000000,1.031577,,0.969990,0,364,0,72.248577
6324,102328,0,762867,13.413609,0.000000,0.029404,,0.969841,0,364,0,72.252964
6325,102328,0,762867,13.413609,0.000000,0.035253,,0.969694,0,364,0,72.257351
6326,102328,0,762867,13.413609,0.000000,0.026588,,0.969544,0,364,0,72.261735
6327,102328,0,762867,13.413609,0.000000,1.032820,,0.969554,0,364,0,72.266119
6328,102328,0,762867,13.413609,0.000000,0.024326,non_zero_exit,0.969405,0,364,0,72.254701
6329,102328,0,762867,13.413609,0.000000,1.029203,,0.969415,0,364,0,72.259084
6330,102328,0,762867,13.413609,0.000000,2.038193,,0.969583,0,364,0,72.263465
6331,102328,0,762867,13.413609,0.000000,0.022200,non_zero_exit,0.969434,0,364,0,72.252053
6332,102328,0,762867,13.413609,0.000000,0.022652,non_zero_exit,0.969284,0,364,0,72.240644
6333,102328,0,762867,13.413609,0.000000,1.532678,,0.969373,0,364,0,72.245027
6334,102328,0,762867,13.413609,0.000000,5.005826,timeout,0.970010,0,365,0,72.233623
6335,102328,0,762867,13.413609,0.000000,5.004966,timeout,0.970647,0,366,0,72.222222
6336,102328,0,762867,13.413609,0.000000,0.022463,non_zero_exit,0.970498,0,366,0,72.210825
6337,102328,0,762867,13.413609,0.000000,0.912263,non_zero_exit,0.970488,0,366,0,72.199432
6338,102328,0,762867,13.413609,0.000000,1.035614,,0.970499,0,366,0,72.203818
6339,102328,0,762867,13.413609,0.000000,2.027566,,0.970665,0,366,0,72.208202
6340,102328,0,762867,13.413609,0.000000,0.026218,,0.970516,0,366,0,72.212585
6341,102328,0,762867,13.413609,0.000000,0.024087,,0.970367,0,366,0,72.216966
6342,102328,0,762867,13.413609,0.000000,0.022258,non_zero_exit,0.970218,0,366,0,72.205581
6343,102328,0,762867,13.413609,0.000000,1.028705,,0.970227,0,366,0,72.209962
6344,102328,0,762867,13.413609,0.000000,0.024542,non_zero_exit,0.970078,0,366,0,72.198582
6345,102328,0,762867,13.413609,0.000000,3.032546,,0.970403,0,366,0,72.202962
6346,102328,0,762867,13.413609,0.000000,0.029204,,0.970255,0,366,0,72.207342
6347,102328,0,762867,13.413609,0.000000,0.023563,non_zero_exit,0.970105,0,366,0,72.195967
6348,102328,0,762867,13.413609,0.000000,0.528926,,0.970036,0,366,0,72.200347
6349,102328,0,762867,13.413609,0.000000,1.030782,,0.970046,0,366,0,72.204724
6350,102328,0,762867,13.413609,0.000000,0.029434,,0.969897,0,366,0,72.209101
6351,102328,0,762867,13.413609,0.000000,1.032515,,0.969907,0,366,0,72.213476
6352,102328,0,762867,13.413609,0.000000,0.028566,,0.969759,0,366,0,72.217850
6353,102328,0,762867,13.413609,0.000000,2.029041,,0.969926,0,366,0,72.222222
6354,102328,0,762867,13.413609,0.000000,0.022525,non_zero_exit,0.969777,0,366,0,72.210858
6355,102328,0,762867,13.413609,0.000000,1.031993,,0.969787,0,366,0,72.215230
6356,102328,0,762867,13.413609,0.000000,0.030502,,0.969639,0,366,0,72.219600
6357,102328,0,762867,13.413609,0.000000,0.039979,,0.969493,0,366,0,72.223970
6358,102328,0,762867,13.413609,0.000000,0.024438,non_zero_exit,0.969344,0,366,0,72.212612
6359,102328,0,762867,13.413609,0.000000,0.030794,,0.969196,0,366,0,72.216981
6360,102328,0,762867,13.413609,0.000000,2.341795,non_zero_exit,0.969412,0,366,0,72.205628
6361,102328,0,762867,13.413609,0.000000,0.029266,,0.969264,0,366,0,72.209997
6362,102328,0,762867,13.413609,0.000000,1.038568,,0.969275,0,366,0,72.214364
6363,102328,0,762867,13.413609,0.000000,0.028395,,0.969127,0,366,0,72.218730
6364,102328,0,762867,13.413609,0.000000,0.024390,non_zero_exit,0.968979,0,366,0,72.207384
6365,102328,0,762867,13.413609,0.000000,0.026074,non_zero_exit,0.968831,0,366,0,72.196041
6366,102328,0,762867,13.413609,0.000000,0.024980,,0.968683,0,366,0,72.200408
6367,102328,0,762867,13.413609,0.000000,0.534024,,0.968614,0,366,0,72.204774
6368,102328,0,762867,13.413609,0.000000,0.025332,non_zero_exit,0.968466,0,366,0,72.193437
6369,102328,0,762867,13.413609,0.000000,1.035172,,0.968477,0,366,0,72.197802
6370,102328,0,762867,13.413609,0.000000,1.535762,,0.968566,0,366,0,72.202166
6371,102328,0,762867,13.413609,0.000000,0.534180,,0.968498,0,366,0,72.206529
6372,102328,0,762867,13.413609,0.000000,0.023972,non_zero_exit,0.968349,0,366,0,72.195198
6373,102328,0,762867,13.413609,0.000000,0.024718,non_zero_exit,0.968201,0,366,0,72.183872
6374,102328,0,762867,13.413609,0.000000,0.028975,non_zero_exit,0.968054,0,366,0,72.172549
6375,102328,0,762867,13.413609,0.000000,1.539819,,0.968144,0,366,0,72.176913
6376,102328,0,762867,13.413609,0.000000,1.027654,,0.968153,0,366,0,72.181276
6377,102328,0,762867,13.413609,0.000000,4.527234,,0.968711,0,366,0,72.185638
6378,102328,0,762867,13.413609,0.000000,0.020656,non_zero_exit,0.968562,0,366,0,72.174322
6379,102328,0,762867,13.413609,0.000000,2.037107,,0.968730,0,366,0,72.178683
6380,102328,0,762867,13.413609,0.000000,0.030623,,0.968583,0,366,0,72.183043
6381,102328,0,762867,13.413609,0.000000,3.034981,,0.968907,0,366,0,72.187402
6382,102328,0,762867,13.413609,0.000000,2.026891,,0.969073,0,366,0,72.191759
6383,102328,0,762867,13.413609,0.000000,3.029832,,0.969395,0,366,0,72.196115
6384,102328,0,762867,13.413609,0.000000,0.033662,,0.969249,0,366,0,72.200470
6385,102328,0,762867,13.413609,0.000000,1.034725,,0.969259,0,366,0,72.204823
6386,102334,6,762867,13.414396,0.000787,1.029896,,0.969268,0,366,0,72.209175
6387,102334,0,762867,13.414396,0.000000,0.029794,,0.969121,0,366,0,72.213525
6388,102334,0,762867,13.414396,0.000000,0.148153,,0.968993,0,366,0,72.217874
6389,102334,0,762867,13.414396,0.000000,0.021264,non_zero_exit,0.968845,0,366,0,72.206573
6390,102335,1,762867,13.414527,0.000131,5.008970,timeout,0.969477,0,367,0,72.195275
6391,102335,0,762867,13.414527,0.000000,2.028007,,0.969642,0,367,0,72.199625
6392,102335,0,762867,13.414527,0.000000,2.031583,,0.969808,0,367,0,72.203973
6393,102335,0,762867,13.414527,0.000000,0.021253,non_zero_exit,0.969660,0,367,0,72.192681
6394,102335,0,762867,13.414527,0.000000,0.028540,,0.969513,0,367,0,72.197029
6395,102335,0,762867,13.414527,0.000000,3.031940,,0.969835,0,367,0,72.201376
6396,102335,0,762867,13.414527,0.000000,0.032565,,0.969689,0,367,0,72.205721
6397,102335,0,762867,13.414527,0.000000,0.022494,,0.969541,0,367,0,72.210066
6398,102336,1,762867,13.414658,0.000131,4.032254,,0.970019,0,367,0,72.214409
6399,102336,0,762867,13.414658,0.000000,0.030456,,0.969873,0,367,0,72.218750
6400,102336,0,762867,13.414658,0.000000,1.036077,,0.969883,0,367,0,72.223090
6401,102336,0,762867,13.414658,0.000000,0.327425,,0.969783,0,367,0,72.227429
6402,102336,0,762867,13.414658,0.000000,0.229034,,0.969667,0,367,0,72.231766
6403,102336,0,762867,13.414658,0.000000,0.025277,non_zero_exit,0.969520,0,367,0,72.220487
6404,102336,0,762867,13.414658,0.000000,0.023838,non_zero_exit,0.969372,0,367,0,72.209212
6405,102336,0,762867,13.414658,0.000000,0.021494,non_zero_exit,0.969224,0,367,0,72.197939
6406,102336,0,762867,13.414658,0.000000,3.211878,,0.969574,0,367,0,72.202279
6407,102336,0,762867,13.414658,0.000000,0.024084,,0.969426,0,367,0,72.206617
6408,102336,0,762867,13.414658,0.000000,0.021317,non_zero_exit,0.969278,0,367,0,72.195350
6409,102336,0,762867,13.414658,0.000000,1.039926,,0.969289,0,367,0,72.199688
6410,102348,12,762867,13.416231,0.001573,0.132393,non_zero_exit,0.969159,0,367,0,72.188426
6411,102348,0,762867,13.416231,0.000000,0.031049,,0.969013,0,367,0,72.192764
6412,102348,0,762867,13.416231,0.000000,1.029784,,0.969022,0,367,0,72.197100
6413,102348,0,762867,13.416231,0.000000,2.029629,,0.969187,0,367,0,72.201434
6414,102348,0,762867,13.416231,0.000000,4.038716,,0.969666,0,367,0,72.205768
6415,102348,0,762867,13.416231,0.000000,0.021925,non_zero_exit,0.969518,0,367,0,72.194514
6416,102348,0,762867,13.416231,0.000000,2.602602,,0.969773,0,367,0,72.198847
6417,102354,6,762867,13.417018,0.000787,0.026888,,0.969626,0,367,0,72.203179
6418,102354,0,762867,13.417018,0.000000,0.021803,non_zero_exit,0.969478,0,367,0,72.191930
6419,102354,0,762867,13.417018,0.000000,1.030965,,0.969488,0,367,0,72.196262
6420,102354,0,762867,13.417018,0.000000,0.025478,non_zero_exit,0.969341,0,367,0,72.185018
6421,102354,0,762867,13.417018,0.000000,1.030436,,0.969350,0,367,0,72.189349
6422,102355,1,762867,13.417149,0.000131,0.021625,non_zero_exit,0.969203,0,367,0,72.178110
6423,102355,0,762867,13.417149,0.000000,1.034000,,0.969213,0,367,0,72.182441
6424,102357,2,762867,13.417411,0.000262,0.545219,non_zero_exit,0.969147,0,367,0,72.171206
6425,102357,0,762867,13.417411,0.000000,5.003912,timeout,0.969775,0,368,0,72.159975
6426,102359,2,762867,13.417673,0.000262,0.030387,,0.969628,0,368,0,72.164307
6427,102359,0,762867,13.417673,0.000000,1.035640,,0.969639,0,368,0,72.168637
6428,102359,0,762867,13.417673,0.000000,0.033389,,0.969493,0,368,0,72.172966
6429,102359,0,762867,13.417673,0.000000,0.515597,,0.969423,0,368,0,72.177294
6430,102359,0,762867,13.417673,0.000000,1.033854,,0.969433,0,368,0,72.181620
6431,102359,0,762867,13.417673,0.000000,0.022550,non_zero_exit,0.969285,0,368,0,72.170398
6432,102369,10,762867,13.418984,0.001311,0.027151,,0.969139,0,368,0,72.174724
6433,102369,0,762867,13.418984,0.000000,0.034441,,0.968994,0,368,0,72.179049
6434,102371,2,762867,13.419246,0.000262,0.027271,,0.968847,0,368,0,72.183372
6435,102373,2,762867,13.419508,0.000262,5.074780,timeout,0.969485,0,369,0,72.172157
6436,102373,0,762867,13.419508,0.000000,0.024394,,0.969338,0,369,0,72.176480
6437,102373,0,762867,13.419508,0.000000,0.025328,non_zero_exit,0.969192,0,369,0,72.165269
6438,102373,0,762867,13.419508,0.000000,0.032057,,0.969046,0,369,0,72.169592
6439,102373,0,762867,13.419508,0.000000,0.029590,,0.968900,0,369,0,72.173913
6440,102373,0,762867,13.419508,0.000000,0.028646,,0.968754,0,369,0,72.178233
6441,102373,0,762867,13.419508,0.000000,1.028291,,0.968764,0,369,0,72.182552
6442,102373,0,762867,13.419508,0.000000,0.027843,,0.968618,0,369,0,72.186869
6443,102373,0,762867,13.419508,0.000000,5.003411,timeout,0.969244,0,370,0,72.175667
6444,102373,0,762867,13.419508,0.000000,0.031024,non_zero_exit,0.969098,0,370,0,72.164469
6445,102373,0,762867,13.419508,0.000000,1.028154,,0.969107,0,370,0,72.168787
6446,102378,5,762867,13.420164,0.000655,0.023973,non_zero_exit,0.968961,0,370,0,72.157593
6447,102378,0,762867,13.420164,0.000000,0.029796,,0.968815,0,370,0,72.161911
6448,102378,0,762867,13.420164,0.000000,1.029343,,0.968824,0,370,0,72.166227
6449,102378,0,762867,13.420164,0.000000,1.030029,,0.968834,0,370,0,72.170543
6450,102378,0,762867,13.420164,0.000000,2.622367,,0.969090,0,370,0,72.174857
6451,102378,0,762867,13.420164,0.000000,0.022454,non_zero_exit,0.968944,0,370,0,72.163670
6452,102378,0,762867,13.420164,0.000000,0.037665,,0.968799,0,370,0,72.167984
6453,102386,8,762867,13.421212,0.001049,0.536117,,0.968732,0,370,0,72.172296
6454,102386,0,762867,13.421212,0.000000,1.027354,,0.968741,0,370,0,72.176607
6455,102386,0,762867,13.421212,0.000000,0.023134,non_zero_exit,0.968595,0,370,0,72.165428
6456,102386,0,762867,13.421212,0.000000,1.032591,,0.968605,0,370,0,72.169738
6457,102386,0,762867,13.421212,0.000000,1.026382,non_zero_exit,0.968614,0,370,0,72.158563
6458,102386,0,762867,13.421212,0.000000,0.017438,non_zero_exit,0.968466,0,370,0,72.147391
6459,102386,0,762867,13.421212,0.000000,1.031731,,0.968476,0,370,0,72.151703
6460,102386,0,762867,13.421212,0.000000,1.037563,,0.968487,0,370,0,72.156013
6461,102386,0,762867,13.421212,0.000000,0.024904,non_zero_exit,0.968341,0,370,0,72.144847
6462,102386,0,762867,13.421212,0.000000,0.020832,non_zero_exit,0.968194,0,370,0,72.133684
6463,102386,0,762867,13.421212,0.000000,1.030206,,0.968204,0,370,0,72.137995
6464,102386,0,762867,13.421212,0.000000,1.034136,,0.968214,0,370,0,72.142305
6465,102386,0,762867,13.421212,0.000000,0.029827,,0.968069,0,370,0,72.146613
6466,102386,0,762867,13.421212,0.000000,0.041370,,0.967926,0,370,0,72.150920
6467,102386,0,762867,13.421212,0.000000,0.029215,,0.967780,0,370,0,72.155226
6468,102386,0,762867,13.421212,0.000000,0.030691,,0.967636,0,370,0,72.159530
6469,102386,0,762867,13.421212,0.000000,1.030020,,0.967645,0,370,0,72.163833
6470,102386,0,762867,13.421212,0.000000,2.028008,,0.967809,0,370,0,72.168135
6471,102386,0,762867,13.421212,0.000000,0.026203,,0.967664,0,370,0,72.172435
6472,102386,0,762867,13.421212,0.000000,1.026104,,0.967673,0,370,0,72.176734
6473,102386,0,762867,13.421212,0.000000,0.020622,non_zero_exit,0.967526,0,370,0,72.165585
6474,102386,0,762867,13.421212,0.000000,0.031957,,0.967382,0,370,0,72.169884
6475,102386,0,762867,13.421212,0.000000,0.533766,,0.967315,0,370,0,72.174182
6476,102386,0,762867,13.421212,0.000000,0.020835,non_zero_exit,0.967169,0,370,0,72.163038
6477,102386,0,762867,13.421212,0.000000,1.031105,,0.967179,0,370,0,72.167336
6478,102386,0,762867,13.421212,0.000000,0.022844,non_zero_exit,0.967033,0,370,0,72.156197
6479,102386,0,762867,13.421212,0.000000,2.030604,,0.967197,0,370,0,72.160494
6480,102386,0,762867,13.421212,0.000000,0.038163,,0.967054,0,370,0,72.164789
6481,102386,0,762867,13.421212,0.000000,0.032191,,0.966909,0,370,0,72.169084
6482,102386,0,762867,13.421212,0.000000,0.032652,,0.966765,0,370,0,72.173377
6483,102386,0,762867,13.421212,0.000000,0.028678,non_zero_exit,0.966621,0,370,0,72.162246
6484,102386,0,762867,13.421212,0.000000,1.030700,,0.966631,0,370,0,72.166538
6485,102386,0,762867,13.421212,0.000000,0.034933,,0.966487,0,370,0,72.170829
6486,102386,0,762867,13.421212,0.000000,1.035390,,0.966498,0,370,0,72.175119
6487,102396,10,762867,13.422523,0.001311,0.030003,,0.966353,0,370,0,72.179408
6488,102396,0,762867,13.422523,0.000000,0.932417,,0.966348,0,370,0,72.183695
6489,102396,0,762867,13.422523,0.000000,0.035036,,0.966204,0,370,0,72.187982
6490,102396,0,762867,13.422523,0.000000,0.033452,,0.966061,0,370,0,72.192266
6491,102396,0,762867,13.422523,0.000000,0.029220,,0.965916,0,370,0,72.196550
6492,102396,0,762867,13.422523,0.000000,0.430175,,0.965834,0,370,0,72.200832
6493,102396,0,762867,13.422523,0.000000,0.031775,,0.965690,0,370,0,72.205112
6494,102396,0,762867,13.422523,0.000000,0.031744,,0.965546,0,370,0,72.209392
6495,102396,0,762867,13.422523,0.000000,3.112583,,0.965877,0,370,0,72.213670
6496,102396,0,762867,13.422523,0.000000,0.026634,,0.965732,0,370,0,72.217947
6497,102396,0,762867,13.422523,0.000000,1.042122,,0.965744,0,370,0,72.222222
6498,102396,0,762867,13.422523,0.000000,0.024490,non_zero_exit,0.965599,0,370,0,72.211109
6499,102396,0,762867,13.422523,0.000000,1.026968,,0.965609,0,370,0,72.215385
6500,102396,0,762867,13.422523,0.000000,1.030371,,0.965619,0,370,0,72.219659
6501,102396,0,762867,13.422523,0.000000,5.004314,timeout,0.966240,0,371,0,72.208551
6502,102396,0,762867,13.422523,0.000000,0.021613,non_zero_exit,0.966095,0,371,0,72.197447
6503,102397,1,762867,13.422654,0.000131,0.029268,,0.965950,0,371,0,72.201722
6504,102397,0,762867,13.422654,0.000000,1.032220,non_zero_exit,0.965961,0,371,0,72.190623
6505,102397,0,762867,13.422654,0.000000,0.031548,,0.965817,0,371,0,72.194897
6506,102397,0,762867,13.422654,0.000000,1.040049,,0.965828,0,371,0,72.199170
6507,102397,0,762867,13.422654,0.000000,0.030685,,0.965685,0,371,0,72.203442
6508,102397,0,762867,13.422654,0.000000,1.035346,,0.965695,0,371,0,72.207712
6509,102397,0,762867,13.422654,0.000000,1.843966,,0.965830,0,371,0,72.211982
6510,102397,0,762867,13.422654,0.000000,0.028204,,0.965686,0,371,0,72.216249
6511,102397,0,762867,13.422654,0.000000,2.028633,non_zero_exit,0.965850,0,371,0,72.205160
6512,102397,0,762867,13.422654,0.000000,0.662819,,0.965803,0,371,0,72.209427
6513,102397,0,762867,13.422654,0.000000,1.031466,,0.965813,0,371,0,72.213694
6514,102397,0,762867,13.422654,0.000000,0.034620,,0.965670,0,371,0,72.217959
6515,102397,0,762867,13.422654,0.000000,1.027294,,0.965680,0,371,0,72.222222
6516,102397,0,762867,13.422654,0.000000,3.030968,,0.965997,0,371,0,72.226485
6517,102397,0,762867,13.422654,0.000000,0.028953,,0.965853,0,371,0,72.230746
6518,102397,0,762867,13.422654,0.000000,0.024157,non_zero_exit,0.965708,0,371,0,72.219666
6519,102397,0,762867,13.422654,0.000000,2.030187,,0.965872,0,371,0,72.223926
6520,102397,0,762867,13.422654,0.000000,0.026699,,0.965728,0,371,0,72.228186
6521,102397,0,762867,13.422654,0.000000,0.028847,,0.965584,0,371,0,72.232444
6522,102397,0,762867,13.422654,0.000000,0.035308,,0.965441,0,371,0,72.236701
6523,102397,0,762867,13.422654,0.000000,0.033240,,0.965298,0,371,0,72.240956
6524,102397,0,762867,13.422654,0.000000,1.028131,,0.965308,0,371,0,72.245211
6525,102397,0,762867,13.422654,0.000000,0.029405,,0.965165,0,371,0,72.249464
6526,102397,0,762867,13.422654,0.000000,0.909556,,0.965156,0,371,0,72.253715
6527,102397,0,762867,13.422654,0.000000,0.022461,non_zero_exit,0.965012,0,371,0,72.242647
6528,102397,0,762867,13.422654,0.000000,0.029998,,0.964869,0,371,0,72.246898
6529,102397,0,762867,13.422654,0.000000,0.026175,,0.964725,0,371,0,72.251149
6530,102397,0,762867,13.422654,0.000000,0.027172,,0.964581,0,371,0,72.255397
6531,102398,1,762867,13.422785,0.000131,1.032997,,0.964592,0,371,0,72.259645
6532,102398,0,762867,13.422785,0.000000,0.028488,,0.964448,0,371,0,72.263891
6533,102398,0,762867,13.422785,0.000000,0.123684,,0.964320,0,371,0,72.268136
6534,102398,0,762867,13.422785,0.000000,1.027716,,0.964329,0,371,0,72.272379
6535,102399,1,762867,13.422916,0.000131,1.032137,,0.964340,0,371,0,72.276622
6536,102399,0,762867,13.422916,0.000000,1.033088,,0.964350,0,371,0,72.280863
6537,102399,0,762867,13.422916,0.000000,0.028853,,0.964207,0,371,0,72.285102
6538,102399,0,762867,13.422916,0.000000,0.535665,,0.964142,0,371,0,72.289341
6539,102399,0,762867,13.422916,0.000000,0.033409,,0.963999,0,371,0,72.293578
6540,102399,0,762867,13.422916,0.000000,1.032316,,0.964010,0,371,0,72.297814
6541,102399,0,762867,13.422916,0.000000,0.029403,,0.963867,0,371,0,72.302048
6542,102399,0,762867,13.422916,0.000000,0.021854,non_zero_exit,0.963723,0,371,0,72.290998
6543,102399,0,762867,13.422916,0.000000,3.031964,,0.964039,0,371,0,72.295232
6544,102399,0,762867,13.422916,0.000000,2.031785,,0.964202,0,371,0,72.299465
6545,102399,0,762867,13.422916,0.000000,0.026522,,0.964059,0,371,0,72.303697
6546,102399,0,762867,13.422916,0.000000,1.026480,,0.964068,0,371,0,72.307927
6547,102399,0,762867,13.422916,0.000000,0.030754,,0.963926,0,371,0,72.312156
6548,102399,0,762867,13.422916,0.000000,0.030903,,0.963783,0,371,0,72.316384
6549,102399,0,762867,13.422916,0.000000,0.026291,non_zero_exit,0.963640,0,371,0,72.305344
6550,102399,0,762867,13.422916,0.000000,1.027282,,0.963650,0,371,0,72.309571
6551,102399,0,762867,13.422916,0.000000,1.033384,,0.963661,0,371,0,72.313797
6552,102399,0,762867,13.422916,0.000000,1.030502,,0.963671,0,371,0,72.318022
6553,102399,0,762867,13.422916,0.000000,0.034400,,0.963529,0,371,0,72.322246
6554,102399,0,762867,13.422916,0.000000,1.029150,,0.963539,0,371,0,72.326468
6555,102399,0,762867,13.422916,0.000000,1.035783,,0.963550,0,371,0,72.330689
6556,102399,0,762867,13.422916,0.000000,1.038304,,0.963562,0,371,0,72.334909
6557,102399,0,762867,13.422916,0.000000,1.032187,,0.963572,0,371,0,72.339128
6558,102399,0,762867,13.422916,0.000000,0.029687,,0.963430,0,371,0,72.343345
6559,102399,0,762867,13.422916,0.000000,0.033150,,0.963288,0,371,0,72.347561
6560,102399,0,762867,13.422916,0.000000,2.037055,non_zero_exit,0.963451,0,371,0,72.336534
6561,102399,0,762867,13.422916,0.000000,1.024683,non_zero_exit,0.963461,0,371,0,72.325511
6562,102399,0,762867,13.422916,0.000000,0.031593,,0.963319,0,371,0,72.329727
6563,102399,0,762867,13.422916,0.000000,0.029233,,0.963177,0,371,0,72.333943
6564,102414,15,762867,13.424883,0.001966,0.033238,,0.963035,0,371,0,72.338157
6565,102414,0,762867,13.424883,0.000000,0.029030,non_zero_exit,0.962893,0,371,0,72.327140
6566,102414,0,762867,13.424883,0.000000,0.023372,,0.962750,0,371,0,72.331354
6567,102414,0,762867,13.424883,0.000000,0.020916,non_zero_exit,0.962606,0,371,0,72.320341
6568,102414,0,762867,13.424883,0.000000,1.036186,,0.962617,0,371,0,72.324555
6569,102415,1,762867,13.425014,0.000131,0.027427,,0.962475,0,371,0,72.328767
6570,102416,1,762867,13.425145,0.000131,0.026175,non_zero_exit,0.962333,0,371,0,72.317760
6571,102416,0,762867,13.425145,0.000000,0.031263,,0.962191,0,371,0,72.321972
6572,102416,0,762867,13.425145,0.000000,2.036348,,0.962354,0,371,0,72.326183
6573,102416,0,762867,13.425145,0.000000,3.535701,,0.962746,0,371,0,72.330392
6574,102442,26,762867,13.428553,0.003408,0.030391,,0.962604,0,371,0,72.334601
6575,102442,0,762867,13.428553,0.000000,0.786355,,0.962577,0,371,0,72.338808
6576,102443,1,762867,13.428684,0.000131,0.023037,non_zero_exit,0.962434,0,371,0,72.327809
6577,102443,0,762867,13.428684,0.000000,1.030957,,0.962445,0,371,0,72.332016
6578,102443,0,762867,13.428684,0.000000,0.029309,,0.962303,0,371,0,72.336221
6579,102443,0,762867,13.428684,0.000000,0.031418,,0.962161,0,371,0,72.340426
6580,102443,0,762867,13.428684,0.000000,0.023975,non_zero_exit,0.962019,0,371,0,72.329433
6581,102443,0,762867,13.428684,0.000000,0.534551,,0.961954,0,371,0,72.333637
6582,102443,0,762867,13.428684,0.000000,0.027820,,0.961812,0,371,0,72.337840
6583,102443,0,762867,13.428684,0.000000,0.023781,non_zero_exit,0.961669,0,371,0,72.326853
6584,102443,0,762867,13.428684,0.000000,0.029260,,0.961528,0,371,0,72.331055
6585,102445,2,762867,13.428946,0.000262,0.023810,non_zero_exit,0.961386,0,371,0,72.320073
6586,102445,0,762867,13.428946,0.000000,0.129262,,0.961259,0,371,0,72.324275
6587,102445,0,762867,13.428946,0.000000,1.033161,,0.961270,0,371,0,72.328476
6588,102445,0,762867,13.428946,0.000000,0.026427,non_zero_exit,0.961128,0,371,0,72.317499
6589,102445,0,762867,13.428946,0.000000,0.030789,,0.960987,0,371,0,72.321700
6590,102445,0,762867,13.428946,0.000000,0.431825,,0.960907,0,371,0,72.325899
6591,102445,0,762867,13.428946,0.000000,1.032699,,0.960918,0,371,0,72.330097
6592,102445,0,762867,13.428946,0.000000,0.026694,,0.960776,0,371,0,72.334294
6593,102449,4,762867,13.429471,0.000524,5.004378,timeout,0.961389,0,372,0,72.323324
6594,102449,0,762867,13.429471,0.000000,0.030638,,0.961248,0,372,0,72.327521
6595,102449,0,762867,13.429471,0.000000,5.004575,timeout,0.961861,0,373,0,72.316555
6596,102449,0,762867,13.429471,0.000000,0.033907,non_zero_exit,0.961720,0,373,0,72.305593
6597,102449,0,762867,13.429471,0.000000,1.030284,,0.961731,0,373,0,72.309791
6598,102449,0,762867,13.429471,0.000000,2.028672,,0.961892,0,373,0,72.313987
6599,102449,0,762867,13.429471,0.000000,1.032635,,0.961903,0,373,0,72.318182
6600,102449,0,762867,13.429471,0.000000,0.023871,non_zero_exit,0.961761,0,373,0,72.307226
6601,102449,0,762867,13.429471,0.000000,4.027629,,0.962225,0,373,0,72.311421
6602,102449,0,762867,13.429471,0.000000,1.029990,,0.962236,0,373,0,72.315614
6603,102449,0,762867,13.429471,0.000000,0.029432,,0.962094,0,373,0,72.319806
6604,102449,0,762867,13.429471,0.000000,1.035688,,0.962106,0,373,0,72.323997
6605,102449,0,762867,13.429471,0.000000,2.032544,,0.962268,0,373,0,72.328186
6606,102450,1,762867,13.429602,0.000131,0.032843,,0.962127,0,373,0,72.332375
6607,102450,0,762867,13.429602,0.000000,0.038249,,0.961987,0,373,0,72.336562
6608,102450,0,762867,13.429602,0.000000,0.029610,,0.961846,0,373,0,72.340747
6609,102450,0,762867,13.429602,0.000000,1.028454,,0.961856,0,373,0,72.344932
6610,102452,2,762867,13.429864,0.000262,0.025522,,0.961715,0,373,0,72.349115
6611,102452,0,762867,13.429864,0.000000,1.027781,,0.961725,0,373,0,72.353297
6612,102452,0,762867,13.429864,0.000000,3.030956,,0.962037,0,373,0,72.357478
6613,102452,0,762867,13.429864,0.000000,0.030952,,0.961897,0,373,0,72.361657
6614,102452,0,762867,13.429864,0.000000,0.034929,,0.961757,0,373,0,72.365835
6615,102452,0,762867,13.429864,0.000000,0.024740,non_zero_exit,0.961615,0,373,0,72.354897
6616,102452,0,762867,13.429864,0.000000,0.022641,non_zero_exit,0.961473,0,373,0,72.343963
6617,102452,0,762867,13.429864,0.000000,3.035848,,0.961786,0,373,0,72.348141
6618,102452,0,762867,13.429864,0.000000,0.033380,,0.961646,0,373,0,72.352319
6619,102452,0,762867,13.429864,0.000000,5.003796,timeout,0.962257,0,374,0,72.341390
6620,102452,0,762867,13.429864,0.000000,0.030897,,0.962116,0,374,0,72.345567
6621,102452,0,762867,13.429864,0.000000,1.531998,,0.962202,0,374,0,72.349743
6622,102452,0,762867,13.429864,0.000000,5.004205,timeout,0.962812,0,375,0,72.338819
6623,102452,0,762867,13.429864,0.000000,0.021259,non_zero_exit,0.962670,0,375,0,72.327899
6624,102452,0,762867,13.429864,0.000000,0.030216,,0.962530,0,375,0,72.332075
6625,102452,0,762867,13.429864,0.000000,0.038029,,0.962390,0,375,0,72.336251
6626,102452,0,762867,13.429864,0.000000,0.024224,non_zero_exit,0.962248,0,375,0,72.325336
6627,102452,0,762867,13.429864,0.000000,0.024901,non_zero_exit,0.962107,0,375,0,72.314424
6628,102452,0,762867,13.429864,0.000000,1.030299,,0.962117,0,375,0,72.318600
6629,102452,0,762867,13.429864,0.000000,0.128429,,0.961992,0,375,0,72.322775
6630,102452,0,762867,13.429864,0.000000,0.023082,non_zero_exit,0.961850,0,375,0,72.311868
6631,102452,0,762867,13.429864,0.000000,2.027043,,0.962011,0,375,0,72.316043
6632,102452,0,762867,13.429864,0.000000,0.028557,,0.961870,0,375,0,72.320217
6633,102452,0,762867,13.429864,0.000000,0.341405,,0.961776,0,375,0,72.324390
6634,102452,0,762867,13.429864,0.000000,0.029939,,0.961636,0,375,0,72.328561
6635,102452,0,762867,13.429864,0.000000,0.532623,,0.961571,0,375,0,72.332731
6636,102452,0,762867,13.429864,0.000000,0.030799,,0.961431,0,375,0,72.336899
6637,102452,0,762867,13.429864,0.000000,0.022106,non_zero_exit,0.961290,0,375,0,72.326002
6638,102452,0,762867,13.429864,0.000000,1.027511,,0.961299,0,375,0,72.330170
6639,102452,0,762867,13.429864,0.000000,3.032550,non_zero_exit,0.961611,0,375,0,72.319277
6640,102452,0,762867,13.429864,0.000000,0.021151,non_zero_exit,0.961470,0,375,0,72.308387
6641,102452,0,762867,13.429864,0.000000,0.027824,,0.961329,0,375,0,72.312556
6642,102452,0,762867,13.429864,0.000000,0.528854,,0.961264,0,375,0,72.316724
6643,102452,0,762867,13.429864,0.000000,0.031776,,0.961124,0,375,0,72.320891
6644,102452,0,762867,13.429864,0.000000,1.028802,,0.961134,0,375,0,72.325056
6645,102452,0,762867,13.429864,0.000000,0.025028,non_zero_exit,0.960994,0,375,0,72.314174
6646,102452,0,762867,13.429864,0.000000,2.026905,,0.961154,0,375,0,72.318339
6647,102452,0,762867,13.429864,0.000000,1.024958,,0.961164,0,375,0,72.322503
6648,102452,0,762867,13.429864,0.000000,0.022958,non_zero_exit,0.961022,0,375,0,72.311626
6649,102452,0,762867,13.429864,0.000000,0.431150,,0.960943,0,375,0,72.315789
6650,102452,0,762867,13.429864,0.000000,1.027656,,0.960953,0,375,0,72.319952
6651,102454,2,762867,13.430126,0.000262,1.028241,,0.960963,0,375,0,72.324113
6652,102455,1,762867,13.430257,0.000131,0.228377,,0.960853,0,375,0,72.328273
6653,102455,0,762867,13.430257,0.000000,0.025578,,0.960712,0,375,0,72.332432
6654,102455,0,762867,13.430257,0.000000,0.030838,,0.960572,0,375,0,72.336589
6655,102455,0,762867,13.430257,0.000000,0.024789,non_zero_exit,0.960432,0,375,0,72.325721
6656,102455,0,762867,13.430257,0.000000,0.032758,,0.960293,0,375,0,72.329878
6657,102455,0,762867,13.430257,0.000000,0.029158,,0.960153,0,375,0,72.334034
6658,102455,0,762867,13.430257,0.000000,2.038335,,0.960315,0,375,0,72.338189
6659,102455,0,762867,13.430257,0.000000,0.028971,,0.960175,0,375,0,72.342342
6660,102455,0,762867,13.430257,0.000000,1.025909,,0.960185,0,375,0,72.346495
6661,102455,0,762867,13.430257,0.000000,0.024028,non_zero_exit,0.960044,0,375,0,72.335635
6662,102455,0,762867,13.430257,0.000000,2.035870,,0.960206,0,375,0,72.339787
6663,102455,0,762867,13.430257,0.000000,0.029572,,0.960066,0,375,0,72.343938
6664,102455,0,762867,13.430257,0.000000,1.028086,,0.960076,0,375,0,72.348087
6665,102455,0,762867,13.430257,0.000000,2.030977,,0.960237,0,375,0,72.352235
6666,102455,0,762867,13.430257,0.000000,0.018127,non_zero_exit,0.960095,0,375,0,72.341383
6667,102455,0,762867,13.430257,0.000000,1.034223,,0.960107,0,375,0,72.345531
6668,102455,0,762867,13.430257,0.000000,0.028406,,0.959967,0,375,0,72.349678
6669,102455,0,762867,13.430257,0.000000,0.023479,non_zero_exit,0.959826,0,375,0,72.338831
6670,102455,0,762867,13.430257,0.000000,1.031133,non_zero_exit,0.959837,0,375,0,72.327987
6671,102455,0,762867,13.430257,0.000000,3.031968,,0.960148,0,375,0,72.332134
6672,102455,0,762867,13.430257,0.000000,0.022910,non_zero_exit,0.960007,0,375,0,72.321295
6673,102455,0,762867,13.430257,0.000000,0.023293,non_zero_exit,0.959867,0,375,0,72.310458
6674,102455,0,762867,13.430257,0.000000,0.025575,non_zero_exit,0.959727,0,375,0,72.299625
6675,102455,0,762867,13.430257,0.000000,0.027638,,0.959587,0,375,0,72.303775
6676,102455,0,762867,13.430257,0.000000,0.023023,non_zero_exit,0.959447,0,375,0,72.292946
6677,102455,0,762867,13.430257,0.000000,2.029403,,0.959607,0,375,0,72.297095
6678,102455,0,762867,13.430257,0.000000,0.028469,,0.959468,0,375,0,72.301243
6679,102455,0,762867,13.430257,0.000000,0.037328,,0.959330,0,375,0,72.305389
6680,102455,0,762867,13.430257,0.000000,2.034683,,0.959491,0,375,0,72.309535
6681,102455,0,762867,13.430257,0.000000,0.029724,,0.959352,0,375,0,72.313679
6682,102455,0,762867,13.430257,0.000000,1.032429,,0.959363,0,375,0,72.317821
6683,102455,0,762867,13.430257,0.000000,1.998069,,0.959518,0,375,0,72.321963
6684,102455,0,762867,13.430257,0.000000,0.025704,non_zero_exit,0.959378,0,375,0,72.311144
6685,102455,0,762867,13.430257,0.000000,1.026731,,0.959388,0,375,0,72.315286
6686,102455,0,762867,13.430257,0.000000,0.030649,,0.959249,0,375,0,72.319426
6687,102455,0,762867,13.430257,0.000000,0.027069,,0.959110,0,375,0,72.323565
6688,102455,0,762867,13.430257,0.000000,0.023036,non_zero_exit,0.958970,0,375,0,72.312752
6689,102455,0,762867,13.430257,0.000000,0.131737,,0.958847,0,375,0,72.316891
6690,102455,0,762867,13.430257,0.000000,0.025460,non_zero_exit,0.958707,0,375,0,72.306083
6691,102455,0,762867,13.430257,0.000000,1.029036,,0.958718,0,375,0,72.310221
6692,102455,0,762867,13.430257,0.000000,0.817423,,0.958696,0,375,0,72.314358
6693,102455,0,762867,13.430257,0.000000,1.038306,,0.958708,0,375,0,72.318494
6694,102507,52,762867,13.437074,0.006816,0.044233,,0.958572,0,375,0,72.322629
6695,102507,0,762867,13.437074,0.000000,0.034087,non_zero_exit,0.958434,0,375,0,72.311828
6696,102507,0,762867,13.437074,0.000000,0.021778,non_zero_exit,0.958294,0,375,0,72.301030
6697,102508,1,762867,13.437205,0.000131,1.029239,,0.958304,0,375,0,72.305166
6698,102508,0,762867,13.437205,0.000000,2.026028,,0.958464,0,375,0,72.309300
6699,102508,0,762867,13.437205,0.000000,0.023323,non_zero_exit,0.958324,0,375,0,72.298507
6700,102510,2,762867,13.437467,0.000262,1.029768,,0.958335,0,375,0,72.302641
6701,102510,0,762867,13.437467,0.000000,1.033722,,0.958346,0,375,0,72.306774
6702,102510,0,762867,13.437467,0.000000,1.027626,,0.958356,0,375,0,72.310906
6703,102510,0,762867,13.437467,0.000000,1.032475,,0.958367,0,375,0,72.315036
6704,102510,0,762867,13.437467,0.000000,5.004192,timeout,0.958971,0,376,0,72.304251
6705,102510,0,762867,13.437467,0.000000,1.034565,,0.958982,0,376,0,72.308381
6706,102510,0,762867,13.437467,0.000000,1.027586,,0.958992,0,376,0,72.312509
6707,102511,1,762867,13.437598,0.000131,1.038063,,0.959004,0,376,0,72.316637
6708,102511,0,762867,13.437598,0.000000,0.025540,non_zero_exit,0.958865,0,376,0,72.305858
6709,102511,0,762867,13.437598,0.000000,2.028687,,0.959024,0,376,0,72.309985
6710,102511,0,762867,13.437598,0.000000,0.025371,non_zero_exit,0.958885,0,376,0,72.299210
6711,102511,0,762867,13.437598,0.000000,0.031882,non_zero_exit,0.958747,0,376,0,72.288439
6712,102511,0,762867,13.437598,0.000000,0.028776,,0.958609,0,376,0,72.292567
6713,102511,0,762867,13.437598,0.000000,1.028687,,0.958619,0,376,0,72.296693
6714,102514,3,762867,13.437991,0.000393,5.090184,timeout,0.959234,0,377,0,72.285927
6715,102514,0,762867,13.437991,0.000000,0.027306,,0.959096,0,377,0,72.290054
6716,102514,0,762867,13.437991,0.000000,3.032223,,0.959404,0,377,0,72.294179
6717,102514,0,762867,13.437991,0.000000,0.033399,,0.959266,0,377,0,72.298303
6718,102514,0,762867,13.437991,0.000000,0.029080,,0.959128,0,377,0,72.302426
6719,102514,0,762867,13.437991,0.000000,0.022979,non_zero_exit,0.958989,0,377,0,72.291667
6720,102514,0,762867,13.437991,0.000000,1.028877,non_zero_exit,0.958999,0,377,0,72.280911
6721,102514,0,762867,13.437991,0.000000,0.127965,,0.958875,0,377,0,72.285034
6722,102514,0,762867,13.437991,0.000000,0.029175,,0.958737,0,377,0,72.289157
6723,102514,0,762867,13.437991,0.000000,0.031499,,0.958599,0,377,0,72.293278
6724,102514,0,762867,13.437991,0.000000,0.029371,,0.958461,0,377,0,72.297398
6725,102514,0,762867,13.437991,0.000000,1.025455,,0.958471,0,377,0,72.301517
6726,102514,0,762867,13.437991,0.000000,0.032550,,0.958333,0,377,0,72.305634
6727,102514,0,762867,13.437991,0.000000,5.004443,timeout,0.958935,0,378,0,72.294887
6728,102514,0,762867,13.437991,0.000000,2.037685,,0.959095,0,378,0,72.299004
6729,102514,0,762867,13.437991,0.000000,0.028968,,0.958957,0,378,0,72.303120
6730,102514,0,762867,13.437991,0.000000,0.028051,,0.958819,0,378,0,72.307235
6731,102514,0,762867,13.437991,0.000000,5.004594,timeout,0.959420,0,379,0,72.296494
6732,102514,0,762867,13.437991,0.000000,0.029045,,0.959281,0,379,0,72.300609
6733,102514,0,762867,13.437991,0.000000,0.784609,,0.959255,0,379,0,72.304722
6734,102514,0,762867,13.437991,0.000000,2.818368,,0.959532,0,379,0,72.308834
6735,102514,0,762867,13.437991,0.000000,1.026192,,0.959541,0,379,0,72.312945
6736,102514,0,762867,13.437991,0.000000,0.024002,non_zero_exit,0.959403,0,379,0,72.302212
6737,102514,0,762867,13.437991,0.000000,1.026261,,0.959412,0,379,0,72.306322
6738,102514,0,762867,13.437991,0.000000,1.028142,,0.959423,0,379,0,72.310432
6739,102514,0,762867,13.437991,0.000000,1.029657,,0.959433,0,379,0,72.314540
6740,102514,0,762867,13.437991,0.000000,1.031385,,0.959444,0,379,0,72.318647
6741,102531,17,762867,13.440220,0.002228,1.032310,,0.959455,0,379,0,72.322753
6742,102531,0,762867,13.440220,0.000000,0.024380,non_zero_exit,0.959316,0,379,0,72.312027
6743,102531,0,762867,13.440220,0.000000,0.029398,,0.959178,0,379,0,72.316133
6744,102531,0,762867,13.440220,0.000000,0.036051,,0.959041,0,379,0,72.320237
6745,102531,0,762867,13.440220,0.000000,0.035708,,0.958904,0,379,0,72.324340
6746,102531,0,762867,13.440220,0.000000,0.026462,,0.958766,0,379,0,72.328442
6747,102531,0,762867,13.440220,0.000000,1.136128,,0.958792,0,379,0,72.332543
6748,102531,0,762867,13.440220,0.000000,2.041340,,0.958953,0,379,0,72.336642
6749,102531,0,762867,13.440220,0.000000,1.028351,,0.958963,0,379,0,72.340741
6750,102531,0,762867,13.440220,0.000000,0.029442,,0.958825,0,379,0,72.344838
6751,102531,0,762867,13.440220,0.000000,1.031044,,0.958836,0,379,0,72.348934
6752,102531,0,762867,13.440220,0.000000,0.033615,,0.958699,0,379,0,72.353028
6753,102531,0,762867,13.440220,0.000000,1.953366,,0.958846,0,379,0,72.357122
6754,102531,0,762867,13.440220,0.000000,1.026272,,0.958856,0,379,0,72.361214
6755,102531,0,762867,13.440220,0.000000,0.029970,,0.958719,0,379,0,72.365305
6756,102531,0,762867,13.440220,0.000000,0.026328,,0.958581,0,379,0,72.369395
6757,102531,0,762867,13.440220,0.000000,0.019988,non_zero_exit,0.958442,0,379,0,72.358686
6758,102531,0,762867,13.440220,0.000000,0.030139,,0.958305,0,379,0,72.362776
6759,102531,0,762867,13.440220,0.000000,0.024047,non_zero_exit,0.958166,0,379,0,72.352071
6760,102531,0,762867,13.440220,0.000000,0.021291,non_zero_exit,0.958028,0,379,0,72.341370
6761,102531,0,762867,13.440220,0.000000,0.532722,,0.957965,0,379,0,72.345460
6762,102531,0,762867,13.440220,0.000000,1.037179,,0.957977,0,379,0,72.349549
6763,102531,0,762867,13.440220,0.000000,1.034052,,0.957988,0,379,0,72.353637
6764,102532,1,762867,13.440351,0.000131,0.338494,,0.957896,0,379,0,72.357724
6765,102532,0,762867,13.440351,0.000000,0.021090,non_zero_exit,0.957758,0,379,0,72.347029
6766,102532,0,762867,13.440351,0.000000,0.030587,,0.957621,0,379,0,72.351116
6767,102532,0,762867,13.440351,0.000000,0.029957,,0.957484,0,379,0,72.355201
6768,102532,0,762867,13.440351,0.000000,1.031089,,0.957495,0,379,0,72.359285
6769,102532,0,762867,13.440351,0.000000,0.022771,non_zero_exit,0.957357,0,379,0,72.348597
6770,102532,0,762867,13.440351,0.000000,0.537950,,0.957295,0,379,0,72.352681
6771,102532,0,762867,13.440351,0.000000,0.029345,,0.957158,0,379,0,72.356763
6772,102532,0,762867,13.440351,0.000000,0.023667,non_zero_exit,0.957020,0,379,0,72.346080
6773,102532,0,762867,13.440351,0.000000,0.026999,,0.956882,0,379,0,72.350162
6774,102532,0,762867,13.440351,0.000000,1.035757,,0.956894,0,379,0,72.354244
6775,102533,1,762867,13.440482,0.000131,3.735350,,0.957304,0,379,0,72.358323
6776,102533,0,762867,13.440482,0.000000,3.037617,,0.957611,0,379,0,72.362402
6777,102533,0,762867,13.440482,0.000000,0.024980,,0.957474,0,379,0,72.366480
6778,102533,0,762867,13.440482,0.000000,0.030639,,0.957337,0,379,0,72.370556
6779,102533,0,762867,13.440482,0.000000,2.041794,,0.957497,0,379,0,72.374631
6780,102533,0,762867,13.440482,0.000000,1.029013,,0.957507,0,379,0,72.378705
6781,102533,0,762867,13.440482,0.000000,2.345522,,0.957712,0,379,0,72.382778
6782,102533,0,762867,13.440482,0.000000,0.537819,,0.957650,0,379,0,72.386849
6783,102533,0,762867,13.440482,0.000000,3.031418,,0.957956,0,379,0,72.390920
6784,102533,0,762867,13.440482,0.000000,1.037834,,0.957968,0,379,0,72.394989
6785,102533,0,762867,13.440482,0.000000,0.937202,,0.957964,0,379,0,72.399057
6786,102533,0,762867,13.440482,0.000000,0.034694,,0.957828,0,379,0,72.403124
6787,102533,0,762867,13.440482,0.000000,0.023972,non_zero_exit,0.957691,0,379,0,72.392457
6788,102533,0,762867,13.440482,0.000000,0.021224,non_zero_exit,0.957553,0,379,0,72.381794
6789,102533,0,762867,13.440482,0.000000,0.028788,,0.957416,0,379,0,72.385862
6790,102533,0,762867,13.440482,0.000000,0.023523,non_zero_exit,0.957279,0,379,0,72.375202
6791,102533,0,762867,13.440482,0.000000,2.034075,,0.957437,0,379,0,72.379270
6792,102533,0,762867,13.440482,0.000000,0.022732,non_zero_exit,0.957300,0,379,0,72.368615
6793,102533,0,762867,13.440482,0.000000,0.030993,,0.957163,0,379,0,72.372682
6794,102533,0,762867,13.440482,0.000000,0.024611,,0.957026,0,379,0,72.376748
6795,102533,0,762867,13.440482,0.000000,0.032923,,0.956890,0,379,0,72.380812
6796,102533,0,762867,13.440482,0.000000,0.030709,,0.956754,0,379,0,72.384876
6797,102533,0,762867,13.440482,0.000000,0.028864,,0.956617,0,379,0,72.388938
6798,102533,0,762867,13.440482,0.000000,0.020885,non_zero_exit,0.956480,0,379,0,72.378291
6799,102533,0,762867,13.440482,0.000000,2.027526,,0.956637,0,379,0,72.382353
6800,102533,0,762867,13.440482,0.000000,3.031651,,0.956942,0,379,0,72.386414
6801,102533,0,762867,13.440482,0.000000,0.029057,,0.956806,0,379,0,72.390473
6802,102533,0,762867,13.440482,0.000000,2.030772,,0.956964,0,379,0,72.394532
6803,102533,0,762867,13.440482,0.000000,3.031770,,0.957269,0,379,0,72.398589
6804,102533,0,762867,13.440482,0.000000,0.022702,non_zero_exit,0.957131,0,379,0,72.387950
6805,102533,0,762867,13.440482,0.000000,5.004980,timeout,0.957726,0,380,0,72.377314
6806,102533,0,762867,13.440482,0.000000,1.027278,,0.957736,0,380,0,72.381372
6807,102533,0,762867,13.440482,0.000000,0.021371,non_zero_exit,0.957599,0,380,0,72.370740
6808,102533,0,762867,13.440482,0.000000,1.027506,,0.957609,0,380,0,72.374798
6809,102533,0,762867,13.440482,0.000000,0.032583,,0.957473,0,380,0,72.378855
6810,102533,0,762867,13.440482,0.000000,0.031061,,0.957337,0,380,0,72.382910
6811,102533,0,762867,13.440482,0.000000,0.030962,,0.957201,0,380,0,72.386964
6812,102533,0,762867,13.440482,0.000000,2.538738,,0.957433,0,380,0,72.391017
6813,102533,0,762867,13.440482,0.000000,0.029942,,0.957297,0,380,0,72.395069
6814,102533,0,762867,13.440482,0.000000,0.031471,,0.957161,0,380,0,72.399120
6815,102546,13,762867,13.442186,0.001704,0.029928,,0.957025,0,380,0,72.403169
6816,102546,0,762867,13.442186,0.000000,1.033414,,0.957036,0,380,0,72.407217
6817,102546,0,762867,13.442186,0.000000,1.028569,,0.957047,0,380,0,72.411264
6818,102546,0,762867,13.442186,0.000000,0.027694,,0.956911,0,380,0,72.415310
6819,102546,0,762867,13.442186,0.000000,0.032599,,0.956775,0,380,0,72.419355
6820,102546,0,762867,13.442186,0.000000,4.530008,,0.957299,0,380,0,72.423398
6821,102546,0,762867,13.442186,0.000000,3.039764,,0.957604,0,380,0,72.427441
6822,102546,0,762867,13.442186,0.000000,1.027401,,0.957614,0,380,0,72.431482
6823,102546,0,762867,13.442186,0.000000,1.029177,,0.957625,0,380,0,72.435522
6824,102546,0,762867,13.442186,0.000000,1.032889,,0.957636,0,380,0,72.439560
6825,102546,0,762867,13.442186,0.000000,1.032342,,0.957647,0,380,0,72.443598
6826,102546,0,762867,13.442186,0.000000,1.027387,,0.957657,0,380,0,72.447634
6827,102546,0,762867,13.442186,0.000000,1.030398,,0.957668,0,380,0,72.451670
6828,102546,0,762867,13.442186,0.000000,0.029043,,0.957532,0,380,0,72.455704
6829,102546,0,762867,13.442186,0.000000,1.030834,,0.957543,0,380,0,72.459736
6830,102546,0,762867,13.442186,0.000000,1.027659,,0.957553,0,380,0,72.463768
6831,102546,0,762867,13.442186,0.000000,1.027436,,0.957563,0,380,0,72.467799
6832,102546,0,762867,13.442186,0.000000,1.028512,,0.957573,0,380,0,72.471828
6833,102546,0,762867,13.442186,0.000000,0.031219,,0.957438,0,380,0,72.475856
6834,102546,0,762867,13.442186,0.000000,2.028321,,0.957595,0,380,0,72.479883
6835,102546,0,762867,13.442186,0.000000,1.529855,,0.957678,0,380,0,72.483909
6836,102546,0,762867,13.442186,0.000000,1.034879,,0.957690,0,380,0,72.487933
6837,102546,0,762867,13.442186,0.000000,1.025532,non_zero_exit,0.957700,0,380,0,72.477333
6838,102546,0,762867,13.442186,0.000000,1.028942,,0.957710,0,380,0,72.481357
6839,102546,0,762867,13.442186,0.000000,0.030251,,0.957574,0,380,0,72.485380
6840,102546,0,762867,13.442186,0.000000,0.533735,,0.957512,0,380,0,72.489402
6841,102546,0,762867,13.442186,0.000000,0.022186,,0.957376,0,380,0,72.493423
6842,102546,0,762867,13.442186,0.000000,1.031223,,0.957386,0,380,0,72.497443
6843,102546,0,762867,13.442186,0.000000,0.026147,,0.957250,0,380,0,72.501461
6844,102546,0,762867,13.442186,0.000000,0.030282,,0.957115,0,380,0,72.505478
6845,102546,0,762867,13.442186,0.000000,0.132035,,0.956994,0,380,0,72.509495
6846,102546,0,762867,13.442186,0.000000,5.007899,timeout,0.957586,0,381,0,72.498905
6847,102546,0,762867,13.442186,0.000000,0.027206,,0.957450,0,381,0,72.502921
6848,102546,0,762867,13.442186,0.000000,0.023631,non_zero_exit,0.957314,0,381,0,72.492335
6849,102546,0,762867,13.442186,0.000000,0.031636,,0.957179,0,381,0,72.496350
6850,102546,0,762867,13.442186,0.000000,0.029834,,0.957043,0,381,0,72.500365
6851,102546,0,762867,13.442186,0.000000,0.043628,,0.956910,0,381,0,72.504378
6852,102546,0,762867,13.442186,0.000000,2.226465,,0.957095,0,381,0,72.508390
6853,102546,0,762867,13.442186,0.000000,5.004697,timeout,0.957686,0,382,0,72.497811
6854,102561,15,762867,13.444152,0.001966,5.004161,timeout,0.958276,0,383,0,72.487236
6855,102561,0,762867,13.444152,0.000000,1.027443,,0.958286,0,383,0,72.491249
6856,102561,0,762867,13.444152,0.000000,0.035299,,0.958152,0,383,0,72.495260
6857,102561,0,762867,13.444152,0.000000,1.423042,,0.958219,0,383,0,72.499271
6858,102561,0,762867,13.444152,0.000000,0.036072,,0.958085,0,383,0,72.503280
6859,102561,0,762867,13.444152,0.000000,1.026799,,0.958095,0,383,0,72.507289
6860,102561,0,762867,13.444152,0.000000,2.955996,,0.958386,0,383,0,72.511296
6861,102561,0,762867,13.444152,0.000000,0.029510,,0.958251,0,383,0,72.515302
6862,102561,0,762867,13.444152,0.000000,0.033035,,0.958116,0,383,0,72.519306
6863,102561,0,762867,13.444152,0.000000,0.031567,,0.957981,0,383,0,72.523310
6864,102561,0,762867,13.444152,0.000000,0.527482,non_zero_exit,0.957918,0,383,0,72.512746
6865,102561,0,762867,13.444152,0.000000,4.034492,,0.958366,0,383,0,72.516749
6866,102561,0,762867,13.444152,0.000000,0.024564,non_zero_exit,0.958230,0,383,0,72.506189
6867,102561,0,762867,13.444152,0.000000,0.031726,,0.958096,0,383,0,72.510192
6868,102561,0,762867,13.444152,0.000000,2.535913,,0.958325,0,383,0,72.514194
6869,102561,0,762867,13.444152,0.000000,0.024072,non_zero_exit,0.958189,0,383,0,72.503639
6870,102561,0,762867,13.444152,0.000000,1.035521,non_zero_exit,0.958201,0,383,0,72.493087
6871,102561,0,762867,13.444152,0.000000,3.036095,,0.958503,0,383,0,72.497090
6872,102561,0,762867,13.444152,0.000000,0.022856,non_zero_exit,0.958367,0,383,0,72.486542
6873,102561,0,762867,13.444152,0.000000,0.028460,,0.958231,0,383,0,72.490544
6874,102561,0,762867,13.444152,0.000000,3.036835,,0.958534,0,383,0,72.494545
6875,102561,0,762867,13.444152,0.000000,1.030307,,0.958544,0,383,0,72.498546
6876,102561,0,762867,13.444152,0.000000,0.029397,,0.958409,0,383,0,72.502545
6877,102561,0,762867,13.444152,0.000000,1.033154,,0.958420,0,383,0,72.506543
6878,102561,0,762867,13.444152,0.000000,0.036939,non_zero_exit,0.958286,0,383,0,72.496002
6879,102561,0,762867,13.444152,0.000000,0.030724,,0.958151,0,383,0,72.500000
6880,102561,0,762867,13.444152,0.000000,0.029163,,0.958016,0,383,0,72.503997
6881,102561,0,762867,13.444152,0.000000,0.021427,non_zero_exit,0.957880,0,383,0,72.493461
6882,102561,0,762867,13.444152,0.000000,1.029957,,0.957891,0,383,0,72.497458
6883,102561,0,762867,13.444152,0.000000,0.041020,,0.957757,0,383,0,72.501453
6884,102561,0,762867,13.444152,0.000000,0.036022,,0.957624,0,383,0,72.505447
6885,102561,0,762867,13.444152,0.000000,1.029404,,0.957634,0,383,0,72.509439
6886,102561,0,762867,13.444152,0.000000,0.032809,,0.957500,0,383,0,72.513431
6887,102561,0,762867,13.444152,0.000000,0.023177,non_zero_exit,0.957364,0,383,0,72.502904
6888,102561,0,762867,13.444152,0.000000,2.033780,,0.957520,0,383,0,72.506895
6889,102561,0,762867,13.444152,0.000000,0.025838,non_zero_exit,0.957385,0,383,0,72.496372
6890,102561,0,762867,13.444152,0.000000,0.024844,non_zero_exit,0.957250,0,383,0,72.485851
6891,102561,0,762867,13.444152,0.000000,1.035775,,0.957261,0,383,0,72.489843
6892,102561,0,762867,13.444152,0.000000,5.003381,timeout,0.957848,0,384,0,72.479327
6893,102561,0,762867,13.444152,0.000000,0.533275,,0.957787,0,384,0,72.483319
6894,102561,0,762867,13.444152,0.000000,1.031943,,0.957797,0,384,0,72.487310
6895,102561,0,762867,13.444152,0.000000,1.027249,,0.957807,0,384,0,72.491299
6896,102561,0,762867,13.444152,0.000000,1.029693,,0.957818,0,384,0,72.495288
6897,102561,0,762867,13.444152,0.000000,3.035196,,0.958119,0,384,0,72.499275
6898,102561,0,762867,13.444152,0.000000,2.538910,,0.958348,0,384,0,72.503261
6899,102561,0,762867,13.444152,0.000000,1.532400,,0.958431,0,384,0,72.507246
6900,102561,0,762867,13.444152,0.000000,1.028463,,0.958441,0,384,0,72.511230
6901,102561,0,762867,13.444152,0.000000,1.030815,,0.958452,0,384,0,72.515213
6902,102561,0,762867,13.444152,0.000000,0.027357,,0.958317,0,384,0,72.519195
6903,102561,0,762867,13.444152,0.000000,0.041481,,0.958184,0,384,0,72.523175
6904,102561,0,762867,13.444152,0.000000,1.031773,,0.958195,0,384,0,72.527154
6905,102561,0,762867,13.444152,0.000000,3.028479,,0.958495,0,384,0,72.531132
6906,102561,0,762867,13.444152,0.000000,0.020886,non_zero_exit,0.958359,0,384,0,72.520631
6907,102561,0,762867,13.444152,0.000000,0.021437,non_zero_exit,0.958223,0,384,0,72.510133
6908,102561,0,762867,13.444152,0.000000,5.073262,timeout,0.958819,0,385,0,72.499638
6909,102561,0,762867,13.444152,0.000000,0.021433,non_zero_exit,0.958683,0,385,0,72.489146
6910,102561,0,762867,13.444152,0.000000,2.537886,,0.958912,0,385,0,72.493127
6911,102561,0,762867,13.444152,0.000000,3.036268,,0.959212,0,385,0,72.497106
6912,102561,0,762867,13.444152,0.000000,0.030607,,0.959078,0,385,0,72.501085
6913,102561,0,762867,13.444152,0.000000,2.146410,,0.959250,0,385,0,72.505062
6914,102561,0,762867,13.444152,0.000000,0.032593,,0.959116,0,385,0,72.509038
6915,102562,1,762867,13.444283,0.000131,0.023664,non_zero_exit,0.958980,0,385,0,72.498554
6916,102562,0,762867,13.444283,0.000000,0.028846,,0.958846,0,385,0,72.502530
6917,102562,0,762867,13.444283,0.000000,5.004217,timeout,0.959431,0,386,0,72.492050
6918,102562,0,762867,13.444283,0.000000,0.021646,non_zero_exit,0.959295,0,386,0,72.481572
6919,102562,0,762867,13.444283,0.000000,0.026459,,0.959160,0,386,0,72.485549
6920,102562,0,762867,13.444283,0.000000,0.025877,non_zero_exit,0.959026,0,386,0,72.475076
6921,102562,0,762867,13.444283,0.000000,0.029490,,0.958891,0,386,0,72.479052
6922,102562,0,762867,13.444283,0.000000,1.026097,non_zero_exit,0.958901,0,386,0,72.468583
6923,102562,0,762867,13.444283,0.000000,0.028027,,0.958766,0,386,0,72.472559
6924,102562,0,762867,13.444283,0.000000,0.021666,non_zero_exit,0.958631,0,386,0,72.462094
6925,102562,0,762867,13.444283,0.000000,0.022297,non_zero_exit,0.958496,0,386,0,72.451632
6926,102562,0,762867,13.444283,0.000000,0.028815,,0.958362,0,386,0,72.455608
6927,102562,0,762867,13.444283,0.000000,1.028467,,0.958372,0,386,0,72.459584
6928,102562,0,762867,13.444283,0.000000,5.002554,timeout,0.958956,0,387,0,72.449127
6929,102562,0,762867,13.444283,0.000000,0.029405,,0.958821,0,387,0,72.453102
6930,102562,0,762867,13.444283,0.000000,2.030584,,0.958976,0,387,0,72.457077
6931,102562,0,762867,13.444283,0.000000,3.028719,,0.959275,0,387,0,72.461050
6932,102562,0,762867,13.444283,0.000000,3.029621,,0.959573,0,387,0,72.465022
6933,102589,27,762867,13.447822,0.003539,2.037924,,0.959729,0,387,0,72.468993
6934,102589,0,762867,13.447822,0.000000,1.033059,,0.959739,0,387,0,72.472963
6935,102589,0,762867,13.447822,0.000000,0.033430,,0.959606,0,387,0,72.476932
6936,102589,0,762867,13.447822,0.000000,0.024788,non_zero_exit,0.959471,0,387,0,72.466484
6937,102589,0,762867,13.447822,0.000000,3.032661,,0.959770,0,387,0,72.470453
6938,102589,0,762867,13.447822,0.000000,0.032721,,0.959636,0,387,0,72.474420
6939,102589,0,762867,13.447822,0.000000,0.022134,non_zero_exit,0.959501,0,387,0,72.463977
6940,102589,0,762867,13.447822,0.000000,1.030656,,0.959511,0,387,0,72.467944
6941,102589,0,762867,13.447822,0.000000,1.031415,,0.959522,0,387,0,72.471910
6942,102589,0,762867,13.447822,0.000000,1.031418,,0.959532,0,387,0,72.475875
6943,102589,0,762867,13.447822,0.000000,1.032114,,0.959543,0,387,0,72.479839
6944,102589,0,762867,13.447822,0.000000,0.028595,,0.959409,0,387,0,72.483801
6945,102589,0,762867,13.447822,0.000000,1.026739,,0.959418,0,387,0,72.487763
6946,102589,0,762867,13.447822,0.000000,0.029964,,0.959284,0,387,0,72.491723
6947,102589,0,762867,13.447822,0.000000,0.023581,non_zero_exit,0.959150,0,387,0,72.481290
6948,102589,0,762867,13.447822,0.000000,2.030017,,0.959304,0,387,0,72.485250
6949,102589,0,762867,13.447822,0.000000,5.004511,timeout,0.959886,0,388,0,72.474820
6950,102589,0,762867,13.447822,0.000000,0.031090,,0.959752,0,388,0,72.478780
6951,102592,3,762867,13.448216,0.000393,0.025503,,0.959618,0,388,0,72.482739
6952,102592,0,762867,13.448216,0.000000,2.037230,,0.959773,0,388,0,72.486696
6953,102592,0,762867,13.448216,0.000000,4.031923,,0.960215,0,388,0,72.490653
6954,102592,0,762867,13.448216,0.000000,1.035896,,0.960226,0,388,0,72.494608
6955,102592,0,762867,13.448216,0.000000,0.027690,,0.960091,0,388,0,72.498562
6956,102592,0,762867,13.448216,0.000000,0.024191,non_zero_exit,0.959957,0,388,0,72.488141
6957,102592,0,762867,13.448216,0.000000,0.033228,,0.959824,0,388,0,72.492095
6958,102592,0,762867,13.448216,0.000000,0.021762,non_zero_exit,0.959689,0,388,0,72.481678
6959,102592,0,762867,13.448216,0.000000,0.433449,,0.959613,0,388,0,72.485632
6960,102592,0,762867,13.448216,0.000000,0.032074,,0.959480,0,388,0,72.489585
6961,102592,0,762867,13.448216,0.000000,2.034217,non_zero_exit,0.959634,0,388,0,72.479173
6962,102592,0,762867,13.448216,0.000000,4.731756,,0.960176,0,388,0,72.483125
6963,102592,0,762867,13.448216,0.000000,0.029945,,0.960043,0,388,0,72.487076
6964,102592,0,762867,13.448216,0.000000,0.027422,,0.959909,0,388,0,72.491027
6965,102594,2,762867,13.448478,0.000262,0.136472,,0.959791,0,388,0,72.494976
6966,102594,0,762867,13.448478,0.000000,0.021903,non_zero_exit,0.959656,0,388,0,72.484570
6967,102594,0,762867,13.448478,0.000000,0.020981,non_zero_exit,0.959521,0,388,0,72.474168
6968,102594,0,762867,13.448478,0.000000,1.039560,,0.959533,0,388,0,72.478117
6969,102594,0,762867,13.448478,0.000000,0.029308,,0.959399,0,388,0,72.482066
6970,102594,0,762867,13.448478,0.000000,0.025721,,0.959265,0,388,0,72.486013
6971,102594,0,762867,13.448478,0.000000,3.228905,,0.959591,0,388,0,72.489960
6972,102594,0,762867,13.448478,0.000000,0.021528,non_zero_exit,0.959456,0,388,0,72.479564
6973,102594,0,762867,13.448478,0.000000,0.022634,non_zero_exit,0.959322,0,388,0,72.469171
6974,102594,0,762867,13.448478,0.000000,1.027665,,0.959332,0,388,0,72.473118
6975,102594,0,762867,13.448478,0.000000,3.028816,,0.959628,0,388,0,72.477064
6976,102594,0,762867,13.448478,0.000000,4.046317,,0.960071,0,388,0,72.481009
6977,102594,0,762867,13.448478,0.000000,1.032249,,0.960081,0,388,0,72.484953
6978,102594,0,762867,13.448478,0.000000,1.031665,,0.960091,0,388,0,72.488895
6979,102594,0,762867,13.448478,0.000000,0.030566,,0.959958,0,388,0,72.492837
6980,102594,0,762867,13.448478,0.000000,5.003629,timeout,0.960538,0,389,0,72.482452
6981,102594,0,762867,13.448478,0.000000,0.036802,,0.960405,0,389,0,72.486394
6982,102594,0,762867,13.448478,0.000000,1.026291,,0.960415,0,389,0,72.490334
6983,102594,0,762867,13.448478,0.000000,1.046977,,0.960427,0,389,0,72.494273
6984,102594,0,762867,13.448478,0.000000,0.029972,,0.960294,0,389,0,72.498210
6985,102594,0,762867,13.448478,0.000000,0.026571,non_zero_exit,0.960160,0,389,0,72.487833
6986,102594,0,762867,13.448478,0.000000,1.027841,,0.960170,0,389,0,72.491770
6987,102594,0,762867,13.448478,0.000000,1.029911,,0.960180,0,389,0,72.495707
6988,102594,0,762867,13.448478,0.000000,1.025474,,0.960189,0,389,0,72.499642
6989,102594,0,762867,13.448478,0.000000,0.031435,,0.960056,0,389,0,72.503577
6990,102594,0,762867,13.448478,0.000000,5.004721,timeout,0.960635,0,390,0,72.493206
6991,102594,0,762867,13.448478,0.000000,1.526273,,0.960716,0,390,0,72.497140
6992,102594,0,762867,13.448478,0.000000,0.021923,,0.960582,0,390,0,72.501073
6993,102594,0,762867,13.448478,0.000000,0.023448,,0.960448,0,390,0,72.505004
6994,102594,0,762867,13.448478,0.000000,0.439332,,0.960373,0,390,0,72.508935
6995,102594,0,762867,13.448478,0.000000,3.037563,,0.960670,0,390,0,72.512864
6996,102594,0,762867,13.448478,0.000000,3.035278,,0.960966,0,390,0,72.516793
6997,102594,0,762867,13.448478,0.000000,0.030391,,0.960833,0,390,0,72.520720
6998,102594,0,762867,13.448478,0.000000,1.038938,,0.960845,0,390,0,72.524646
6999,102594,0,762867,13.448478,0.000000,2.030498,,0.960997,0,390,0,72.528571
7000,102594,0,762867,13.448478,0.000000,0.022289,non_zero_exit,0.960863,0,390,0,72.518212
7001,102594,0,762867,13.448478,0.000000,1.032354,,0.960874,0,390,0,72.522137
7002,102594,0,762867,13.448478,0.000000,5.004850,timeout,0.961451,0,391,0,72.511781
7003,102594,0,762867,13.448478,0.000000,1.029412,,0.961461,0,391,0,72.515705
7004,102594,0,762867,13.448478,0.000000,0.024434,non_zero_exit,0.961327,0,391,0,72.505353
7005,102594,0,762867,13.448478,0.000000,0.024626,non_zero_exit,0.961193,0,391,0,72.495004
7006,102594,0,762867,13.448478,0.000000,5.003536,timeout,0.961770,0,392,0,72.484658
7007,102594,0,762867,13.448478,0.000000,0.021721,non_zero_exit,0.961636,0,392,0,72.474315
7008,102594,0,762867,13.448478,0.000000,0.026727,non_zero_exit,0.961503,0,392,0,72.463975
7009,102594,0,762867,13.448478,0.000000,4.534815,,0.962012,0,392,0,72.467903
7010,102594,0,762867,13.448478,0.000000,0.024720,non_zero_exit,0.961879,0,392,0,72.457567
7011,102594,0,762867,13.448478,0.000000,0.022744,non_zero_exit,0.961745,0,392,0,72.447233
7012,102594,0,762867,13.448478,0.000000,1.031648,,0.961755,0,392,0,72.451162
7013,102594,0,762867,13.448478,0.000000,0.021925,non_zero_exit,0.961621,0,392,0,72.440833
7014,102594,0,762867,13.448478,0.000000,0.036315,,0.961489,0,392,0,72.444761
7015,102594,0,762867,13.448478,0.000000,1.330759,,0.961541,0,392,0,72.448689
7016,102594,0,762867,13.448478,0.000000,0.030514,,0.961409,0,392,0,72.452615
7017,102594,0,762867,13.448478,0.000000,1.036245,,0.961419,0,392,0,72.456540
7018,102594,0,762867,13.448478,0.000000,1.032299,,0.961430,0,392,0,72.460464
7019,102594,0,762867,13.448478,0.000000,1.026702,,0.961439,0,392,0,72.464387
7020,102594,0,762867,13.448478,0.000000,0.534540,non_zero_exit,0.961378,0,392,0,72.454066
7021,102594,0,762867,13.448478,0.000000,3.036916,,0.961674,0,392,0,72.457989
7022,102594,0,762867,13.448478,0.000000,1.034527,,0.961684,0,392,0,72.461911
7023,102594,0,762867,13.448478,0.000000,0.032796,,0.961552,0,392,0,72.465831
7024,102594,0,762867,13.448478,0.000000,1.029917,,0.961561,0,392,0,72.469751
7025,102594,0,762867,13.448478,0.000000,0.022339,non_zero_exit,0.961428,0,392,0,72.459436
7026,102594,0,762867,13.448478,0.000000,1.660877,,0.961527,0,392,0,72.463356
7027,102594,0,762867,13.448478,0.000000,5.005689,timeout,0.962103,0,393,0,72.453045
7028,102595,1,762867,13.448609,0.000131,0.028578,non_zero_exit,0.961970,0,393,0,72.442737
7029,102595,0,762867,13.448609,0.000000,0.131630,,0.961852,0,393,0,72.446657
7030,102595,0,762867,13.448609,0.000000,1.037114,,0.961863,0,393,0,72.450576
7031,102596,1,762867,13.448740,0.000131,0.032795,,0.961730,0,393,0,72.454494
7032,102596,0,762867,13.448740,0.000000,0.030938,,0.961598,0,393,0,72.458410
7033,102596,0,762867,13.448740,0.000000,1.034581,,0.961608,0,393,0,72.462326
7034,102596,0,762867,13.448740,0.000000,2.381552,,0.961810,0,393,0,72.466240
7035,102596,0,762867,13.448740,0.000000,0.027995,,0.961678,0,393,0,72.470153
7036,102596,0,762867,13.448740,0.000000,2.029097,,0.961829,0,393,0,72.474066
7037,102596,0,762867,13.448740,0.000000,0.029156,,0.961697,0,393,0,72.477977
7038,102596,0,762867,13.448740,0.000000,3.039686,,0.961992,0,393,0,72.481887
7039,102596,0,762867,13.448740,0.000000,0.027487,,0.961859,0,393,0,72.485795
7040,102596,0,762867,13.448740,0.000000,1.030318,,0.961869,0,393,0,72.489703
7041,102596,0,762867,13.448740,0.000000,0.029706,,0.961737,0,393,0,72.493610
7042,102596,0,762867,13.448740,0.000000,0.022088,non_zero_exit,0.961603,0,393,0,72.483317
7043,102596,0,762867,13.448740,0.000000,0.030096,,0.961471,0,393,0,72.487223
7044,102596,0,762867,13.448740,0.000000,2.045717,,0.961625,0,393,0,72.491128
7045,102596,0,762867,13.448740,0.000000,1.035007,non_zero_exit,0.961635,0,393,0,72.480840
7046,102596,0,762867,13.448740,0.000000,0.021745,non_zero_exit,0.961502,0,393,0,72.470555
7047,102596,0,762867,13.448740,0.000000,1.030897,,0.961512,0,393,0,72.474461
7048,102596,0,762867,13.448740,0.000000,0.021374,non_zero_exit,0.961378,0,393,0,72.464179
7049,103300,704,762867,13.541024,0.092283,0.788410,,0.961354,0,393,0,72.468085
7050,103300,0,762867,13.541024,0.000000,1.025614,,0.961363,0,393,0,72.471990
7051,103300,0,762867,13.541024,0.000000,0.023211,non_zero_exit,0.961230,0,393,0,72.461713
7052,103300,0,762867,13.541024,0.000000,0.585804,non_zero_exit,0.961177,0,393,0,72.451439
7053,103300,0,762867,13.541024,0.000000,0.033761,,0.961045,0,393,0,72.455344
7054,103300,0,762867,13.541024,0.000000,0.022111,,0.960912,0,393,0,72.459249
7055,103300,0,762867,13.541024,0.000000,1.030655,non_zero_exit,0.960922,0,393,0,72.448980
7056,103300,0,762867,13.541024,0.000000,0.029305,,0.960790,0,393,0,72.452884
7057,103300,0,762867,13.541024,0.000000,0.027265,non_zero_exit,0.960658,0,393,0,72.442618
7058,103300,0,762867,13.541024,0.000000,1.027288,,0.960667,0,393,0,72.446522
7059,103300,0,762867,13.541024,0.000000,0.022312,non_zero_exit,0.960534,0,393,0,72.436261
7060,103302,2,762867,13.541286,0.000262,1.034832,,0.960545,0,393,0,72.440164
7061,103302,0,762867,13.541286,0.000000,0.031755,,0.960413,0,393,0,72.444067
7062,103302,0,762867,13.541286,0.000000,1.027333,,0.960423,0,393,0,72.447968
7063,103302,0,762867,13.541286,0.000000,1.034718,,0.960433,0,393,0,72.451869
7064,103303,1,762867,13.541417,0.000131,1.028769,non_zero_exit,0.960443,0,393,0,72.441614
7065,103303,0,762867,13.541417,0.000000,0.035111,,0.960312,0,393,0,72.445514
7066,103303,0,762867,13.541417,0.000000,4.578452,,0.960824,0,393,0,72.449413
7067,103303,0,762867,13.541417,0.000000,2.535676,,0.961047,0,393,0,72.453311
7068,103303,0,762867,13.541417,0.000000,0.021323,non_zero_exit,0.960914,0,393,0,72.443061
7069,103303,0,762867,13.541417,0.000000,3.028589,,0.961206,0,393,0,72.446959
7070,103303,0,762867,13.541417,0.000000,1.029561,,0.961216,0,393,0,72.450856
7071,103303,0,762867,13.541417,0.000000,5.078990,timeout,0.961798,0,394,0,72.440611
7072,103304,1,762867,13.541548,0.000131,0.043600,,0.961668,0,394,0,72.444507
7073,103304,0,762867,13.541548,0.000000,0.026527,,0.961536,0,394,0,72.448403
7074,103304,0,762867,13.541548,0.000000,3.034385,,0.961829,0,394,0,72.452297
7075,103304,0,762867,13.541548,0.000000,1.051440,,0.961842,0,394,0,72.456190
7076,103315,11,762867,13.542990,0.001442,1.031459,,0.961852,0,394,0,72.460082
7077,103315,0,762867,13.542990,0.000000,1.534471,,0.961933,0,394,0,72.463973
7078,103315,0,762867,13.542990,0.000000,5.004132,timeout,0.962504,0,395,0,72.453736
7079,103315,0,762867,13.542990,0.000000,1.027811,,0.962513,0,395,0,72.457627
7080,103315,0,762867,13.542990,0.000000,0.031811,,0.962381,0,395,0,72.461517
7081,103315,0,762867,13.542990,0.000000,0.537206,,0.962321,0,395,0,72.465405
7082,103315,0,762867,13.542990,0.000000,0.022440,non_zero_exit,0.962189,0,395,0,72.455174
7083,103315,0,762867,13.542990,0.000000,0.032350,,0.962057,0,395,0,72.459063
7084,103315,0,762867,13.542990,0.000000,2.026744,,0.962208,0,395,0,72.462950
7085,103315,0,762867,13.542990,0.000000,0.024516,non_zero_exit,0.962075,0,395,0,72.452724
7086,103315,0,762867,13.542990,0.000000,1.031857,,0.962085,0,395,0,72.456611
7087,103315,0,762867,13.542990,0.000000,2.030382,,0.962236,0,395,0,72.460497
7088,103315,0,762867,13.542990,0.000000,0.029817,,0.962104,0,395,0,72.464381
7089,103315,0,762867,13.542990,0.000000,0.025556,,0.961972,0,395,0,72.468265
7090,103315,0,762867,13.542990,0.000000,5.004451,timeout,0.962542,0,396,0,72.458045
7091,103315,0,762867,13.542990,0.000000,0.036226,,0.962412,0,396,0,72.461929
7092,103315,0,762867,13.542990,0.000000,0.534266,,0.962351,0,396,0,72.465811
7093,103315,0,762867,13.542990,0.000000,1.031070,,0.962361,0,396,0,72.469693
7094,103315,0,762867,13.542990,0.000000,2.030320,,0.962512,0,396,0,72.473573
7095,103315,0,762867,13.542990,0.000000,0.033819,,0.962381,0,396,0,72.477452
7096,103315,0,762867,13.542990,0.000000,0.029803,,0.962249,0,396,0,72.481330
7097,103315,0,762867,13.542990,0.000000,0.022601,non_zero_exit,0.962117,0,396,0,72.471119
7098,103315,0,762867,13.542990,0.000000,0.024750,non_zero_exit,0.961985,0,396,0,72.460910
7099,103315,0,762867,13.542990,0.000000,0.024123,non_zero_exit,0.961853,0,396,0,72.450704
7100,103315,0,762867,13.542990,0.000000,2.032224,,0.962003,0,396,0,72.454584
7101,103315,0,762867,13.542990,0.000000,0.537564,,0.961944,0,396,0,72.458462
7102,103315,0,762867,13.542990,0.000000,2.029934,,0.962094,0,396,0,72.462340
7103,103315,0,762867,13.542990,0.000000,0.029397,non_zero_exit,0.961963,0,396,0,72.452140
7104,103315,0,762867,13.542990,0.000000,0.029944,,0.961832,0,396,0,72.456017
7105,103315,0,762867,13.542990,0.000000,0.732953,non_zero_exit,0.961799,0,396,0,72.445820
7106,103315,0,762867,13.542990,0.000000,0.025947,non_zero_exit,0.961668,0,396,0,72.435627
7107,103315,0,762867,13.542990,0.000000,3.032783,,0.961959,0,396,0,72.439505
7108,103315,0,762867,13.542990,0.000000,0.021654,non_zero_exit,0.961827,0,396,0,72.429315
7109,103315,0,762867,13.542990,0.000000,1.031593,,0.961837,0,396,0,72.433193
7110,103315,0,762867,13.542990,0.000000,1.030427,,0.961846,0,396,0,72.437069
7111,103315,0,762867,13.542990,0.000000,0.023266,non_zero_exit,0.961714,0,396,0,72.426884
7112,103315,0,762867,13.542990,0.000000,1.026663,,0.961723,0,396,0,72.430761
7113,103315,0,762867,13.542990,0.000000,1.129589,,0.961747,0,396,0,72.434636
7114,103315,0,762867,13.542990,0.000000,5.007951,timeout,0.962316,0,397,0,72.424455
7115,103315,0,762867,13.542990,0.000000,3.036974,,0.962607,0,397,0,72.428331
7116,103315,0,762867,13.542990,0.000000,1.531340,,0.962687,0,397,0,72.432205
7117,103315,0,762867,13.542990,0.000000,0.023054,non_zero_exit,0.962555,0,397,0,72.422029
7118,103315,0,762867,13.542990,0.000000,1.034090,,0.962565,0,397,0,72.425903
7119,103315,0,762867,13.542990,0.000000,0.032220,,0.962435,0,397,0,72.429775
7120,103315,0,762867,13.542990,0.000000,0.029251,,0.962304,0,397,0,72.433647
7121,103315,0,762867,13.542990,0.000000,1.029364,,0.962313,0,397,0,72.437518
7122,103333,18,762867,13.545349,0.002360,0.025631,non_zero_exit,0.962181,0,397,0,72.427348
7123,103333,0,762867,13.545349,0.000000,5.007169,timeout,0.962749,0,398,0,72.417181
7124,103333,0,762867,13.545349,0.000000,0.022200,non_zero_exit,0.962617,0,398,0,72.407018
7125,103333,0,762867,13.545349,0.000000,2.031083,,0.962767,0,398,0,72.410890
7126,103333,0,762867,13.545349,0.000000,0.028599,,0.962636,0,398,0,72.414761
7127,103333,0,762867,13.545349,0.000000,5.004711,timeout,0.963203,0,399,0,72.404602
7128,103333,0,762867,13.545349,0.000000,0.032894,,0.963073,0,399,0,72.408472
7129,103333,0,762867,13.545349,0.000000,0.031389,,0.962942,0,399,0,72.412342
7130,103333,0,762867,13.545349,0.000000,0.328103,,0.962853,0,399,0,72.416211
7131,103333,0,762867,13.545349,0.000000,0.026444,,0.962722,0,399,0,72.420079
7132,103333,0,762867,13.545349,0.000000,0.069705,,0.962596,0,399,0,72.423945
7133,103334,1,762867,13.545480,0.000131,2.031266,,0.962746,0,399,0,72.427810
7134,103334,0,762867,13.545480,0.000000,1.030979,,0.962756,0,399,0,72.431675
7135,103334,0,762867,13.545480,0.000000,0.029046,,0.962625,0,399,0,72.435538
7136,103334,0,762867,13.545480,0.000000,0.022893,non_zero_exit,0.962493,0,399,0,72.425389
7137,103334,0,762867,13.545480,0.000000,5.007344,timeout,0.963060,0,400,0,72.415242
7138,103334,0,762867,13.545480,0.000000,0.031385,,0.962929,0,400,0,72.419106
7139,103335,1,762867,13.545611,0.000131,0.028495,non_zero_exit,0.962799,0,400,0,72.408964
7140,103335,0,762867,13.545611,0.000000,0.021163,non_zero_exit,0.962667,0,400,0,72.398824
7141,103335,0,762867,13.545611,0.000000,0.042803,,0.962538,0,400,0,72.402688
7142,103348,13,762867,13.547316,0.001704,1.031090,,0.962548,0,400,0,72.406552
7143,103348,0,762867,13.547316,0.000000,0.021338,non_zero_exit,0.962416,0,400,0,72.396417
7144,103348,0,762867,13.547316,0.000000,1.031272,,0.962425,0,400,0,72.400280
7145,103365,17,762867,13.549544,0.002228,1.029620,,0.962435,0,400,0,72.404142
7146,103365,0,762867,13.549544,0.000000,1.530414,,0.962514,0,400,0,72.408003
7147,103365,0,762867,13.549544,0.000000,3.041798,,0.962805,0,400,0,72.411863
7148,103365,0,762867,13.549544,0.000000,3.530950,,0.963164,0,400,0,72.415722
7149,103365,0,762867,13.549544,0.000000,0.031684,,0.963034,0,400,0,72.419580
7150,103365,0,762867,13.549544,0.000000,2.981946,,0.963316,0,400,0,72.423437
7151,103365,0,762867,13.549544,0.000000,1.030923,,0.963326,0,400,0,72.427293
7152,103365,0,762867,13.549544,0.000000,1.030709,,0.963335,0,400,0,72.431148
7153,103365,0,762867,13.549544,0.000000,0.029557,,0.963205,0,400,0,72.435001
7154,103365,0,762867,13.549544,0.000000,1.030200,,0.963214,0,400,0,72.438854
7155,103365,0,762867,13.549544,0.000000,3.032536,,0.963503,0,400,0,72.442705
7156,103365,0,762867,13.549544,0.000000,0.029648,,0.963373,0,400,0,72.446556
7157,103365,0,762867,13.549544,0.000000,0.032691,,0.963243,0,400,0,72.450405
7158,103365,0,762867,13.549544,0.000000,2.027747,,0.963392,0,400,0,72.454253
7159,103365,0,762867,13.549544,0.000000,0.029735,,0.963261,0,400,0,72.458101
7160,103365,0,762867,13.549544,0.000000,0.025077,non_zero_exit,0.963130,0,400,0,72.447982
7161,103365,0,762867,13.549544,0.000000,0.038423,,0.963001,0,400,0,72.451829
7162,103365,0,762867,13.549544,0.000000,5.003829,timeout,0.963565,0,401,0,72.441714
7163,103365,0,762867,13.549544,0.000000,0.030841,,0.963435,0,401,0,72.445561
7164,103365,0,762867,13.549544,0.000000,1.030899,,0.963444,0,401,0,72.449407
7165,103365,0,762867,13.549544,0.000000,1.027156,,0.963453,0,401,0,72.453251
7166,103365,0,762867,13.549544,0.000000,0.022052,non_zero_exit,0.963322,0,401,0,72.443142
7167,103366,1,762867,13.549675,0.000131,3.035246,,0.963611,0,401,0,72.446987
7168,103366,0,762867,13.549675,0.000000,0.024445,,0.963480,0,401,0,72.450830
7169,103366,0,762867,13.549675,0.000000,0.033296,,0.963350,0,401,0,72.454672
7170,103366,0,762867,13.549675,0.000000,0.037297,,0.963221,0,401,0,72.458513
7171,103366,0,762867,13.549675,0.000000,0.022090,non_zero_exit,0.963090,0,401,0,72.448410
7172,103366,0,762867,13.549675,0.000000,0.029233,,0.962960,0,401,0,72.452251
7173,103647,281,762867,13.586510,0.036835,5.021234,timeout,0.963525,0,402,0,72.442152
7174,103647,0,762867,13.586510,0.000000,0.031588,,0.963395,0,402,0,72.445993
7175,103647,0,762867,13.586510,0.000000,0.032703,,0.963266,0,402,0,72.449833
7176,103647,0,762867,13.586510,0.000000,0.025716,,0.963135,0,402,0,72.453671
7177,103647,0,762867,13.586510,0.000000,0.022474,non_zero_exit,0.963004,0,402,0,72.443578
7178,103647,0,762867,13.586510,0.000000,0.030751,,0.962874,0,402,0,72.447416
7179,103647,0,762867,13.586510,0.000000,0.031804,,0.962745,0,402,0,72.451253
7180,103647,0,762867,13.586510,0.000000,0.028433,,0.962614,0,402,0,72.455090
7181,103647,0,762867,13.586510,0.000000,0.021287,non_zero_exit,0.962483,0,402,0,72.445001
7182,103647,0,762867,13.586510,0.000000,0.024164,non_zero_exit,0.962353,0,402,0,72.434916
7183,103647,0,762867,13.586510,0.000000,0.022146,non_zero_exit,0.962222,0,402,0,72.424833
7184,103647,0,762867,13.586510,0.000000,0.024469,non_zero_exit,0.962091,0,402,0,72.414753
7185,103647,0,762867,13.586510,0.000000,1.032787,,0.962101,0,402,0,72.418592
7186,103647,0,762867,13.586510,0.000000,0.027644,non_zero_exit,0.961971,0,402,0,72.408515
7187,103647,0,762867,13.586510,0.000000,1.028325,,0.961980,0,402,0,72.412354
7188,103647,0,762867,13.586510,0.000000,0.030386,,0.961851,0,402,0,72.416191
7189,103647,0,762867,13.586510,0.000000,0.023002,non_zero_exit,0.961720,0,402,0,72.406120
7190,103647,0,762867,13.586510,0.000000,5.004591,timeout,0.962282,0,403,0,72.396051
7191,103647,0,762867,13.586510,0.000000,1.030231,,0.962292,0,403,0,72.399889
7192,103647,0,762867,13.586510,0.000000,0.028664,,0.962162,0,403,0,72.403726
7193,103647,0,762867,13.586510,0.000000,0.021691,non_zero_exit,0.962031,0,403,0,72.393661
7194,103647,0,762867,13.586510,0.000000,1.029360,,0.962041,0,403,0,72.397498
7195,103647,0,762867,13.586510,0.000000,3.041051,,0.962330,0,403,0,72.401334
7196,103647,0,762867,13.586510,0.000000,1.045448,,0.962341,0,403,0,72.405169
7197,103647,0,762867,13.586510,0.000000,5.003861,timeout,0.962903,0,404,0,72.395110
7198,103647,0,762867,13.586510,0.000000,0.283339,,0.962808,0,404,0,72.398944
7199,103647,0,762867,13.586510,0.000000,0.134434,,0.962693,0,404,0,72.402778
7200,103647,0,762867,13.586510,0.000000,0.021543,non_zero_exit,0.962563,0,404,0,72.392723
7201,103647,0,762867,13.586510,0.000000,0.036030,,0.962434,0,404,0,72.396557
7202,103647,0,762867,13.586510,0.000000,0.029522,,0.962304,0,404,0,72.400389
7203,103647,0,762867,13.586510,0.000000,0.021067,non_zero_exit,0.962174,0,404,0,72.390339
7204,103647,0,762867,13.586510,0.000000,0.028751,,0.962044,0,404,0,72.394171
7205,103647,0,762867,13.586510,0.000000,0.033814,,0.961915,0,404,0,72.398002
7206,103647,0,762867,13.586510,0.000000,0.128718,,0.961800,0,404,0,72.401832
7207,103647,0,762867,13.586510,0.000000,1.029419,,0.961809,0,404,0,72.405660
7208,103647,0,762867,13.586510,0.000000,0.024507,non_zero_exit,0.961679,0,404,0,72.395617
7209,103647,0,762867,13.586510,0.000000,0.021573,non_zero_exit,0.961549,0,404,0,72.385576
7210,103647,0,762867,13.586510,0.000000,2.047627,,0.961699,0,404,0,72.389405
7211,103647,0,762867,13.586510,0.000000,0.033987,,0.961571,0,404,0,72.393233
7212,103647,0,762867,13.586510,0.000000,1.030957,,0.961580,0,404,0,72.397061
7213,103650,3,762867,13.586903,0.000393,0.021000,non_zero_exit,0.961450,0,404,0,72.387025
7214,103650,0,762867,13.586903,0.000000,0.024312,non_zero_exit,0.961320,0,404,0,72.376992
7215,103650,0,762867,13.586903,0.000000,1.732230,,0.961427,0,404,0,72.380820
7216,103650,0,762867,13.586903,0.000000,1.032455,,0.961437,0,404,0,72.384647
7217,103650,0,762867,13.586903,0.000000,1.031886,non_zero_exit,0.961446,0,404,0,72.374619
7218,103654,4,762867,13.587427,0.000524,0.021906,non_zero_exit,0.961316,0,404,0,72.364593
7219,103654,0,762867,13.587427,0.000000,0.030648,,0.961187,0,404,0,72.368421
7220,103654,0,762867,13.587427,0.000000,1.032874,,0.961197,0,404,0,72.372248
7221,103654,0,762867,13.587427,0.000000,1.033520,,0.961207,0,404,0,72.376073
7222,103654,0,762867,13.587427,0.000000,1.030097,,0.961217,0,404,0,72.379898
7223,103654,0,762867,13.587427,0.000000,5.005223,timeout,0.961777,0,405,0,72.369878
7224,103654,0,762867,13.587427,0.000000,0.030888,,0.961648,0,405,0,72.373702
7225,103654,0,762867,13.587427,0.000000,0.033986,non_zero_exit,0.961519,0,405,0,72.363687
7226,103654,0,762867,13.587427,0.000000,3.036942,,0.961807,0,405,0,72.367511
7227,103654,0,762867,13.587427,0.000000,0.040117,,0.961679,0,405,0,72.371334
7228,103654,0,762867,13.587427,0.000000,3.031304,,0.961965,0,405,0,72.375156
7229,103654,0,762867,13.587427,0.000000,0.031183,,0.961837,0,405,0,72.378976
7230,103654,0,762867,13.587427,0.000000,0.026618,,0.961707,0,405,0,72.382796
7231,103654,0,762867,13.587427,0.000000,0.029878,,0.961579,0,405,0,72.386615
7232,103654,0,762867,13.587427,0.000000,0.031854,,0.961450,0,405,0,72.390433
7233,103654,0,762867,13.587427,0.000000,1.044253,,0.961461,0,405,0,72.394249
7234,103654,0,762867,13.587427,0.000000,1.035424,,0.961472,0,405,0,72.398065
7235,103654,0,762867,13.587427,0.000000,0.027073,,0.961343,0,405,0,72.401879
7236,103654,0,762867,13.587427,0.000000,1.135791,,0.961367,0,405,0,72.405693
7237,103654,0,762867,13.587427,0.000000,0.026584,non_zero_exit,0.961237,0,405,0,72.395689
7238,103654,0,762867,13.587427,0.000000,1.029578,,0.961247,0,405,0,72.399503
7239,103654,0,762867,13.587427,0.000000,1.032049,,0.961257,0,405,0,72.403315
7240,103654,0,762867,13.587427,0.000000,0.033855,non_zero_exit,0.961129,0,405,0,72.393316
7241,103654,0,762867,13.587427,0.000000,1.528533,,0.961207,0,405,0,72.397128
7242,103654,0,762867,13.587427,0.000000,0.020622,non_zero_exit,0.961077,0,405,0,72.387132
7243,103654,0,762867,13.587427,0.000000,0.031705,,0.960949,0,405,0,72.390944
7244,103654,0,762867,13.587427,0.000000,0.023422,non_zero_exit,0.960819,0,405,0,72.380952
7245,103654,0,762867,13.587427,0.000000,1.031722,,0.960829,0,405,0,72.384764
7246,103654,0,762867,13.587427,0.000000,2.040501,,0.960978,0,405,0,72.388575
7247,103654,0,762867,13.587427,0.000000,0.026508,,0.960849,0,405,0,72.392384
7248,103654,0,762867,13.587427,0.000000,1.034444,,0.960859,0,405,0,72.396193
7249,103654,0,762867,13.587427,0.000000,0.022545,non_zero_exit,0.960730,0,405,0,72.386207
7250,103654,0,762867,13.587427,0.000000,2.530953,,0.960947,0,405,0,72.390015
7251,103654,0,762867,13.587427,0.000000,0.038149,,0.960819,0,405,0,72.393822
7252,103654,0,762867,13.587427,0.000000,1.029209,,0.960829,0,405,0,72.397629
7253,103654,0,762867,13.587427,0.000000,0.029997,,0.960700,0,405,0,72.401434
7254,103654,0,762867,13.587427,0.000000,1.029291,,0.960710,0,405,0,72.405238
7255,103654,0,762867,13.587427,0.000000,5.005213,timeout,0.961267,0,406,0,72.395259
7256,103654,0,762867,13.587427,0.000000,0.033265,,0.961139,0,406,0,72.399063
7257,103654,0,762867,13.587427,0.000000,0.029087,,0.961011,0,406,0,72.402866
7258,103654,0,762867,13.587427,0.000000,0.026302,,0.960882,0,406,0,72.406668
7259,103654,0,762867,13.587427,0.000000,0.024899,non_zero_exit,0.960753,0,406,0,72.396694
7260,103654,0,762867,13.587427,0.000000,1.027323,,0.960762,0,406,0,72.400496
7261,103654,0,762867,13.587427,0.000000,1.030046,,0.960772,0,406,0,72.404296
7262,103654,0,762867,13.587427,0.000000,1.528784,,0.960850,0,406,0,72.408096
7263,103654,0,762867,13.587427,0.000000,0.030774,,0.960722,0,406,0,72.411894
7264,103654,0,762867,13.587427,0.000000,0.033532,,0.960595,0,406,0,72.415692
7265,103654,0,762867,13.587427,0.000000,0.029483,,0.960466,0,406,0,72.419488
7266,103654,0,762867,13.587427,0.000000,0.032082,,0.960339,0,406,0,72.423283
7267,103654,0,762867,13.587427,0.000000,0.022334,non_zero_exit,0.960210,0,406,0,72.413319
7268,103654,0,762867,13.587427,0.000000,3.030252,,0.960494,0,406,0,72.417114
7269,103654,0,762867,13.587427,0.000000,3.032079,,0.960779,0,406,0,72.420908
7270,103654,0,762867,13.587427,0.000000,5.004130,timeout,0.961335,0,407,0,72.410948
7271,103654,0,762867,13.587427,0.000000,1.032670,,0.961345,0,407,0,72.414741
7272,103654,0,762867,13.587427,0.000000,3.029689,,0.961630,0,407,0,72.418534
7273,103656,2,762867,13.587690,0.000262,0.022207,non_zero_exit,0.961500,0,407,0,72.408578
7274,103656,0,762867,13.587690,0.000000,2.027375,,0.961647,0,407,0,72.412371
7275,103656,0,762867,13.587690,0.000000,0.027916,,0.961519,0,407,0,72.416163
7276,103656,0,762867,13.587690,0.000000,0.030877,,0.961391,0,407,0,72.419953
7277,103656,0,762867,13.587690,0.000000,1.026249,,0.961400,0,407,0,72.423743
7278,103656,0,762867,13.587690,0.000000,3.029789,,0.961684,0,407,0,72.427531
7279,103656,0,762867,13.587690,0.000000,0.538753,,0.961626,0,407,0,72.431319
7280,103656,0,762867,13.587690,0.000000,0.030692,,0.961498,0,407,0,72.435105
7281,103656,0,762867,13.587690,0.000000,1.027506,,0.961507,0,407,0,72.438890
7282,103656,0,762867,13.587690,0.000000,0.025153,,0.961378,0,407,0,72.442675
7283,103656,0,762867,13.587690,0.000000,1.532386,,0.961457,0,407,0,72.446458
7284,103656,0,762867,13.587690,0.000000,0.030415,,0.961329,0,407,0,72.450240
7285,103656,0,762867,13.587690,0.000000,1.028447,,0.961338,0,407,0,72.454021
7286,103656,0,762867,13.587690,0.000000,0.027605,non_zero_exit,0.961210,0,407,0,72.444078
7287,103656,0,762867,13.587690,0.000000,5.004444,timeout,0.961765,0,408,0,72.434138
7288,103656,0,762867,13.587690,0.000000,1.029189,,0.961774,0,408,0,72.437920
7289,103656,0,762867,13.587690,0.000000,0.028899,,0.961646,0,408,0,72.441701
7290,103656,0,762867,13.587690,0.000000,1.031680,,0.961656,0,408,0,72.445481
7291,103656,0,762867,13.587690,0.000000,0.026134,non_zero_exit,0.961527,0,408,0,72.435546
7292,103656,0,762867,13.587690,0.000000,0.033366,,0.961400,0,408,0,72.439325
7293,103656,0,762867,13.587690,0.000000,1.029659,,0.961409,0,408,0,72.443104
7294,103663,7,762867,13.588607,0.000918,0.032727,,0.961282,0,408,0,72.446881
7295,103663,0,762867,13.588607,0.000000,5.003513,timeout,0.961836,0,409,0,72.436952
7296,103663,0,762867,13.588607,0.000000,2.048355,,0.961985,0,409,0,72.440729
7297,103663,0,762867,13.588607,0.000000,2.027362,,0.962131,0,409,0,72.444505
7298,103663,0,762867,13.588607,0.000000,1.028389,,0.962140,0,409,0,72.448281
7299,103663,0,762867,13.588607,0.000000,1.050987,,0.962152,0,409,0,72.452055
7300,103663,0,762867,13.588607,0.000000,0.031158,,0.962025,0,409,0,72.455828
7301,103663,0,762867,13.588607,0.000000,0.028162,,0.961897,0,409,0,72.459600
7302,103663,0,762867,13.588607,0.000000,0.031364,,0.961770,0,409,0,72.463371
7303,103665,2,762867,13.588869,0.000262,0.028332,,0.961642,0,409,0,72.467141
7304,103665,0,762867,13.588869,0.000000,1.027868,,0.961651,0,409,0,72.470910
7305,103665,0,762867,13.588869,0.000000,2.033745,,0.961798,0,409,0,72.474678
7306,103665,0,762867,13.588869,0.000000,0.022352,non_zero_exit,0.961669,0,409,0,72.464760
7307,103665,0,762867,13.588869,0.000000,5.007630,timeout,0.962223,0,410,0,72.454844
7308,103665,0,762867,13.588869,0.000000,0.022375,non_zero_exit,0.962094,0,410,0,72.444931
7309,103665,0,762867,13.588869,0.000000,0.023057,non_zero_exit,0.961966,0,410,0,72.435021
7310,103673,8,762867,13.589918,0.001049,0.026032,,0.961838,0,410,0,72.438791
7311,103673,0,762867,13.589918,0.000000,0.019555,non_zero_exit,0.961709,0,410,0,72.428884
7312,103673,0,762867,13.589918,0.000000,0.031452,,0.961581,0,410,0,72.432654
7313,103676,3,762867,13.590311,0.000393,4.532384,,0.962070,0,410,0,72.436423
7314,103676,0,762867,13.590311,0.000000,1.030608,,0.962079,0,410,0,72.440191
7315,103676,0,762867,13.590311,0.000000,0.022776,non_zero_exit,0.961951,0,410,0,72.430290
7316,103676,0,762867,13.590311,0.000000,3.034016,,0.962234,0,410,0,72.434058
7317,103676,0,762867,13.590311,0.000000,0.126355,,0.962120,0,410,0,72.437825
7318,103681,5,762867,13.590967,0.000655,5.004409,timeout,0.962672,0,411,0,72.427927
7319,103681,0,762867,13.590967,0.000000,0.635196,,0.962627,0,411,0,72.431694
7320,103681,0,762867,13.590967,0.000000,0.030484,,0.962500,0,411,0,72.435460
7321,103681,0,762867,13.590967,0.000000,0.537409,,0.962442,0,411,0,72.439224
7322,103681,0,762867,13.590967,0.000000,5.004823,timeout,0.962994,0,412,0,72.429332
7323,103683,2,762867,13.591229,0.000262,5.007942,timeout,0.963546,0,413,0,72.419443
7324,103683,0,762867,13.591229,0.000000,1.028550,non_zero_exit,0.963555,0,413,0,72.409556
7325,103683,0,762867,13.591229,0.000000,0.022710,non_zero_exit,0.963427,0,413,0,72.399672
7326,103683,0,762867,13.591229,0.000000,1.540868,,0.963505,0,413,0,72.403439
7327,103683,0,762867,13.591229,0.000000,1.033637,,0.963515,0,413,0,72.407205
7328,103683,0,762867,13.591229,0.000000,1.032091,,0.963524,0,413,0,72.410970
7329,103683,0,762867,13.591229,0.000000,1.035854,,0.963534,0,413,0,72.414734
7330,103683,0,762867,13.591229,0.000000,1.036025,,0.963544,0,413,0,72.418497
7331,103683,0,762867,13.591229,0.000000,3.031771,,0.963826,0,413,0,72.422259
7332,103686,3,762867,13.591622,0.000393,2.029681,non_zero_exit,0.963971,0,413,0,72.412382
7333,103686,0,762867,13.591622,0.000000,0.025456,non_zero_exit,0.963843,0,413,0,72.402509
7334,103686,0,762867,13.591622,0.000000,0.024311,non_zero_exit,0.963715,0,413,0,72.392638
7335,103686,0,762867,13.591622,0.000000,1.232099,,0.963752,0,413,0,72.396401
7336,103686,0,762867,13.591622,0.000000,1.030711,,0.963761,0,413,0,72.400164
7337,103686,0,762867,13.591622,0.000000,2.529213,,0.963974,0,413,0,72.403925
7338,103686,0,762867,13.591622,0.000000,3.035594,non_zero_exit,0.964257,0,413,0,72.394059
7339,103686,0,762867,13.591622,0.000000,1.032258,,0.964266,0,413,0,72.397820
7340,103686,0,762867,13.591622,0.000000,0.027107,non_zero_exit,0.964138,0,413,0,72.387958
7341,103686,0,762867,13.591622,0.000000,1.028975,,0.964147,0,413,0,72.391719
7342,103686,0,762867,13.591622,0.000000,0.026800,,0.964020,0,413,0,72.395479
7343,103686,0,762867,13.591622,0.000000,1.028763,,0.964028,0,413,0,72.399237
7344,103686,0,762867,13.591622,0.000000,0.051448,,0.963904,0,413,0,72.402995
7345,103686,0,762867,13.591622,0.000000,2.029344,,0.964049,0,413,0,72.406752
7346,103686,0,762867,13.591622,0.000000,3.035681,,0.964331,0,413,0,72.410508
7347,103686,0,762867,13.591622,0.000000,1.025638,,0.964339,0,413,0,72.414262
7348,103686,0,762867,13.591622,0.000000,2.229961,,0.964512,0,413,0,72.418016
7349,103686,0,762867,13.591622,0.000000,1.031350,,0.964521,0,413,0,72.421769
7350,103686,0,762867,13.591622,0.000000,1.030543,,0.964530,0,413,0,72.425520
7351,103686,0,762867,13.591622,0.000000,1.029494,,0.964539,0,413,0,72.429271
7352,103686,0,762867,13.591622,0.000000,0.023417,non_zero_exit,0.964411,0,413,0,72.419421
7353,103686,0,762867,13.591622,0.000000,0.028734,,0.964283,0,413,0,72.423171
7354,103686,0,762867,13.591622,0.000000,0.026172,,0.964156,0,413,0,72.426920
7355,103686,0,762867,13.591622,0.000000,5.003274,timeout,0.964705,0,414,0,72.417074
7356,103686,0,762867,13.591622,0.000000,0.035084,,0.964579,0,414,0,72.420824
7357,103686,0,762867,13.591622,0.000000,0.018081,non_zero_exit,0.964450,0,414,0,72.410981
7358,103686,0,762867,13.591622,0.000000,1.033011,,0.964459,0,414,0,72.414730
7359,103686,0,762867,13.591622,0.000000,0.033784,,0.964333,0,414,0,72.418478
7360,103686,0,762867,13.591622,0.000000,0.026413,non_zero_exit,0.964205,0,414,0,72.408640
7361,103686,0,762867,13.591622,0.000000,1.037348,,0.964215,0,414,0,72.412388
7362,103686,0,762867,13.591622,0.000000,1.031399,,0.964224,0,414,0,72.416135
7363,103686,0,762867,13.591622,0.000000,5.004068,timeout,0.964773,0,415,0,72.406301
7364,103686,0,762867,13.591622,0.000000,3.030124,,0.965053,0,415,0,72.410048
7365,103687,1,762867,13.591753,0.000131,1.036216,,0.965063,0,415,0,72.413793
7366,103687,0,762867,13.591753,0.000000,0.031878,,0.964936,0,415,0,72.417538
7367,103687,0,762867,13.591753,0.000000,0.032997,,0.964810,0,415,0,72.421281
7368,103687,0,762867,13.591753,0.000000,0.036939,,0.964684,0,415,0,72.425024
7369,103687,0,762867,13.591753,0.000000,3.038913,,0.964965,0,415,0,72.428765
7370,103687,0,762867,13.591753,0.000000,0.031095,,0.964839,0,415,0,72.432506
7371,103687,0,762867,13.591753,0.000000,0.032334,,0.964712,0,415,0,72.436245
7372,103687,0,762867,13.591753,0.000000,1.028627,,0.964721,0,415,0,72.439984
7373,103687,0,762867,13.591753,0.000000,0.030161,,0.964594,0,415,0,72.443721
7374,103693,6,762867,13.592540,0.000787,3.035022,,0.964875,0,415,0,72.447458
7375,103693,0,762867,13.592540,0.000000,2.033154,,0.965020,0,415,0,72.451193
7376,103693,0,762867,13.592540,0.000000,3.030651,,0.965300,0,415,0,72.454927
7377,103694,1,762867,13.592671,0.000131,0.019455,non_zero_exit,0.965172,0,415,0,72.445107
7378,103694,0,762867,13.592671,0.000000,0.022721,non_zero_exit,0.965044,0,415,0,72.435289
7379,103694,0,762867,13.592671,0.000000,0.031313,,0.964917,0,415,0,72.439024
7380,103694,0,762867,13.592671,0.000000,1.032874,,0.964927,0,415,0,72.442758
7381,103694,0,762867,13.592671,0.000000,2.043346,,0.965073,0,415,0,72.446491
7382,103694,0,762867,13.592671,0.000000,3.055938,,0.965356,0,415,0,72.450223
7383,103694,0,762867,13.592671,0.000000,2.027239,,0.965500,0,415,0,72.453954
7384,103694,0,762867,13.592671,0.000000,2.031427,,0.965644,0,415,0,72.457684
7385,103694,0,762867,13.592671,0.000000,0.030430,,0.965517,0,415,0,72.461413
7386,103694,0,762867,13.592671,0.000000,1.027413,,0.965526,0,415,0,72.465141
7387,103694,0,762867,13.592671,0.000000,0.031425,,0.965399,0,415,0,72.468868
7388,103694,0,762867,13.592671,0.000000,0.023242,non_zero_exit,0.965272,0,415,0,72.459061
7389,103694,0,762867,13.592671,0.000000,0.030826,,0.965145,0,415,0,72.462788
7390,103694,0,762867,13.592671,0.000000,0.023668,non_zero_exit,0.965018,0,415,0,72.452983
7391,103694,0,762867,13.592671,0.000000,0.027512,,0.964891,0,415,0,72.456710
7392,103694,0,762867,13.592671,0.000000,0.037145,,0.964766,0,415,0,72.460436
7393,103694,0,762867,13.592671,0.000000,0.020060,non_zero_exit,0.964638,0,415,0,72.450636
7394,103694,0,762867,13.592671,0.000000,1.033224,,0.964647,0,415,0,72.454361
7395,103694,0,762867,13.592671,0.000000,3.035014,,0.964927,0,415,0,72.458085
7396,103694,0,762867,13.592671,0.000000,0.029749,,0.964801,0,415,0,72.461809
7397,103694,0,762867,13.592671,0.000000,1.028185,,0.964809,0,415,0,72.465531
7398,103694,0,762867,13.592671,0.000000,0.028600,,0.964683,0,415,0,72.469253
7399,103694,0,762867,13.592671,0.000000,0.025566,non_zero_exit,0.964556,0,415,0,72.459459
7400,103694,0,762867,13.592671,0.000000,0.026484,,0.964429,0,415,0,72.463181
7401,103695,1,762867,13.592802,0.000131,0.024532,non_zero_exit,0.964302,0,415,0,72.453391
7402,103695,0,762867,13.592802,0.000000,0.025145,non_zero_exit,0.964175,0,415,0,72.443604
7403,103695,0,762867,13.592802,0.000000,2.027050,,0.964319,0,415,0,72.447326
7404,103695,0,762867,13.592802,0.000000,0.029945,,0.964193,0,415,0,72.451047
7405,103695,0,762867,13.592802,0.000000,1.999526,,0.964332,0,415,0,72.454766
7406,103695,0,762867,13.592802,0.000000,1.027641,,0.964341,0,415,0,72.458485
7407,103695,0,762867,13.592802,0.000000,0.023586,non_zero_exit,0.964214,0,415,0,72.448704
7408,103695,0,762867,13.592802,0.000000,2.027587,,0.964357,0,415,0,72.452423
7409,103695,0,762867,13.592802,0.000000,0.022920,non_zero_exit,0.964230,0,415,0,72.442645
7410,103695,0,762867,13.592802,0.000000,0.541479,,0.964173,0,415,0,72.446364
7411,103695,0,762867,13.592802,0.000000,0.028023,,0.964047,0,415,0,72.450081
7412,103696,1,762867,13.592933,0.000131,1.030852,,0.964056,0,415,0,72.453797
7413,103696,0,762867,13.592933,0.000000,0.021620,non_zero_exit,0.963929,0,415,0,72.444025
7414,103696,0,762867,13.592933,0.000000,0.022470,non_zero_exit,0.963802,0,415,0,72.434255
7415,103703,7,762867,13.593851,0.000918,0.030422,,0.963676,0,415,0,72.437972
7416,103703,0,762867,13.593851,0.000000,5.005096,timeout,0.964221,0,416,0,72.428205
7417,103704,1,762867,13.593982,0.000131,0.021569,non_zero_exit,0.964094,0,416,0,72.418442
7418,103704,0,762867,13.593982,0.000000,0.024400,non_zero_exit,0.963967,0,416,0,72.408680
7419,103704,0,762867,13.593982,0.000000,0.025001,non_zero_exit,0.963841,0,416,0,72.398922
7420,103704,0,762867,13.593982,0.000000,1.029621,,0.963850,0,416,0,72.402641
7421,103704,0,762867,13.593982,0.000000,2.533475,,0.964061,0,416,0,72.406359
7422,103704,0,762867,13.593982,0.000000,0.037535,,0.963936,0,416,0,72.410077
7423,103704,0,762867,13.593982,0.000000,2.031388,non_zero_exit,0.964080,0,416,0,72.400323
7424,103704,0,762867,13.593982,0.000000,5.003973,timeout,0.964624,0,417,0,72.390572
7425,103704,0,762867,13.593982,0.000000,3.035686,,0.964903,0,417,0,72.394290
7426,103704,0,762867,13.593982,0.000000,0.028832,non_zero_exit,0.964777,0,417,0,72.384543
7427,103704,0,762867,13.593982,0.000000,0.023083,non_zero_exit,0.964650,0,417,0,72.374798
7428,103704,0,762867,13.593982,0.000000,1.526733,,0.964726,0,417,0,72.378517
7429,103704,0,762867,13.593982,0.000000,0.028479,,0.964600,0,417,0,72.382234
7430,103704,0,762867,13.593982,0.000000,5.004200,timeout,0.965143,0,418,0,72.372494
7431,103704,0,762867,13.593982,0.000000,0.020047,non_zero_exit,0.965016,0,418,0,72.362756
7432,103704,0,762867,13.593982,0.000000,0.025261,,0.964890,0,418,0,72.366474
7433,103704,0,762867,13.593982,0.000000,0.026952,,0.964764,0,418,0,72.370191
7434,103704,0,762867,13.593982,0.000000,0.926836,,0.964759,0,418,0,72.373907
7435,103704,0,762867,13.593982,0.000000,1.032018,,0.964768,0,418,0,72.377622
7436,103704,0,762867,13.593982,0.000000,0.026916,,0.964642,0,418,0,72.381337
7437,103704,0,762867,13.593982,0.000000,0.033898,,0.964516,0,418,0,72.385050
7438,103704,0,762867,13.593982,0.000000,5.003859,timeout,0.965059,0,419,0,72.375319
7439,103704,0,762867,13.593982,0.000000,1.032379,,0.965068,0,419,0,72.379032
7440,103704,0,762867,13.593982,0.000000,0.029843,,0.964943,0,419,0,72.382744
7441,103704,0,762867,13.593982,0.000000,0.028487,,0.964817,0,419,0,72.386455
7442,103704,0,762867,13.593982,0.000000,1.031752,,0.964826,0,419,0,72.390165
7443,103704,0,762867,13.593982,0.000000,0.031516,,0.964701,0,419,0,72.393874
7444,103704,0,762867,13.593982,0.000000,3.037608,,0.964979,0,419,0,72.397582
7445,103704,0,762867,13.593982,0.000000,0.025937,non_zero_exit,0.964853,0,419,0,72.387859
7446,103704,0,762867,13.593982,0.000000,1.036639,,0.964862,0,419,0,72.391567
7447,103704,0,762867,13.593982,0.000000,2.528822,,0.965072,0,419,0,72.395274
7448,103704,0,762867,13.593982,0.000000,5.003927,timeout,0.965615,0,420,0,72.385555
7449,103704,0,762867,13.593982,0.000000,0.031502,,0.965489,0,420,0,72.389262
7450,103704,0,762867,13.593982,0.000000,0.022348,non_zero_exit,0.965363,0,420,0,72.379546
7451,103704,0,762867,13.593982,0.000000,5.003538,timeout,0.965905,0,421,0,72.369834
7452,103704,0,762867,13.593982,0.000000,1.030315,,0.965913,0,421,0,72.373541
7453,103705,1,762867,13.594113,0.000131,0.130603,,0.965801,0,421,0,72.377247
7454,103705,0,762867,13.594113,0.000000,0.025921,non_zero_exit,0.965675,0,421,0,72.367539
7455,103705,0,762867,13.594113,0.000000,1.030733,,0.965684,0,421,0,72.371245
7456,103705,0,762867,13.594113,0.000000,1.028489,,0.965692,0,421,0,72.374950
7457,103705,0,762867,13.594113,0.000000,0.022621,,0.965566,0,421,0,72.378654
7458,103705,0,762867,13.594113,0.000000,1.025885,non_zero_exit,0.965574,0,421,0,72.368950
7459,103705,0,762867,13.594113,0.000000,0.027086,,0.965448,0,421,0,72.372654
7460,103705,0,762867,13.594113,0.000000,0.029616,,0.965323,0,421,0,72.376357
7461,103705,0,762867,13.594113,0.000000,0.034379,,0.965198,0,421,0,72.380059
7462,103705,0,762867,13.594113,0.000000,0.030093,,0.965073,0,421,0,72.383760
7463,103705,0,762867,13.594113,0.000000,0.031607,,0.964948,0,421,0,72.387460
7464,103705,0,762867,13.594113,0.000000,0.031965,,0.964823,0,421,0,72.391159
7465,103705,0,762867,13.594113,0.000000,0.022316,non_zero_exit,0.964696,0,421,0,72.381463
7466,103705,0,762867,13.594113,0.000000,0.033933,,0.964572,0,421,0,72.385161
7467,103705,0,762867,13.594113,0.000000,0.022943,non_zero_exit,0.964446,0,421,0,72.375469
7468,103705,0,762867,13.594113,0.000000,0.023623,non_zero_exit,0.964320,0,421,0,72.365779
7469,103705,0,762867,13.594113,0.000000,2.032142,,0.964463,0,421,0,72.369478
7470,103705,0,762867,13.594113,0.000000,3.030526,,0.964739,0,421,0,72.373176
7471,103707,2,762867,13.594375,0.000262,2.536614,,0.964949,0,421,0,72.376874
7472,103707,0,762867,13.594375,0.000000,0.021526,non_zero_exit,0.964823,0,421,0,72.367189
7473,103707,0,762867,13.594375,0.000000,0.030441,,0.964698,0,421,0,72.370886
7474,103714,7,762867,13.595292,0.000918,1.029971,,0.964707,0,421,0,72.374582
7475,103714,0,762867,13.595292,0.000000,0.034189,,0.964582,0,421,0,72.378277
7476,103714,0,762867,13.595292,0.000000,0.026513,,0.964457,0,421,0,72.381971
7477,103714,0,762867,13.595292,0.000000,0.028847,,0.964332,0,421,0,72.385665
7478,103714,0,762867,13.595292,0.000000,0.022988,non_zero_exit,0.964206,0,421,0,72.375986
7479,103714,0,762867,13.595292,0.000000,1.529973,,0.964282,0,421,0,72.379679
7480,103714,0,762867,13.595292,0.000000,0.030523,,0.964157,0,421,0,72.383371
7481,103717,3,762867,13.595686,0.000393,3.040213,non_zero_exit,0.964434,0,421,0,72.373697
7482,103717,0,762867,13.595686,0.000000,0.031705,,0.964310,0,421,0,72.377389
7483,103717,0,762867,13.595686,0.000000,0.021688,non_zero_exit,0.964184,0,421,0,72.367718
7484,103717,0,762867,13.595686,0.000000,4.028950,,0.964593,0,421,0,72.371409
7485,103717,0,762867,13.595686,0.000000,0.021638,non_zero_exit,0.964467,0,421,0,72.361742
7486,103721,4,762867,13.596210,0.000524,0.025150,non_zero_exit,0.964342,0,421,0,72.352077
7487,103721,0,762867,13.596210,0.000000,0.021775,non_zero_exit,0.964216,0,421,0,72.342415
7488,103721,0,762867,13.596210,0.000000,0.033014,,0.964092,0,421,0,72.346108
7489,103721,0,762867,13.596210,0.000000,1.030360,,0.964100,0,421,0,72.349800
7490,103721,0,762867,13.596210,0.000000,0.024788,non_zero_exit,0.963975,0,421,0,72.340142
7491,103721,0,762867,13.596210,0.000000,0.023267,non_zero_exit,0.963849,0,421,0,72.330486
7492,103721,0,762867,13.596210,0.000000,0.915446,,0.963843,0,421,0,72.334179
7493,103721,0,762867,13.596210,0.000000,0.027791,,0.963718,0,421,0,72.337870
7494,103721,0,762867,13.596210,0.000000,1.022469,,0.963726,0,421,0,72.341561
7495,103721,0,762867,13.596210,0.000000,0.029067,non_zero_exit,0.963601,0,421,0,72.331910
7496,103721,0,762867,13.596210,0.000000,5.003916,timeout,0.964140,0,422,0,72.322262
7497,103721,0,762867,13.596210,0.000000,1.032935,,0.964149,0,422,0,72.325954
7498,103721,0,762867,13.596210,0.000000,1.529933,,0.964225,0,422,0,72.329644
7499,103721,0,762867,13.596210,0.000000,1.028686,,0.964233,0,422,0,72.333333
7500,103721,0,762867,13.596210,0.000000,0.539582,,0.964177,0,422,0,72.337022
7501,103721,0,762867,13.596210,0.000000,4.038604,,0.964587,0,422,0,72.340709
7502,103721,0,762867,13.596210,0.000000,0.026299,non_zero_exit,0.964462,0,422,0,72.331068
7503,103721,0,762867,13.596210,0.000000,0.031021,,0.964337,0,422,0,72.334755
7504,103721,0,762867,13.596210,0.000000,0.030623,,0.964213,0,422,0,72.338441
7505,103721,0,762867,13.596210,0.000000,0.025016,non_zero_exit,0.964088,0,422,0,72.328804
7506,103721,0,762867,13.596210,0.000000,5.004327,timeout,0.964626,0,423,0,72.319169
7507,103721,0,762867,13.596210,0.000000,0.029064,,0.964501,0,423,0,72.322856
7508,103721,0,762867,13.596210,0.000000,2.536560,,0.964711,0,423,0,72.326541
7509,103721,0,762867,13.596210,0.000000,3.517576,,0.965050,0,423,0,72.330226
7510,103721,0,762867,13.596210,0.000000,0.021888,non_zero_exit,0.964925,0,423,0,72.320596
7511,103721,0,762867,13.596210,0.000000,0.030994,,0.964801,0,423,0,72.324281
7512,103721,0,762867,13.596210,0.000000,0.531031,,0.964743,0,423,0,72.327965
7513,103721,0,762867,13.596210,0.000000,0.030393,,0.964618,0,423,0,72.331648
7514,103721,0,762867,13.596210,0.000000,1.029407,,0.964627,0,423,0,72.335329
7515,103721,0,762867,13.596210,0.000000,0.527718,,0.964569,0,423,0,72.339010
7516,103721,0,762867,13.596210,0.000000,1.267586,,0.964609,0,423,0,72.342690
7517,103721,0,762867,13.596210,0.000000,2.038683,,0.964752,0,423,0,72.346369
7518,103722,1,762867,13.596341,0.000131,0.024670,non_zero_exit,0.964627,0,423,0,72.336747
7519,103722,0,762867,13.596341,0.000000,1.029653,,0.964636,0,423,0,72.340426
7520,103722,0,762867,13.596341,0.000000,5.004442,timeout,0.965173,0,424,0,72.330807
7521,103722,0,762867,13.596341,0.000000,1.527860,,0.965248,0,424,0,72.334486
7522,103722,0,762867,13.596341,0.000000,3.025613,,0.965522,0,424,0,72.338163
7523,103722,0,762867,13.596341,0.000000,1.034041,,0.965531,0,424,0,72.341839
7524,103722,0,762867,13.596341,0.000000,3.031722,,0.965805,0,424,0,72.345515
7525,103722,0,762867,13.596341,0.000000,1.027821,,0.965814,0,424,0,72.349189
7526,103722,0,762867,13.596341,0.000000,0.029754,,0.965689,0,424,0,72.352863
7527,103724,2,762867,13.596603,0.000262,0.529535,,0.965631,0,424,0,72.356536
7528,103724,0,762867,13.596603,0.000000,4.039378,,0.966039,0,424,0,72.360207
7529,103724,0,762867,13.596603,0.000000,5.003734,timeout,0.966576,0,425,0,72.350598
7530,103724,0,762867,13.596603,0.000000,5.004741,timeout,0.967112,0,426,0,72.340991
7531,103724,0,762867,13.596603,0.000000,1.032129,,0.967121,0,426,0,72.344663
7532,103724,0,762867,13.596603,0.000000,0.033518,,0.966997,0,426,0,72.348334
7533,103724,0,762867,13.596603,0.000000,1.042700,,0.967007,0,426,0,72.352004
7534,103724,0,762867,13.596603,0.000000,3.036943,non_zero_exit,0.967281,0,426,0,72.342402
7535,103724,0,762867,13.596603,0.000000,0.020194,non_zero_exit,0.967156,0,426,0,72.332803
7536,103724,0,762867,13.596603,0.000000,0.019868,non_zero_exit,0.967030,0,426,0,72.323206
7537,103724,0,762867,13.596603,0.000000,1.031006,,0.967038,0,426,0,72.326877
7538,103724,0,762867,13.596603,0.000000,0.032213,,0.966914,0,426,0,72.330548
7539,103724,0,762867,13.596603,0.000000,0.025373,,0.966790,0,426,0,72.334218
7540,103724,0,762867,13.596603,0.000000,0.026170,non_zero_exit,0.966665,0,426,0,72.324625
7541,103724,0,762867,13.596603,0.000000,0.033138,,0.966541,0,426,0,72.328295
7542,103724,0,762867,13.596603,0.000000,1.033764,,0.966550,0,426,0,72.331963
7543,103724,0,762867,13.596603,0.000000,5.004061,timeout,0.967085,0,427,0,72.322375
7544,103724,0,762867,13.596603,0.000000,3.034229,,0.967359,0,427,0,72.326044
7545,103724,0,762867,13.596603,0.000000,1.029595,non_zero_exit,0.967367,0,427,0,72.316459
7546,103724,0,762867,13.596603,0.000000,1.027991,,0.967375,0,427,0,72.320127
7547,103724,0,762867,13.596603,0.000000,0.023899,non_zero_exit,0.967250,0,427,0,72.310546
7548,103724,0,762867,13.596603,0.000000,1.033127,,0.967259,0,427,0,72.314214
7549,103724,0,762867,13.596603,0.000000,1.026912,,0.967267,0,427,0,72.317881
7550,103724,0,762867,13.596603,0.000000,1.029918,,0.967275,0,427,0,72.321547
7551,103724,0,762867,13.596603,0.000000,1.030493,,0.967284,0,427,0,72.325212
7552,103724,0,762867,13.596603,0.000000,3.636887,,0.967637,0,427,0,72.328876
7553,103724,0,762867,13.596603,0.000000,0.023480,non_zero_exit,0.967512,0,427,0,72.319301
7554,103727,3,762867,13.596997,0.000393,0.029606,,0.967388,0,427,0,72.322965
7555,103727,0,762867,13.596997,0.000000,3.031249,,0.967661,0,427,0,72.326628
7556,103727,0,762867,13.596997,0.000000,2.031587,,0.967802,0,427,0,72.330290
7557,103727,0,762867,13.596997,0.000000,0.029498,,0.967678,0,427,0,72.333951
7558,103727,0,762867,13.596997,0.000000,0.033470,,0.967554,0,427,0,72.337611
7559,103727,0,762867,13.596997,0.000000,0.765591,,0.967528,0,427,0,72.341270
7560,103729,2,762867,13.597259,0.000262,0.132848,,0.967417,0,427,0,72.344928
7561,103729,0,762867,13.597259,0.000000,4.535854,,0.967889,0,427,0,72.348585
7562,103730,1,762867,13.597390,0.000131,0.030378,,0.967765,0,427,0,72.352241
7563,103730,0,762867,13.597390,0.000000,2.782847,,0.968005,0,427,0,72.355896
7564,103798,68,762867,13.606304,0.008914,1.035309,non_zero_exit,0.968014,0,427,0,72.346332
7565,103798,0,762867,13.606304,0.000000,3.027320,,0.968286,0,427,0,72.349987
7566,103798,0,762867,13.606304,0.000000,1.030779,,0.968294,0,427,0,72.353641
7567,103800,2,762867,13.606566,0.000262,0.023539,non_zero_exit,0.968170,0,427,0,72.344080
7568,103800,0,762867,13.606566,0.000000,5.007324,timeout,0.968703,0,428,0,72.334522
7569,103800,0,762867,13.606566,0.000000,3.032981,,0.968976,0,428,0,72.338177
7570,103800,0,762867,13.606566,0.000000,0.040621,non_zero_exit,0.968853,0,428,0,72.328622
7571,103800,0,762867,13.606566,0.000000,1.030868,,0.968861,0,428,0,72.332277
7572,103800,0,762867,13.606566,0.000000,0.031889,,0.968738,0,428,0,72.335930
7573,103800,0,762867,13.606566,0.000000,1.040815,,0.968747,0,428,0,72.339583
7574,103800,0,762867,13.606566,0.000000,3.039437,,0.969021,0,428,0,72.343234
7575,103800,0,762867,13.606566,0.000000,3.033988,,0.969293,0,428,0,72.346885
7576,103800,0,762867,13.606566,0.000000,3.028535,,0.969565,0,428,0,72.350535
7577,103800,0,762867,13.606566,0.000000,0.036299,,0.969442,0,428,0,72.354183
7578,103800,0,762867,13.606566,0.000000,1.037289,,0.969451,0,428,0,72.357831
7579,103800,0,762867,13.606566,0.000000,1.284368,non_zero_exit,0.969492,0,428,0,72.348285
7580,103800,0,762867,13.606566,0.000000,1.029164,,0.969500,0,428,0,72.351932
7581,103801,1,762867,13.606697,0.000131,1.037555,,0.969509,0,428,0,72.355579
7582,103801,0,762867,13.606697,0.000000,1.032236,,0.969517,0,428,0,72.359225
7583,103801,0,762867,13.606697,0.000000,1.028489,,0.969525,0,428,0,72.362869
7584,103801,0,762867,13.606697,0.000000,4.027194,,0.969928,0,428,0,72.366513
7585,103801,0,762867,13.606697,0.000000,2.538629,,0.970135,0,428,0,72.370156
7586,103801,0,762867,13.606697,0.000000,3.031893,,0.970407,0,428,0,72.373797
7587,103801,0,762867,13.606697,0.000000,2.030805,,0.970547,0,428,0,72.377438
7588,103801,0,762867,13.606697,0.000000,0.031838,,0.970423,0,428,0,72.381078
7589,103801,0,762867,13.606697,0.000000,0.032470,,0.970299,0,428,0,72.384717
7590,103801,0,762867,13.606697,0.000000,0.026375,,0.970175,0,428,0,72.388355
7591,103801,0,762867,13.606697,0.000000,0.022471,non_zero_exit,0.970050,0,428,0,72.378820
7592,103801,0,762867,13.606697,0.000000,0.019507,non_zero_exit,0.969925,0,428,0,72.369288
7593,103801,0,762867,13.606697,0.000000,0.135347,non_zero_exit,0.969815,0,428,0,72.359758
7594,103801,0,762867,13.606697,0.000000,0.023873,non_zero_exit,0.969691,0,428,0,72.350230
7595,103801,0,762867,13.606697,0.000000,0.024528,non_zero_exit,0.969566,0,428,0,72.340706
7596,103801,0,762867,13.606697,0.000000,0.032633,,0.969443,0,428,0,72.344346
7597,103801,0,762867,13.606697,0.000000,0.022551,non_zero_exit,0.969318,0,428,0,72.334825
7598,103801,0,762867,13.606697,0.000000,1.030516,,0.969326,0,428,0,72.338466
7599,103801,0,762867,13.606697,0.000000,1.029337,,0.969334,0,428,0,72.342105
7600,103801,0,762867,13.606697,0.000000,1.035574,,0.969343,0,428,0,72.345744
7601,103801,0,762867,13.606697,0.000000,0.086946,,0.969227,0,428,0,72.349382
7602,103801,0,762867,13.606697,0.000000,0.036201,,0.969104,0,428,0,72.353019
7603,103801,0,762867,13.606697,0.000000,0.035216,,0.968981,0,428,0,72.356654
7604,103801,0,762867,13.606697,0.000000,2.031566,,0.969121,0,428,0,72.360289
7605,103801,0,762867,13.606697,0.000000,3.026830,,0.969391,0,428,0,72.363923
7606,103801,0,762867,13.606697,0.000000,0.030983,,0.969268,0,428,0,72.367556
7607,103801,0,762867,13.606697,0.000000,0.024821,non_zero_exit,0.969144,0,428,0,72.358044
7608,103801,0,762867,13.606697,0.000000,0.032324,,0.969021,0,428,0,72.361677
7609,103801,0,762867,13.606697,0.000000,0.030470,,0.968897,0,428,0,72.365309
7610,103801,0,762867,13.606697,0.000000,0.032458,,0.968774,0,428,0,72.368940
7611,103801,0,762867,13.606697,0.000000,1.037119,,0.968783,0,428,0,72.372570
7612,103801,0,762867,13.606697,0.000000,0.027590,,0.968660,0,428,0,72.376199
7613,103801,0,762867,13.606697,0.000000,5.005251,timeout,0.969190,0,429,0,72.366693
7614,103801,0,762867,13.606697,0.000000,0.021229,non_zero_exit,0.969065,0,429,0,72.357190
7615,103801,0,762867,13.606697,0.000000,0.032623,,0.968943,0,429,0,72.360819
7616,103801,0,762867,13.606697,0.000000,0.026388,non_zero_exit,0.968819,0,429,0,72.351319
7617,103807,6,762867,13.607483,0.000787,1.028821,,0.968827,0,429,0,72.354949
7618,103807,0,762867,13.607483,0.000000,0.021822,non_zero_exit,0.968702,0,429,0,72.345452
7619,103807,0,762867,13.607483,0.000000,2.538613,,0.968908,0,429,0,72.349081
7620,103807,0,762867,13.607483,0.000000,0.022783,non_zero_exit,0.968784,0,429,0,72.339588
7621,103807,0,762867,13.607483,0.000000,0.029537,,0.968661,0,429,0,72.343217
7622,103807,0,762867,13.607483,0.000000,0.024281,non_zero_exit,0.968537,0,429,0,72.333727
7623,103807,0,762867,13.607483,0.000000,0.031079,,0.968414,0,429,0,72.337356
7624,103807,0,762867,13.607483,0.000000,4.034957,,0.968816,0,429,0,72.340984
7625,103807,0,762867,13.607483,0.000000,0.028472,,0.968693,0,429,0,72.344611
7626,103807,0,762867,13.607483,0.000000,0.031910,,0.968570,0,429,0,72.348237
7627,103807,0,762867,13.607483,0.000000,3.036527,,0.968841,0,429,0,72.351862
7628,103807,0,762867,13.607483,0.000000,1.028245,,0.968849,0,429,0,72.355486
7629,103807,0,762867,13.607483,0.000000,0.019115,non_zero_exit,0.968725,0,429,0,72.346003
7630,103807,0,762867,13.607483,0.000000,0.022774,non_zero_exit,0.968601,0,429,0,72.336522
7631,103807,0,762867,13.607483,0.000000,0.031698,non_zero_exit,0.968478,0,429,0,72.327044
7632,103807,0,762867,13.607483,0.000000,0.023188,non_zero_exit,0.968354,0,429,0,72.317568
7633,103807,0,762867,13.607483,0.000000,0.033698,,0.968232,0,429,0,72.321195
7634,103807,0,762867,13.607483,0.000000,0.029603,non_zero_exit,0.968109,0,429,0,72.311722
7635,103842,35,762867,13.612071,0.004588,1.037843,,0.968118,0,429,0,72.315348
7636,103842,0,762867,13.612071,0.000000,2.026150,,0.968256,0,429,0,72.318973
7637,103842,0,762867,13.612071,0.000000,2.028567,,0.968395,0,429,0,72.322598
7638,103842,0,762867,13.612071,0.000000,0.018417,non_zero_exit,0.968271,0,429,0,72.313130
7639,103842,0,762867,13.612071,0.000000,0.025167,non_zero_exit,0.968147,0,429,0,72.303665
7640,103842,0,762867,13.612071,0.000000,1.031100,non_zero_exit,0.968156,0,429,0,72.294202
7641,103842,0,762867,13.612071,0.000000,4.035074,,0.968557,0,429,0,72.297828
7642,103842,0,762867,13.612071,0.000000,1.030607,,0.968565,0,429,0,72.301452
7643,103842,0,762867,13.612071,0.000000,2.030017,,0.968704,0,429,0,72.305076
7644,103842,0,762867,13.612071,0.000000,5.005340,timeout,0.969232,0,430,0,72.295618
7645,103842,0,762867,13.612071,0.000000,0.033983,,0.969110,0,430,0,72.299241
7646,103842,0,762867,13.612071,0.000000,0.030946,,0.968987,0,430,0,72.302864
7647,103842,0,762867,13.612071,0.000000,1.034685,,0.968995,0,430,0,72.306485
7648,103868,26,762867,13.615480,0.003408,5.014417,timeout,0.969524,0,431,0,72.297032
7649,103868,0,762867,13.615480,0.000000,3.028136,,0.969793,0,431,0,72.300654
7650,103868,0,762867,13.615480,0.000000,3.033359,,0.970063,0,431,0,72.304274
7651,103879,11,762867,13.616921,0.001442,1.032910,,0.970071,0,431,0,72.307893
7652,103879,0,762867,13.616921,0.000000,1.036746,,0.970080,0,431,0,72.311512
7653,103879,0,762867,13.616921,0.000000,3.032191,,0.970350,0,431,0,72.315129
7654,103879,0,762867,13.616921,0.000000,0.031304,,0.970227,0,431,0,72.318746
7655,103879,0,762867,13.616921,0.000000,0.022038,non_zero_exit,0.970103,0,431,0,72.309300
7656,103879,0,762867,13.616921,0.000000,0.035676,,0.969981,0,431,0,72.312916
7657,103879,0,762867,13.616921,0.000000,1.030088,,0.969989,0,431,0,72.316532
7658,103879,0,762867,13.616921,0.000000,0.030271,,0.969866,0,431,0,72.320146
7659,103879,0,762867,13.616921,0.000000,0.030723,,0.969744,0,431,0,72.323760
7660,103879,0,762867,13.616921,0.000000,0.022265,non_zero_exit,0.969620,0,431,0,72.314319
7661,103879,0,762867,13.616921,0.000000,0.024452,,0.969496,0,431,0,72.317933
7662,103879,0,762867,13.616921,0.000000,0.025193,non_zero_exit,0.969373,0,431,0,72.308495
7663,103879,0,762867,13.616921,0.000000,0.033140,,0.969251,0,431,0,72.312109
7664,103879,0,762867,13.616921,0.000000,5.085623,timeout,0.969788,0,432,0,72.302674
7665,103879,0,762867,13.616921,0.000000,0.031337,,0.969666,0,432,0,72.306288
7666,103879,0,762867,13.616921,0.000000,1.027412,,0.969673,0,432,0,72.309900
7667,103879,0,762867,13.616921,0.000000,0.026558,,0.969550,0,432,0,72.313511
7668,103879,0,762867,13.616921,0.000000,0.021940,non_zero_exit,0.969427,0,432,0,72.304081
7669,103879,0,762867,13.616921,0.000000,3.531246,,0.969761,0,432,0,72.307692
7670,103879,0,762867,13.616921,0.000000,1.030878,,0.969769,0,432,0,72.311302
7671,103879,0,762867,13.616921,0.000000,1.031711,,0.969777,0,432,0,72.314911
7672,103879,0,762867,13.616921,0.000000,1.032707,,0.969785,0,432,0,72.318519
7673,103879,0,762867,13.616921,0.000000,1.031488,,0.969793,0,432,0,72.322127
7674,103879,0,762867,13.616921,0.000000,1.034869,,0.969801,0,432,0,72.325733
7675,103879,0,762867,13.616921,0.000000,0.022860,non_zero_exit,0.969678,0,432,0,72.316311
7676,103879,0,762867,13.616921,0.000000,0.029888,,0.969556,0,432,0,72.319917
7677,103879,0,762867,13.616921,0.000000,1.031319,,0.969564,0,432,0,72.323522
7678,103879,0,762867,13.616921,0.000000,1.035849,,0.969572,0,432,0,72.327126
7679,103879,0,762867,13.616921,0.000000,1.040880,,0.969582,0,432,0,72.330729
7680,103879,0,762867,13.616921,0.000000,0.032947,,0.969460,0,432,0,72.334331
7681,103879,0,762867,13.616921,0.000000,1.534218,,0.969533,0,432,0,72.337933
7682,103879,0,762867,13.616921,0.000000,1.034898,,0.969542,0,432,0,72.341533
7683,103879,0,762867,13.616921,0.000000,0.022134,non_zero_exit,0.969418,0,432,0,72.332119
7684,103879,0,762867,13.616921,0.000000,0.035913,non_zero_exit,0.969297,0,432,0,72.322707
7685,103879,0,762867,13.616921,0.000000,0.028259,,0.969175,0,432,0,72.326308
7686,103879,0,762867,13.616921,0.000000,5.003476,timeout,0.969699,0,433,0,72.316899
7687,103879,0,762867,13.616921,0.000000,1.029545,,0.969707,0,433,0,72.320499
7688,103879,0,762867,13.616921,0.000000,1.028474,,0.969715,0,433,0,72.324099
7689,103879,0,762867,13.616921,0.000000,1.029230,,0.969723,0,433,0,72.327698
7690,103882,3,762867,13.617315,0.000393,0.032142,,0.969601,0,433,0,72.331296
7691,103882,0,762867,13.617315,0.000000,0.025697,non_zero_exit,0.969478,0,433,0,72.321893
7692,103882,0,762867,13.617315,0.000000,0.020408,non_zero_exit,0.969355,0,433,0,72.312492
7693,103882,0,762867,13.617315,0.000000,1.876218,,0.969472,0,433,0,72.316090
7694,103882,0,762867,13.617315,0.000000,0.024395,non_zero_exit,0.969350,0,433,0,72.306693
7695,103882,0,762867,13.617315,0.000000,0.023831,non_zero_exit,0.969227,0,433,0,72.297297
7696,103882,0,762867,13.617315,0.000000,0.346533,,0.969146,0,433,0,72.300896
7697,103882,0,762867,13.617315,0.000000,1.037604,,0.969155,0,433,0,72.304495
7698,103882,0,762867,13.617315,0.000000,5.004684,timeout,0.969679,0,434,0,72.295103
7699,103882,0,762867,13.617315,0.000000,5.003552,timeout,0.970203,0,435,0,72.285714
7700,103882,0,762867,13.617315,0.000000,0.022231,non_zero_exit,0.970080,0,435,0,72.276328
7701,103882,0,762867,13.617315,0.000000,0.030656,,0.969958,0,435,0,72.279927
7702,103882,0,762867,13.617315,0.000000,1.031284,,0.969966,0,435,0,72.283526
7703,103882,0,762867,13.617315,0.000000,0.026069,non_zero_exit,0.969843,0,435,0,72.274143
7704,103882,0,762867,13.617315,0.000000,0.030445,,0.969721,0,435,0,72.277742
7705,103882,0,762867,13.617315,0.000000,0.040226,,0.969601,0,435,0,72.281339
7706,103883,1,762867,13.617446,0.000131,1.031319,,0.969609,0,435,0,72.284936
7707,103883,0,762867,13.617446,0.000000,0.030722,,0.969487,0,435,0,72.288531
7708,103883,0,762867,13.617446,0.000000,1.030142,,0.969495,0,435,0,72.292126
7709,103883,0,762867,13.617446,0.000000,0.020988,non_zero_exit,0.969372,0,435,0,72.282750
7710,103883,0,762867,13.617446,0.000000,0.530892,,0.969315,0,435,0,72.286344
7711,103883,0,762867,13.617446,0.000000,1.028402,,0.969322,0,435,0,72.289938
7712,103883,0,762867,13.617446,0.000000,1.034006,,0.969331,0,435,0,72.293530
7713,103883,0,762867,13.617446,0.000000,0.030145,,0.969209,0,435,0,72.297122
7714,103883,0,762867,13.617446,0.000000,0.021924,non_zero_exit,0.969086,0,435,0,72.287751
7715,103883,0,762867,13.617446,0.000000,0.030331,,0.968965,0,435,0,72.291343
7716,103884,1,762867,13.617577,0.000131,1.527179,,0.969037,0,435,0,72.294933
7717,103884,0,762867,13.617577,0.000000,1.028848,,0.969045,0,435,0,72.298523
7718,103884,0,762867,13.617577,0.000000,0.030268,,0.968923,0,435,0,72.302112
7719,103884,0,762867,13.617577,0.000000,0.030008,,0.968801,0,435,0,72.305699
7720,103884,0,762867,13.617577,0.000000,0.021259,non_zero_exit,0.968679,0,435,0,72.296335
7721,103884,0,762867,13.617577,0.000000,0.029789,,0.968557,0,435,0,72.299922
7722,103884,0,762867,13.617577,0.000000,0.022203,non_zero_exit,0.968435,0,435,0,72.290561
7723,103884,0,762867,13.617577,0.000000,0.028957,,0.968313,0,435,0,72.294148
7724,103884,0,762867,13.617577,0.000000,3.032555,,0.968580,0,435,0,72.297735
7725,103884,0,762867,13.617577,0.000000,0.031441,,0.968459,0,435,0,72.301320
7726,103884,0,762867,13.617577,0.000000,1.035549,,0.968468,0,435,0,72.304905
7727,103884,0,762867,13.617577,0.000000,3.037393,,0.968735,0,435,0,72.308489
7728,103884,0,762867,13.617577,0.000000,0.025896,,0.968613,0,435,0,72.312071
7729,103884,0,762867,13.617577,0.000000,2.814607,,0.968852,0,435,0,72.315653
7730,103884,0,762867,13.617577,0.000000,5.006338,timeout,0.969374,0,436,0,72.306299
7731,103884,0,762867,13.617577,0.000000,1.030111,,0.969382,0,436,0,72.309881
7732,103884,0,762867,13.617577,0.000000,0.032730,,0.969261,0,436,0,72.313462
7733,103884,0,762867,13.617577,0.000000,3.030580,,0.969528,0,436,0,72.317042
7734,103884,0,762867,13.617577,0.000000,1.029789,,0.969535,0,436,0,72.320621
7735,103884,0,762867,13.617577,0.000000,0.023639,non_zero_exit,0.969413,0,436,0,72.311272
7736,103884,0,762867,13.617577,0.000000,0.029931,,0.969292,0,436,0,72.314851
7737,103884,0,762867,13.617577,0.000000,0.021070,non_zero_exit,0.969169,0,436,0,72.305505
7738,103884,0,762867,13.617577,0.000000,0.031212,,0.969048,0,436,0,72.309084
7739,103884,0,762867,13.617577,0.000000,0.024945,non_zero_exit,0.968926,0,436,0,72.299742
7740,103884,0,762867,13.617577,0.000000,1.036986,,0.968935,0,436,0,72.303320
7741,103884,0,762867,13.617577,0.000000,1.532780,,0.969008,0,436,0,72.306897
7742,103884,0,762867,13.617577,0.000000,0.028360,,0.968886,0,436,0,72.310474
7743,103884,0,762867,13.617577,0.000000,1.030936,,0.968894,0,436,0,72.314050
7744,103884,0,762867,13.617577,0.000000,0.031844,,0.968773,0,436,0,72.317624
7745,103884,0,762867,13.617577,0.000000,0.024986,non_zero_exit,0.968651,0,436,0,72.308288
7746,103884,0,762867,13.617577,0.000000,0.031838,,0.968530,0,436,0,72.311863
7747,103884,0,762867,13.617577,0.000000,0.027228,non_zero_exit,0.968409,0,436,0,72.302530
7748,103884,0,762867,13.617577,0.000000,0.033067,,0.968288,0,436,0,72.306104
7749,103884,0,762867,13.617577,0.000000,0.026622,non_zero_exit,0.968167,0,436,0,72.296774
7750,103884,0,762867,13.617577,0.000000,0.030764,,0.968046,0,436,0,72.300348
7751,103884,0,762867,13.617577,0.000000,2.532376,,0.968248,0,436,0,72.303922
7752,103884,0,762867,13.617577,0.000000,0.023407,non_zero_exit,0.968126,0,436,0,72.294596
7753,103884,0,762867,13.617577,0.000000,1.041451,,0.968135,0,436,0,72.298169
7754,103884,0,762867,13.617577,0.000000,0.024057,non_zero_exit,0.968013,0,436,0,72.288846
7755,103885,1,762867,13.617708,0.000131,0.026385,,0.967892,0,436,0,72.292419
7756,103885,0,762867,13.617708,0.000000,0.021357,non_zero_exit,0.967770,0,436,0,72.283099
7757,103885,0,762867,13.617708,0.000000,0.024726,non_zero_exit,0.967648,0,436,0,72.273782
7758,103885,0,762867,13.617708,0.000000,0.022050,non_zero_exit,0.967527,0,436,0,72.264467
7759,103885,0,762867,13.617708,0.000000,0.025717,non_zero_exit,0.967405,0,436,0,72.255155
7760,103885,0,762867,13.617708,0.000000,0.023332,non_zero_exit,0.967284,0,436,0,72.245845
7761,103885,0,762867,13.617708,0.000000,1.028776,,0.967291,0,436,0,72.249420
7762,103885,0,762867,13.617708,0.000000,0.024232,non_zero_exit,0.967170,0,436,0,72.240113
7763,103885,0,762867,13.617708,0.000000,1.037448,,0.967179,0,436,0,72.243689
7764,103885,0,762867,13.617708,0.000000,0.029517,,0.967058,0,436,0,72.247263
7765,103885,0,762867,13.617708,0.000000,0.030517,,0.966938,0,436,0,72.250837
7766,103885,0,762867,13.617708,0.000000,1.030998,,0.966946,0,436,0,72.254410
7767,103885,0,762867,13.617708,0.000000,0.024832,non_zero_exit,0.966825,0,436,0,72.245108
7768,103885,0,762867,13.617708,0.000000,0.025467,,0.966703,0,436,0,72.248681
7769,103885,0,762867,13.617708,0.000000,5.003855,timeout,0.967223,0,437,0,72.239382
7770,103885,0,762867,13.617708,0.000000,0.029495,,0.967102,0,437,0,72.242955
7771,103885,0,762867,13.617708,0.000000,0.029768,,0.966982,0,437,0,72.246526
7772,103885,0,762867,13.617708,0.000000,1.028198,,0.966990,0,437,0,72.250096
7773,103885,0,762867,13.617708,0.000000,0.022414,non_zero_exit,0.966868,0,437,0,72.240803
7774,103885,0,762867,13.617708,0.000000,1.029265,,0.966876,0,437,0,72.244373
7775,103885,0,762867,13.617708,0.000000,0.024247,,0.966755,0,437,0,72.247942
7776,103885,0,762867,13.617708,0.000000,3.532288,,0.967085,0,437,0,72.251511
7777,103885,0,762867,13.617708,0.000000,5.004743,timeout,0.967604,0,438,0,72.242222
7778,103885,0,762867,13.617708,0.000000,0.025828,,0.967483,0,438,0,72.245790
7779,103885,0,762867,13.617708,0.000000,0.033528,,0.967363,0,438,0,72.249357
7780,103885,0,762867,13.617708,0.000000,1.040493,,0.967372,0,438,0,72.252924
7781,103885,0,762867,13.617708,0.000000,1.032918,,0.967381,0,438,0,72.256489
7782,103885,0,762867,13.617708,0.000000,0.019858,non_zero_exit,0.967259,0,438,0,72.247205
7783,103885,0,762867,13.617708,0.000000,0.033619,,0.967139,0,438,0,72.250771
7784,103885,0,762867,13.617708,0.000000,0.032006,,0.967019,0,438,0,72.254335
7785,103885,0,762867,13.617708,0.000000,1.038216,,0.967028,0,438,0,72.257899
7786,103885,0,762867,13.617708,0.000000,1.033939,,0.967037,0,438,0,72.261461
7787,103885,0,762867,13.617708,0.000000,0.028160,,0.966916,0,438,0,72.265023
7788,103885,0,762867,13.617708,0.000000,0.030320,,0.966796,0,438,0,72.268584
7789,103885,0,762867,13.617708,0.000000,5.004160,timeout,0.967314,0,439,0,72.259307
7790,103885,0,762867,13.617708,0.000000,5.004400,timeout,0.967832,0,440,0,72.250032
7791,103886,1,762867,13.617839,0.000131,1.131998,,0.967853,0,440,0,72.253593
7792,103886,0,762867,13.617839,0.000000,3.035060,,0.968119,0,440,0,72.257154
7793,103886,0,762867,13.617839,0.000000,1.032160,,0.968127,0,440,0,72.260713
7794,103886,0,762867,13.617839,0.000000,1.030612,,0.968135,0,440,0,72.264272
7795,103886,0,762867,13.617839,0.000000,0.024899,non_zero_exit,0.968014,0,440,0,72.255003
7796,103886,0,762867,13.617839,0.000000,0.037390,,0.967894,0,440,0,72.258561
7797,103886,0,762867,13.617839,0.000000,1.032102,,0.967903,0,440,0,72.262118
7798,103886,0,762867,13.617839,0.000000,2.037250,,0.968040,0,440,0,72.265675
7799,103886,0,762867,13.617839,0.000000,0.021464,non_zero_exit,0.967918,0,440,0,72.256410
7800,103886,0,762867,13.617839,0.000000,0.023978,non_zero_exit,0.967797,0,440,0,72.247148
7801,103886,0,762867,13.617839,0.000000,1.031082,,0.967806,0,440,0,72.250705
7802,103886,0,762867,13.617839,0.000000,0.030091,,0.967685,0,440,0,72.254261
7803,103886,0,762867,13.617839,0.000000,5.003676,timeout,0.968203,0,441,0,72.245003
7804,103886,0,762867,13.617839,0.000000,0.021435,non_zero_exit,0.968081,0,441,0,72.235746
7805,103886,0,762867,13.617839,0.000000,0.029807,,0.967961,0,441,0,72.239303
7806,103886,0,762867,13.617839,0.000000,4.531774,,0.968418,0,441,0,72.242859
7807,103886,0,762867,13.617839,0.000000,0.131650,,0.968310,0,441,0,72.246414
7808,103886,0,762867,13.617839,0.000000,0.024235,non_zero_exit,0.968189,0,441,0,72.237162
7809,103886,0,762867,13.617839,0.000000,0.529600,,0.968133,0,441,0,72.240717
7810,103886,0,762867,13.617839,0.000000,2.028889,,0.968269,0,441,0,72.244271
7811,103886,0,762867,13.617839,0.000000,0.024399,non_zero_exit,0.968148,0,441,0,72.235023
7812,103886,0,762867,13.617839,0.000000,1.233274,,0.968182,0,441,0,72.238577
7813,103886,0,762867,13.617839,0.000000,0.031706,,0.968062,0,441,0,72.242130
7814,103886,0,762867,13.617839,0.000000,2.032715,,0.968199,0,441,0,72.245681
7815,103886,0,762867,13.617839,0.000000,0.023445,non_zero_exit,0.968078,0,441,0,72.236438
7816,103886,0,762867,13.617839,0.000000,1.027513,,0.968085,0,441,0,72.239990
7817,103886,0,762867,13.617839,0.000000,1.029331,,0.968093,0,441,0,72.243541
7818,103886,0,762867,13.617839,0.000000,0.031278,,0.967973,0,441,0,72.247090
7819,103886,0,762867,13.617839,0.000000,1.034511,,0.967982,0,441,0,72.250639
7820,103887,1,762867,13.617970,0.000131,1.026642,,0.967989,0,441,0,72.254187
7821,103887,0,762867,13.617970,0.000000,5.003999,timeout,0.968505,0,442,0,72.244950
7822,103888,1,762867,13.618101,0.000131,1.040586,,0.968515,0,442,0,72.248498
7823,103888,0,762867,13.618101,0.000000,2.036188,,0.968651,0,442,0,72.252045
7824,103888,0,762867,13.618101,0.000000,2.031781,,0.968787,0,442,0,72.255591
7825,103888,0,762867,13.618101,0.000000,4.031589,,0.969178,0,442,0,72.259136
7826,103888,0,762867,13.618101,0.000000,0.022908,,0.969057,0,442,0,72.262680
7827,103888,0,762867,13.618101,0.000000,0.022475,non_zero_exit,0.968936,0,442,0,72.253449
7828,103888,0,762867,13.618101,0.000000,1.025868,,0.968944,0,442,0,72.256993
7829,103888,0,762867,13.618101,0.000000,0.031315,,0.968824,0,442,0,72.260536
7830,103888,0,762867,13.618101,0.000000,0.030656,,0.968704,0,442,0,72.264079
7831,103888,0,762867,13.618101,0.000000,1.030191,,0.968712,0,442,0,72.267620
7832,103888,0,762867,13.618101,0.000000,0.030035,,0.968592,0,442,0,72.271160
7833,103888,0,762867,13.618101,0.000000,0.025026,non_zero_exit,0.968472,0,442,0,72.261935
7834,103888,0,762867,13.618101,0.000000,3.036578,,0.968736,0,442,0,72.265475
7835,103888,0,762867,13.618101,0.000000,1.029260,,0.968743,0,442,0,72.269015
7836,103888,0,762867,13.618101,0.000000,2.035624,,0.968880,0,442,0,72.272553
7837,103889,1,762867,13.618232,0.000131,1.034860,,0.968888,0,442,0,72.276091
7838,103889,0,762867,13.618232,0.000000,0.028499,,0.968768,0,442,0,72.279628
7839,103889,0,762867,13.618232,0.000000,2.028840,,0.968903,0,442,0,72.283163
7840,103889,0,762867,13.618232,0.000000,0.022137,non_zero_exit,0.968782,0,442,0,72.273945
7841,103889,0,762867,13.618232,0.000000,4.031333,,0.969173,0,442,0,72.277480
7842,103889,0,762867,13.618232,0.000000,1.029018,,0.969181,0,442,0,72.281015
7843,103889,0,762867,13.618232,0.000000,0.024523,non_zero_exit,0.969060,0,442,0,72.271800
7844,103889,0,762867,13.618232,0.000000,0.025795,non_zero_exit,0.968940,0,442,0,72.262588
7845,103889,0,762867,13.618232,0.000000,2.032015,,0.969075,0,442,0,72.266123
7846,103889,0,762867,13.618232,0.000000,0.029660,,0.968956,0,442,0,72.269657
7847,103889,0,762867,13.618232,0.000000,0.534334,,0.968900,0,442,0,72.273191
7848,103889,0,762867,13.618232,0.000000,0.024835,,0.968780,0,442,0,72.276723
7849,103889,0,762867,13.618232,0.000000,1.531745,,0.968852,0,442,0,72.280255
7850,103889,0,762867,13.618232,0.000000,0.025382,non_zero_exit,0.968732,0,442,0,72.271048
7851,103889,0,762867,13.618232,0.000000,0.023436,non_zero_exit,0.968611,0,442,0,72.261844
7852,103889,0,762867,13.618232,0.000000,0.031310,,0.968492,0,442,0,72.265376
7853,103889,0,762867,13.618232,0.000000,0.022794,non_zero_exit,0.968371,0,442,0,72.256175
7854,103889,0,762867,13.618232,0.000000,0.025971,,0.968252,0,442,0,72.259707
7855,103889,0,762867,13.618232,0.000000,0.026433,,0.968132,0,442,0,72.263238
7856,103889,0,762867,13.618232,0.000000,4.042341,,0.968523,0,442,0,72.266768
7857,103889,0,762867,13.618232,0.000000,4.538673,,0.968977,0,442,0,72.270298
7858,103889,0,762867,13.618232,0.000000,0.024440,non_zero_exit,0.968857,0,442,0,72.261102
7859,103889,0,762867,13.618232,0.000000,1.031931,,0.968865,0,442,0,72.264631
7860,103889,0,762867,13.618232,0.000000,0.029845,,0.968746,0,442,0,72.268159
7861,103889,0,762867,13.618232,0.000000,5.004108,timeout,0.969259,0,443,0,72.258967
7862,103889,0,762867,13.618232,0.000000,0.021399,non_zero_exit,0.969138,0,443,0,72.249777
7863,103889,0,762867,13.618232,0.000000,0.128294,,0.969031,0,443,0,72.253306
7864,103889,0,762867,13.618232,0.000000,1.030866,,0.969039,0,443,0,72.256834
7865,103889,0,762867,13.618232,0.000000,0.025013,non_zero_exit,0.968919,0,443,0,72.247648
7866,103889,0,762867,13.618232,0.000000,2.035046,,0.969055,0,443,0,72.251176
7867,103889,0,762867,13.618232,0.000000,0.025234,,0.968935,0,443,0,72.254703
7868,103889,0,762867,13.618232,0.000000,0.035396,,0.968816,0,443,0,72.258228
7869,103889,0,762867,13.618232,0.000000,0.023168,non_zero_exit,0.968696,0,443,0,72.249047
7870,103889,0,762867,13.618232,0.000000,2.029624,,0.968831,0,443,0,72.252573
7871,103889,0,762867,13.618232,0.000000,1.031611,,0.968839,0,443,0,72.256098
7872,103889,0,762867,13.618232,0.000000,1.030372,,0.968847,0,443,0,72.259621
7873,103889,0,762867,13.618232,0.000000,0.031854,,0.968728,0,443,0,72.263145
7874,103889,0,762867,13.618232,0.000000,0.030504,,0.968608,0,443,0,72.266667
7875,103889,0,762867,13.618232,0.000000,0.023595,non_zero_exit,0.968488,0,443,0,72.257491
7876,103889,0,762867,13.618232,0.000000,1.028320,,0.968496,0,443,0,72.261013
7877,103889,0,762867,13.618232,0.000000,2.214424,,0.968654,0,443,0,72.264534
7878,103889,0,762867,13.618232,0.000000,0.534092,,0.968599,0,443,0,72.268054
7879,103889,0,762867,13.618232,0.000000,3.033240,non_zero_exit,0.968861,0,443,0,72.258883
7880,103889,0,762867,13.618232,0.000000,0.028788,,0.968742,0,443,0,72.262403
7881,103889,0,762867,13.618232,0.000000,1.031592,,0.968750,0,443,0,72.265922
7882,103889,0,762867,13.618232,0.000000,0.135510,,0.968644,0,443,0,72.269441
7883,103889,0,762867,13.618232,0.000000,1.027993,,0.968652,0,443,0,72.272958
7884,103889,0,762867,13.618232,0.000000,0.031135,,0.968533,0,443,0,72.276474
7885,103889,0,762867,13.618232,0.000000,0.033956,,0.968414,0,443,0,72.279990
7886,103889,0,762867,13.618232,0.000000,0.021513,non_zero_exit,0.968294,0,443,0,72.270825
7887,103889,0,762867,13.618232,0.000000,1.528060,,0.968365,0,443,0,72.274341
7888,103889,0,762867,13.618232,0.000000,1.031206,,0.968373,0,443,0,72.277855
7889,103889,0,762867,13.618232,0.000000,5.004495,timeout,0.968885,0,444,0,72.268695
7890,103889,0,762867,13.618232,0.000000,0.033170,,0.968766,0,444,0,72.272209
7891,103889,0,762867,13.618232,0.000000,0.024281,non_zero_exit,0.968646,0,444,0,72.263051
7892,103889,0,762867,13.618232,0.000000,0.022207,non_zero_exit,0.968526,0,444,0,72.253896
7893,103889,0,762867,13.618232,0.000000,5.004179,timeout,0.969038,0,445,0,72.244743
7894,103889,0,762867,13.618232,0.000000,0.021166,non_zero_exit,0.968918,0,445,0,72.235592
7895,103889,0,762867,13.618232,0.000000,0.533955,,0.968863,0,445,0,72.239108
7896,103890,1,762867,13.618363,0.000131,1.029648,,0.968870,0,445,0,72.242624
7897,103890,0,762867,13.618363,0.000000,2.537449,,0.969069,0,445,0,72.246138
7898,103890,0,762867,13.618363,0.000000,0.026320,,0.968949,0,445,0,72.249652
7899,103890,0,762867,13.618363,0.000000,1.031053,,0.968957,0,445,0,72.253165
7900,103890,0,762867,13.618363,0.000000,1.030241,,0.968965,0,445,0,72.256676
7901,103890,0,762867,13.618363,0.000000,5.003888,timeout,0.969476,0,446,0,72.247532
7902,103890,0,762867,13.618363,0.000000,0.023385,non_zero_exit,0.969356,0,446,0,72.238390
7903,103890,0,762867,13.618363,0.000000,5.004372,timeout,0.969867,0,447,0,72.229251
7904,103890,0,762867,13.618363,0.000000,2.034758,,0.970001,0,447,0,72.232764
7905,103890,0,762867,13.618363,0.000000,1.028610,,0.970009,0,447,0,72.236276
7906,103890,0,762867,13.618363,0.000000,0.130536,,0.969902,0,447,0,72.239788
7907,103890,0,762867,13.618363,0.000000,3.036630,,0.970164,0,447,0,72.243298
7908,103890,0,762867,13.618363,0.000000,0.025672,,0.970044,0,447,0,72.246807
7909,103890,0,762867,13.618363,0.000000,0.027628,,0.969925,0,447,0,72.250316
7910,103890,0,762867,13.618363,0.000000,2.027160,non_zero_exit,0.970059,0,447,0,72.241183
7911,103890,0,762867,13.618363,0.000000,1.030871,,0.970067,0,447,0,72.244692
7912,103890,0,762867,13.618363,0.000000,4.028718,,0.970453,0,447,0,72.248199
7913,103890,0,762867,13.618363,0.000000,0.032226,,0.970335,0,447,0,72.251706
7914,103890,0,762867,13.618363,0.000000,0.025426,non_zero_exit,0.970215,0,447,0,72.242577
7915,103890,0,762867,13.618363,0.000000,0.025671,non_zero_exit,0.970096,0,447,0,72.233451
7916,103890,0,762867,13.618363,0.000000,3.533477,,0.970420,0,447,0,72.236958
7917,103890,0,762867,13.618363,0.000000,1.536331,,0.970491,0,447,0,72.240465
7918,103890,0,762867,13.618363,0.000000,0.029598,,0.970372,0,447,0,72.243970
7919,103890,0,762867,13.618363,0.000000,1.028679,,0.970380,0,447,0,72.247475
7920,103890,0,762867,13.618363,0.000000,0.031758,,0.970261,0,447,0,72.250978
7921,103890,0,762867,13.618363,0.000000,0.028318,,0.970142,0,447,0,72.254481
7922,103890,0,762867,13.618363,0.000000,0.595221,,0.970095,0,447,0,72.257983
7923,103891,1,762867,13.618494,0.000131,1.033805,,0.970103,0,447,0,72.261484
7924,103891,0,762867,13.618494,0.000000,1.029263,non_zero_exit,0.970110,0,447,0,72.252366
7925,103891,0,762867,13.618494,0.000000,1.031659,,0.970118,0,447,0,72.255867
7926,103891,0,762867,13.618494,0.000000,2.538054,,0.970316,0,447,0,72.259367
7927,103891,0,762867,13.618494,0.000000,0.529980,,0.970260,0,447,0,72.262866
7928,103891,0,762867,13.618494,0.000000,5.005168,timeout,0.970769,0,448,0,72.253752
7929,103891,0,762867,13.618494,0.000000,3.026699,,0.971029,0,448,0,72.257251
7930,103891,0,762867,13.618494,0.000000,0.022008,non_zero_exit,0.970909,0,448,0,72.248140
7931,103892,1,762867,13.618626,0.000131,0.020916,non_zero_exit,0.970789,0,448,0,72.239032
7932,103892,0,762867,13.618626,0.000000,0.030333,,0.970671,0,448,0,72.242531
7933,103892,0,762867,13.618626,0.000000,0.032753,,0.970552,0,448,0,72.246030
7934,103892,0,762867,13.618626,0.000000,0.036102,non_zero_exit,0.970435,0,448,0,72.236925
7935,103892,0,762867,13.618626,0.000000,3.032704,,0.970695,0,448,0,72.240423
7936,103895,3,762867,13.619019,0.000393,5.005489,timeout,0.971203,0,449,0,72.231322
7937,103895,0,762867,13.619019,0.000000,5.004252,timeout,0.971711,0,450,0,72.222222
7938,103895,0,762867,13.619019,0.000000,0.023668,non_zero_exit,0.971592,0,450,0,72.213125
7939,103895,0,762867,13.619019,0.000000,1.034945,,0.971600,0,450,0,72.216625
7940,103895,0,762867,13.619019,0.000000,0.021504,non_zero_exit,0.971480,0,450,0,72.207531
7941,103895,0,762867,13.619019,0.000000,5.005559,timeout,0.971988,0,451,0,72.198439
7942,103895,0,762867,13.619019,0.000000,0.034525,,0.971870,0,451,0,72.201939
7943,103895,0,762867,13.619019,0.000000,5.003431,timeout,0.972377,0,452,0,72.192850
7944,103906,11,762867,13.620461,0.001442,0.023949,non_zero_exit,0.972258,0,452,0,72.183763
7945,103906,0,762867,13.620461,0.000000,1.031014,,0.972265,0,452,0,72.187264
7946,103906,0,762867,13.620461,0.000000,0.020430,non_zero_exit,0.972146,0,452,0,72.178180
7947,103906,0,762867,13.620461,0.000000,4.036030,,0.972531,0,452,0,72.181681
7948,103906,0,762867,13.620461,0.000000,0.130698,,0.972425,0,452,0,72.185181
7949,103906,0,762867,13.620461,0.000000,3.031319,non_zero_exit,0.972684,0,452,0,72.176101
7950,103906,0,762867,13.620461,0.000000,1.032546,,0.972692,0,452,0,72.179600
7951,103906,0,762867,13.620461,0.000000,1.031938,,0.972699,0,452,0,72.183099
7952,103906,0,762867,13.620461,0.000000,0.022247,non_zero_exit,0.972580,0,452,0,72.174022
7953,103906,0,762867,13.620461,0.000000,0.029991,,0.972461,0,452,0,72.177521
7954,103906,0,762867,13.620461,0.000000,0.541169,,0.972407,0,452,0,72.181018
7955,103906,0,762867,13.620461,0.000000,1.028176,,0.972414,0,452,0,72.184515
7956,103907,1,762867,13.620592,0.000131,2.033960,,0.972547,0,452,0,72.188011
7957,103907,0,762867,13.620592,0.000000,0.029906,,0.972429,0,452,0,72.191505
7958,103907,0,762867,13.620592,0.000000,0.029660,,0.972310,0,452,0,72.194999
7959,103907,0,762867,13.620592,0.000000,0.037247,,0.972193,0,452,0,72.198492
7960,103907,0,762867,13.620592,0.000000,0.020745,non_zero_exit,0.972073,0,452,0,72.189423
7961,103918,11,762867,13.622034,0.001442,1.029719,,0.972081,0,452,0,72.192916
7962,103918,0,762867,13.622034,0.000000,0.029379,,0.971962,0,452,0,72.196408
7963,103918,0,762867,13.622034,0.000000,0.030309,,0.971844,0,452,0,72.199900
7964,103918,0,762867,13.622034,0.000000,0.030511,,0.971726,0,452,0,72.203390
7965,103918,0,762867,13.622034,0.000000,0.027801,non_zero_exit,0.971607,0,452,0,72.194326
7966,103918,0,762867,13.622034,0.000000,0.031220,non_zero_exit,0.971489,0,452,0,72.185264
7967,103918,0,762867,13.622034,0.000000,0.029289,,0.971371,0,452,0,72.188755
7968,103918,0,762867,13.622034,0.000000,0.035744,,0.971254,0,452,0,72.192245
7969,103918,0,762867,13.622034,0.000000,0.022634,non_zero_exit,0.971135,0,452,0,72.183187
7970,103918,0,762867,13.622034,0.000000,0.025772,non_zero_exit,0.971016,0,452,0,72.174131
7971,103918,0,762867,13.622034,0.000000,0.023969,non_zero_exit,0.970897,0,452,0,72.165078
7972,103918,0,762867,13.622034,0.000000,0.128276,,0.970792,0,452,0,72.168569
7973,103918,0,762867,13.622034,0.000000,1.031107,,0.970799,0,452,0,72.172059
7974,103918,0,762867,13.622034,0.000000,1.507073,,0.970866,0,452,0,72.175549
7975,103918,0,762867,13.622034,0.000000,0.535662,,0.970812,0,452,0,72.179037
7976,103918,0,762867,13.622034,0.000000,5.004576,timeout,0.971317,0,453,0,72.169989
7977,103918,0,762867,13.622034,0.000000,2.028257,,0.971450,0,453,0,72.173477
7978,103918,0,762867,13.622034,0.000000,5.004347,timeout,0.971955,0,454,0,72.164432
7979,103918,0,762867,13.622034,0.000000,1.026099,,0.971962,0,454,0,72.167920
7980,103918,0,762867,13.622034,0.000000,0.033970,,0.971845,0,454,0,72.171407
7981,103918,0,762867,13.622034,0.000000,0.026260,,0.971726,0,454,0,72.174894
7982,103918,0,762867,13.622034,0.000000,1.797431,non_zero_exit,0.971830,0,454,0,72.165852
7983,103918,0,762867,13.622034,0.000000,1.031521,,0.971837,0,454,0,72.169339
7984,103918,0,762867,13.622034,0.000000,0.030565,,0.971719,0,454,0,72.172824
7985,103918,0,762867,13.622034,0.000000,0.020058,non_zero_exit,0.971600,0,454,0,72.163787
7986,103918,0,762867,13.622034,0.000000,1.032414,,0.971608,0,454,0,72.167272
7987,103918,0,762867,13.622034,0.000000,0.031610,,0.971490,0,454,0,72.170756
7988,103918,0,762867,13.622034,0.000000,5.005428,timeout,0.971995,0,455,0,72.161722
7989,103918,0,762867,13.622034,0.000000,0.023185,non_zero_exit,0.971876,0,455,0,72.152691
7990,103918,0,762867,13.622034,0.000000,3.035698,,0.972134,0,455,0,72.156176
7991,103918,0,762867,13.622034,0.000000,1.525718,non_zero_exit,0.972204,0,455,0,72.147147
7992,103918,0,762867,13.622034,0.000000,2.028956,,0.972336,0,455,0,72.150632
7993,103918,0,762867,13.622034,0.000000,0.029338,,0.972218,0,455,0,72.154116
7994,103918,0,762867,13.622034,0.000000,1.032681,,0.972225,0,455,0,72.157598
7995,103918,0,762867,13.622034,0.000000,0.026028,,0.972107,0,455,0,72.161081
7996,103919,1,762867,13.622165,0.000131,1.532027,,0.972177,0,455,0,72.164562
7997,103920,1,762867,13.622296,0.000131,0.022657,non_zero_exit,0.972058,0,455,0,72.155539
7998,103920,0,762867,13.622296,0.000000,1.268059,,0.972095,0,455,0,72.159020
7999,103920,0,762867,13.622296,0.000000,1.025415,,0.972102,0,455,0,72.162500
8000,103920,0,762867,13.622296,0.000000,4.530607,,0.972547,0,455,0,72.165979
8001,103920,0,762867,13.622296,0.000000,0.030104,,0.972429,0,455,0,72.169458
8002,103920,0,762867,13.622296,0.000000,3.035089,,0.972687,0,455,0,72.172935
8003,103920,0,762867,13.622296,0.000000,0.036156,,0.972570,0,455,0,72.176412
8004,103920,0,762867,13.622296,0.000000,1.029371,,0.972577,0,455,0,72.179888
8005,103920,0,762867,13.622296,0.000000,4.033819,,0.972959,0,455,0,72.183362
8006,103920,0,762867,13.622296,0.000000,0.032697,,0.972842,0,455,0,72.186837
8007,103920,0,762867,13.622296,0.000000,0.030615,,0.972724,0,455,0,72.190310
8008,103920,0,762867,13.622296,0.000000,0.026960,,0.972606,0,455,0,72.193782
8009,103920,0,762867,13.622296,0.000000,0.536048,,0.972552,0,455,0,72.197253
8010,103920,0,762867,13.622296,0.000000,0.021180,non_zero_exit,0.972433,0,455,0,72.188241
8011,103920,0,762867,13.622296,0.000000,0.032328,,0.972316,0,455,0,72.191712
8012,103920,0,762867,13.622296,0.000000,0.529710,,0.972260,0,455,0,72.195183
8013,103920,0,762867,13.622296,0.000000,0.023516,non_zero_exit,0.972142,0,455,0,72.186174
8014,103920,0,762867,13.622296,0.000000,1.029979,,0.972149,0,455,0,72.189644
8015,103920,0,762867,13.622296,0.000000,0.029760,,0.972032,0,455,0,72.193114
8016,103920,0,762867,13.622296,0.000000,0.025617,non_zero_exit,0.971913,0,455,0,72.184109
8017,103920,0,762867,13.622296,0.000000,0.031069,,0.971796,0,455,0,72.187578
8018,103920,0,762867,13.622296,0.000000,0.021569,non_zero_exit,0.971678,0,455,0,72.178576
8019,103920,0,762867,13.622296,0.000000,2.533583,,0.971872,0,455,0,72.182045
8020,103920,0,762867,13.622296,0.000000,2.029406,,0.972004,0,455,0,72.185513
8021,103920,0,762867,13.622296,0.000000,0.037569,,0.971888,0,455,0,72.188980
8022,103924,4,762867,13.622820,0.000524,0.036535,,0.971771,0,455,0,72.192447
8023,103924,0,762867,13.622820,0.000000,0.030662,,0.971654,0,455,0,72.195912
8024,103924,0,762867,13.622820,0.000000,0.054564,,0.971540,0,455,0,72.199377
8025,103924,0,762867,13.622820,0.000000,1.034955,,0.971548,0,455,0,72.202841
8026,103924,0,762867,13.622820,0.000000,1.030485,,0.971555,0,455,0,72.206304
8027,103924,0,762867,13.622820,0.000000,1.032067,,0.971562,0,455,0,72.209766
8028,103924,0,762867,13.622820,0.000000,0.027512,non_zero_exit,0.971445,0,455,0,72.200772
8029,103924,0,762867,13.622820,0.000000,1.029731,,0.971452,0,455,0,72.204234
8030,103924,0,762867,13.622820,0.000000,5.005766,timeout,0.971954,0,456,0,72.195243
8031,103924,0,762867,13.622820,0.000000,0.022581,non_zero_exit,0.971836,0,456,0,72.186255
8032,103924,0,762867,13.622820,0.000000,1.027231,,0.971843,0,456,0,72.189717
8033,103924,0,762867,13.622820,0.000000,0.537370,,0.971789,0,456,0,72.193179
8034,103924,0,762867,13.622820,0.000000,0.029667,,0.971672,0,456,0,72.196640
8035,103924,0,762867,13.622820,0.000000,0.030674,,0.971555,0,456,0,72.200100
8036,103924,0,762867,13.622820,0.000000,1.031341,,0.971562,0,456,0,72.203559
8037,103924,0,762867,13.622820,0.000000,0.029671,,0.971445,0,456,0,72.207017
8038,103924,0,762867,13.622820,0.000000,0.027091,non_zero_exit,0.971327,0,456,0,72.198035
8039,103924,0,762867,13.622820,0.000000,0.026771,,0.971210,0,456,0,72.201493
8040,103924,0,762867,13.622820,0.000000,0.040404,,0.971094,0,456,0,72.204950
8041,103924,0,762867,13.622820,0.000000,0.022415,non_zero_exit,0.970976,0,456,0,72.195971
8042,103924,0,762867,13.622820,0.000000,0.029584,,0.970859,0,456,0,72.199428
8043,103924,0,762867,13.622820,0.000000,2.032987,,0.970991,0,456,0,72.202884
8044,103924,0,762867,13.622820,0.000000,0.025640,non_zero_exit,0.970874,0,456,0,72.193909
8045,103924,0,762867,13.622820,0.000000,1.025673,,0.970881,0,456,0,72.197365
8046,103924,0,762867,13.622820,0.000000,3.030218,,0.971136,0,456,0,72.200820
8047,103924,0,762867,13.622820,0.000000,1.925396,,0.971255,0,456,0,72.204274
8048,103924,0,762867,13.622820,0.000000,0.031375,,0.971138,0,456,0,72.207728
8049,103924,0,762867,13.622820,0.000000,1.031217,,0.971146,0,456,0,72.211180
8050,103924,0,762867,13.622820,0.000000,0.029418,,0.971029,0,456,0,72.214632
8051,103924,0,762867,13.622820,0.000000,0.333284,,0.970950,0,456,0,72.218082
8052,103924,0,762867,13.622820,0.000000,0.024256,non_zero_exit,0.970832,0,456,0,72.209115
8053,103924,0,762867,13.622820,0.000000,0.032277,,0.970715,0,456,0,72.212565
8054,103924,0,762867,13.622820,0.000000,0.029082,,0.970599,0,456,0,72.216015
8055,103924,0,762867,13.622820,0.000000,0.635156,,0.970557,0,456,0,72.219464
8056,103924,0,762867,13.622820,0.000000,0.025044,,0.970440,0,456,0,72.222912
8057,103924,0,762867,13.622820,0.000000,0.030819,,0.970323,0,456,0,72.226359
8058,103924,0,762867,13.622820,0.000000,0.023183,non_zero_exit,0.970205,0,456,0,72.217397
8059,103924,0,762867,13.622820,0.000000,0.027021,non_zero_exit,0.970088,0,456,0,72.208437
8060,103924,0,762867,13.622820,0.000000,0.029508,,0.969972,0,456,0,72.211884
8061,103924,0,762867,13.622820,0.000000,2.348979,,0.970143,0,456,0,72.215331
8062,103924,0,762867,13.622820,0.000000,0.038382,,0.970027,0,456,0,72.218777
8063,103924,0,762867,13.622820,0.000000,0.031520,,0.969911,0,456,0,72.222222
8064,103924,0,762867,13.622820,0.000000,0.038623,,0.969795,0,456,0,72.225666
8065,103924,0,762867,13.622820,0.000000,5.007917,timeout,0.970296,0,457,0,72.216712
8066,103924,0,762867,13.622820,0.000000,5.003390,timeout,0.970796,0,458,0,72.207760
8067,103924,0,762867,13.622820,0.000000,1.035048,,0.970804,0,458,0,72.211205
8068,103924,0,762867,13.622820,0.000000,1.032487,,0.970812,0,458,0,72.214649
8069,103924,0,762867,13.622820,0.000000,0.022363,non_zero_exit,0.970694,0,458,0,72.205700
8070,103924,0,762867,13.622820,0.000000,3.033267,,0.970950,0,458,0,72.209144
8071,103924,0,762867,13.622820,0.000000,0.023404,non_zero_exit,0.970832,0,458,0,72.200198
8072,103924,0,762867,13.622820,0.000000,0.034907,,0.970716,0,458,0,72.203642
8073,103924,0,762867,13.622820,0.000000,1.031976,,0.970724,0,458,0,72.207084
8074,103924,0,762867,13.622820,0.000000,1.034239,,0.970732,0,458,0,72.210526
8075,103924,0,762867,13.622820,0.000000,1.041454,,0.970740,0,458,0,72.213967
8076,103924,0,762867,13.622820,0.000000,0.132515,,0.970637,0,458,0,72.217407
8077,103924,0,762867,13.622820,0.000000,2.233633,,0.970793,0,458,0,72.220847
8078,103924,0,762867,13.622820,0.000000,2.031127,,0.970924,0,458,0,72.224285
8079,103924,0,762867,13.622820,0.000000,1.535498,,0.970994,0,458,0,72.227723
8080,103924,0,762867,13.622820,0.000000,0.023895,non_zero_exit,0.970877,0,458,0,72.218785
8081,103924,0,762867,13.622820,0.000000,0.029315,,0.970760,0,458,0,72.222222
8082,103924,0,762867,13.622820,0.000000,1.029862,,0.970768,0,458,0,72.225659
8083,103924,0,762867,13.622820,0.000000,0.022290,non_zero_exit,0.970650,0,458,0,72.216724
8084,103925,1,762867,13.622951,0.000131,0.031505,,0.970534,0,458,0,72.220161
8085,103925,0,762867,13.622951,0.000000,0.030284,,0.970418,0,458,0,72.223596
8086,104107,182,762867,13.646809,0.023857,5.021312,timeout,0.970919,0,459,0,72.214666
8087,104107,0,762867,13.646809,0.000000,1.035883,,0.970927,0,459,0,72.218101
8088,104107,0,762867,13.646809,0.000000,0.022964,non_zero_exit,0.970810,0,459,0,72.209173
8089,104107,0,762867,13.646809,0.000000,3.033105,,0.971065,0,459,0,72.212608
8090,104107,0,762867,13.646809,0.000000,0.034183,,0.970949,0,459,0,72.216043
8091,104107,0,762867,13.646809,0.000000,1.528728,,0.971018,0,459,0,72.219476
8092,104107,0,762867,13.646809,0.000000,2.528090,,0.971210,0,459,0,72.222909
8093,104107,0,762867,13.646809,0.000000,5.003898,timeout,0.971708,0,460,0,72.213986
8094,104107,0,762867,13.646809,0.000000,2.030341,,0.971839,0,460,0,72.217418
8095,104107,0,762867,13.646809,0.000000,1.041092,,0.971848,0,460,0,72.220850
8096,104107,0,762867,13.646809,0.000000,5.007855,timeout,0.972346,0,461,0,72.211930
8097,104107,0,762867,13.646809,0.000000,0.027086,non_zero_exit,0.972230,0,461,0,72.203013
8098,104107,0,762867,13.646809,0.000000,0.230221,,0.972138,0,461,0,72.206445
8099,104107,0,762867,13.646809,0.000000,2.034701,,0.972269,0,461,0,72.209877
8100,104107,0,762867,13.646809,0.000000,1.030550,,0.972276,0,461,0,72.213307
8101,104107,0,762867,13.646809,0.000000,2.540796,,0.972470,0,461,0,72.216737
8102,104107,0,762867,13.646809,0.000000,0.032698,,0.972354,0,461,0,72.220165
8103,104107,0,762867,13.646809,0.000000,1.029072,,0.972361,0,461,0,72.223593
8104,104107,0,762867,13.646809,0.000000,0.032389,,0.972245,0,461,0,72.227020
8105,104107,0,762867,13.646809,0.000000,1.028724,,0.972252,0,461,0,72.230447
8106,104107,0,762867,13.646809,0.000000,0.020780,non_zero_exit,0.972135,0,461,0,72.221537
8107,104107,0,762867,13.646809,0.000000,0.024323,non_zero_exit,0.972018,0,461,0,72.212630
8108,104110,3,762867,13.647202,0.000393,0.025034,,0.971901,0,461,0,72.216056
8109,104110,0,762867,13.647202,0.000000,1.031431,,0.971908,0,461,0,72.219482
8110,104110,0,762867,13.647202,0.000000,3.540686,,0.972225,0,461,0,72.222907
8111,104110,0,762867,13.647202,0.000000,0.031582,,0.972109,0,461,0,72.226331
8112,104110,0,762867,13.647202,0.000000,0.027913,,0.971993,0,461,0,72.229755
8113,104110,0,762867,13.647202,0.000000,0.049840,,0.971879,0,461,0,72.233177
8114,104110,0,762867,13.647202,0.000000,1.030383,,0.971886,0,461,0,72.236599
8115,104110,0,762867,13.647202,0.000000,0.039757,,0.971771,0,461,0,72.240020
8116,104110,0,762867,13.647202,0.000000,0.028695,,0.971655,0,461,0,72.243440
8117,104110,0,762867,13.647202,0.000000,1.027433,,0.971662,0,461,0,72.246859
8118,104111,1,762867,13.647333,0.000131,2.551966,non_zero_exit,0.971857,0,461,0,72.237960
8119,104111,0,762867,13.647333,0.000000,5.004651,timeout,0.972353,0,462,0,72.229064
8120,104112,1,762867,13.647464,0.000131,1.226976,,0.972385,0,462,0,72.232484
8121,104112,0,762867,13.647464,0.000000,1.031217,,0.972392,0,462,0,72.235902
8122,104112,0,762867,13.647464,0.000000,1.035924,,0.972400,0,462,0,72.239320
8123,104112,0,762867,13.647464,0.000000,1.026886,non_zero_exit,0.972406,0,462,0,72.230428
8124,104112,0,762867,13.647464,0.000000,1.027971,,0.972413,0,462,0,72.233846
8125,104112,0,762867,13.647464,0.000000,5.152258,timeout,0.972928,0,463,0,72.224957
8126,104112,0,762867,13.647464,0.000000,1.030326,,0.972935,0,463,0,72.228375
8127,104112,0,762867,13.647464,0.000000,0.024518,non_zero_exit,0.972818,0,463,0,72.219488
8128,104112,0,762867,13.647464,0.000000,0.028954,,0.972702,0,463,0,72.222906
8129,104112,0,762867,13.647464,0.000000,3.035644,,0.972956,0,463,0,72.226322
8130,104112,0,762867,13.647464,0.000000,2.536571,,0.973148,0,463,0,72.229738
8131,104112,0,762867,13.647464,0.000000,1.029666,,0.973155,0,463,0,72.233153
8132,104112,0,762867,13.647464,0.000000,0.029419,,0.973039,0,463,0,72.236567
8133,104112,0,762867,13.647464,0.000000,2.040712,,0.973170,0,463,0,72.239980
8134,104112,0,762867,13.647464,0.000000,0.030024,,0.973054,0,463,0,72.243393
8135,104112,0,762867,13.647464,0.000000,3.029828,,0.973307,0,463,0,72.246804
8136,104112,0,762867,13.647464,0.000000,0.045384,,0.973193,0,463,0,72.250215
8137,104112,0,762867,13.647464,0.000000,0.023489,non_zero_exit,0.973076,0,463,0,72.241337
8138,104112,0,762867,13.647464,0.000000,4.535927,,0.973514,0,463,0,72.244748
8139,104112,0,762867,13.647464,0.000000,1.031597,,0.973521,0,463,0,72.248157
8140,104112,0,762867,13.647464,0.000000,1.027743,,0.973528,0,463,0,72.251566
8141,104112,0,762867,13.647464,0.000000,2.046484,,0.973660,0,463,0,72.254974
8142,104112,0,762867,13.647464,0.000000,0.029717,,0.973544,0,463,0,72.258381
8143,104112,0,762867,13.647464,0.000000,0.021545,non_zero_exit,0.973427,0,463,0,72.249509
8144,104112,0,762867,13.647464,0.000000,0.021930,non_zero_exit,0.973310,0,463,0,72.240638
8145,104112,0,762867,13.647464,0.000000,0.038493,,0.973195,0,463,0,72.244046
8146,104112,0,762867,13.647464,0.000000,1.033478,,0.973203,0,463,0,72.247453
8147,104112,0,762867,13.647464,0.000000,2.015531,,0.973330,0,463,0,72.250859
8148,104112,0,762867,13.647464,0.000000,4.537225,,0.973768,0,463,0,72.254264
8149,104112,0,762867,13.647464,0.000000,0.032854,,0.973652,0,463,0,72.257669
8150,104112,0,762867,13.647464,0.000000,0.020202,non_zero_exit,0.973535,0,463,0,72.248804
8151,104112,0,762867,13.647464,0.000000,0.032527,,0.973420,0,463,0,72.252208
8152,104112,0,762867,13.647464,0.000000,0.021291,non_zero_exit,0.973303,0,463,0,72.243346
8153,104112,0,762867,13.647464,0.000000,0.025579,,0.973187,0,463,0,72.246750
8154,104112,0,762867,13.647464,0.000000,0.023400,,0.973070,0,463,0,72.250153
8155,104112,0,762867,13.647464,0.000000,0.024764,,0.972954,0,463,0,72.253556
8156,104112,0,762867,13.647464,0.000000,0.030218,,0.972839,0,463,0,72.256957
8157,104112,0,762867,13.647464,0.000000,1.032820,,0.972846,0,463,0,72.260358
8158,104112,0,762867,13.647464,0.000000,0.036506,,0.972731,0,463,0,72.263758
8159,104112,0,762867,13.647464,0.000000,0.021709,non_zero_exit,0.972615,0,463,0,72.254902
8160,104112,0,762867,13.647464,0.000000,1.030823,,0.972622,0,463,0,72.258302
8161,104112,0,762867,13.647464,0.000000,1.034038,,0.972629,0,463,0,72.261701
8162,104112,0,762867,13.647464,0.000000,0.021477,non_zero_exit,0.972513,0,463,0,72.252848
8163,104112,0,762867,13.647464,0.000000,2.535657,,0.972704,0,463,0,72.256247
8164,104112,0,762867,13.647464,0.000000,0.020419,non_zero_exit,0.972588,0,463,0,72.247397
8165,104112,0,762867,13.647464,0.000000,1.026546,,0.972594,0,463,0,72.250796
8166,104112,0,762867,13.647464,0.000000,0.031071,,0.972479,0,463,0,72.254194
8167,104112,0,762867,13.647464,0.000000,0.033100,,0.972364,0,463,0,72.257591
8168,104112,0,762867,13.647464,0.000000,0.021945,non_zero_exit,0.972248,0,463,0,72.248745
8169,104112,0,762867,13.647464,0.000000,2.031133,,0.972377,0,463,0,72.252142
8170,104112,0,762867,13.647464,0.000000,2.529770,,0.972568,0,463,0,72.255538
8171,104112,0,762867,13.647464,0.000000,1.032307,non_zero_exit,0.972575,0,463,0,72.246696
8172,104112,0,762867,13.647464,0.000000,0.017299,non_zero_exit,0.972458,0,463,0,72.237856
8173,104112,0,762867,13.647464,0.000000,0.030334,,0.972343,0,463,0,72.241253
8174,104112,0,762867,13.647464,0.000000,2.032921,,0.972473,0,463,0,72.244648
8175,104112,0,762867,13.647464,0.000000,3.041657,,0.972726,0,463,0,72.248043
8176,104112,0,762867,13.647464,0.000000,0.029464,non_zero_exit,0.972610,0,463,0,72.239208
8177,104112,0,762867,13.647464,0.000000,0.026020,non_zero_exit,0.972495,0,463,0,72.230374
8178,104112,0,762867,13.647464,0.000000,0.031828,non_zero_exit,0.972380,0,463,0,72.221543
8179,104112,0,762867,13.647464,0.000000,1.033783,,0.972387,0,463,0,72.224939
8180,104112,0,762867,13.647464,0.000000,0.022252,non_zero_exit,0.972271,0,463,0,72.216110
8181,104113,1,762867,13.647595,0.000131,1.031689,,0.972278,0,463,0,72.219506
8182,104113,0,762867,13.647595,0.000000,0.030771,,0.972163,0,463,0,72.222901
8183,104113,0,762867,13.647595,0.000000,0.021036,,0.972047,0,463,0,72.226295
8184,104113,0,762867,13.647595,0.000000,1.136187,,0.972067,0,463,0,72.229688
8185,104113,0,762867,13.647595,0.000000,3.534125,,0.972380,0,463,0,72.233081
8186,104113,0,762867,13.647595,0.000000,0.027338,non_zero_exit,0.972265,0,463,0,72.224258
8187,104113,0,762867,13.647595,0.000000,0.029211,,0.972149,0,463,0,72.227650
8188,104113,0,762867,13.647595,0.000000,0.026630,non_zero_exit,0.972034,0,463,0,72.218830
8189,104113,0,762867,13.647595,0.000000,0.021779,non_zero_exit,0.971918,0,463,0,72.210012
8190,104113,0,762867,13.647595,0.000000,0.031329,,0.971803,0,463,0,72.213405
8191,104113,0,762867,13.647595,0.000000,1.037380,,0.971811,0,463,0,72.216797
8192,104113,0,762867,13.647595,0.000000,0.536246,,0.971758,0,463,0,72.220188
8193,104113,0,762867,13.647595,0.000000,0.535797,,0.971705,0,463,0,72.223578
8194,104113,0,762867,13.647595,0.000000,0.028949,,0.971590,0,463,0,72.226968
8195,104113,0,762867,13.647595,0.000000,0.029782,,0.971475,0,463,0,72.230356
8196,104113,0,762867,13.647595,0.000000,0.027557,,0.971360,0,463,0,72.233744
8197,104113,0,762867,13.647595,0.000000,1.028769,,0.971367,0,463,0,72.237131
8198,104113,0,762867,13.647595,0.000000,0.028077,,0.971252,0,463,0,72.240517
8199,104113,0,762867,13.647595,0.000000,0.028203,,0.971137,0,463,0,72.243902
8200,104113,0,762867,13.647595,0.000000,0.029103,,0.971022,0,463,0,72.247287
8201,104113,0,762867,13.647595,0.000000,0.021739,non_zero_exit,0.970906,0,463,0,72.238478
8202,104113,0,762867,13.647595,0.000000,3.004319,,0.971154,0,463,0,72.241863
8203,104113,0,762867,13.647595,0.000000,0.027755,,0.971039,0,463,0,72.245246
8204,104113,0,762867,13.647595,0.000000,0.023561,non_zero_exit,0.970923,0,463,0,72.236441
8205,104113,0,762867,13.647595,0.000000,1.028287,,0.970930,0,463,0,72.239825
8206,104113,0,762867,13.647595,0.000000,1.035309,,0.970938,0,463,0,72.243207
8207,104113,0,762867,13.647595,0.000000,0.023657,non_zero_exit,0.970823,0,463,0,72.234405
8208,104113,0,762867,13.647595,0.000000,5.006382,timeout,0.971314,0,464,0,72.225606
8209,104113,0,762867,13.647595,0.000000,1.035277,,0.971322,0,464,0,72.228989
8210,104113,0,762867,13.647595,0.000000,0.030176,,0.971208,0,464,0,72.232371
8211,104113,0,762867,13.647595,0.000000,0.030163,,0.971093,0,464,0,72.235753
8212,104113,0,762867,13.647595,0.000000,0.029929,,0.970978,0,464,0,72.239133
8213,104113,0,762867,13.647595,0.000000,1.030966,,0.970986,0,464,0,72.242513
8214,104113,0,762867,13.647595,0.000000,0.023903,non_zero_exit,0.970870,0,464,0,72.233719
8215,104113,0,762867,13.647595,0.000000,4.536938,,0.971304,0,464,0,72.237098
8216,104113,0,762867,13.647595,0.000000,3.036166,,0.971556,0,464,0,72.240477
8217,104113,0,762867,13.647595,0.000000,0.031479,,0.971441,0,464,0,72.243855
8218,104113,0,762867,13.647595,0.000000,0.023489,non_zero_exit,0.971326,0,464,0,72.235065
8219,104113,0,762867,13.647595,0.000000,1.033092,,0.971334,0,464,0,72.238443
8220,104113,0,762867,13.647595,0.000000,0.025933,,0.971219,0,464,0,72.241820
8221,104113,0,762867,13.647595,0.000000,0.031398,,0.971104,0,464,0,72.245196
8222,104113,0,762867,13.647595,0.000000,0.023250,non_zero_exit,0.970989,0,464,0,72.236410
8223,104113,0,762867,13.647595,0.000000,0.436815,,0.970924,0,464,0,72.239786
8224,104113,0,762867,13.647595,0.000000,0.022516,non_zero_exit,0.970809,0,464,0,72.231003
8225,104113,0,762867,13.647595,0.000000,1.029651,,0.970816,0,464,0,72.234379
8226,104113,0,762867,13.647595,0.000000,0.028072,non_zero_exit,0.970701,0,464,0,72.225599
8227,104113,0,762867,13.647595,0.000000,0.027260,non_zero_exit,0.970587,0,464,0,72.216821
8228,104113,0,762867,13.647595,0.000000,0.029106,,0.970472,0,464,0,72.220197
8229,104113,0,762867,13.647595,0.000000,0.030198,,0.970358,0,464,0,72.223572
8230,104113,0,762867,13.647595,0.000000,5.003991,timeout,0.970848,0,465,0,72.214798
8231,104113,0,762867,13.647595,0.000000,2.387692,,0.971020,0,465,0,72.218173
8232,104113,0,762867,13.647595,0.000000,0.026261,,0.970905,0,465,0,72.221547
8233,104114,1,762867,13.647726,0.000131,0.025290,,0.970791,0,465,0,72.224921
8234,104114,0,762867,13.647726,0.000000,0.025635,non_zero_exit,0.970676,0,465,0,72.216151
8235,104114,0,762867,13.647726,0.000000,1.026799,,0.970683,0,465,0,72.219524
8236,104114,0,762867,13.647726,0.000000,0.040042,,0.970570,0,465,0,72.222897
8237,104114,0,762867,13.647726,0.000000,1.538478,,0.970639,0,465,0,72.226269
8238,104114,0,762867,13.647726,0.000000,0.032669,,0.970525,0,465,0,72.229640
8239,104114,0,762867,13.647726,0.000000,0.020285,non_zero_exit,0.970409,0,465,0,72.220874
8240,104115,1,762867,13.647857,0.000131,1.029167,,0.970417,0,465,0,72.224245
8241,104115,0,762867,13.647857,0.000000,1.029901,,0.970424,0,465,0,72.227615
8242,104115,0,762867,13.647857,0.000000,0.902527,,0.970415,0,465,0,72.230984
8243,104115,0,762867,13.647857,0.000000,1.028914,,0.970423,0,465,0,72.234352
8244,104115,0,762867,13.647857,0.000000,1.034008,,0.970430,0,465,0,72.237720
8245,104211,96,762867,13.660441,0.012584,0.830695,,0.970413,0,465,0,72.241087
8246,104211,0,762867,13.660441,0.000000,1.032730,,0.970421,0,465,0,72.244453
8247,104211,0,762867,13.660441,0.000000,1.036107,,0.970429,0,465,0,72.247818
8248,104211,0,762867,13.660441,0.000000,1.032584,,0.970436,0,465,0,72.251182
8249,104211,0,762867,13.660441,0.000000,2.530321,,0.970625,0,465,0,72.254545
8250,104211,0,762867,13.660441,0.000000,0.030174,,0.970512,0,465,0,72.257908
8251,104211,0,762867,13.660441,0.000000,2.028474,,0.970640,0,465,0,72.261270
8252,104211,0,762867,13.660441,0.000000,2.033130,,0.970768,0,465,0,72.264631
8253,104211,0,762867,13.660441,0.000000,5.007403,timeout,0.971258,0,466,0,72.255876
8254,104211,0,762867,13.660441,0.000000,0.029839,,0.971143,0,466,0,72.259237
8255,104211,0,762867,13.660441,0.000000,0.020131,non_zero_exit,0.971028,0,466,0,72.250484
8256,104211,0,762867,13.660441,0.000000,0.030636,,0.970914,0,466,0,72.253845
8257,104211,0,762867,13.660441,0.000000,1.033049,,0.970922,0,466,0,72.257205
8258,104211,0,762867,13.660441,0.000000,0.031664,,0.970808,0,466,0,72.260564
8259,104211,0,762867,13.660441,0.000000,0.034694,,0.970695,0,466,0,72.263923
8260,104212,1,762867,13.660573,0.000131,1.028606,,0.970702,0,466,0,72.267280
8261,104212,0,762867,13.660573,0.000000,1.031511,,0.970709,0,466,0,72.270637
8262,104212,0,762867,13.660573,0.000000,0.027945,,0.970595,0,466,0,72.273992
8263,104212,0,762867,13.660573,0.000000,0.029115,,0.970481,0,466,0,72.277348
8264,104212,0,762867,13.660573,0.000000,0.021250,non_zero_exit,0.970366,0,466,0,72.268603
8265,104212,0,762867,13.660573,0.000000,1.040307,,0.970375,0,466,0,72.271957
8266,104212,0,762867,13.660573,0.000000,0.228761,,0.970285,0,466,0,72.275311
8267,104212,0,762867,13.660573,0.000000,0.022869,non_zero_exit,0.970171,0,466,0,72.266570
8268,104212,0,762867,13.660573,0.000000,0.539131,,0.970118,0,466,0,72.269924
8269,104212,0,762867,13.660573,0.000000,2.296587,,0.970279,0,466,0,72.273277
8270,104216,4,762867,13.661097,0.000524,5.023424,timeout,0.970769,0,467,0,72.264539
8271,104216,0,762867,13.661097,0.000000,1.028367,,0.970776,0,467,0,72.267892
8272,104216,0,762867,13.661097,0.000000,0.031989,,0.970662,0,467,0,72.271244
8273,104216,0,762867,13.661097,0.000000,0.020961,non_zero_exit,0.970548,0,467,0,72.262509
8274,104216,0,762867,13.661097,0.000000,1.030708,,0.970555,0,467,0,72.265861
8275,104216,0,762867,13.661097,0.000000,0.035338,non_zero_exit,0.970442,0,467,0,72.257129
8276,104216,0,762867,13.661097,0.000000,1.209838,,0.970471,0,467,0,72.260481
8277,104216,0,762867,13.661097,0.000000,0.023568,non_zero_exit,0.970356,0,467,0,72.251752
8278,104216,0,762867,13.661097,0.000000,1.035751,,0.970364,0,467,0,72.255103
8279,104216,0,762867,13.661097,0.000000,0.027377,,0.970250,0,467,0,72.258454
8280,104216,0,762867,13.661097,0.000000,0.035507,non_zero_exit,0.970137,0,467,0,72.249728
8281,104216,0,762867,13.661097,0.000000,0.020490,non_zero_exit,0.970023,0,467,0,72.241005
8282,104216,0,762867,13.661097,0.000000,1.029265,,0.970030,0,467,0,72.244356
8283,104216,0,762867,13.661097,0.000000,0.030881,,0.969917,0,467,0,72.247706
8284,104217,1,762867,13.661228,0.000131,0.032821,,0.969803,0,467,0,72.251056
8285,104217,0,762867,13.661228,0.000000,0.034524,non_zero_exit,0.969691,0,467,0,72.242336
8286,104217,0,762867,13.661228,0.000000,0.028201,,0.969577,0,467,0,72.245686
8287,104217,0,762867,13.661228,0.000000,0.026220,,0.969463,0,467,0,72.249035
8288,104217,0,762867,13.661228,0.000000,5.004702,timeout,0.969950,0,468,0,72.240318
8289,104217,0,762867,13.661228,0.000000,5.004945,timeout,0.970437,0,469,0,72.231604
8290,104218,1,762867,13.661359,0.000131,0.026869,,0.970323,0,469,0,72.234954
8291,104218,0,762867,13.661359,0.000000,1.036355,,0.970331,0,469,0,72.238302
8292,104218,0,762867,13.661359,0.000000,0.023231,non_zero_exit,0.970217,0,469,0,72.229591
8293,104218,0,762867,13.661359,0.000000,2.033356,,0.970345,0,469,0,72.232939
8294,104218,0,762867,13.661359,0.000000,0.027224,,0.970231,0,469,0,72.236287
8295,104218,0,762867,13.661359,0.000000,0.029868,,0.970118,0,469,0,72.239634
8296,104219,1,762867,13.661490,0.000131,1.031756,,0.970125,0,469,0,72.242979
8297,104219,0,762867,13.661490,0.000000,0.021780,non_zero_exit,0.970011,0,469,0,72.234273
8298,104219,0,762867,13.661490,0.000000,0.023087,non_zero_exit,0.969897,0,469,0,72.225569
8299,104219,0,762867,13.661490,0.000000,0.027590,,0.969783,0,469,0,72.228916
8300,104219,0,762867,13.661490,0.000000,0.024698,non_zero_exit,0.969669,0,469,0,72.220214
8301,104219,0,762867,13.661490,0.000000,0.030292,,0.969556,0,469,0,72.223561
8302,104219,0,762867,13.661490,0.000000,1.034286,,0.969564,0,469,0,72.226906
8303,104219,0,762867,13.661490,0.000000,0.029755,,0.969451,0,469,0,72.230250
8304,104219,0,762867,13.661490,0.000000,0.028245,,0.969338,0,469,0,72.233594
8305,104219,0,762867,13.661490,0.000000,0.026464,,0.969224,0,469,0,72.236937
8306,104219,0,762867,13.661490,0.000000,2.035009,,0.969352,0,469,0,72.240279
8307,104219,0,762867,13.661490,0.000000,1.025657,,0.969359,0,469,0,72.243621
8308,104219,0,762867,13.661490,0.000000,0.032066,,0.969246,0,469,0,72.246961
8309,104219,0,762867,13.661490,0.000000,0.023059,non_zero_exit,0.969133,0,469,0,72.238267
8310,104219,0,762867,13.661490,0.000000,0.031409,non_zero_exit,0.969020,0,469,0,72.229575
8311,104219,0,762867,13.661490,0.000000,4.031848,,0.969388,0,469,0,72.232916
8312,104219,0,762867,13.661490,0.000000,1.032158,,0.969396,0,469,0,72.236256
8313,104219,0,762867,13.661490,0.000000,1.034679,,0.969404,0,469,0,72.239596
8314,104219,0,762867,13.661490,0.000000,0.020482,non_zero_exit,0.969289,0,469,0,72.230908
8315,104219,0,762867,13.661490,0.000000,0.020166,non_zero_exit,0.969175,0,469,0,72.222222
8316,104219,0,762867,13.661490,0.000000,0.028842,non_zero_exit,0.969062,0,469,0,72.213539
8317,104219,0,762867,13.661490,0.000000,2.030068,,0.969190,0,469,0,72.216879
8318,104219,0,762867,13.661490,0.000000,0.021516,non_zero_exit,0.969076,0,469,0,72.208198
8319,104219,0,762867,13.661490,0.000000,1.028129,,0.969083,0,469,0,72.211538
8320,104220,1,762867,13.661621,0.000131,1.035543,,0.969091,0,469,0,72.214878
8321,104220,0,762867,13.661621,0.000000,1.031020,,0.969098,0,469,0,72.218217
8322,104220,0,762867,13.661621,0.000000,5.004583,timeout,0.969583,0,470,0,72.209540
8323,104220,0,762867,13.661621,0.000000,0.024006,non_zero_exit,0.969470,0,470,0,72.200865
8324,104220,0,762867,13.661621,0.000000,0.033000,,0.969357,0,470,0,72.204204
8325,104220,0,762867,13.661621,0.000000,0.031998,,0.969245,0,470,0,72.207543
8326,104220,0,762867,13.661621,0.000000,0.027532,,0.969132,0,470,0,72.210880
8327,104220,0,762867,13.661621,0.000000,0.030042,,0.969019,0,470,0,72.214217
8328,104220,0,762867,13.661621,0.000000,0.025748,,0.968905,0,470,0,72.217553
8329,104220,0,762867,13.661621,0.000000,0.023124,non_zero_exit,0.968792,0,470,0,72.208884
8330,104220,0,762867,13.661621,0.000000,1.031740,,0.968800,0,470,0,72.212219
8331,104220,0,762867,13.661621,0.000000,0.022171,non_zero_exit,0.968686,0,470,0,72.203553
8332,104220,0,762867,13.661621,0.000000,0.032507,,0.968574,0,470,0,72.206888
8333,104220,0,762867,13.661621,0.000000,0.027431,,0.968461,0,470,0,72.210223
8334,104220,0,762867,13.661621,0.000000,0.028605,,0.968348,0,470,0,72.213557
8335,104221,1,762867,13.661752,0.000131,2.032942,,0.968476,0,470,0,72.216891
8336,104221,0,762867,13.661752,0.000000,1.029031,,0.968483,0,470,0,72.220223
8337,104221,0,762867,13.661752,0.000000,0.030223,,0.968370,0,470,0,72.223555
8338,104221,0,762867,13.661752,0.000000,1.030871,,0.968378,0,470,0,72.226886
8339,104221,0,762867,13.661752,0.000000,1.029480,,0.968385,0,470,0,72.230216
8340,104221,0,762867,13.661752,0.000000,2.531742,,0.968573,0,470,0,72.233545
8341,104221,0,762867,13.661752,0.000000,0.028668,,0.968460,0,470,0,72.236874
8342,104221,0,762867,13.661752,0.000000,1.032527,,0.968468,0,470,0,72.240201
8343,104221,0,762867,13.661752,0.000000,1.026507,,0.968475,0,470,0,72.243528
8344,104221,0,762867,13.661752,0.000000,0.030073,,0.968362,0,470,0,72.246854
8345,104221,0,762867,13.661752,0.000000,0.035326,,0.968250,0,470,0,72.250180
8346,104221,0,762867,13.661752,0.000000,0.029208,,0.968138,0,470,0,72.253504
8347,104221,0,762867,13.661752,0.000000,3.041287,,0.968386,0,470,0,72.256828
8348,104221,0,762867,13.661752,0.000000,0.024259,non_zero_exit,0.968273,0,470,0,72.248173
8349,104221,0,762867,13.661752,0.000000,0.029457,,0.968161,0,470,0,72.251497
8350,104221,0,762867,13.661752,0.000000,2.028366,,0.968288,0,470,0,72.254820
8351,104221,0,762867,13.661752,0.000000,0.027013,,0.968175,0,470,0,72.258142
8352,104221,0,762867,13.661752,0.000000,0.026670,,0.968062,0,470,0,72.261463
8353,104221,0,762867,13.661752,0.000000,0.024461,non_zero_exit,0.967949,0,470,0,72.252813
8354,104221,0,762867,13.661752,0.000000,0.031535,,0.967837,0,470,0,72.256134
8355,104221,0,762867,13.661752,0.000000,1.033276,,0.967845,0,470,0,72.259454
8356,104221,0,762867,13.661752,0.000000,1.029594,,0.967852,0,470,0,72.262774
8357,104221,0,762867,13.661752,0.000000,0.027471,,0.967740,0,470,0,72.266092
8358,104223,2,762867,13.662014,0.000262,2.043725,,0.967869,0,470,0,72.269410
8359,104223,0,762867,13.662014,0.000000,0.029513,,0.967756,0,470,0,72.272727
8360,104223,0,762867,13.662014,0.000000,3.038333,,0.968004,0,470,0,72.276044
8361,104223,0,762867,13.662014,0.000000,1.029482,,0.968011,0,470,0,72.279359
8362,104223,0,762867,13.662014,0.000000,0.737806,,0.967984,0,470,0,72.282674
8363,104223,0,762867,13.662014,0.000000,0.023384,non_zero_exit,0.967871,0,470,0,72.274032
8364,104223,0,762867,13.662014,0.000000,1.027766,,0.967878,0,470,0,72.277346
8365,104223,0,762867,13.662014,0.000000,0.023609,non_zero_exit,0.967765,0,470,0,72.268707
8366,104223,0,762867,13.662014,0.000000,0.023165,non_zero_exit,0.967652,0,470,0,72.260069
8367,104223,0,762867,13.662014,0.000000,0.028115,,0.967540,0,470,0,72.263384
8368,104223,0,762867,13.662014,0.000000,1.036958,,0.967548,0,470,0,72.266699
8369,104223,0,762867,13.662014,0.000000,1.030572,,0.967556,0,470,0,72.270012
8370,104223,0,762867,13.662014,0.000000,1.029881,,0.967563,0,470,0,72.273325
8371,104223,0,762867,13.662014,0.000000,2.609348,,0.967759,0,470,0,72.276636
8372,104223,0,762867,13.662014,0.000000,0.031013,,0.967647,0,470,0,72.279947
8373,104223,0,762867,13.662014,0.000000,0.531241,,0.967595,0,470,0,72.283258
8374,104223,0,762867,13.662014,0.000000,0.026165,non_zero_exit,0.967483,0,470,0,72.274627
8375,104223,0,762867,13.662014,0.000000,0.022995,non_zero_exit,0.967370,0,470,0,72.265998
8376,104223,0,762867,13.662014,0.000000,3.027907,,0.967616,0,470,0,72.269309
8377,104223,0,762867,13.662014,0.000000,1.025365,,0.967623,0,470,0,72.272619
8378,104223,0,762867,13.662014,0.000000,4.036794,,0.967989,0,470,0,72.275928
8379,104223,0,762867,13.662014,0.000000,1.026293,non_zero_exit,0.967996,0,470,0,72.267303
8380,104223,0,762867,13.662014,0.000000,3.538629,non_zero_exit,0.968303,0,470,0,72.258680
8381,104223,0,762867,13.662014,0.000000,0.031706,,0.968191,0,470,0,72.261990
8382,104223,0,762867,13.662014,0.000000,3.042410,,0.968439,0,470,0,72.265299
8383,104223,0,762867,13.662014,0.000000,0.026984,,0.968326,0,470,0,72.268607
8384,104223,0,762867,13.662014,0.000000,1.028716,,0.968334,0,470,0,72.271914
8385,104223,0,762867,13.662014,0.000000,0.025364,non_zero_exit,0.968221,0,470,0,72.263296
8386,104223,0,762867,13.662014,0.000000,1.032453,,0.968229,0,470,0,72.266603
8387,104223,0,762867,13.662014,0.000000,0.023251,non_zero_exit,0.968116,0,470,0,72.257988
8388,104223,0,762867,13.662014,0.000000,0.022983,non_zero_exit,0.968003,0,470,0,72.249374
8389,104223,0,762867,13.662014,0.000000,1.029652,,0.968011,0,470,0,72.252682
8390,104223,0,762867,13.662014,0.000000,1.049715,,0.968021,0,470,0,72.255989
8391,104223,0,762867,13.662014,0.000000,0.032471,,0.967909,0,470,0,72.259295
8392,104223,0,762867,13.662014,0.000000,1.026728,,0.967916,0,470,0,72.262600
8393,104223,0,762867,13.662014,0.000000,1.032047,,0.967924,0,470,0,72.265904
8394,104223,0,762867,13.662014,0.000000,3.036584,,0.968170,0,470,0,72.269208
8395,104223,0,762867,13.662014,0.000000,3.032191,,0.968416,0,470,0,72.272511
8396,104223,0,762867,13.662014,0.000000,0.023204,non_zero_exit,0.968303,0,470,0,72.263904
8397,104223,0,762867,13.662014,0.000000,1.036282,,0.968312,0,470,0,72.267206
8398,104223,0,762867,13.662014,0.000000,1.029851,,0.968319,0,470,0,72.270508
8399,104223,0,762867,13.662014,0.000000,0.033057,,0.968208,0,470,0,72.273810
8400,104223,0,762867,13.662014,0.000000,0.021853,non_zero_exit,0.968095,0,470,0,72.265207
8401,104223,0,762867,13.662014,0.000000,0.025554,,0.967983,0,470,0,72.268507
8402,104223,0,762867,13.662014,0.000000,0.129379,,0.967883,0,470,0,72.271808
8403,104223,0,762867,13.662014,0.000000,1.033383,,0.967891,0,470,0,72.275107
8404,104223,0,762867,13.662014,0.000000,5.004475,timeout,0.968371,0,471,0,72.266508
8405,104223,0,762867,13.662014,0.000000,1.029794,,0.968378,0,471,0,72.269807
8406,104223,0,762867,13.662014,0.000000,0.024420,,0.968266,0,471,0,72.273106
8407,104223,0,762867,13.662014,0.000000,0.023842,non_zero_exit,0.968154,0,471,0,72.264510
8408,104223,0,762867,13.662014,0.000000,0.030598,,0.968042,0,471,0,72.267808
8409,104223,0,762867,13.662014,0.000000,0.031482,non_zero_exit,0.967931,0,471,0,72.259215
8410,104223,0,762867,13.662014,0.000000,5.004140,timeout,0.968411,0,472,0,72.250624
8411,104223,0,762867,13.662014,0.000000,1.035440,,0.968419,0,472,0,72.253923
8412,104223,0,762867,13.662014,0.000000,0.033041,,0.968307,0,472,0,72.257221
8413,104223,0,762867,13.662014,0.000000,0.027951,,0.968196,0,472,0,72.260518
8414,104223,0,762867,13.662014,0.000000,0.031076,,0.968084,0,472,0,72.263815
8415,104223,0,762867,13.662014,0.000000,0.019998,non_zero_exit,0.967972,0,472,0,72.255228
8416,104223,0,762867,13.662014,0.000000,1.026614,,0.967979,0,472,0,72.258524
8417,104223,0,762867,13.662014,0.000000,0.031182,,0.967867,0,472,0,72.261820
8418,104223,0,762867,13.662014,0.000000,0.033977,,0.967756,0,472,0,72.265115
8419,104223,0,762867,13.662014,0.000000,1.028532,,0.967764,0,472,0,72.268409
8420,104223,0,762867,13.662014,0.000000,1.029725,,0.967771,0,472,0,72.271702
8421,104223,0,762867,13.662014,0.000000,1.032058,,0.967779,0,472,0,72.274994
8422,104223,0,762867,13.662014,0.000000,1.034440,,0.967787,0,472,0,72.278286
8423,104224,1,762867,13.662146,0.000131,5.003405,timeout,0.968266,0,473,0,72.269706
8424,104224,0,762867,13.662146,0.000000,5.004012,timeout,0.968745,0,474,0,72.261128
8425,104224,0,762867,13.662146,0.000000,1.030202,,0.968752,0,474,0,72.264420
8426,104224,0,762867,13.662146,0.000000,3.036993,,0.968997,0,474,0,72.267711
8427,104224,0,762867,13.662146,0.000000,0.022415,non_zero_exit,0.968885,0,474,0,72.259136
8428,104224,0,762867,13.662146,0.000000,1.034235,,0.968893,0,474,0,72.262427
8429,104224,0,762867,13.662146,0.000000,2.032926,,0.969019,0,474,0,72.265718
8430,104224,0,762867,13.662146,0.000000,1.031910,,0.969026,0,474,0,72.269007
8431,104224,0,762867,13.662146,0.000000,0.023154,non_zero_exit,0.968914,0,474,0,72.260436
8432,104225,1,762867,13.662277,0.000131,0.036579,,0.968804,0,474,0,72.263726
8433,104225,0,762867,13.662277,0.000000,0.019422,non_zero_exit,0.968691,0,474,0,72.255158
8434,104225,0,762867,13.662277,0.000000,0.028927,non_zero_exit,0.968580,0,474,0,72.246592
8435,104225,0,762867,13.662277,0.000000,2.533464,,0.968765,0,474,0,72.249881
8436,104225,0,762867,13.662277,0.000000,1.540341,,0.968833,0,474,0,72.253171
8437,104225,0,762867,13.662277,0.000000,2.030505,,0.968959,0,474,0,72.256459
8438,104225,0,762867,13.662277,0.000000,5.006871,timeout,0.969437,0,475,0,72.247897
8439,104225,0,762867,13.662277,0.000000,0.027151,,0.969326,0,475,0,72.251185
8440,104225,0,762867,13.662277,0.000000,1.035957,,0.969334,0,475,0,72.254472
8441,104225,0,762867,13.662277,0.000000,1.035868,,0.969341,0,475,0,72.257759
8442,104226,1,762867,13.662408,0.000131,1.030474,,0.969349,0,475,0,72.261045
8443,104226,0,762867,13.662408,0.000000,0.043386,,0.969239,0,475,0,72.264330
8444,104226,0,762867,13.662408,0.000000,0.042352,,0.969129,0,475,0,72.267614
8445,104226,0,762867,13.662408,0.000000,0.026837,,0.969018,0,475,0,72.270897
8446,104226,0,762867,13.662408,0.000000,1.038371,,0.969026,0,475,0,72.274180
8447,104226,0,762867,13.662408,0.000000,0.027195,non_zero_exit,0.968914,0,475,0,72.265625
8448,104226,0,762867,13.662408,0.000000,3.033298,,0.969159,0,475,0,72.268908
8449,104226,0,762867,13.662408,0.000000,1.031287,,0.969166,0,475,0,72.272189
8450,104226,0,762867,13.662408,0.000000,3.020461,non_zero_exit,0.969409,0,475,0,72.263637
8451,104226,0,762867,13.662408,0.000000,0.029689,,0.969298,0,475,0,72.266919
8452,104230,4,762867,13.662932,0.000524,1.696298,,0.969384,0,475,0,72.270200
8453,104230,0,762867,13.662932,0.000000,0.021242,non_zero_exit,0.969272,0,475,0,72.261651
8454,104230,0,762867,13.662932,0.000000,0.034732,,0.969161,0,475,0,72.264932
8455,104230,0,762867,13.662932,0.000000,2.235373,,0.969311,0,475,0,72.268212
8456,104230,0,762867,13.662932,0.000000,0.026689,,0.969199,0,475,0,72.271491
8457,104230,0,762867,13.662932,0.000000,0.033344,,0.969089,0,475,0,72.274769
8458,104230,0,762867,13.662932,0.000000,0.028787,,0.968977,0,475,0,72.278047
8459,104230,0,762867,13.662932,0.000000,1.027028,,0.968984,0,475,0,72.281324
8460,104230,0,762867,13.662932,0.000000,4.536903,,0.969406,0,475,0,72.284600
8461,104231,1,762867,13.663063,0.000131,0.020147,non_zero_exit,0.969294,0,475,0,72.276058
8462,104231,0,762867,13.663063,0.000000,0.020133,non_zero_exit,0.969182,0,475,0,72.267517
8463,104231,0,762867,13.663063,0.000000,0.032654,,0.969071,0,475,0,72.270794
8464,104231,0,762867,13.663063,0.000000,5.003103,timeout,0.969548,0,476,0,72.262256
8465,104231,0,762867,13.663063,0.000000,1.666572,,0.969630,0,476,0,72.265533
8466,104231,0,762867,13.663063,0.000000,5.003871,timeout,0.970106,0,477,0,72.256998
8467,104231,0,762867,13.663063,0.000000,2.028050,,0.970231,0,477,0,72.260274
8468,104231,0,762867,13.663063,0.000000,1.840775,,0.970334,0,477,0,72.263549
8469,104231,0,762867,13.663063,0.000000,0.530581,,0.970282,0,477,0,72.266824
8470,104260,29,762867,13.666865,0.003801,3.036671,,0.970526,0,477,0,72.270098
8471,104260,0,762867,13.666865,0.000000,4.031345,,0.970887,0,477,0,72.273371
8472,104260,0,762867,13.666865,0.000000,0.028386,,0.970776,0,477,0,72.276643
8473,104260,0,762867,13.666865,0.000000,0.031662,,0.970665,0,477,0,72.279915
8474,104260,0,762867,13.666865,0.000000,0.033693,,0.970555,0,477,0,72.283186
8475,104260,0,762867,13.666865,0.000000,2.729661,,0.970762,0,477,0,72.286456
8476,104260,0,762867,13.666865,0.000000,0.026020,non_zero_exit,0.970651,0,477,0,72.277929
8477,104260,0,762867,13.666865,0.000000,0.335915,,0.970576,0,477,0,72.281198
8478,104260,0,762867,13.666865,0.000000,1.028528,,0.970583,0,477,0,72.284468
8479,104260,0,762867,13.666865,0.000000,0.030299,,0.970472,0,477,0,72.287736
8480,104260,0,762867,13.666865,0.000000,0.533136,,0.970420,0,477,0,72.291003
8481,104260,0,762867,13.666865,0.000000,1.037883,,0.970428,0,477,0,72.294270
8482,104260,0,762867,13.666865,0.000000,0.024697,non_zero_exit,0.970317,0,477,0,72.285748
8483,104260,0,762867,13.666865,0.000000,1.035382,non_zero_exit,0.970325,0,477,0,72.277228
8484,104268,8,762867,13.667913,0.001049,5.002734,timeout,0.970800,0,478,0,72.268709
8485,104268,0,762867,13.667913,0.000000,0.022229,non_zero_exit,0.970688,0,478,0,72.260193
8486,104269,1,762867,13.668044,0.000131,2.541428,,0.970873,0,478,0,72.263462
8487,104269,0,762867,13.668044,0.000000,2.331208,,0.971033,0,478,0,72.266730
8488,104269,0,762867,13.668044,0.000000,0.026102,,0.970922,0,478,0,72.269996
8489,104269,0,762867,13.668044,0.000000,0.025522,non_zero_exit,0.970811,0,478,0,72.261484
8490,104269,0,762867,13.668044,0.000000,1.031024,non_zero_exit,0.970818,0,478,0,72.252974
8491,104269,0,762867,13.668044,0.000000,3.031229,,0.971060,0,478,0,72.256241
8492,104269,0,762867,13.668044,0.000000,0.029248,,0.970949,0,478,0,72.259508
8493,104269,0,762867,13.668044,0.000000,0.033371,,0.970839,0,478,0,72.262774
8494,104269,0,762867,13.668044,0.000000,3.030440,non_zero_exit,0.971082,0,478,0,72.254267
8495,104269,0,762867,13.668044,0.000000,0.030025,,0.970971,0,478,0,72.257533
8496,104269,0,762867,13.668044,0.000000,0.534344,non_zero_exit,0.970919,0,478,0,72.249029
8497,104269,0,762867,13.668044,0.000000,0.024892,non_zero_exit,0.970808,0,478,0,72.240527
8498,104269,0,762867,13.668044,0.000000,0.033419,,0.970698,0,478,0,72.243793
8499,104269,0,762867,13.668044,0.000000,0.029552,,0.970587,0,478,0,72.247059
8500,104269,0,762867,13.668044,0.000000,1.028171,,0.970594,0,478,0,72.250323
8501,104269,0,762867,13.668044,0.000000,0.028901,,0.970483,0,478,0,72.253587
8502,104269,0,762867,13.668044,0.000000,0.022692,non_zero_exit,0.970372,0,478,0,72.245090
8503,104269,0,762867,13.668044,0.000000,0.021459,non_zero_exit,0.970260,0,478,0,72.236595
8504,104269,0,762867,13.668044,0.000000,5.003952,timeout,0.970734,0,479,0,72.228101
8505,104269,0,762867,13.668044,0.000000,0.027508,,0.970623,0,479,0,72.231366
8506,104269,0,762867,13.668044,0.000000,0.029626,,0.970513,0,479,0,72.234630
8507,104269,0,762867,13.668044,0.000000,2.027494,,0.970637,0,479,0,72.237894
8508,104269,0,762867,13.668044,0.000000,0.032016,,0.970527,0,479,0,72.241156
8509,104269,0,762867,13.668044,0.000000,2.543185,,0.970712,0,479,0,72.244418
8510,104269,0,762867,13.668044,0.000000,0.034600,,0.970602,0,479,0,72.247679
8511,104269,0,762867,13.668044,0.000000,1.028167,,0.970608,0,479,0,72.250940
8512,104269,0,762867,13.668044,0.000000,1.031842,,0.970615,0,479,0,72.254199
8513,104269,0,762867,13.668044,0.000000,1.027927,,0.970622,0,479,0,72.257458
8514,104269,0,762867,13.668044,0.000000,5.003237,timeout,0.971096,0,480,0,72.248972
8515,104269,0,762867,13.668044,0.000000,1.032479,,0.971103,0,480,0,72.252231
8516,104269,0,762867,13.668044,0.000000,0.020638,non_zero_exit,0.970991,0,480,0,72.243748
8517,104269,0,762867,13.668044,0.000000,2.541560,,0.971176,0,480,0,72.247006
8518,104269,0,762867,13.668044,0.000000,5.004486,timeout,0.971649,0,481,0,72.238526
8519,104269,0,762867,13.668044,0.000000,1.030604,,0.971656,0,481,0,72.241784
8520,104269,0,762867,13.668044,0.000000,0.026473,,0.971545,0,481,0,72.245042
8521,104269,0,762867,13.668044,0.000000,0.037583,,0.971436,0,481,0,72.248299
8522,104269,0,762867,13.668044,0.000000,0.020530,non_zero_exit,0.971324,0,481,0,72.239822
8523,104269,0,762867,13.668044,0.000000,0.028256,,0.971213,0,481,0,72.243078
8524,104269,0,762867,13.668044,0.000000,0.030562,,0.971103,0,481,0,72.246334
8525,104269,0,762867,13.668044,0.000000,1.023896,,0.971109,0,481,0,72.249589
8526,104273,4,762867,13.668569,0.000524,0.029463,non_zero_exit,0.970999,0,481,0,72.241116
8527,104273,0,762867,13.668569,0.000000,1.032318,,0.971006,0,481,0,72.244371
8528,104273,0,762867,13.668569,0.000000,0.025117,,0.970895,0,481,0,72.247626
8529,104273,0,762867,13.668569,0.000000,0.030174,,0.970785,0,481,0,72.250879
8530,104273,0,762867,13.668569,0.000000,0.024717,non_zero_exit,0.970674,0,481,0,72.242410
8531,104273,0,762867,13.668569,0.000000,1.031647,,0.970681,0,481,0,72.245663
8532,104273,0,762867,13.668569,0.000000,0.026566,,0.970570,0,481,0,72.248916
8533,104273,0,762867,13.668569,0.000000,3.031058,,0.970812,0,481,0,72.252168
8534,104273,0,762867,13.668569,0.000000,0.885536,,0.970802,0,481,0,72.255419
8535,104273,0,762867,13.668569,0.000000,0.021659,non_zero_exit,0.970691,0,481,0,72.246954
8536,104273,0,762867,13.668569,0.000000,4.033340,,0.971049,0,481,0,72.250205
8537,104273,0,762867,13.668569,0.000000,2.039459,,0.971175,0,481,0,72.253455
8538,104273,0,762867,13.668569,0.000000,1.025353,,0.971181,0,481,0,72.256705
8539,104273,0,762867,13.668569,0.000000,0.026373,non_zero_exit,0.971070,0,481,0,72.248244
8540,104273,0,762867,13.668569,0.000000,0.033289,,0.970961,0,481,0,72.251493
8541,104273,0,762867,13.668569,0.000000,1.031925,,0.970968,0,481,0,72.254741
8542,104273,0,762867,13.668569,0.000000,1.035836,,0.970975,0,481,0,72.257989
8543,104273,0,762867,13.668569,0.000000,2.035807,,0.971100,0,481,0,72.261236
8544,104273,0,762867,13.668569,0.000000,0.532549,,0.971049,0,481,0,72.264482
8545,104273,0,762867,13.668569,0.000000,1.030452,,0.971056,0,481,0,72.267728
8546,104273,0,762867,13.668569,0.000000,0.017822,non_zero_exit,0.970944,0,481,0,72.259272
8547,104273,0,762867,13.668569,0.000000,0.030722,non_zero_exit,0.970834,0,481,0,72.250819
8548,104273,0,762867,13.668569,0.000000,0.133056,,0.970736,0,481,0,72.254065
8549,104273,0,762867,13.668569,0.000000,0.540476,,0.970686,0,481,0,72.257310
8550,104273,0,762867,13.668569,0.000000,4.039394,,0.971045,0,481,0,72.260554
8551,104273,0,762867,13.668569,0.000000,1.037019,,0.971052,0,481,0,72.263798
8552,104273,0,762867,13.668569,0.000000,0.021134,non_zero_exit,0.970941,0,481,0,72.255349
8553,104273,0,762867,13.668569,0.000000,0.027663,,0.970831,0,481,0,72.258592
8554,104273,0,762867,13.668569,0.000000,0.032473,,0.970721,0,481,0,72.261835
8555,104273,0,762867,13.668569,0.000000,1.029903,,0.970728,0,481,0,72.265077
8556,104273,0,762867,13.668569,0.000000,0.026876,,0.970618,0,481,0,72.268318
8557,104273,0,762867,13.668569,0.000000,1.028278,,0.970625,0,481,0,72.271559
8558,104273,0,762867,13.668569,0.000000,1.035172,,0.970632,0,481,0,72.274798
8559,104273,0,762867,13.668569,0.000000,1.031298,,0.970639,0,481,0,72.278037
8560,104273,0,762867,13.668569,0.000000,2.039219,,0.970764,0,481,0,72.281276
8561,104273,0,762867,13.668569,0.000000,0.032463,,0.970654,0,481,0,72.284513
8562,104273,0,762867,13.668569,0.000000,3.532646,,0.970954,0,481,0,72.287750
8563,104273,0,762867,13.668569,0.000000,0.020962,non_zero_exit,0.970843,0,481,0,72.279309
8564,104273,0,762867,13.668569,0.000000,1.032187,,0.970850,0,481,0,72.282545
8565,104277,4,762867,13.669093,0.000524,0.231549,,0.970764,0,481,0,72.285781
8566,104277,0,762867,13.669093,0.000000,5.005054,timeout,0.971234,0,482,0,72.277343
8567,104277,0,762867,13.669093,0.000000,0.021358,non_zero_exit,0.971124,0,482,0,72.268908
8568,104277,0,762867,13.669093,0.000000,0.023295,non_zero_exit,0.971013,0,482,0,72.260474
8569,104277,0,762867,13.669093,0.000000,2.525073,,0.971194,0,482,0,72.263711
8570,104277,0,762867,13.669093,0.000000,0.030179,,0.971085,0,482,0,72.266947
8571,104277,0,762867,13.669093,0.000000,1.031631,,0.971092,0,482,0,72.270182
8572,104277,0,762867,13.669093,0.000000,0.019652,non_zero_exit,0.970981,0,482,0,72.261752
8573,104277,0,762867,13.669093,0.000000,0.021378,non_zero_exit,0.970870,0,482,0,72.253324
8574,104277,0,762867,13.669093,0.000000,0.031527,,0.970760,0,482,0,72.256560
8575,104277,0,762867,13.669093,0.000000,1.536318,,0.970826,0,482,0,72.259795
8576,104277,0,762867,13.669093,0.000000,0.030573,,0.970717,0,482,0,72.263029
8577,104277,0,762867,13.669093,0.000000,0.037221,,0.970608,0,482,0,72.266263
8578,104277,0,762867,13.669093,0.000000,0.022701,non_zero_exit,0.970497,0,482,0,72.257839
8579,104277,0,762867,13.669093,0.000000,0.039313,,0.970389,0,482,0,72.261072
8580,104277,0,762867,13.669093,0.000000,1.029112,,0.970396,0,482,0,72.264305
8581,104278,1,762867,13.669224,0.000131,0.029884,,0.970286,0,482,0,72.267537
8582,104278,0,762867,13.669224,0.000000,1.030958,,0.970293,0,482,0,72.270768
8583,104278,0,762867,13.669224,0.000000,1.026544,,0.970300,0,482,0,72.273998
8584,104278,0,762867,13.669224,0.000000,0.030847,,0.970190,0,482,0,72.277228
8585,104278,0,762867,13.669224,0.000000,0.034440,non_zero_exit,0.970081,0,482,0,72.268810
8586,104278,0,762867,13.669224,0.000000,1.033358,,0.970089,0,482,0,72.272039
8587,104278,0,762867,13.669224,0.000000,1.031456,,0.970096,0,482,0,72.275268
8588,104278,0,762867,13.669224,0.000000,0.029129,,0.969986,0,482,0,72.278496
8589,104278,0,762867,13.669224,0.000000,0.036563,,0.969878,0,482,0,72.281723
8590,104283,5,762867,13.669880,0.000655,0.025552,non_zero_exit,0.969768,0,482,0,72.273309
8591,104283,0,762867,13.669880,0.000000,0.022022,non_zero_exit,0.969657,0,482,0,72.264898
8592,104283,0,762867,13.669880,0.000000,4.032491,,0.970014,0,482,0,72.268125
8593,104283,0,762867,13.669880,0.000000,0.031164,,0.969905,0,482,0,72.271352
8594,104283,0,762867,13.669880,0.000000,1.027736,,0.969911,0,482,0,72.274578
8595,104283,0,762867,13.669880,0.000000,1.029881,,0.969918,0,482,0,72.277804
8596,104283,0,762867,13.669880,0.000000,3.037032,,0.970159,0,482,0,72.281028
8597,104283,0,762867,13.669880,0.000000,1.027107,,0.970165,0,482,0,72.284252
8598,104284,1,762867,13.670011,0.000131,0.021332,non_zero_exit,0.970055,0,482,0,72.275846
8599,104285,1,762867,13.670142,0.000131,0.020040,non_zero_exit,0.969945,0,482,0,72.267442
8600,104285,0,762867,13.670142,0.000000,0.029794,,0.969835,0,482,0,72.270666
8601,104285,0,762867,13.670142,0.000000,1.038739,,0.969843,0,482,0,72.273890
8602,104285,0,762867,13.670142,0.000000,0.029311,,0.969734,0,482,0,72.277113
8603,104285,0,762867,13.670142,0.000000,0.028901,,0.969625,0,482,0,72.280335
8604,104285,0,762867,13.670142,0.000000,0.032565,,0.969516,0,482,0,72.283556
8605,104285,0,762867,13.670142,0.000000,0.634305,non_zero_exit,0.969477,0,482,0,72.275157
8606,104285,0,762867,13.670142,0.000000,0.021705,non_zero_exit,0.969367,0,482,0,72.266760
8607,104489,204,762867,13.696883,0.026741,0.145753,,0.969271,0,482,0,72.269981
8608,104489,0,762867,13.696883,0.000000,0.027226,,0.969161,0,482,0,72.273202
8609,104489,0,762867,13.696883,0.000000,1.032213,,0.969169,0,482,0,72.276423
8610,104489,0,762867,13.696883,0.000000,0.026924,,0.969059,0,482,0,72.279642
8611,104489,0,762867,13.696883,0.000000,0.028561,,0.968950,0,482,0,72.282861
8612,104489,0,762867,13.696883,0.000000,0.031687,,0.968841,0,482,0,72.286079
8613,104489,0,762867,13.696883,0.000000,0.033306,,0.968733,0,482,0,72.289296
8614,104489,0,762867,13.696883,0.000000,5.004663,timeout,0.969201,0,483,0,72.280905
8615,104489,0,762867,13.696883,0.000000,0.023380,non_zero_exit,0.969091,0,483,0,72.272516
8616,104489,0,762867,13.696883,0.000000,1.029840,,0.969098,0,483,0,72.275734
8617,104489,0,762867,13.696883,0.000000,2.034245,,0.969222,0,483,0,72.278951
8618,104489,0,762867,13.696883,0.000000,0.032627,,0.969113,0,483,0,72.282167
8619,104489,0,762867,13.696883,0.000000,0.029551,,0.969004,0,483,0,72.285383
8620,104489,0,762867,13.696883,0.000000,0.026774,,0.968895,0,483,0,72.288598
8621,104489,0,762867,13.696883,0.000000,0.030380,,0.968786,0,483,0,72.291812
8622,104489,0,762867,13.696883,0.000000,0.028586,,0.968677,0,483,0,72.295025
8623,104489,0,762867,13.696883,0.000000,0.030894,,0.968569,0,483,0,72.298237
8624,104489,0,762867,13.696883,0.000000,0.135343,,0.968472,0,483,0,72.301449
8625,104489,0,762867,13.696883,0.000000,0.023537,,0.968362,0,483,0,72.304660
8626,104489,0,762867,13.696883,0.000000,0.025100,,0.968253,0,483,0,72.307871
8627,104489,0,762867,13.696883,0.000000,0.022769,non_zero_exit,0.968143,0,483,0,72.299490
8628,104489,0,762867,13.696883,0.000000,0.035743,,0.968035,0,483,0,72.302700
8629,104489,0,762867,13.696883,0.000000,0.806440,,0.968017,0,483,0,72.305910
8630,104489,0,762867,13.696883,0.000000,0.033097,,0.967908,0,483,0,72.309118
8631,104489,0,762867,13.696883,0.000000,0.022145,non_zero_exit,0.967799,0,483,0,72.300741
8632,104489,0,762867,13.696883,0.000000,1.662411,,0.967879,0,483,0,72.303950
8633,104489,0,762867,13.696883,0.000000,0.027972,,0.967770,0,483,0,72.307158
8634,104489,0,762867,13.696883,0.000000,0.021121,non_zero_exit,0.967661,0,483,0,72.298784
8635,104489,0,762867,13.696883,0.000000,0.531769,,0.967610,0,483,0,72.301992
8636,104489,0,762867,13.696883,0.000000,0.027573,,0.967501,0,483,0,72.305199
8637,104489,0,762867,13.696883,0.000000,1.031162,,0.967509,0,483,0,72.308405
8638,104489,0,762867,13.696883,0.000000,1.039348,,0.967517,0,483,0,72.311610
8639,104489,0,762867,13.696883,0.000000,0.028311,,0.967408,0,483,0,72.314815
8640,104489,0,762867,13.696883,0.000000,0.030373,,0.967300,0,483,0,72.318019
8641,104489,0,762867,13.696883,0.000000,0.023629,non_zero_exit,0.967191,0,483,0,72.309651
8642,104489,0,762867,13.696883,0.000000,1.032056,,0.967198,0,483,0,72.312854
8643,104489,0,762867,13.696883,0.000000,5.006658,timeout,0.967666,0,484,0,72.304489
8644,104489,0,762867,13.696883,0.000000,0.035064,,0.967558,0,484,0,72.307692
8645,104489,0,762867,13.696883,0.000000,0.023726,non_zero_exit,0.967449,0,484,0,72.299329
8646,104489,0,762867,13.696883,0.000000,5.004115,timeout,0.967915,0,485,0,72.290968
8647,104489,0,762867,13.696883,0.000000,0.032387,,0.967807,0,485,0,72.294172
8648,104489,0,762867,13.696883,0.000000,0.024200,non_zero_exit,0.967698,0,485,0,72.285813
8649,104489,0,762867,13.696883,0.000000,0.030071,,0.967590,0,485,0,72.289017
8650,104489,0,762867,13.696883,0.000000,0.021213,non_zero_exit,0.967480,0,485,0,72.280661
8651,104489,0,762867,13.696883,0.000000,1.029373,,0.967487,0,485,0,72.283865
8652,104489,0,762867,13.696883,0.000000,0.027441,,0.967379,0,485,0,72.287068
8653,104489,0,762867,13.696883,0.000000,3.032225,,0.967617,0,485,0,72.290270
8654,104489,0,762867,13.696883,0.000000,5.003755,timeout,0.968084,0,486,0,72.281918
8655,104512,23,762867,13.699898,0.003015,0.029720,,0.967975,0,486,0,72.285120
8656,104512,0,762867,13.699898,0.000000,0.022551,non_zero_exit,0.967866,0,486,0,72.276770
8657,104512,0,762867,13.699898,0.000000,0.029408,,0.967758,0,486,0,72.279972
8658,104512,0,762867,13.699898,0.000000,0.020403,non_zero_exit,0.967648,0,486,0,72.271625
8659,104512,0,762867,13.699898,0.000000,1.034669,,0.967656,0,486,0,72.274827
8660,104512,0,762867,13.699898,0.000000,0.032418,,0.967548,0,486,0,72.278028
8661,104512,0,762867,13.699898,0.000000,0.022681,non_zero_exit,0.967439,0,486,0,72.269684
8662,104512,0,762867,13.699898,0.000000,0.018909,non_zero_exit,0.967330,0,486,0,72.261341
8663,104512,0,762867,13.699898,0.000000,5.004099,timeout,0.967795,0,487,0,72.253001
8664,104512,0,762867,13.699898,0.000000,1.035561,,0.967803,0,487,0,72.256203
8665,104512,0,762867,13.699898,0.000000,1.044488,,0.967812,0,487,0,72.259405
8666,104512,0,762867,13.699898,0.000000,0.539196,,0.967763,0,487,0,72.262605
8667,104512,0,762867,13.699898,0.000000,0.026614,,0.967654,0,487,0,72.265805
8668,104512,0,762867,13.699898,0.000000,0.023558,,0.967545,0,487,0,72.269004
8669,104512,0,762867,13.699898,0.000000,1.038811,,0.967553,0,487,0,72.272203
8670,104512,0,762867,13.699898,0.000000,0.023523,non_zero_exit,0.967445,0,487,0,72.263868
8671,104512,0,762867,13.699898,0.000000,0.129470,,0.967348,0,487,0,72.267066
8672,104512,0,762867,13.699898,0.000000,1.010949,,0.967353,0,487,0,72.270264
8673,104512,0,762867,13.699898,0.000000,0.034416,,0.967245,0,487,0,72.273461
8674,104512,0,762867,13.699898,0.000000,1.028535,,0.967252,0,487,0,72.276657
8675,104512,0,762867,13.699898,0.000000,0.030638,,0.967144,0,487,0,72.279852
8676,104512,0,762867,13.699898,0.000000,0.022571,non_zero_exit,0.967036,0,487,0,72.271522
8677,104512,0,762867,13.699898,0.000000,0.022028,non_zero_exit,0.966927,0,487,0,72.263194
8678,104512,0,762867,13.699898,0.000000,1.029186,,0.966934,0,487,0,72.266390
8679,104559,47,762867,13.706059,0.006161,1.036646,,0.966942,0,487,0,72.269585
8680,104559,0,762867,13.706059,0.000000,0.023440,non_zero_exit,0.966833,0,487,0,72.261260
8681,104559,0,762867,13.706059,0.000000,1.037421,,0.966841,0,487,0,72.264455
8682,104559,0,762867,13.706059,0.000000,1.033294,,0.966849,0,487,0,72.267649
8683,104559,0,762867,13.706059,0.000000,0.030152,,0.966741,0,487,0,72.270843
8684,104560,1,762867,13.706190,0.000131,0.023831,non_zero_exit,0.966633,0,487,0,72.262522
8685,104561,1,762867,13.706321,0.000131,2.035223,,0.966756,0,487,0,72.265715
8686,104561,0,762867,13.706321,0.000000,1.040266,,0.966764,0,487,0,72.268908
8687,104561,0,762867,13.706321,0.000000,0.026933,non_zero_exit,0.966656,0,487,0,72.260589
8688,104561,0,762867,13.706321,0.000000,0.031638,,0.966548,0,487,0,72.263782
8689,104561,0,762867,13.706321,0.000000,0.022207,non_zero_exit,0.966440,0,487,0,72.255466
8690,104561,0,762867,13.706321,0.000000,2.533004,,0.966620,0,487,0,72.258658
8691,104561,0,762867,13.706321,0.000000,1.028324,,0.966627,0,487,0,72.261850
8692,104561,0,762867,13.706321,0.000000,4.530313,,0.967037,0,487,0,72.265041
8693,104561,0,762867,13.706321,0.000000,0.023070,non_zero_exit,0.966928,0,487,0,72.256729
8694,104561,0,762867,13.706321,0.000000,5.003437,timeout,0.967393,0,488,0,72.248419
8695,104561,0,762867,13.706321,0.000000,0.034566,,0.967285,0,488,0,72.251610
8696,104561,0,762867,13.706321,0.000000,1.027947,,0.967292,0,488,0,72.254801
8697,104561,0,762867,13.706321,0.000000,0.033697,non_zero_exit,0.967185,0,488,0,72.246493
8698,104561,0,762867,13.706321,0.000000,4.946745,non_zero_exit,0.967642,0,488,0,72.238188
8699,104561,0,762867,13.706321,0.000000,0.025343,non_zero_exit,0.967534,0,488,0,72.229885
8700,104561,0,762867,13.706321,0.000000,0.032256,,0.967427,0,488,0,72.233077
8701,104561,0,762867,13.706321,0.000000,1.033449,,0.967434,0,488,0,72.236268
8702,104561,0,762867,13.706321,0.000000,0.020331,non_zero_exit,0.967325,0,488,0,72.227967
8703,104561,0,762867,13.706321,0.000000,0.022340,non_zero_exit,0.967217,0,488,0,72.219669
8704,104563,2,762867,13.706583,0.000262,0.739553,,0.967191,0,488,0,72.222860
8705,104563,0,762867,13.706583,0.000000,5.007567,timeout,0.967655,0,489,0,72.214565
8706,104563,0,762867,13.706583,0.000000,0.022167,non_zero_exit,0.967546,0,489,0,72.206271
8707,104563,0,762867,13.706583,0.000000,0.021229,non_zero_exit,0.967437,0,489,0,72.197979
8708,104563,0,762867,13.706583,0.000000,0.024366,,0.967329,0,489,0,72.201171
8709,104568,5,762867,13.707239,0.000655,0.050860,,0.967224,0,489,0,72.204363
8710,104568,0,762867,13.707239,0.000000,0.021871,non_zero_exit,0.967115,0,489,0,72.196074
8711,104568,0,762867,13.707239,0.000000,3.032756,,0.967353,0,489,0,72.199265
8712,104568,0,762867,13.707239,0.000000,1.034268,,0.967360,0,489,0,72.202456
8713,104568,0,762867,13.707239,0.000000,0.024674,,0.967252,0,489,0,72.205646
8714,104568,0,762867,13.707239,0.000000,0.027429,,0.967144,0,489,0,72.208835
8715,104568,0,762867,13.707239,0.000000,0.534878,,0.967095,0,489,0,72.212024
8716,104568,0,762867,13.707239,0.000000,0.037218,,0.966988,0,489,0,72.215212
8717,104568,0,762867,13.707239,0.000000,1.029905,,0.966995,0,489,0,72.218399
8718,104568,0,762867,13.707239,0.000000,1.030659,,0.967002,0,489,0,72.221585
8719,104568,0,762867,13.707239,0.000000,0.028736,,0.966895,0,489,0,72.224771
8720,104572,4,762867,13.707763,0.000524,1.029501,,0.966902,0,489,0,72.227956
8721,104572,0,762867,13.707763,0.000000,0.024056,non_zero_exit,0.966794,0,489,0,72.219674
8722,104572,0,762867,13.707763,0.000000,3.034431,,0.967031,0,489,0,72.222859
8723,104572,0,762867,13.707763,0.000000,1.032297,,0.967038,0,489,0,72.226043
8724,104572,0,762867,13.707763,0.000000,0.029465,,0.966931,0,489,0,72.229226
8725,104572,0,762867,13.707763,0.000000,0.021658,non_zero_exit,0.966823,0,489,0,72.220949
8726,104572,0,762867,13.707763,0.000000,1.030461,,0.966830,0,489,0,72.224132
8727,104572,0,762867,13.707763,0.000000,0.020937,non_zero_exit,0.966722,0,489,0,72.215857
8728,104572,0,762867,13.707763,0.000000,0.028201,,0.966614,0,489,0,72.219040
8729,104572,0,762867,13.707763,0.000000,1.032326,,0.966622,0,489,0,72.222222
8730,104572,0,762867,13.707763,0.000000,0.031599,,0.966515,0,489,0,72.225404
8731,104572,0,762867,13.707763,0.000000,0.034734,,0.966408,0,489,0,72.228585
8732,104572,0,762867,13.707763,0.000000,1.030976,,0.966415,0,489,0,72.231765
8733,105181,609,762867,13.787593,0.079830,5.006725,timeout,0.966878,0,490,0,72.223494
8734,105181,0,762867,13.787593,0.000000,0.031522,,0.966771,0,490,0,72.226674
8735,105181,0,762867,13.787593,0.000000,0.030961,,0.966664,0,490,0,72.229853
8736,105181,0,762867,13.787593,0.000000,2.030185,,0.966785,0,490,0,72.233032
8737,105181,0,762867,13.787593,0.000000,5.003942,timeout,0.967247,0,491,0,72.224765
8738,105181,0,762867,13.787593,0.000000,1.029125,,0.967254,0,491,0,72.227944
8739,105181,0,762867,13.787593,0.000000,0.930996,,0.967250,0,491,0,72.231121
8740,105181,0,762867,13.787593,0.000000,1.023686,,0.967257,0,491,0,72.234298
8741,105181,0,762867,13.787593,0.000000,0.021702,non_zero_exit,0.967149,0,491,0,72.226035
8742,105181,0,762867,13.787593,0.000000,0.028562,non_zero_exit,0.967041,0,491,0,72.217774
8743,105181,0,762867,13.787593,0.000000,1.029181,,0.967048,0,491,0,72.220952
8744,105181,0,762867,13.787593,0.000000,2.030109,,0.967170,0,491,0,72.224128
8745,105181,0,762867,13.787593,0.000000,1.531167,,0.967234,0,491,0,72.227304
8746,105181,0,762867,13.787593,0.000000,0.533592,,0.967185,0,491,0,72.230479
8747,105181,0,762867,13.787593,0.000000,0.020392,non_zero_exit,0.967077,0,491,0,72.222222
8748,105181,0,762867,13.787593,0.000000,0.033308,,0.966970,0,491,0,72.225397
8749,105181,0,762867,13.787593,0.000000,1.035727,,0.966978,0,491,0,72.228571
8750,105181,0,762867,13.787593,0.000000,3.034493,,0.967214,0,491,0,72.231745
8751,105181,0,762867,13.787593,0.000000,0.028003,,0.967107,0,491,0,72.234918
8752,105181,0,762867,13.787593,0.000000,0.023946,,0.966999,0,491,0,72.238090
8753,105181,0,762867,13.787593,0.000000,0.029673,non_zero_exit,0.966892,0,491,0,72.229838
8754,105181,0,762867,13.787593,0.000000,0.023019,non_zero_exit,0.966784,0,491,0,72.221588
8755,105181,0,762867,13.787593,0.000000,5.003747,timeout,0.967245,0,492,0,72.213339
8756,105181,0,762867,13.787593,0.000000,2.026855,non_zero_exit,0.967366,0,492,0,72.205093
8757,105181,0,762867,13.787593,0.000000,0.030041,,0.967259,0,492,0,72.208267
8758,105181,0,762867,13.787593,0.000000,1.027064,,0.967266,0,492,0,72.211440
8759,105181,0,762867,13.787593,0.000000,5.003970,timeout,0.967727,0,493,0,72.203196
8760,105181,0,762867,13.787593,0.000000,0.020751,non_zero_exit,0.967619,0,493,0,72.194955
8761,105181,0,762867,13.787593,0.000000,3.041609,,0.967855,0,493,0,72.198128
8762,105181,0,762867,13.787593,0.000000,2.040341,,0.967978,0,493,0,72.201301
8763,105181,0,762867,13.787593,0.000000,1.036298,,0.967985,0,493,0,72.204473
8764,105181,0,762867,13.787593,0.000000,0.022515,non_zero_exit,0.967878,0,493,0,72.196235
8765,105181,0,762867,13.787593,0.000000,2.719511,,0.968077,0,493,0,72.199407
8766,105181,0,762867,13.787593,0.000000,2.537762,,0.968256,0,493,0,72.202578
8767,105181,0,762867,13.787593,0.000000,1.036800,,0.968264,0,493,0,72.205748
8768,105181,0,762867,13.787593,0.000000,1.029749,,0.968271,0,493,0,72.208918
8769,105181,0,762867,13.787593,0.000000,0.024769,non_zero_exit,0.968164,0,493,0,72.200684
8770,105181,0,762867,13.787593,0.000000,2.029654,,0.968285,0,493,0,72.203854
8771,105181,0,762867,13.787593,0.000000,0.027675,,0.968178,0,493,0,72.207022
8772,105181,0,762867,13.787593,0.000000,0.031922,,0.968071,0,493,0,72.210190
8773,105181,0,762867,13.787593,0.000000,1.031699,,0.968078,0,493,0,72.213358
8774,105181,0,762867,13.787593,0.000000,1.031602,,0.968085,0,493,0,72.216524
8775,105181,0,762867,13.787593,0.000000,1.040537,,0.968094,0,493,0,72.219690
8776,105181,0,762867,13.787593,0.000000,0.021722,,0.967986,0,493,0,72.222855
8777,105181,0,762867,13.787593,0.000000,0.030037,,0.967879,0,493,0,72.226020
8778,105181,0,762867,13.787593,0.000000,0.023199,non_zero_exit,0.967771,0,493,0,72.217792
8779,105181,0,762867,13.787593,0.000000,0.022368,non_zero_exit,0.967664,0,493,0,72.209567
8780,105182,1,762867,13.787724,0.000131,0.023685,,0.967556,0,493,0,72.212732
8781,105182,0,762867,13.787724,0.000000,0.026433,,0.967449,0,493,0,72.215896
8782,105182,0,762867,13.787724,0.000000,1.028979,,0.967456,0,493,0,72.219060
8783,105182,0,762867,13.787724,0.000000,0.031499,,0.967349,0,493,0,72.222222
8784,105182,0,762867,13.787724,0.000000,1.533651,,0.967414,0,493,0,72.225384
8785,105182,0,762867,13.787724,0.000000,1.528986,,0.967478,0,493,0,72.228545
8786,105182,0,762867,13.787724,0.000000,0.025503,,0.967371,0,493,0,72.231706
8787,105182,0,762867,13.787724,0.000000,1.031583,,0.967378,0,493,0,72.234866
8788,105182,0,762867,13.787724,0.000000,1.038271,,0.967386,0,493,0,72.238025
8789,105182,0,762867,13.787724,0.000000,1.528688,,0.967450,0,493,0,72.241183
8790,105182,0,762867,13.787724,0.000000,0.020393,non_zero_exit,0.967342,0,493,0,72.232966
8791,105182,0,762867,13.787724,0.000000,0.029253,,0.967235,0,493,0,72.236124
8792,105182,0,762867,13.787724,0.000000,0.029655,,0.967129,0,493,0,72.239281
8793,105182,0,762867,13.787724,0.000000,0.023876,non_zero_exit,0.967021,0,493,0,72.231067
8794,105182,0,762867,13.787724,0.000000,2.030604,,0.967142,0,493,0,72.234224
8795,105182,0,762867,13.787724,0.000000,0.021868,non_zero_exit,0.967035,0,493,0,72.226012
8796,105182,0,762867,13.787724,0.000000,0.022066,non_zero_exit,0.966927,0,493,0,72.217802
8797,105182,0,762867,13.787724,0.000000,0.021622,non_zero_exit,0.966820,0,493,0,72.209593
8798,105182,0,762867,13.787724,0.000000,0.023373,non_zero_exit,0.966713,0,493,0,72.201387
8799,105182,0,762867,13.787724,0.000000,0.030442,,0.966606,0,493,0,72.204545
8800,105182,0,762867,13.787724,0.000000,0.022988,non_zero_exit,0.966499,0,493,0,72.196341
8801,105182,0,762867,13.787724,0.000000,0.023607,non_zero_exit,0.966392,0,493,0,72.188139
8802,105182,0,762867,13.787724,0.000000,0.021147,non_zero_exit,0.966285,0,493,0,72.179939
8803,105182,0,762867,13.787724,0.000000,2.028432,,0.966405,0,493,0,72.183099
8804,105182,0,762867,13.787724,0.000000,0.017409,non_zero_exit,0.966298,0,493,0,72.174901
8805,105182,0,762867,13.787724,0.000000,3.710712,,0.966609,0,493,0,72.178060
8806,105182,0,762867,13.787724,0.000000,3.037524,,0.966844,0,493,0,72.181219
8807,105182,0,762867,13.787724,0.000000,1.033028,,0.966852,0,493,0,72.184378
8808,105182,0,762867,13.787724,0.000000,0.028725,,0.966745,0,493,0,72.187535
8809,105182,0,762867,13.787724,0.000000,0.022057,non_zero_exit,0.966638,0,493,0,72.179342
8810,105182,0,762867,13.787724,0.000000,0.022083,non_zero_exit,0.966531,0,493,0,72.171150
8811,105182,0,762867,13.787724,0.000000,0.033551,non_zero_exit,0.966425,0,493,0,72.162960
8812,105182,0,762867,13.787724,0.000000,0.035533,,0.966319,0,493,0,72.166118
8813,105182,0,762867,13.787724,0.000000,1.032438,,0.966327,0,493,0,72.169276
8814,105182,0,762867,13.787724,0.000000,1.029573,,0.966334,0,493,0,72.172433
8815,105182,0,762867,13.787724,0.000000,0.028561,,0.966228,0,493,0,72.175590
8816,105182,0,762867,13.787724,0.000000,0.032912,,0.966122,0,493,0,72.178746
8817,105182,0,762867,13.787724,0.000000,0.033683,,0.966016,0,493,0,72.181901
8818,105182,0,762867,13.787724,0.000000,0.031933,,0.965910,0,493,0,72.185055
8819,105182,0,762867,13.787724,0.000000,0.021965,,0.965803,0,493,0,72.188209
8820,105182,0,762867,13.787724,0.000000,1.038429,,0.965811,0,493,0,72.191362
8821,105182,0,762867,13.787724,0.000000,4.032513,,0.966159,0,493,0,72.194514
8822,105182,0,762867,13.787724,0.000000,0.022426,non_zero_exit,0.966052,0,493,0,72.186331
8823,105184,2,762867,13.787987,0.000262,0.025958,,0.965946,0,493,0,72.189483
8824,105184,0,762867,13.787987,0.000000,5.003815,timeout,0.966403,0,494,0,72.181303
8825,105184,0,762867,13.787987,0.000000,1.031429,,0.966410,0,494,0,72.184455
8826,105184,0,762867,13.787987,0.000000,0.029372,,0.966304,0,494,0,72.187606
8827,105184,0,762867,13.787987,0.000000,0.035255,non_zero_exit,0.966199,0,494,0,72.179429
8828,105184,0,762867,13.787987,0.000000,0.024457,non_zero_exit,0.966092,0,494,0,72.171254
8829,105184,0,762867,13.787987,0.000000,1.029429,non_zero_exit,0.966099,0,494,0,72.163080
8830,105184,0,762867,13.787987,0.000000,0.023626,non_zero_exit,0.965993,0,494,0,72.154909
8831,105184,0,762867,13.787987,0.000000,0.032574,,0.965887,0,494,0,72.158062
8832,105184,0,762867,13.787987,0.000000,0.022769,non_zero_exit,0.965780,0,494,0,72.149892
8833,105184,0,762867,13.787987,0.000000,0.030261,,0.965674,0,494,0,72.153045
8834,105184,0,762867,13.787987,0.000000,0.027662,,0.965568,0,494,0,72.156197
8835,105184,0,762867,13.787987,0.000000,1.026998,,0.965575,0,494,0,72.159348
8836,105185,1,762867,13.788118,0.000131,5.004520,timeout,0.966032,0,495,0,72.151183
8837,105185,0,762867,13.788118,0.000000,0.032009,,0.965926,0,495,0,72.154334
8838,105185,0,762867,13.788118,0.000000,0.031592,,0.965821,0,495,0,72.157484
8839,105185,0,762867,13.788118,0.000000,1.027878,,0.965828,0,495,0,72.160633
8840,105185,0,762867,13.788118,0.000000,0.025742,,0.965721,0,495,0,72.163782
8841,105185,0,762867,13.788118,0.000000,1.032698,,0.965729,0,495,0,72.166931
8842,105185,0,762867,13.788118,0.000000,3.036356,,0.965963,0,495,0,72.170078
8843,105185,0,762867,13.788118,0.000000,1.731138,,0.966050,0,495,0,72.173225
8844,105185,0,762867,13.788118,0.000000,0.034133,,0.965944,0,495,0,72.176371
8845,105185,0,762867,13.788118,0.000000,0.030166,,0.965839,0,495,0,72.179516
8846,105185,0,762867,13.788118,0.000000,1.026635,,0.965845,0,495,0,72.182661
8847,105185,0,762867,13.788118,0.000000,1.037881,,0.965854,0,495,0,72.185805
8848,105185,0,762867,13.788118,0.000000,0.022606,non_zero_exit,0.965747,0,495,0,72.177647
8849,105185,0,762867,13.788118,0.000000,1.025914,,0.965754,0,495,0,72.180791
8850,105185,0,762867,13.788118,0.000000,1.030650,,0.965761,0,495,0,72.183934
8851,105185,0,762867,13.788118,0.000000,0.025663,non_zero_exit,0.965655,0,495,0,72.175779
8852,105185,0,762867,13.788118,0.000000,0.953033,,0.965653,0,495,0,72.178922
8853,105185,0,762867,13.788118,0.000000,0.021428,non_zero_exit,0.965547,0,495,0,72.170770
8854,105185,0,762867,13.788118,0.000000,0.023410,,0.965440,0,495,0,72.173913
8855,105185,0,762867,13.788118,0.000000,1.541811,,0.965505,0,495,0,72.177055
8856,105185,0,762867,13.788118,0.000000,1.030659,,0.965513,0,495,0,72.180196
8857,105185,0,762867,13.788118,0.000000,1.042286,,0.965522,0,495,0,72.183337
8858,105185,0,762867,13.788118,0.000000,0.031090,,0.965416,0,495,0,72.186477
8859,105185,0,762867,13.788118,0.000000,0.033590,,0.965311,0,495,0,72.189616
8860,105185,0,762867,13.788118,0.000000,0.131015,,0.965217,0,495,0,72.192755
8861,105185,0,762867,13.788118,0.000000,1.038069,,0.965225,0,495,0,72.195893
8862,105185,0,762867,13.788118,0.000000,0.029925,non_zero_exit,0.965119,0,495,0,72.187747
8863,105185,0,762867,13.788118,0.000000,0.760483,,0.965096,0,495,0,72.190884
8864,105185,0,762867,13.788118,0.000000,0.031694,,0.964991,0,495,0,72.194021
8865,105185,0,762867,13.788118,0.000000,0.022505,,0.964885,0,495,0,72.197158
8866,105185,0,762867,13.788118,0.000000,2.030944,,0.965005,0,495,0,72.200293
8867,105185,0,762867,13.788118,0.000000,0.332788,,0.964934,0,495,0,72.203428
8868,105185,0,762867,13.788118,0.000000,1.028965,,0.964941,0,495,0,72.206562
8869,105185,0,762867,13.788118,0.000000,1.037689,,0.964949,0,495,0,72.209696
8870,105185,0,762867,13.788118,0.000000,0.030877,non_zero_exit,0.964844,0,495,0,72.201556
8871,105185,0,762867,13.788118,0.000000,0.025810,non_zero_exit,0.964738,0,495,0,72.193417
8872,105185,0,762867,13.788118,0.000000,0.023949,non_zero_exit,0.964632,0,495,0,72.185281
8873,105185,0,762867,13.788118,0.000000,1.032881,,0.964640,0,495,0,72.188416
8874,105185,0,762867,13.788118,0.000000,0.025141,,0.964534,0,495,0,72.191549
8875,105185,0,762867,13.788118,0.000000,0.135257,,0.964440,0,495,0,72.194682
8876,105185,0,762867,13.788118,0.000000,0.027647,non_zero_exit,0.964335,0,495,0,72.186550
8877,105185,0,762867,13.788118,0.000000,1.033545,,0.964343,0,495,0,72.189682
8878,105185,0,762867,13.788118,0.000000,0.035227,,0.964238,0,495,0,72.192815
8879,105185,0,762867,13.788118,0.000000,0.031173,,0.964133,0,495,0,72.195946
8880,105185,0,762867,13.788118,0.000000,5.004086,timeout,0.964588,0,496,0,72.187817
8881,105185,0,762867,13.788118,0.000000,1.037283,,0.964596,0,496,0,72.190948
8882,105185,0,762867,13.788118,0.000000,3.035659,,0.964829,0,496,0,72.194079
8883,105185,0,762867,13.788118,0.000000,0.029635,,0.964724,0,496,0,72.197208
8884,105185,0,762867,13.788118,0.000000,1.029344,,0.964731,0,496,0,72.200338
8885,105185,0,762867,13.788118,0.000000,2.033927,,0.964851,0,496,0,72.203466
8886,105185,0,762867,13.788118,0.000000,0.025057,,0.964746,0,496,0,72.206594
8887,105185,0,762867,13.788118,0.000000,0.026088,non_zero_exit,0.964640,0,496,0,72.198470
8888,105185,0,762867,13.788118,0.000000,3.032655,,0.964873,0,496,0,72.201597
8889,105185,0,762867,13.788118,0.000000,0.029639,,0.964768,0,496,0,72.204724
8890,105186,1,762867,13.788249,0.000131,5.018277,timeout,0.965223,0,497,0,72.196603
8891,105186,0,762867,13.788249,0.000000,0.031137,non_zero_exit,0.965118,0,497,0,72.188484
8892,105186,0,762867,13.788249,0.000000,1.534761,,0.965182,0,497,0,72.191611
8893,105186,0,762867,13.788249,0.000000,0.025733,non_zero_exit,0.965077,0,497,0,72.183494
8894,105186,0,762867,13.788249,0.000000,1.034480,,0.965085,0,497,0,72.186622
8895,105186,0,762867,13.788249,0.000000,0.027489,,0.964979,0,497,0,72.189748
8896,105186,0,762867,13.788249,0.000000,0.130301,,0.964885,0,497,0,72.192874
8897,105186,0,762867,13.788249,0.000000,0.026552,,0.964780,0,497,0,72.195999
8898,105186,0,762867,13.788249,0.000000,2.533705,,0.964956,0,497,0,72.199123
8899,105186,0,762867,13.788249,0.000000,1.029740,,0.964964,0,497,0,72.202247
8900,105186,0,762867,13.788249,0.000000,0.029348,,0.964858,0,497,0,72.205370
8901,105186,0,762867,13.788249,0.000000,1.527107,,0.964922,0,497,0,72.208492
8902,105186,0,762867,13.788249,0.000000,0.528717,,0.964873,0,497,0,72.211614
8903,105186,0,762867,13.788249,0.000000,0.024071,,0.964767,0,497,0,72.214735
