iteration,cumulative_edges_covered,new_edges,total_possible_edges,cumulative_coverage_percentage,new_coverage_percentage,execution_time,bug_type,average_execution_time,total_crashes,total_timeouts,unique_bugs,pass_rate
0,20139,20139,762867,2.639910,2.639910,0.031368,,0.031368,0,0,0,100.000000
1,22372,2233,762867,2.932621,0.292712,0.533081,,0.282224,0,0,0,100.000000
2,23738,1366,762867,3.111683,0.179061,0.026662,,0.197037,0,0,0,100.000000
3,24186,448,762867,3.170408,0.058726,0.031378,,0.155622,0,0,0,100.000000
4,24404,218,762867,3.198985,0.028576,0.022794,non_zero_exit,0.129056,0,0,0,80.000000
5,28332,3928,762867,3.713885,0.514900,3.288003,,0.655547,0,0,0,83.333333
6,29185,853,762867,3.825700,0.111815,0.029219,,0.566072,0,0,0,85.714286
7,29417,232,762867,3.856111,0.030412,1.035092,,0.624699,0,0,0,87.500000
8,29548,131,762867,3.873283,0.017172,5.004564,timeout,1.111351,0,1,0,77.777778
9,30146,598,762867,3.951672,0.078389,0.031858,,1.003402,0,1,0,80.000000
10,30213,67,762867,3.960454,0.008783,0.029524,,0.914867,0,1,0,81.818182
11,30609,396,762867,4.012364,0.051909,3.034805,non_zero_exit,1.091529,0,1,0,75.000000
12,30746,137,762867,4.030322,0.017959,0.038473,,1.010525,0,1,0,76.923077
13,30819,73,762867,4.039892,0.009569,0.022398,non_zero_exit,0.939944,0,1,0,71.428571
14,31687,868,762867,4.153673,0.113781,1.739446,,0.993244,0,1,0,73.333333
15,31724,37,762867,4.158523,0.004850,0.025563,,0.932764,0,1,0,75.000000
16,31996,272,762867,4.194178,0.035655,1.533241,,0.968086,0,1,0,76.470588
17,32053,57,762867,4.201650,0.007472,1.028293,,0.971431,0,1,0,77.777778
18,32053,0,762867,4.201650,0.000000,0.024860,non_zero_exit,0.921612,0,1,0,73.684211
19,32071,18,762867,4.204009,0.002360,2.033642,,0.977213,0,1,0,75.000000
20,32138,67,762867,4.212792,0.008783,1.035985,,0.980012,0,1,0,76.190476
21,32277,139,762867,4.231013,0.018221,3.036319,,1.073480,0,1,0,77.272727
22,32303,26,762867,4.234421,0.003408,0.021596,non_zero_exit,1.027746,0,1,0,73.913043
23,32352,49,762867,4.240844,0.006423,0.032892,,0.986294,0,1,0,75.000000
24,32489,137,762867,4.258803,0.017959,0.029631,,0.948027,0,1,0,76.000000
25,32541,52,762867,4.265619,0.006816,0.027616,,0.912627,0,1,0,76.923077
26,32542,1,762867,4.265750,0.000131,0.031207,,0.879982,0,1,0,77.777778
27,32547,5,762867,4.266406,0.000655,0.029407,,0.849604,0,1,0,78.571429
28,32594,47,762867,4.272567,0.006161,1.026849,,0.855716,0,1,0,79.310345
29,32602,8,762867,4.273615,0.001049,0.025589,non_zero_exit,0.828045,0,1,0,76.666667
30,32605,3,762867,4.274008,0.000393,0.030157,,0.802307,0,1,0,77.419355
31,32653,48,762867,4.280300,0.006292,2.027330,,0.840589,0,1,0,78.125000
32,32800,147,762867,4.299570,0.019269,0.031992,,0.816086,0,1,0,78.787879
33,32823,23,762867,4.302585,0.003015,1.029740,,0.822370,0,1,0,79.411765
34,32849,26,762867,4.305993,0.003408,0.027540,,0.799660,0,1,0,80.000000
35,32849,0,762867,4.305993,0.000000,0.029530,,0.778268,0,1,0,80.555556
36,32888,39,762867,4.311105,0.005112,0.026857,non_zero_exit,0.757959,0,1,0,78.378378
37,32893,5,762867,4.311761,0.000655,0.020171,non_zero_exit,0.738544,0,1,0,76.315789
38,32893,0,762867,4.311761,0.000000,0.029597,,0.720366,0,1,0,76.923077
39,32893,0,762867,4.311761,0.000000,0.021796,non_zero_exit,0.702902,0,1,0,75.000000
40,32953,60,762867,4.319626,0.007865,0.037416,,0.686670,0,1,0,75.609756
41,32960,7,762867,4.320543,0.000918,4.535189,,0.778302,0,1,0,76.190476
42,33975,1015,762867,4.453594,0.133051,0.050670,,0.761380,0,1,0,76.744186
43,34013,38,762867,4.458575,0.004981,1.037713,,0.767660,0,1,0,77.272727
44,34021,8,762867,4.459624,0.001049,1.029338,,0.773475,0,1,0,77.777778
45,34085,64,762867,4.468013,0.008389,0.028450,,0.757279,0,1,0,78.260870
46,34092,7,762867,4.468931,0.000918,0.026345,non_zero_exit,0.741727,0,1,0,76.595745
47,34093,1,762867,4.469062,0.000131,1.034709,,0.747831,0,1,0,77.083333
48,34193,100,762867,4.482171,0.013108,1.030867,,0.753607,0,1,0,77.551020
49,34198,5,762867,4.482826,0.000655,1.032473,,0.759185,0,1,0,78.000000
50,34198,0,762867,4.482826,0.000000,0.022547,non_zero_exit,0.744741,0,1,0,76.470588
51,34207,9,762867,4.484006,0.001180,0.033670,,0.731066,0,1,0,76.923077
52,34232,25,762867,4.487283,0.003277,0.029835,non_zero_exit,0.717836,0,1,0,75.471698
53,34232,0,762867,4.487283,0.000000,0.019264,non_zero_exit,0.704899,0,1,0,74.074074
54,34241,9,762867,4.488463,0.001180,0.031048,,0.692647,0,1,0,74.545455
55,34247,6,762867,4.489249,0.000787,0.032311,,0.680855,0,1,0,75.000000
56,34247,0,762867,4.489249,0.000000,0.030107,,0.669439,0,1,0,75.438596
57,34247,0,762867,4.489249,0.000000,0.032241,,0.658453,0,1,0,75.862069
58,34255,8,762867,4.490298,0.001049,0.028100,,0.647769,0,1,0,76.271186
59,34281,26,762867,4.493706,0.003408,3.623154,,0.697358,0,1,0,76.666667
60,34285,4,762867,4.494230,0.000524,1.029980,,0.702811,0,1,0,77.049180
61,34503,218,762867,4.522807,0.028576,1.028037,non_zero_exit,0.708057,0,1,0,75.806452
62,34505,2,762867,4.523069,0.000262,0.037318,,0.697410,0,1,0,76.190476
63,35630,1125,762867,4.670539,0.147470,1.035747,,0.702697,0,1,0,76.562500
64,35643,13,762867,4.672243,0.001704,0.024071,non_zero_exit,0.692256,0,1,0,75.384615
65,35667,24,762867,4.675389,0.003146,5.004383,timeout,0.757592,0,2,0,74.242424
66,35741,74,762867,4.685089,0.009700,0.027282,,0.746691,0,2,0,74.626866
67,35743,2,762867,4.685351,0.000262,0.025471,non_zero_exit,0.736085,0,2,0,73.529412
68,35831,88,762867,4.696887,0.011535,1.031888,,0.740372,0,2,0,73.913043
69,35834,3,762867,4.697280,0.000393,0.034586,,0.730290,0,2,0,74.285714
70,35930,96,762867,4.709864,0.012584,0.034811,,0.720494,0,2,0,74.647887
71,36034,104,762867,4.723497,0.013633,3.036363,,0.752659,0,2,0,75.000000
72,36034,0,762867,4.723497,0.000000,1.029095,,0.756446,0,2,0,75.342466
73,36052,18,762867,4.725857,0.002360,0.026605,non_zero_exit,0.746583,0,2,0,74.324324
74,36052,0,762867,4.725857,0.000000,0.031315,,0.737046,0,2,0,74.666667
75,36053,1,762867,4.725988,0.000131,1.031363,,0.740919,0,2,0,75.000000
76,36260,207,762867,4.753122,0.027134,0.036183,,0.731766,0,2,0,75.324675
77,36260,0,762867,4.753122,0.000000,0.023832,non_zero_exit,0.722690,0,2,0,74.358974
78,36260,0,762867,4.753122,0.000000,0.019498,non_zero_exit,0.713789,0,2,0,73.417722
79,36297,37,762867,4.757972,0.004850,0.026745,non_zero_exit,0.705201,0,2,0,72.500000
80,36298,1,762867,4.758103,0.000131,0.024801,non_zero_exit,0.696801,0,2,0,71.604938
81,36327,29,762867,4.761905,0.003801,5.004347,timeout,0.749332,0,3,0,70.731707
82,36329,2,762867,4.762167,0.000262,0.031701,,0.740686,0,3,0,71.084337
83,36331,2,762867,4.762429,0.000262,3.029677,,0.767936,0,3,0,71.428571
84,36389,58,762867,4.770032,0.007603,0.030499,,0.759260,0,3,0,71.764706
85,36406,17,762867,4.772260,0.002228,0.021233,non_zero_exit,0.750678,0,3,0,70.930233
86,36538,132,762867,4.789564,0.017303,1.033908,,0.753934,0,3,0,71.264368
87,36548,10,762867,4.790874,0.001311,1.036075,,0.757140,0,3,0,71.590909
88,36548,0,762867,4.790874,0.000000,0.023980,non_zero_exit,0.748902,0,3,0,70.786517
89,36548,0,762867,4.790874,0.000000,0.037155,,0.740994,0,3,0,71.111111
90,36596,48,762867,4.797166,0.006292,0.532866,,0.738707,0,3,0,71.428571
91,36655,59,762867,4.804900,0.007734,1.032347,,0.741899,0,3,0,71.739130
92,36698,43,762867,4.810537,0.005637,1.536440,,0.750442,0,3,0,72.043011
93,36882,184,762867,4.834657,0.024120,1.029646,,0.753412,0,3,0,72.340426
94,37005,123,762867,4.850780,0.016123,0.434431,,0.750055,0,3,0,72.631579
95,37005,0,762867,4.850780,0.000000,0.025031,non_zero_exit,0.742502,0,3,0,71.875000
96,37008,3,762867,4.851173,0.000393,0.528793,,0.740299,0,3,0,72.164948
97,37011,3,762867,4.851567,0.000393,1.028980,,0.743245,0,3,0,72.448980
98,37011,0,762867,4.851567,0.000000,0.023650,non_zero_exit,0.735976,0,3,0,71.717172
99,37011,0,762867,4.851567,0.000000,0.029991,,0.728916,0,3,0,72.000000
100,37015,4,762867,4.852091,0.000524,0.034761,,0.722043,0,3,0,72.277228
101,37187,172,762867,4.874637,0.022547,1.034290,,0.725105,0,3,0,72.549020
102,37197,10,762867,4.875948,0.001311,0.636298,,0.724243,0,3,0,72.815534
103,37199,2,762867,4.876210,0.000262,0.029639,,0.717564,0,3,0,73.076923
104,37201,2,762867,4.876473,0.000262,0.022801,non_zero_exit,0.710947,0,3,0,72.380952
105,37202,1,762867,4.876604,0.000131,0.029926,,0.704522,0,3,0,72.641509
106,37203,1,762867,4.876735,0.000131,0.031211,,0.698229,0,3,0,72.897196
107,37205,2,762867,4.876997,0.000262,0.030954,,0.692051,0,3,0,73.148148
108,37233,28,762867,4.880667,0.003670,2.030086,non_zero_exit,0.704327,0,3,0,72.477064
109,37233,0,762867,4.880667,0.000000,1.033690,,0.707321,0,3,0,72.727273
110,37233,0,762867,4.880667,0.000000,0.033860,,0.701254,0,3,0,72.972973
111,37233,0,762867,4.880667,0.000000,0.034220,,0.695298,0,3,0,73.214286
112,37258,25,762867,4.883944,0.003277,0.024344,non_zero_exit,0.689360,0,3,0,72.566372
113,38252,994,762867,5.014242,0.130298,0.042856,,0.683689,0,3,0,72.807018
114,38252,0,762867,5.014242,0.000000,0.032824,,0.678029,0,3,0,73.043478
115,38282,30,762867,5.018175,0.003933,1.030709,,0.681070,0,3,0,73.275862
116,38282,0,762867,5.018175,0.000000,1.031907,,0.684068,0,3,0,73.504274
117,38302,20,762867,5.020797,0.002622,0.028488,non_zero_exit,0.678513,0,3,0,72.881356
118,38302,0,762867,5.020797,0.000000,0.022469,non_zero_exit,0.673000,0,3,0,72.268908
119,38302,0,762867,5.020797,0.000000,2.030781,,0.684315,0,3,0,72.500000
120,38305,3,762867,5.021190,0.000393,0.033068,,0.678932,0,3,0,72.727273
121,38305,0,762867,5.021190,0.000000,0.536464,,0.677765,0,3,0,72.950820
122,38310,5,762867,5.021845,0.000655,3.037595,,0.696950,0,3,0,73.170732
123,38310,0,762867,5.021845,0.000000,0.032227,,0.691590,0,3,0,73.387097
124,38598,288,762867,5.059598,0.037752,1.032074,,0.694313,0,3,0,73.600000
125,38601,3,762867,5.059991,0.000393,0.029185,,0.689035,0,3,0,73.809524
126,38613,12,762867,5.061564,0.001573,1.038181,,0.691784,0,3,0,74.015748
127,38651,38,762867,5.066545,0.004981,1.031704,,0.694439,0,3,0,74.218750
128,38651,0,762867,5.066545,0.000000,0.030907,,0.689296,0,3,0,74.418605
129,38654,3,762867,5.066938,0.000393,0.029107,non_zero_exit,0.684217,0,3,0,73.846154
130,38654,0,762867,5.066938,0.000000,0.025156,non_zero_exit,0.679186,0,3,0,73.282443
131,38654,0,762867,5.066938,0.000000,0.034613,,0.674303,0,3,0,73.484848
132,38659,5,762867,5.067594,0.000655,1.032251,,0.676995,0,3,0,73.684211
133,38663,4,762867,5.068118,0.000524,0.028506,,0.672155,0,3,0,73.880597
134,38663,0,762867,5.068118,0.000000,0.027165,,0.667377,0,3,0,74.074074
135,38665,2,762867,5.068380,0.000262,0.024747,non_zero_exit,0.662652,0,3,0,73.529412
136,38742,77,762867,5.078474,0.010094,5.003577,timeout,0.694338,0,4,0,72.992701
137,38742,0,762867,5.078474,0.000000,0.037363,,0.689577,0,4,0,73.188406
138,38742,0,762867,5.078474,0.000000,1.028715,,0.692017,0,4,0,73.381295
139,38748,6,762867,5.079260,0.000787,1.030171,,0.694432,0,4,0,73.571429
140,38748,0,762867,5.079260,0.000000,1.032222,,0.696828,0,4,0,73.758865
141,38751,3,762867,5.079653,0.000393,0.024827,non_zero_exit,0.692096,0,4,0,73.239437
142,38751,0,762867,5.079653,0.000000,0.029589,,0.687463,0,4,0,73.426573
143,38766,15,762867,5.081620,0.001966,0.690477,,0.687484,0,4,0,73.611111
144,38808,42,762867,5.087125,0.005506,0.540813,,0.686472,0,4,0,73.793103
145,38808,0,762867,5.087125,0.000000,0.031607,,0.681987,0,4,0,73.972603
146,38839,31,762867,5.091189,0.004064,3.657793,,0.702230,0,4,0,74.149660
147,38840,1,762867,5.091320,0.000131,3.543856,,0.721430,0,4,0,74.324324
148,38874,34,762867,5.095777,0.004457,0.027900,,0.716776,0,4,0,74.496644
149,38874,0,762867,5.095777,0.000000,0.024111,non_zero_exit,0.712158,0,4,0,74.000000
150,38875,1,762867,5.095908,0.000131,3.044580,,0.727605,0,4,0,74.172185
151,38875,0,762867,5.095908,0.000000,0.032164,,0.723029,0,4,0,74.342105
152,38875,0,762867,5.095908,0.000000,0.036081,,0.718539,0,4,0,74.509804
153,39052,177,762867,5.119110,0.023202,4.614804,,0.743840,0,4,0,74.675325
154,39052,0,762867,5.119110,0.000000,0.029581,,0.739232,0,4,0,74.838710
155,39069,17,762867,5.121338,0.002228,0.028183,,0.734674,0,4,0,75.000000
156,39069,0,762867,5.121338,0.000000,1.031032,,0.736561,0,4,0,75.159236
157,39070,1,762867,5.121469,0.000131,2.304184,,0.746483,0,4,0,75.316456
158,39070,0,762867,5.121469,0.000000,0.024965,,0.741945,0,4,0,75.471698
159,39073,3,762867,5.121863,0.000393,1.030757,,0.743750,0,4,0,75.625000
160,39073,0,762867,5.121863,0.000000,0.029462,,0.739314,0,4,0,75.776398
161,39114,41,762867,5.127237,0.005374,0.023005,,0.734892,0,4,0,75.925926
162,39114,0,762867,5.127237,0.000000,0.037167,non_zero_exit,0.730612,0,4,0,75.460123
163,39124,10,762867,5.128548,0.001311,1.032530,,0.732452,0,4,0,75.609756
164,39125,1,762867,5.128679,0.000131,1.528461,,0.737277,0,4,0,75.757576
165,39125,0,762867,5.128679,0.000000,0.028402,,0.733006,0,4,0,75.903614
166,39131,6,762867,5.129466,0.000787,5.004191,timeout,0.758582,0,5,0,75.449102
167,39167,36,762867,5.134185,0.004719,0.031282,,0.754253,0,5,0,75.595238
168,39191,24,762867,5.137331,0.003146,3.532868,,0.770695,0,5,0,75.739645
169,39192,1,762867,5.137462,0.000131,1.034374,,0.772246,0,5,0,75.882353
170,39194,2,762867,5.137724,0.000262,5.003611,timeout,0.796991,0,6,0,75.438596
171,39213,19,762867,5.140214,0.002491,0.023378,non_zero_exit,0.792493,0,6,0,75.000000
172,39213,0,762867,5.140214,0.000000,2.229997,,0.800802,0,6,0,75.144509
173,39214,1,762867,5.140346,0.000131,0.031652,,0.796382,0,6,0,75.287356
174,39214,0,762867,5.140346,0.000000,1.037259,,0.797758,0,6,0,75.428571
175,39214,0,762867,5.140346,0.000000,0.030489,,0.793399,0,6,0,75.568182
176,39220,6,762867,5.141132,0.000787,1.027009,,0.794719,0,6,0,75.706215
177,39221,1,762867,5.141263,0.000131,1.031209,,0.796047,0,6,0,75.842697
178,39238,17,762867,5.143492,0.002228,1.032549,,0.797368,0,6,0,75.977654
179,39259,21,762867,5.146244,0.002753,1.029574,,0.798658,0,6,0,76.111111
180,39259,0,762867,5.146244,0.000000,2.318051,,0.807053,0,6,0,76.243094
181,39260,1,762867,5.146375,0.000131,1.032403,,0.808291,0,6,0,76.373626
182,39266,6,762867,5.147162,0.000787,0.024596,non_zero_exit,0.804009,0,6,0,75.956284
183,39266,0,762867,5.147162,0.000000,0.032434,non_zero_exit,0.799815,0,6,0,75.543478
184,39273,7,762867,5.148080,0.000918,0.024068,non_zero_exit,0.795622,0,6,0,75.135135
185,39276,3,762867,5.148473,0.000393,0.537226,,0.794233,0,6,0,75.268817
186,39276,0,762867,5.148473,0.000000,2.538729,,0.803562,0,6,0,75.401070
187,39277,1,762867,5.148604,0.000131,0.030903,,0.799452,0,6,0,75.531915
188,39281,4,762867,5.149128,0.000524,0.031730,,0.795390,0,6,0,75.661376
189,39281,0,762867,5.149128,0.000000,3.032539,,0.807164,0,6,0,75.789474
190,39281,0,762867,5.149128,0.000000,0.021417,non_zero_exit,0.803050,0,6,0,75.392670
191,39281,0,762867,5.149128,0.000000,0.029613,,0.799022,0,6,0,75.520833
192,39282,1,762867,5.149259,0.000131,2.036856,,0.805436,0,6,0,75.647668
193,39282,0,762867,5.149259,0.000000,1.032778,,0.806608,0,6,0,75.773196
194,39283,1,762867,5.149390,0.000131,1.031176,,0.807759,0,6,0,75.897436
195,39289,6,762867,5.150177,0.000787,0.024119,non_zero_exit,0.803761,0,6,0,75.510204
196,39289,0,762867,5.150177,0.000000,3.029589,,0.815060,0,6,0,75.634518
197,39289,0,762867,5.150177,0.000000,0.533241,,0.813636,0,6,0,75.757576
198,39343,54,762867,5.157255,0.007079,0.030924,,0.809703,0,6,0,75.879397
199,39356,13,762867,5.158960,0.001704,1.028851,,0.810799,0,6,0,76.000000
200,39356,0,762867,5.158960,0.000000,1.030046,,0.811890,0,6,0,76.119403
201,39356,0,762867,5.158960,0.000000,0.021227,non_zero_exit,0.807975,0,6,0,75.742574
202,39457,101,762867,5.172199,0.013240,0.029698,,0.804142,0,6,0,75.862069
203,39458,1,762867,5.172330,0.000131,0.026580,,0.800330,0,6,0,75.980392
204,39458,0,762867,5.172330,0.000000,0.029267,,0.796569,0,6,0,76.097561
205,39458,0,762867,5.172330,0.000000,1.034472,,0.797724,0,6,0,76.213592
206,39458,0,762867,5.172330,0.000000,0.031009,,0.794020,0,6,0,76.328502
207,39458,0,762867,5.172330,0.000000,0.024869,non_zero_exit,0.790322,0,6,0,75.961538
208,39586,128,762867,5.189109,0.016779,2.032134,,0.796263,0,6,0,76.076555
209,39586,0,762867,5.189109,0.000000,3.028317,,0.806892,0,6,0,76.190476
210,39586,0,762867,5.189109,0.000000,0.021696,non_zero_exit,0.803171,0,6,0,75.829384
211,39586,0,762867,5.189109,0.000000,4.029960,,0.818392,0,6,0,75.943396
212,39618,32,762867,5.193304,0.004195,0.036948,,0.814723,0,6,0,76.056338
213,39619,1,762867,5.193435,0.000131,1.028372,,0.815721,0,6,0,76.168224
214,39619,0,762867,5.193435,0.000000,0.026050,non_zero_exit,0.812048,0,6,0,75.813953
215,39619,0,762867,5.193435,0.000000,0.026039,non_zero_exit,0.808409,0,6,0,75.462963
216,39619,0,762867,5.193435,0.000000,0.029313,,0.804819,0,6,0,75.576037
217,39619,0,762867,5.193435,0.000000,0.030665,,0.801268,0,6,0,75.688073
218,39619,0,762867,5.193435,0.000000,1.536095,,0.804623,0,6,0,75.799087
219,39622,3,762867,5.193828,0.000393,1.035095,non_zero_exit,0.805671,0,6,0,75.454545
220,39634,12,762867,5.195401,0.001573,5.003677,timeout,0.824666,0,7,0,75.113122
221,39634,0,762867,5.195401,0.000000,0.032747,,0.821099,0,7,0,75.225225
222,39634,0,762867,5.195401,0.000000,5.003727,timeout,0.839855,0,8,0,74.887892
223,39634,0,762867,5.195401,0.000000,0.035154,,0.836263,0,8,0,75.000000
224,39678,44,762867,5.201169,0.005768,0.031720,,0.832687,0,8,0,75.111111
225,39680,2,762867,5.201431,0.000262,0.032038,,0.829145,0,8,0,75.221239
226,39681,1,762867,5.201562,0.000131,2.538120,,0.836673,0,8,0,75.330396
227,39687,6,762867,5.202349,0.000787,1.028725,,0.837515,0,8,0,75.438596
228,39689,2,762867,5.202611,0.000262,0.341137,,0.835348,0,8,0,75.545852
229,39689,0,762867,5.202611,0.000000,5.007890,timeout,0.853489,0,9,0,75.217391
230,39689,0,762867,5.202611,0.000000,0.023596,non_zero_exit,0.849897,0,9,0,74.891775
231,39832,143,762867,5.221356,0.018745,2.536634,,0.857167,0,9,0,75.000000
232,39832,0,762867,5.221356,0.000000,2.032251,,0.862210,0,9,0,75.107296
233,39881,49,762867,5.227779,0.006423,0.034236,,0.858672,0,9,0,75.213675
234,39881,0,762867,5.227779,0.000000,0.021976,non_zero_exit,0.855112,0,9,0,74.893617
235,39881,0,762867,5.227779,0.000000,5.003954,timeout,0.872691,0,10,0,74.576271
236,39881,0,762867,5.227779,0.000000,0.027607,,0.869126,0,10,0,74.683544
237,39886,5,762867,5.228434,0.000655,1.032397,,0.869812,0,10,0,74.789916
238,39900,14,762867,5.230269,0.001835,2.226389,,0.875488,0,10,0,74.895397
239,39900,0,762867,5.230269,0.000000,3.033170,,0.884478,0,10,0,75.000000
240,39900,0,762867,5.230269,0.000000,1.030322,,0.885083,0,10,0,75.103734
241,39901,1,762867,5.230401,0.000131,1.032311,,0.885692,0,10,0,75.206612
242,39901,0,762867,5.230401,0.000000,3.033295,,0.894530,0,10,0,75.308642
243,39901,0,762867,5.230401,0.000000,1.028205,,0.895077,0,10,0,75.409836
244,40014,113,762867,5.245213,0.014813,0.023226,,0.891519,0,10,0,75.510204
245,40017,3,762867,5.245606,0.000393,3.530971,,0.902248,0,10,0,75.609756
246,40017,0,762867,5.245606,0.000000,1.028331,,0.902759,0,10,0,75.708502
247,40017,0,762867,5.245606,0.000000,0.029642,,0.899238,0,10,0,75.806452
248,40017,0,762867,5.245606,0.000000,0.037361,,0.895777,0,10,0,75.903614
249,40018,1,762867,5.245737,0.000131,0.035977,,0.892338,0,10,0,76.000000
250,40019,1,762867,5.245869,0.000131,0.035036,,0.888922,0,10,0,76.095618
251,40020,1,762867,5.246000,0.000131,1.031556,,0.889488,0,10,0,76.190476
252,40020,0,762867,5.246000,0.000000,0.032661,,0.886101,0,10,0,76.284585
253,40020,0,762867,5.246000,0.000000,0.032242,,0.882740,0,10,0,76.377953
254,40021,1,762867,5.246131,0.000131,3.033401,,0.891174,0,10,0,76.470588
255,40021,0,762867,5.246131,0.000000,0.036682,,0.887836,0,10,0,76.562500
256,40024,3,762867,5.246524,0.000393,0.030987,,0.884502,0,10,0,76.653696
257,40024,0,762867,5.246524,0.000000,5.004166,timeout,0.900469,0,11,0,76.356589
258,40085,61,762867,5.254520,0.007996,1.032794,,0.900980,0,11,0,76.447876
259,40085,0,762867,5.254520,0.000000,1.025732,,0.901460,0,11,0,76.538462
260,40085,0,762867,5.254520,0.000000,1.031056,,0.901957,0,11,0,76.628352
261,40085,0,762867,5.254520,0.000000,2.535893,,0.908193,0,11,0,76.717557
262,40091,6,762867,5.255307,0.000787,1.031987,,0.908664,0,11,0,76.806084
263,40091,0,762867,5.255307,0.000000,0.021877,non_zero_exit,0.905305,0,11,0,76.515152
264,40091,0,762867,5.255307,0.000000,3.034538,,0.913340,0,11,0,76.603774
265,40091,0,762867,5.255307,0.000000,1.029660,,0.913777,0,11,0,76.691729
266,40091,0,762867,5.255307,0.000000,0.031637,,0.910473,0,11,0,76.779026
267,40092,1,762867,5.255438,0.000131,5.003293,timeout,0.925745,0,12,0,76.492537
268,40095,3,762867,5.255831,0.000393,0.033642,,0.922428,0,12,0,76.579926
269,40095,0,762867,5.255831,0.000000,1.031828,,0.922834,0,12,0,76.666667
270,40095,0,762867,5.255831,0.000000,0.033858,,0.919553,0,12,0,76.752768
271,40095,0,762867,5.255831,0.000000,0.023802,non_zero_exit,0.916260,0,12,0,76.470588
272,40095,0,762867,5.255831,0.000000,0.029640,,0.913012,0,12,0,76.556777
273,40095,0,762867,5.255831,0.000000,1.035526,,0.913459,0,12,0,76.642336
274,40095,0,762867,5.255831,0.000000,3.031150,,0.921160,0,12,0,76.727273
275,40220,125,762867,5.272217,0.016386,1.077788,,0.921728,0,12,0,76.811594
276,40238,18,762867,5.274576,0.002360,1.033343,,0.922131,0,12,0,76.895307
277,40238,0,762867,5.274576,0.000000,2.034465,,0.926132,0,12,0,76.978417
278,40238,0,762867,5.274576,0.000000,3.033875,,0.933686,0,12,0,77.060932
279,40239,1,762867,5.274707,0.000131,0.032485,,0.930468,0,12,0,77.142857
280,40250,11,762867,5.276149,0.001442,0.031540,,0.927269,0,12,0,77.224199
281,40378,128,762867,5.292928,0.016779,3.038607,non_zero_exit,0.934756,0,12,0,76.950355
282,40378,0,762867,5.292928,0.000000,1.030785,,0.935095,0,12,0,77.031802
283,40432,54,762867,5.300006,0.007079,1.051588,,0.935505,0,12,0,77.112676
284,40432,0,762867,5.300006,0.000000,5.007852,timeout,0.949794,0,13,0,76.842105
285,40432,0,762867,5.300006,0.000000,3.040472,,0.957104,0,13,0,76.923077
286,40471,39,762867,5.305119,0.005112,0.029339,,0.953872,0,13,0,77.003484
287,40476,5,762867,5.305774,0.000655,5.007945,timeout,0.967948,0,14,0,76.736111
288,40476,0,762867,5.305774,0.000000,0.032011,,0.964710,0,14,0,76.816609
289,40476,0,762867,5.305774,0.000000,0.021042,non_zero_exit,0.961456,0,14,0,76.551724
290,40580,104,762867,5.319407,0.013633,2.536658,,0.966869,0,14,0,76.632302
291,40580,0,762867,5.319407,0.000000,1.029490,,0.967083,0,14,0,76.712329
292,40613,33,762867,5.323733,0.004326,0.027486,,0.963876,0,14,0,76.791809
293,40613,0,762867,5.323733,0.000000,1.532234,,0.965810,0,14,0,76.870748
294,40613,0,762867,5.323733,0.000000,1.031354,,0.966032,0,14,0,76.949153
295,40613,0,762867,5.323733,0.000000,0.228699,,0.963541,0,14,0,77.027027
296,40663,50,762867,5.330287,0.006554,1.036207,,0.963786,0,14,0,77.104377
297,40673,10,762867,5.331598,0.001311,0.032528,,0.960661,0,14,0,77.181208
298,40674,1,762867,5.331729,0.000131,1.034567,,0.960908,0,14,0,77.257525
299,40675,1,762867,5.331860,0.000131,1.030314,,0.961139,0,14,0,77.333333
300,40683,8,762867,5.332909,0.001049,0.029296,,0.958043,0,14,0,77.408638
301,40684,1,762867,5.333040,0.000131,2.030042,,0.961593,0,14,0,77.483444
302,40684,0,762867,5.333040,0.000000,3.036278,,0.968440,0,14,0,77.557756
303,40684,0,762867,5.333040,0.000000,0.033933,,0.965366,0,14,0,77.631579
304,40686,2,762867,5.333302,0.000262,0.023767,non_zero_exit,0.962279,0,14,0,77.377049
305,40686,0,762867,5.333302,0.000000,2.029123,,0.965765,0,14,0,77.450980
306,40686,0,762867,5.333302,0.000000,0.032706,,0.962726,0,14,0,77.524430
307,40689,3,762867,5.333695,0.000393,0.041630,,0.959735,0,14,0,77.597403
308,40689,0,762867,5.333695,0.000000,0.022145,non_zero_exit,0.956701,0,14,0,77.346278
309,40709,20,762867,5.336317,0.002622,0.032828,,0.953721,0,14,0,77.419355
310,40709,0,762867,5.336317,0.000000,1.031552,,0.953971,0,14,0,77.491961
311,40720,11,762867,5.337759,0.001442,1.030067,,0.954215,0,14,0,77.564103
312,40720,0,762867,5.337759,0.000000,2.033469,,0.957663,0,14,0,77.635783
313,40725,5,762867,5.338414,0.000655,1.030780,,0.957896,0,14,0,77.707006
314,40726,1,762867,5.338545,0.000131,1.030516,,0.958126,0,14,0,77.777778
315,40727,1,762867,5.338676,0.000131,1.034209,,0.958367,0,14,0,77.848101
316,40727,0,762867,5.338676,0.000000,1.031587,,0.958598,0,14,0,77.917981
317,40727,0,762867,5.338676,0.000000,1.027296,,0.958814,0,14,0,77.987421
318,40753,26,762867,5.342085,0.003408,0.024331,,0.955885,0,14,0,78.056426
319,40753,0,762867,5.342085,0.000000,0.028233,,0.952986,0,14,0,78.125000
320,40753,0,762867,5.342085,0.000000,2.033020,,0.956351,0,14,0,78.193146
321,40753,0,762867,5.342085,0.000000,0.022821,non_zero_exit,0.953451,0,14,0,77.950311
322,40753,0,762867,5.342085,0.000000,0.532357,,0.952148,0,14,0,78.018576
323,40753,0,762867,5.342085,0.000000,2.029130,,0.955472,0,14,0,78.086420
324,40761,8,762867,5.343133,0.001049,5.004478,timeout,0.967930,0,15,0,77.846154
325,40761,0,762867,5.343133,0.000000,1.034630,,0.968135,0,15,0,77.914110
326,40761,0,762867,5.343133,0.000000,0.021915,non_zero_exit,0.965241,0,15,0,77.675841
327,40762,1,762867,5.343264,0.000131,1.037525,,0.965462,0,15,0,77.743902
328,40762,0,762867,5.343264,0.000000,1.032444,,0.965665,0,15,0,77.811550
329,40762,0,762867,5.343264,0.000000,1.030467,,0.965861,0,15,0,77.878788
330,40788,26,762867,5.346672,0.003408,3.031698,,0.972103,0,15,0,77.945619
331,40788,0,762867,5.346672,0.000000,0.028150,,0.969259,0,15,0,78.012048
332,40790,2,762867,5.346935,0.000262,0.028189,,0.966433,0,15,0,78.078078
333,40790,0,762867,5.346935,0.000000,3.031101,,0.972615,0,15,0,78.143713
334,40828,38,762867,5.351916,0.004981,3.034356,,0.978770,0,15,0,78.208955
335,40830,2,762867,5.352178,0.000262,2.029626,,0.981897,0,15,0,78.273810
336,40840,10,762867,5.353489,0.001311,0.028220,,0.979067,0,15,0,78.338279
337,40840,0,762867,5.353489,0.000000,2.031857,,0.982182,0,15,0,78.402367
338,40840,0,762867,5.353489,0.000000,1.031362,,0.982327,0,15,0,78.466077
339,40840,0,762867,5.353489,0.000000,0.031565,,0.979531,0,15,0,78.529412
340,40840,0,762867,5.353489,0.000000,0.029354,,0.976744,0,15,0,78.592375
341,40840,0,762867,5.353489,0.000000,0.022298,non_zero_exit,0.973953,0,15,0,78.362573
342,40841,1,762867,5.353620,0.000131,0.030408,,0.971203,0,15,0,78.425656
343,40841,0,762867,5.353620,0.000000,1.033673,,0.971384,0,15,0,78.488372
344,40847,6,762867,5.354406,0.000787,1.037058,,0.971575,0,15,0,78.550725
345,40856,9,762867,5.355586,0.001180,3.529048,,0.978966,0,15,0,78.612717
346,40861,5,762867,5.356242,0.000655,0.025023,non_zero_exit,0.976217,0,15,0,78.386167
347,40861,0,762867,5.356242,0.000000,0.023359,non_zero_exit,0.973479,0,15,0,78.160920
348,40881,20,762867,5.358863,0.002622,0.134041,,0.971074,0,15,0,78.223496
349,40881,0,762867,5.358863,0.000000,0.431143,,0.969531,0,15,0,78.285714
350,40894,13,762867,5.360567,0.001704,1.032052,,0.969709,0,15,0,78.347578
351,40901,7,762867,5.361485,0.000918,0.023608,non_zero_exit,0.967021,0,15,0,78.125000
352,40922,21,762867,5.364238,0.002753,0.539109,,0.965809,0,15,0,78.186969
353,40922,0,762867,5.364238,0.000000,0.026904,,0.963157,0,15,0,78.248588
354,40922,0,762867,5.364238,0.000000,2.041865,,0.966195,0,15,0,78.309859
355,40933,11,762867,5.365680,0.001442,0.021669,non_zero_exit,0.963542,0,15,0,78.089888
356,40933,0,762867,5.365680,0.000000,1.029628,,0.963727,0,15,0,78.151261
357,40933,0,762867,5.365680,0.000000,0.021403,non_zero_exit,0.961095,0,15,0,77.932961
358,40933,0,762867,5.365680,0.000000,0.027885,,0.958496,0,15,0,77.994429
359,40933,0,762867,5.365680,0.000000,1.028260,non_zero_exit,0.958689,0,15,0,77.777778
360,40933,0,762867,5.365680,0.000000,1.028091,,0.958882,0,15,0,77.839335
361,40933,0,762867,5.365680,0.000000,0.032628,,0.956323,0,15,0,77.900552
362,40933,0,762867,5.365680,0.000000,0.022986,non_zero_exit,0.953752,0,15,0,77.685950
363,40996,63,762867,5.373938,0.008258,0.029601,,0.951213,0,15,0,77.747253
364,41021,25,762867,5.377215,0.003277,1.029203,,0.951427,0,15,0,77.808219
365,41023,2,762867,5.377477,0.000262,1.031118,,0.951644,0,15,0,77.868852
366,41024,1,762867,5.377608,0.000131,1.030782,,0.951860,0,15,0,77.929155
367,41024,0,762867,5.377608,0.000000,0.028771,,0.949352,0,15,0,77.989130
368,41024,0,762867,5.377608,0.000000,0.021497,non_zero_exit,0.946837,0,15,0,77.777778
369,41025,1,762867,5.377740,0.000131,5.004478,timeout,0.957804,0,16,0,77.567568
370,41025,0,762867,5.377740,0.000000,1.031059,,0.958001,0,16,0,77.628032
371,41030,5,762867,5.378395,0.000655,1.031180,,0.958198,0,16,0,77.688172
372,41030,0,762867,5.378395,0.000000,2.704080,,0.962878,0,16,0,77.747989
373,41030,0,762867,5.378395,0.000000,0.033820,,0.960394,0,16,0,77.807487
374,41031,1,762867,5.378526,0.000131,1.036151,,0.960596,0,16,0,77.866667
375,41031,0,762867,5.378526,0.000000,0.030572,,0.958123,0,16,0,77.925532
376,41053,22,762867,5.381410,0.002884,2.032234,,0.960972,0,16,0,77.984085
377,41063,10,762867,5.382721,0.001311,0.029384,,0.958508,0,16,0,78.042328
378,41063,0,762867,5.382721,0.000000,0.023097,non_zero_exit,0.956039,0,16,0,77.836412
379,41064,1,762867,5.382852,0.000131,0.026674,,0.953594,0,16,0,77.894737
380,41065,1,762867,5.382983,0.000131,0.951118,,0.953587,0,16,0,77.952756
381,41065,0,762867,5.382983,0.000000,0.036136,,0.951185,0,16,0,78.010471
382,41074,9,762867,5.384163,0.001180,0.021908,non_zero_exit,0.948759,0,16,0,77.806789
383,41074,0,762867,5.384163,0.000000,1.030098,,0.948971,0,16,0,77.864583
384,41074,0,762867,5.384163,0.000000,0.021993,non_zero_exit,0.946563,0,16,0,77.662338
385,41078,4,762867,5.384687,0.000524,5.003191,timeout,0.957073,0,17,0,77.461140
386,41078,0,762867,5.384687,0.000000,1.034184,non_zero_exit,0.957272,0,17,0,77.260982
387,41078,0,762867,5.384687,0.000000,0.029536,,0.954881,0,17,0,77.319588
388,41078,0,762867,5.384687,0.000000,0.535720,,0.953803,0,17,0,77.377892
389,41117,39,762867,5.389799,0.005112,0.022419,non_zero_exit,0.951415,0,17,0,77.179487
390,41117,0,762867,5.389799,0.000000,1.037616,,0.951636,0,17,0,77.237852
391,41117,0,762867,5.389799,0.000000,1.028547,,0.951832,0,17,0,77.295918
392,41120,3,762867,5.390193,0.000393,0.029759,,0.949486,0,17,0,77.353690
393,41124,4,762867,5.390717,0.000524,1.530971,,0.950961,0,17,0,77.411168
394,41124,0,762867,5.390717,0.000000,0.030893,,0.948632,0,17,0,77.468354
395,41124,0,762867,5.390717,0.000000,1.036167,,0.948853,0,17,0,77.525253
396,41124,0,762867,5.390717,0.000000,1.029431,,0.949056,0,17,0,77.581864
397,41128,4,762867,5.391241,0.000524,0.030572,,0.946748,0,17,0,77.638191
398,41132,4,762867,5.391766,0.000524,0.024590,non_zero_exit,0.944437,0,17,0,77.443609
399,41132,0,762867,5.391766,0.000000,0.030476,non_zero_exit,0.942152,0,17,0,77.250000
400,41151,19,762867,5.394256,0.002491,0.030447,,0.939879,0,17,0,77.306733
401,41151,0,762867,5.394256,0.000000,1.030801,,0.940105,0,17,0,77.363184
402,41180,29,762867,5.398058,0.003801,1.032021,,0.940333,0,17,0,77.419355
403,41182,2,762867,5.398320,0.000262,1.032204,,0.940560,0,17,0,77.475248
404,41182,0,762867,5.398320,0.000000,0.031266,,0.938315,0,17,0,77.530864
405,41183,1,762867,5.398451,0.000131,0.032402,,0.936084,0,17,0,77.586207
406,41203,20,762867,5.401073,0.002622,0.021706,non_zero_exit,0.933837,0,17,0,77.395577
407,41205,2,762867,5.401335,0.000262,1.032487,,0.934079,0,17,0,77.450980
408,41211,6,762867,5.402121,0.000787,0.026400,,0.931860,0,17,0,77.506112
409,41211,0,762867,5.402121,0.000000,0.020402,non_zero_exit,0.929637,0,17,0,77.317073
410,41211,0,762867,5.402121,0.000000,5.006257,timeout,0.939556,0,18,0,77.128954
411,41211,0,762867,5.402121,0.000000,0.020084,non_zero_exit,0.937324,0,18,0,76.941748
412,41211,0,762867,5.402121,0.000000,0.041428,,0.935155,0,18,0,76.997579
413,41212,1,762867,5.402252,0.000131,2.406177,,0.938708,0,18,0,77.053140
414,41220,8,762867,5.403301,0.001049,2.029057,,0.941335,0,18,0,77.108434
415,41226,6,762867,5.404087,0.000787,0.023192,non_zero_exit,0.939128,0,18,0,76.923077
416,41226,0,762867,5.404087,0.000000,0.021531,non_zero_exit,0.936928,0,18,0,76.738609
417,41226,0,762867,5.404087,0.000000,0.022676,non_zero_exit,0.934740,0,18,0,76.555024
418,41227,1,762867,5.404219,0.000131,0.137008,,0.932836,0,18,0,76.610979
419,41235,8,762867,5.405267,0.001049,1.031008,non_zero_exit,0.933070,0,18,0,76.428571
420,41235,0,762867,5.405267,0.000000,1.028493,,0.933297,0,18,0,76.484561
421,41370,135,762867,5.422964,0.017696,1.034564,,0.933537,0,18,0,76.540284
422,41370,0,762867,5.422964,0.000000,1.037521,,0.933783,0,18,0,76.595745
423,41630,260,762867,5.457046,0.034082,2.028386,,0.936364,0,18,0,76.650943
424,41632,2,762867,5.457308,0.000262,3.034209,,0.941300,0,18,0,76.705882
425,41632,0,762867,5.457308,0.000000,0.021998,non_zero_exit,0.939142,0,18,0,76.525822
426,41632,0,762867,5.457308,0.000000,0.029396,,0.937012,0,18,0,76.580796
427,41632,0,762867,5.457308,0.000000,0.025867,,0.934883,0,18,0,76.635514
428,41633,1,762867,5.457439,0.000131,1.533501,,0.936278,0,18,0,76.689977
429,41916,283,762867,5.494536,0.037097,1.836493,,0.938372,0,18,0,76.744186
430,41916,0,762867,5.494536,0.000000,1.026657,,0.938577,0,18,0,76.798144
431,41921,5,762867,5.495191,0.000655,0.024733,non_zero_exit,0.936461,0,18,0,76.620370
432,41922,1,762867,5.495322,0.000131,0.039128,non_zero_exit,0.934389,0,18,0,76.443418
433,41924,2,762867,5.495584,0.000262,0.028707,,0.932302,0,18,0,76.497696
434,41927,3,762867,5.495978,0.000393,1.032557,,0.932533,0,18,0,76.551724
435,41927,0,762867,5.495978,0.000000,2.026947,,0.935043,0,18,0,76.605505
436,41927,0,762867,5.495978,0.000000,0.029705,,0.932971,0,18,0,76.659039
437,41977,50,762867,5.502532,0.006554,0.025312,non_zero_exit,0.930899,0,18,0,76.484018
438,41995,18,762867,5.504891,0.002360,0.029313,,0.928845,0,18,0,76.537585
439,41995,0,762867,5.504891,0.000000,0.029559,,0.926801,0,18,0,76.590909
440,42013,18,762867,5.507251,0.002360,0.560488,,0.925971,0,18,0,76.643991
441,42013,0,762867,5.507251,0.000000,0.025520,,0.923933,0,18,0,76.696833
442,42013,0,762867,5.507251,0.000000,0.022209,non_zero_exit,0.921898,0,18,0,76.523702
443,42013,0,762867,5.507251,0.000000,1.027751,non_zero_exit,0.922136,0,18,0,76.351351
444,42013,0,762867,5.507251,0.000000,2.030923,,0.924628,0,18,0,76.404494
445,42019,6,762867,5.508037,0.000787,0.021392,non_zero_exit,0.922603,0,18,0,76.233184
446,42020,1,762867,5.508169,0.000131,1.029421,,0.922842,0,18,0,76.286353
447,42020,0,762867,5.508169,0.000000,1.037125,,0.923097,0,18,0,76.339286
448,42020,0,762867,5.508169,0.000000,5.004045,timeout,0.932186,0,19,0,76.169265
449,42024,4,762867,5.508693,0.000524,1.589337,,0.933646,0,19,0,76.222222
450,42028,4,762867,5.509217,0.000524,0.030039,,0.931643,0,19,0,76.274945
451,42028,0,762867,5.509217,0.000000,1.030551,,0.931861,0,19,0,76.327434
452,42028,0,762867,5.509217,0.000000,1.026064,,0.932069,0,19,0,76.379691
453,42035,7,762867,5.510135,0.000918,3.030621,,0.936692,0,19,0,76.431718
454,42038,3,762867,5.510528,0.000393,0.029839,,0.934699,0,19,0,76.483516
455,42038,0,762867,5.510528,0.000000,0.022719,non_zero_exit,0.932699,0,19,0,76.315789
456,42039,1,762867,5.510659,0.000131,3.031876,,0.937292,0,19,0,76.367615
457,42039,0,762867,5.510659,0.000000,0.027401,,0.935305,0,19,0,76.419214
458,42099,60,762867,5.518524,0.007865,1.028738,,0.935509,0,19,0,76.470588
459,42099,0,762867,5.518524,0.000000,5.004748,timeout,0.944355,0,20,0,76.304348
460,42100,1,762867,5.518655,0.000131,1.032263,,0.944546,0,20,0,76.355748
461,42100,0,762867,5.518655,0.000000,0.027036,non_zero_exit,0.942560,0,20,0,76.190476
462,42100,0,762867,5.518655,0.000000,1.033067,,0.942755,0,20,0,76.241901
463,42112,12,762867,5.520228,0.001573,0.040167,,0.940810,0,20,0,76.293103
464,42112,0,762867,5.520228,0.000000,0.021991,non_zero_exit,0.938834,0,20,0,76.129032
465,42112,0,762867,5.520228,0.000000,1.028515,,0.939027,0,20,0,76.180258
466,42112,0,762867,5.520228,0.000000,1.029533,,0.939220,0,20,0,76.231263
467,42112,0,762867,5.520228,0.000000,4.309819,,0.946422,0,20,0,76.282051
468,42112,0,762867,5.520228,0.000000,1.035475,non_zero_exit,0.946612,0,20,0,76.119403
469,42112,0,762867,5.520228,0.000000,0.023169,non_zero_exit,0.944648,0,20,0,75.957447
470,42112,0,762867,5.520228,0.000000,0.033043,,0.942712,0,20,0,76.008493
471,42113,1,762867,5.520359,0.000131,0.028655,,0.940776,0,20,0,76.059322
472,42136,23,762867,5.523374,0.003015,1.034107,,0.940973,0,20,0,76.109937
473,42143,7,762867,5.524292,0.000918,0.021593,non_zero_exit,0.939033,0,20,0,75.949367
474,42143,0,762867,5.524292,0.000000,0.023326,non_zero_exit,0.937105,0,20,0,75.789474
475,42165,22,762867,5.527176,0.002884,1.032142,,0.937305,0,20,0,75.840336
476,42165,0,762867,5.527176,0.000000,5.005316,timeout,0.945833,0,21,0,75.681342
477,42165,0,762867,5.527176,0.000000,2.033017,,0.948108,0,21,0,75.732218
478,42165,0,762867,5.527176,0.000000,0.031162,,0.946194,0,21,0,75.782881
479,42167,2,762867,5.527438,0.000262,2.033805,,0.948459,0,21,0,75.833333
480,42167,0,762867,5.527438,0.000000,1.031492,,0.948632,0,21,0,75.883576
481,42167,0,762867,5.527438,0.000000,0.027855,non_zero_exit,0.946722,0,21,0,75.726141
482,42167,0,762867,5.527438,0.000000,0.021479,non_zero_exit,0.944806,0,21,0,75.569358
483,42167,0,762867,5.527438,0.000000,0.028424,,0.942913,0,21,0,75.619835
484,42169,2,762867,5.527700,0.000262,0.024383,non_zero_exit,0.941019,0,21,0,75.463918
485,42171,2,762867,5.527962,0.000262,3.032305,,0.945322,0,21,0,75.514403
486,42174,3,762867,5.528356,0.000393,0.038011,,0.943459,0,21,0,75.564682
487,42174,0,762867,5.528356,0.000000,1.035628,,0.943648,0,21,0,75.614754
488,42174,0,762867,5.528356,0.000000,1.036850,,0.943838,0,21,0,75.664622
489,75526,33352,762867,9.900284,4.371929,5.119257,timeout,0.952360,0,22,0,75.510204
490,75544,18,762867,9.902644,0.002360,0.031568,,0.950484,0,22,0,75.560081
491,75544,0,762867,9.902644,0.000000,0.021658,non_zero_exit,0.948596,0,22,0,75.406504
492,75544,0,762867,9.902644,0.000000,0.021196,non_zero_exit,0.946715,0,22,0,75.253550
493,75544,0,762867,9.902644,0.000000,0.033428,,0.944867,0,22,0,75.303644
494,75580,36,762867,9.907363,0.004719,1.036167,,0.945051,0,22,0,75.353535
495,75580,0,762867,9.907363,0.000000,1.025269,,0.945213,0,22,0,75.403226
496,75588,8,762867,9.908411,0.001049,0.035881,,0.943383,0,22,0,75.452716
497,75588,0,762867,9.908411,0.000000,1.028225,,0.943553,0,22,0,75.502008
498,75588,0,762867,9.908411,0.000000,0.030965,,0.941725,0,22,0,75.551102
499,75591,3,762867,9.908805,0.000393,0.022328,non_zero_exit,0.939886,0,22,0,75.400000
500,75591,0,762867,9.908805,0.000000,1.028223,,0.940062,0,22,0,75.449102
501,75591,0,762867,9.908805,0.000000,0.035289,,0.938260,0,22,0,75.498008
502,75591,0,762867,9.908805,0.000000,2.368976,non_zero_exit,0.941104,0,22,0,75.347913
503,75591,0,762867,9.908805,0.000000,0.031540,,0.939299,0,22,0,75.396825
504,75594,3,762867,9.909198,0.000393,1.035964,,0.939491,0,22,0,75.445545
505,75597,3,762867,9.909591,0.000393,1.041733,,0.939693,0,22,0,75.494071
506,75597,0,762867,9.909591,0.000000,2.030244,,0.941844,0,22,0,75.542406
507,75597,0,762867,9.909591,0.000000,5.008232,timeout,0.949849,0,23,0,75.393701
508,75597,0,762867,9.909591,0.000000,0.034551,,0.948050,0,23,0,75.442043
509,75647,50,762867,9.916145,0.006554,0.023384,,0.946237,0,23,0,75.490196
510,75647,0,762867,9.916145,0.000000,0.023707,non_zero_exit,0.944432,0,23,0,75.342466
511,75647,0,762867,9.916145,0.000000,1.032006,,0.944603,0,23,0,75.390625
512,75647,0,762867,9.916145,0.000000,3.559293,,0.949700,0,23,0,75.438596
513,75647,0,762867,9.916145,0.000000,0.036400,,0.947923,0,23,0,75.486381
514,75647,0,762867,9.916145,0.000000,1.027184,,0.948077,0,23,0,75.533981
515,75647,0,762867,9.916145,0.000000,3.043732,,0.952138,0,23,0,75.581395
516,75647,0,762867,9.916145,0.000000,1.030357,,0.952290,0,23,0,75.628627
517,75647,0,762867,9.916145,0.000000,1.028954,,0.952438,0,23,0,75.675676
518,75649,2,762867,9.916407,0.000262,0.030915,,0.950662,0,23,0,75.722543
519,75649,0,762867,9.916407,0.000000,3.034929,,0.954670,0,23,0,75.769231
520,75655,6,762867,9.917194,0.000787,0.029941,,0.952895,0,23,0,75.815739
521,75655,0,762867,9.917194,0.000000,0.031673,,0.951131,0,23,0,75.862069
522,75655,0,762867,9.917194,0.000000,0.027059,,0.949364,0,23,0,75.908222
523,75655,0,762867,9.917194,0.000000,0.130145,,0.947800,0,23,0,75.954198
524,75655,0,762867,9.917194,0.000000,0.031641,,0.946055,0,23,0,76.000000
525,75661,6,762867,9.917980,0.000787,1.032962,,0.946220,0,23,0,76.045627
526,75661,0,762867,9.917980,0.000000,0.025948,,0.944474,0,23,0,76.091082
527,75661,0,762867,9.917980,0.000000,0.030252,,0.942743,0,23,0,76.136364
528,75663,2,762867,9.918243,0.000262,0.024910,non_zero_exit,0.941008,0,23,0,75.992439
529,75667,4,762867,9.918767,0.000524,3.033559,,0.944956,0,23,0,76.037736
530,75671,4,762867,9.919291,0.000524,0.028814,non_zero_exit,0.943231,0,23,0,75.894539
531,75674,3,762867,9.919685,0.000393,1.031287,,0.943396,0,23,0,75.939850
532,75674,0,762867,9.919685,0.000000,0.024489,non_zero_exit,0.941672,0,23,0,75.797373
533,75674,0,762867,9.919685,0.000000,0.024875,non_zero_exit,0.939955,0,23,0,75.655431
534,75674,0,762867,9.919685,0.000000,0.022502,non_zero_exit,0.938240,0,23,0,75.514019
535,75674,0,762867,9.919685,0.000000,0.032404,,0.936550,0,23,0,75.559701
536,75674,0,762867,9.919685,0.000000,1.036433,,0.936736,0,23,0,75.605214
537,75674,0,762867,9.919685,0.000000,3.035600,,0.940638,0,23,0,75.650558
538,75674,0,762867,9.919685,0.000000,2.133578,,0.942851,0,23,0,75.695733
539,75674,0,762867,9.919685,0.000000,5.004893,timeout,0.950373,0,24,0,75.555556
540,75674,0,762867,9.919685,0.000000,0.030965,,0.948674,0,24,0,75.600739
541,75674,0,762867,9.919685,0.000000,0.029317,,0.946977,0,24,0,75.645756
542,75674,0,762867,9.919685,0.000000,1.028384,,0.947127,0,24,0,75.690608
543,75674,0,762867,9.919685,0.000000,0.530900,,0.946362,0,24,0,75.735294
544,75674,0,762867,9.919685,0.000000,1.034915,,0.946525,0,24,0,75.779817
545,75676,2,762867,9.919947,0.000262,0.021914,non_zero_exit,0.944831,0,24,0,75.641026
546,75676,0,762867,9.919947,0.000000,4.543012,,0.951409,0,24,0,75.685558
547,75676,0,762867,9.919947,0.000000,0.028192,,0.949725,0,24,0,75.729927
548,75676,0,762867,9.919947,0.000000,0.024744,non_zero_exit,0.948040,0,24,0,75.591985
549,75676,0,762867,9.919947,0.000000,0.032611,,0.946375,0,24,0,75.636364
550,75676,0,762867,9.919947,0.000000,0.022385,non_zero_exit,0.944698,0,24,0,75.499093
551,75676,0,762867,9.919947,0.000000,0.239088,,0.943420,0,24,0,75.543478
552,75677,1,762867,9.920078,0.000131,2.039304,,0.945402,0,24,0,75.587703
553,75761,84,762867,9.931089,0.011011,3.031328,,0.949167,0,24,0,75.631769
554,75766,5,762867,9.931744,0.000655,0.021864,non_zero_exit,0.947496,0,24,0,75.495495
555,75769,3,762867,9.932138,0.000393,0.438088,,0.946580,0,24,0,75.539568
556,75769,0,762867,9.932138,0.000000,1.541650,,0.947648,0,24,0,75.583483
557,75769,0,762867,9.932138,0.000000,1.030878,,0.947798,0,24,0,75.627240
558,75769,0,762867,9.932138,0.000000,0.030110,,0.946156,0,24,0,75.670841
559,75769,0,762867,9.932138,0.000000,1.030524,,0.946307,0,24,0,75.714286
560,75769,0,762867,9.932138,0.000000,0.023139,non_zero_exit,0.944661,0,24,0,75.579323
561,75769,0,762867,9.932138,0.000000,5.004307,timeout,0.951885,0,25,0,75.444840
562,75769,0,762867,9.932138,0.000000,1.527938,,0.952908,0,25,0,75.488455
563,75769,0,762867,9.932138,0.000000,0.029522,,0.951271,0,25,0,75.531915
564,75769,0,762867,9.932138,0.000000,1.034128,,0.951417,0,25,0,75.575221
565,75769,0,762867,9.932138,0.000000,2.070749,,0.953395,0,25,0,75.618375
566,75769,0,762867,9.932138,0.000000,0.029703,,0.951766,0,25,0,75.661376
567,75817,48,762867,9.938430,0.006292,1.027516,,0.951899,0,25,0,75.704225
568,75831,14,762867,9.940265,0.001835,1.028610,,0.952034,0,25,0,75.746924
569,75831,0,762867,9.940265,0.000000,3.028801,,0.955677,0,25,0,75.789474
570,75881,50,762867,9.946819,0.006554,0.034393,,0.954064,0,25,0,75.831874
571,75881,0,762867,9.946819,0.000000,3.047439,,0.957724,0,25,0,75.874126
572,75888,7,762867,9.947737,0.000918,0.022377,non_zero_exit,0.956091,0,25,0,75.741710
573,75889,1,762867,9.947868,0.000131,5.004708,timeout,0.963145,0,26,0,75.609756
574,75889,0,762867,9.947868,0.000000,0.030948,,0.961523,0,26,0,75.652174
575,75889,0,762867,9.947868,0.000000,0.026766,non_zero_exit,0.959901,0,26,0,75.520833
576,75889,0,762867,9.947868,0.000000,2.029263,,0.961754,0,26,0,75.563258
577,75889,0,762867,9.947868,0.000000,2.027423,,0.963598,0,26,0,75.605536
578,75889,0,762867,9.947868,0.000000,0.029790,,0.961985,0,26,0,75.647668
579,75889,0,762867,9.947868,0.000000,5.004153,timeout,0.968954,0,27,0,75.517241
580,75889,0,762867,9.947868,0.000000,1.030406,,0.969060,0,27,0,75.559380
581,75889,0,762867,9.947868,0.000000,1.037007,,0.969177,0,27,0,75.601375
582,75889,0,762867,9.947868,0.000000,1.001561,,0.969232,0,27,0,75.643225
583,75889,0,762867,9.947868,0.000000,0.528676,,0.968478,0,27,0,75.684932
584,75893,4,762867,9.948392,0.000524,3.031639,,0.972004,0,27,0,75.726496
585,75897,4,762867,9.948916,0.000524,0.022612,non_zero_exit,0.970384,0,27,0,75.597270
586,75902,5,762867,9.949572,0.000655,1.031662,,0.970489,0,27,0,75.638842
587,75907,5,762867,9.950227,0.000655,0.036256,,0.968900,0,27,0,75.680272
588,75907,0,762867,9.950227,0.000000,1.030841,,0.969005,0,27,0,75.721562
589,75907,0,762867,9.950227,0.000000,0.025942,,0.967407,0,27,0,75.762712
590,75910,3,762867,9.950620,0.000393,0.612021,,0.966805,0,27,0,75.803723
591,75910,0,762867,9.950620,0.000000,1.034358,,0.966919,0,27,0,75.844595
592,75911,1,762867,9.950752,0.000131,0.023607,non_zero_exit,0.965329,0,27,0,75.716695
593,75911,0,762867,9.950752,0.000000,0.024127,non_zero_exit,0.963744,0,27,0,75.589226
594,75911,0,762867,9.950752,0.000000,0.024922,non_zero_exit,0.962166,0,27,0,75.462185
595,75911,0,762867,9.950752,0.000000,0.035749,,0.960612,0,27,0,75.503356
596,75911,0,762867,9.950752,0.000000,1.029975,,0.960728,0,27,0,75.544389
597,75912,1,762867,9.950883,0.000131,2.038020,,0.962530,0,27,0,75.585284
598,75913,1,762867,9.951014,0.000131,3.048491,,0.966012,0,27,0,75.626043
599,75914,1,762867,9.951145,0.000131,3.036831,,0.969463,0,27,0,75.666667
600,75914,0,762867,9.951145,0.000000,0.027255,,0.967896,0,27,0,75.707155
601,75914,0,762867,9.951145,0.000000,0.032071,,0.966341,0,27,0,75.747508
602,75914,0,762867,9.951145,0.000000,5.004292,timeout,0.973038,0,28,0,75.621891
603,75914,0,762867,9.951145,0.000000,1.027313,,0.973127,0,28,0,75.662252
604,75915,1,762867,9.951276,0.000131,0.030030,,0.971569,0,28,0,75.702479
605,75923,8,762867,9.952325,0.001049,0.140707,,0.970198,0,28,0,75.742574
606,75926,3,762867,9.952718,0.000393,0.027559,,0.968645,0,28,0,75.782537
607,75926,0,762867,9.952718,0.000000,0.030711,,0.967102,0,28,0,75.822368
608,75928,2,762867,9.952980,0.000262,0.023564,,0.965553,0,28,0,75.862069
609,75929,1,762867,9.953111,0.000131,5.003604,timeout,0.972172,0,29,0,75.737705
610,75929,0,762867,9.953111,0.000000,1.028113,,0.972264,0,29,0,75.777414
611,75929,0,762867,9.953111,0.000000,0.024749,non_zero_exit,0.970716,0,29,0,75.653595
612,75929,0,762867,9.953111,0.000000,1.032330,,0.970816,0,29,0,75.693312
613,75929,0,762867,9.953111,0.000000,1.031171,,0.970915,0,29,0,75.732899
614,75929,0,762867,9.953111,0.000000,1.031551,,0.971013,0,29,0,75.772358
615,75929,0,762867,9.953111,0.000000,0.031762,,0.969488,0,29,0,75.811688
616,75929,0,762867,9.953111,0.000000,0.031589,,0.967968,0,29,0,75.850891
617,75930,1,762867,9.953242,0.000131,2.028170,,0.969684,0,29,0,75.889968
618,75930,0,762867,9.953242,0.000000,5.004352,timeout,0.976202,0,30,0,75.767367
619,75949,19,762867,9.955733,0.002491,0.029314,non_zero_exit,0.974675,0,30,0,75.645161
620,75952,3,762867,9.956126,0.000393,1.032840,,0.974768,0,30,0,75.684380
621,75952,0,762867,9.956126,0.000000,0.030909,,0.973251,0,30,0,75.723473
622,75956,4,762867,9.956650,0.000524,1.037090,,0.973353,0,30,0,75.762440
623,75956,0,762867,9.956650,0.000000,3.031693,,0.976652,0,30,0,75.801282
624,75957,1,762867,9.956781,0.000131,5.005436,timeout,0.983098,0,31,0,75.680000
625,75957,0,762867,9.956781,0.000000,0.023001,non_zero_exit,0.981564,0,31,0,75.559105
626,75958,1,762867,9.956913,0.000131,1.031022,,0.981643,0,31,0,75.598086
627,75958,0,762867,9.956913,0.000000,0.031690,,0.980130,0,31,0,75.636943
628,75970,12,762867,9.958486,0.001573,3.036348,,0.983399,0,31,0,75.675676
629,75970,0,762867,9.958486,0.000000,5.004068,timeout,0.989781,0,32,0,75.555556
630,75973,3,762867,9.958879,0.000393,0.024560,non_zero_exit,0.988252,0,32,0,75.435816
631,75973,0,762867,9.958879,0.000000,0.033130,,0.986741,0,32,0,75.474684
632,75974,1,762867,9.959010,0.000131,1.030016,,0.986809,0,32,0,75.513428
633,75974,0,762867,9.959010,0.000000,1.031181,,0.986879,0,32,0,75.552050
634,75974,0,762867,9.959010,0.000000,0.028388,,0.985369,0,32,0,75.590551
635,75974,0,762867,9.959010,0.000000,0.022568,non_zero_exit,0.983856,0,32,0,75.471698
636,75974,0,762867,9.959010,0.000000,1.028783,,0.983926,0,32,0,75.510204
637,75974,0,762867,9.959010,0.000000,5.003244,timeout,0.990226,0,33,0,75.391850
638,75974,0,762867,9.959010,0.000000,0.026089,non_zero_exit,0.988717,0,33,0,75.273865
639,75974,0,762867,9.959010,0.000000,1.030500,,0.988782,0,33,0,75.312500
640,75976,2,762867,9.959272,0.000262,1.028240,,0.988844,0,33,0,75.351014
641,75976,0,762867,9.959272,0.000000,0.033493,,0.987356,0,33,0,75.389408
642,75976,0,762867,9.959272,0.000000,3.036243,non_zero_exit,0.990542,0,33,0,75.272162
643,75976,0,762867,9.959272,0.000000,0.027083,,0.989046,0,33,0,75.310559
644,75983,7,762867,9.960190,0.000918,5.003735,timeout,0.995271,0,34,0,75.193798
645,75983,0,762867,9.960190,0.000000,0.029265,,0.993775,0,34,0,75.232198
646,75984,1,762867,9.960321,0.000131,3.035913,,0.996932,0,34,0,75.270479
647,75984,0,762867,9.960321,0.000000,0.025207,,0.995432,0,34,0,75.308642
648,75984,0,762867,9.960321,0.000000,0.025595,,0.993938,0,34,0,75.346687
649,75984,0,762867,9.960321,0.000000,0.024445,non_zero_exit,0.992446,0,34,0,75.230769
650,75991,7,762867,9.961238,0.000918,1.033006,,0.992508,0,34,0,75.268817
651,75991,0,762867,9.961238,0.000000,1.030873,,0.992567,0,34,0,75.306748
652,75993,2,762867,9.961500,0.000262,0.335894,,0.991562,0,34,0,75.344564
653,75993,0,762867,9.961500,0.000000,0.532065,,0.990859,0,34,0,75.382263
654,75994,1,762867,9.961632,0.000131,1.030673,,0.990920,0,34,0,75.419847
655,75994,0,762867,9.961632,0.000000,2.030456,,0.992505,0,34,0,75.457317
656,75994,0,762867,9.961632,0.000000,0.035814,,0.991048,0,34,0,75.494673
657,75994,0,762867,9.961632,0.000000,2.028805,,0.992626,0,34,0,75.531915
658,75996,2,762867,9.961894,0.000262,1.034912,,0.992690,0,34,0,75.569044
659,75998,2,762867,9.962156,0.000262,5.008076,timeout,0.998774,0,35,0,75.454545
660,75998,0,762867,9.962156,0.000000,3.037548,,1.001858,0,35,0,75.491679
661,76003,5,762867,9.962811,0.000655,0.032012,non_zero_exit,1.000393,0,35,0,75.377644
662,76003,0,762867,9.962811,0.000000,4.040210,,1.004978,0,35,0,75.414781
663,76003,0,762867,9.962811,0.000000,0.022928,non_zero_exit,1.003499,0,35,0,75.301205
664,76003,0,762867,9.962811,0.000000,1.032952,,1.003543,0,35,0,75.338346
665,76003,0,762867,9.962811,0.000000,0.034502,,1.002088,0,35,0,75.375375
666,76003,0,762867,9.962811,0.000000,0.022356,non_zero_exit,1.000619,0,35,0,75.262369
667,76003,0,762867,9.962811,0.000000,0.535319,,0.999923,0,35,0,75.299401
668,76003,0,762867,9.962811,0.000000,0.027918,,0.998470,0,35,0,75.336323
669,76023,20,762867,9.965433,0.002622,1.030301,,0.998517,0,35,0,75.373134
670,76024,1,762867,9.965564,0.000131,0.023731,non_zero_exit,0.997065,0,35,0,75.260805
671,76024,0,762867,9.965564,0.000000,0.030910,,0.995627,0,35,0,75.297619
672,76024,0,762867,9.965564,0.000000,0.033308,,0.994197,0,35,0,75.334324
673,76024,0,762867,9.965564,0.000000,1.133851,,0.994404,0,35,0,75.370920
674,76024,0,762867,9.965564,0.000000,0.025139,non_zero_exit,0.992968,0,35,0,75.259259
675,76024,0,762867,9.965564,0.000000,0.031569,,0.991546,0,35,0,75.295858
676,76024,0,762867,9.965564,0.000000,5.004771,timeout,0.997474,0,36,0,75.184638
677,76039,15,762867,9.967530,0.001966,0.028128,,0.996044,0,36,0,75.221239
678,76045,6,762867,9.968317,0.000787,0.035008,,0.994629,0,36,0,75.257732
679,76048,3,762867,9.968710,0.000393,1.031831,,0.994684,0,36,0,75.294118
680,76048,0,762867,9.968710,0.000000,0.031218,,0.993269,0,36,0,75.330396
681,76059,11,762867,9.970152,0.001442,1.032379,,0.993326,0,36,0,75.366569
682,76059,0,762867,9.970152,0.000000,0.025062,,0.991909,0,36,0,75.402635
683,76059,0,762867,9.970152,0.000000,0.023643,non_zero_exit,0.990493,0,36,0,75.292398
684,76059,0,762867,9.970152,0.000000,5.004808,timeout,0.996353,0,37,0,75.182482
685,76059,0,762867,9.970152,0.000000,1.032999,,0.996407,0,37,0,75.218659
686,76059,0,762867,9.970152,0.000000,5.004247,timeout,1.002241,0,38,0,75.109170
687,76060,1,762867,9.970283,0.000131,0.134918,,1.000980,0,38,0,75.145349
688,76078,18,762867,9.972643,0.002360,0.034853,,0.999578,0,38,0,75.181422
689,76162,84,762867,9.983654,0.011011,0.031609,,0.998175,0,38,0,75.217391
690,76199,37,762867,9.988504,0.004850,2.537546,,1.000403,0,38,0,75.253256
691,76199,0,762867,9.988504,0.000000,1.026528,,1.000440,0,38,0,75.289017
692,76199,0,762867,9.988504,0.000000,0.024015,non_zero_exit,0.999031,0,38,0,75.180375
693,76199,0,762867,9.988504,0.000000,1.030225,,0.999076,0,38,0,75.216138
694,76199,0,762867,9.988504,0.000000,0.023280,non_zero_exit,0.997672,0,38,0,75.107914
695,78174,1975,762867,10.247396,0.258892,5.092138,timeout,1.003555,0,39,0,75.000000
696,78175,1,762867,10.247527,0.000131,1.029388,,1.003592,0,39,0,75.035868
697,78175,0,762867,10.247527,0.000000,0.025855,non_zero_exit,1.002191,0,39,0,74.928367
698,78175,0,762867,10.247527,0.000000,3.038080,,1.005104,0,39,0,74.964235
699,78175,0,762867,10.247527,0.000000,0.032000,,1.003714,0,39,0,75.000000
700,78176,1,762867,10.247658,0.000131,1.034178,,1.003757,0,39,0,75.035663
701,78176,0,762867,10.247658,0.000000,1.028603,,1.003793,0,39,0,75.071225
702,78176,0,762867,10.247658,0.000000,1.035163,,1.003837,0,39,0,75.106686
703,78178,2,762867,10.247920,0.000262,0.024464,non_zero_exit,1.002446,0,39,0,75.000000
704,78251,73,762867,10.257489,0.009569,0.036406,,1.001076,0,39,0,75.035461
705,78253,2,762867,10.257751,0.000262,0.025082,non_zero_exit,0.999693,0,39,0,74.929178
706,78253,0,762867,10.257751,0.000000,0.031722,,0.998324,0,39,0,74.964639
707,78253,0,762867,10.257751,0.000000,1.038372,,0.998381,0,39,0,75.000000
708,78260,7,762867,10.258669,0.000918,0.024906,non_zero_exit,0.997008,0,39,0,74.894217
709,78260,0,762867,10.258669,0.000000,0.030755,,0.995647,0,39,0,74.929577
710,78260,0,762867,10.258669,0.000000,0.540962,,0.995007,0,39,0,74.964838
711,78260,0,762867,10.258669,0.000000,2.031709,,0.996463,0,39,0,75.000000
712,78260,0,762867,10.258669,0.000000,0.026217,non_zero_exit,0.995103,0,39,0,74.894811
713,78260,0,762867,10.258669,0.000000,0.030901,,0.993752,0,39,0,74.929972
714,78260,0,762867,10.258669,0.000000,0.022595,non_zero_exit,0.992394,0,39,0,74.825175
715,78267,7,762867,10.259587,0.000918,1.034879,,0.992453,0,39,0,74.860335
716,78281,14,762867,10.261422,0.001835,0.034076,,0.991117,0,39,0,74.895397
717,78281,0,762867,10.261422,0.000000,0.030164,,0.989778,0,39,0,74.930362
718,78281,0,762867,10.261422,0.000000,1.027145,,0.989830,0,39,0,74.965229
719,78281,0,762867,10.261422,0.000000,1.028843,,0.989884,0,39,0,75.000000
720,78286,5,762867,10.262077,0.000655,5.008096,timeout,0.995458,0,40,0,74.895978
721,78286,0,762867,10.262077,0.000000,1.031156,,0.995507,0,40,0,74.930748
722,78329,43,762867,10.267714,0.005637,0.541535,,0.994879,0,40,0,74.965422
723,78353,24,762867,10.270860,0.003146,1.031854,,0.994930,0,40,0,75.000000
724,78354,1,762867,10.270991,0.000131,0.023575,non_zero_exit,0.993590,0,40,0,74.896552
725,78354,0,762867,10.270991,0.000000,0.029204,,0.992262,0,40,0,74.931129
726,78354,0,762867,10.270991,0.000000,0.636394,,0.991773,0,40,0,74.965612
727,78354,0,762867,10.270991,0.000000,0.030351,,0.990452,0,40,0,75.000000
728,78356,2,762867,10.271253,0.000262,0.879194,,0.990299,0,40,0,75.034294
729,78357,1,762867,10.271384,0.000131,0.032412,,0.988987,0,40,0,75.068493
730,78357,0,762867,10.271384,0.000000,0.029379,,0.987674,0,40,0,75.102599
731,78358,1,762867,10.271515,0.000131,0.028730,non_zero_exit,0.986364,0,40,0,75.000000
732,78358,0,762867,10.271515,0.000000,1.029478,,0.986423,0,40,0,75.034106
733,78358,0,762867,10.271515,0.000000,0.033469,,0.985125,0,40,0,75.068120
734,78359,1,762867,10.271646,0.000131,1.032351,,0.985189,0,40,0,75.102041
735,78359,0,762867,10.271646,0.000000,1.034853,,0.985257,0,40,0,75.135870
736,78360,1,762867,10.271777,0.000131,0.025399,non_zero_exit,0.983954,0,40,0,75.033921
737,78360,0,762867,10.271777,0.000000,0.032924,,0.982666,0,40,0,75.067751
738,78386,26,762867,10.275186,0.003408,0.024379,non_zero_exit,0.981369,0,40,0,74.966171
739,78388,2,762867,10.275448,0.000262,0.023422,non_zero_exit,0.980074,0,40,0,74.864865
740,78389,1,762867,10.275579,0.000131,0.024146,non_zero_exit,0.978784,0,40,0,74.763833
741,78393,4,762867,10.276103,0.000524,0.024219,non_zero_exit,0.977498,0,40,0,74.663073
742,78393,0,762867,10.276103,0.000000,0.029144,,0.976221,0,40,0,74.697174
743,78393,0,762867,10.276103,0.000000,0.030988,,0.974951,0,40,0,74.731183
744,78393,0,762867,10.276103,0.000000,0.022084,non_zero_exit,0.973672,0,40,0,74.630872
745,78401,8,762867,10.277152,0.001049,1.029830,,0.973747,0,40,0,74.664879
746,78401,0,762867,10.277152,0.000000,0.030707,,0.972485,0,40,0,74.698795
747,78401,0,762867,10.277152,0.000000,0.239552,,0.971505,0,40,0,74.732620
748,78401,0,762867,10.277152,0.000000,1.035990,,0.971591,0,40,0,74.766355
749,78402,1,762867,10.277283,0.000131,2.028389,,0.973000,0,40,0,74.800000
750,78402,0,762867,10.277283,0.000000,0.031514,,0.971746,0,40,0,74.833555
751,78402,0,762867,10.277283,0.000000,2.032547,,0.973157,0,40,0,74.867021
752,78410,8,762867,10.278332,0.001049,0.023527,non_zero_exit,0.971896,0,40,0,74.767596
753,78479,69,762867,10.287376,0.009045,3.034670,,0.974632,0,40,0,74.801061
754,78479,0,762867,10.287376,0.000000,0.023877,non_zero_exit,0.973372,0,40,0,74.701987
755,78479,0,762867,10.287376,0.000000,2.034255,,0.974776,0,40,0,74.735450
756,78480,1,762867,10.287508,0.000131,0.539973,,0.974201,0,40,0,74.768824
757,78480,0,762867,10.287508,0.000000,1.033332,,0.974279,0,40,0,74.802111
758,78505,25,762867,10.290785,0.003277,0.025313,,0.973029,0,40,0,74.835310
759,78507,2,762867,10.291047,0.000262,0.024592,non_zero_exit,0.971781,0,40,0,74.736842
760,78512,5,762867,10.291702,0.000655,5.003902,timeout,0.977080,0,41,0,74.638633
761,78513,1,762867,10.291833,0.000131,1.029979,non_zero_exit,0.977149,0,41,0,74.540682
762,78513,0,762867,10.291833,0.000000,0.023973,non_zero_exit,0.975900,0,41,0,74.442988
763,78513,0,762867,10.291833,0.000000,0.019975,non_zero_exit,0.974648,0,41,0,74.345550
764,78514,1,762867,10.291964,0.000131,4.538051,,0.979307,0,41,0,74.379085
765,78523,9,762867,10.293144,0.001180,0.024092,,0.978060,0,41,0,74.412533
766,78523,0,762867,10.293144,0.000000,0.034592,,0.976829,0,41,0,74.445893
767,78524,1,762867,10.293275,0.000131,5.003998,timeout,0.982073,0,42,0,74.348958
768,78539,15,762867,10.295242,0.001966,0.029973,,0.980835,0,42,0,74.382315
769,78539,0,762867,10.295242,0.000000,2.034404,,0.982203,0,42,0,74.415584
770,78539,0,762867,10.295242,0.000000,0.035484,,0.980975,0,42,0,74.448768
771,78539,0,762867,10.295242,0.000000,0.029912,,0.979743,0,42,0,74.481865
772,78539,0,762867,10.295242,0.000000,1.032294,,0.979811,0,42,0,74.514877
773,78540,1,762867,10.295373,0.000131,1.034030,,0.979881,0,42,0,74.547804
774,78540,0,762867,10.295373,0.000000,0.030904,,0.978657,0,42,0,74.580645
775,78540,0,762867,10.295373,0.000000,5.004302,timeout,0.983845,0,43,0,74.484536
776,78541,1,762867,10.295504,0.000131,0.021249,non_zero_exit,0.982606,0,43,0,74.388674
777,78554,13,762867,10.297208,0.001704,0.022264,non_zero_exit,0.981371,0,43,0,74.293059
778,78554,0,762867,10.297208,0.000000,0.031667,,0.980152,0,43,0,74.326059
779,78554,0,762867,10.297208,0.000000,0.030879,,0.978935,0,43,0,74.358974
780,78555,1,762867,10.297339,0.000131,3.029710,,0.981561,0,43,0,74.391805
781,78555,0,762867,10.297339,0.000000,1.040339,,0.981636,0,43,0,74.424552
782,78555,0,762867,10.297339,0.000000,0.023312,non_zero_exit,0.980412,0,43,0,74.329502
783,78555,0,762867,10.297339,0.000000,0.029790,,0.979200,0,43,0,74.362245
784,78555,0,762867,10.297339,0.000000,0.027404,,0.977987,0,43,0,74.394904
785,78555,0,762867,10.297339,0.000000,0.038217,,0.976792,0,43,0,74.427481
786,78555,0,762867,10.297339,0.000000,1.028796,,0.976858,0,43,0,74.459975
787,78573,18,762867,10.299698,0.002360,0.040623,,0.975670,0,43,0,74.492386
788,78573,0,762867,10.299698,0.000000,1.032180,,0.975741,0,43,0,74.524715
789,78573,0,762867,10.299698,0.000000,0.022244,non_zero_exit,0.974534,0,43,0,74.430380
790,78573,0,762867,10.299698,0.000000,3.030606,,0.977134,0,43,0,74.462705
791,78573,0,762867,10.299698,0.000000,0.021902,non_zero_exit,0.975928,0,43,0,74.368687
792,78575,2,762867,10.299961,0.000262,0.022054,non_zero_exit,0.974725,0,43,0,74.274905
793,78575,0,762867,10.299961,0.000000,0.026874,,0.973531,0,43,0,74.307305
794,78575,0,762867,10.299961,0.000000,5.005795,timeout,0.978603,0,44,0,74.213836
795,78575,0,762867,10.299961,0.000000,0.030483,,0.977412,0,44,0,74.246231
796,78576,1,762867,10.300092,0.000131,0.024100,non_zero_exit,0.976216,0,44,0,74.153074
797,78576,0,762867,10.300092,0.000000,5.003683,timeout,0.981263,0,45,0,74.060150
798,78589,13,762867,10.301796,0.001704,0.025057,non_zero_exit,0.980066,0,45,0,73.967459
799,78589,0,762867,10.301796,0.000000,2.547084,,0.982025,0,45,0,74.000000
800,78589,0,762867,10.301796,0.000000,3.033107,,0.984585,0,45,0,74.032459
801,78589,0,762867,10.301796,0.000000,1.035471,,0.984649,0,45,0,74.064838
802,78590,1,762867,10.301927,0.000131,0.027778,,0.983457,0,45,0,74.097136
803,78590,0,762867,10.301927,0.000000,0.030968,,0.982273,0,45,0,74.129353
804,78590,0,762867,10.301927,0.000000,1.029396,,0.982331,0,45,0,74.161491
805,78590,0,762867,10.301927,0.000000,1.037008,,0.982399,0,45,0,74.193548
806,78590,0,762867,10.301927,0.000000,0.022183,non_zero_exit,0.981209,0,45,0,74.101611
807,78591,1,762867,10.302058,0.000131,4.033898,,0.984987,0,45,0,74.133663
808,78594,3,762867,10.302451,0.000393,2.028996,,0.986278,0,45,0,74.165637
809,78594,0,762867,10.302451,0.000000,3.618853,,0.989528,0,45,0,74.197531
810,78594,0,762867,10.302451,0.000000,0.035200,,0.988351,0,45,0,74.229346
811,78594,0,762867,10.302451,0.000000,1.078394,,0.988462,0,45,0,74.261084
812,78594,0,762867,10.302451,0.000000,0.032509,,0.987286,0,45,0,74.292743
813,78594,0,762867,10.302451,0.000000,1.029312,,0.987338,0,45,0,74.324324
814,78594,0,762867,10.302451,0.000000,1.033357,,0.987394,0,45,0,74.355828
815,78594,0,762867,10.302451,0.000000,0.030274,,0.986221,0,45,0,74.387255
816,78594,0,762867,10.302451,0.000000,0.021654,non_zero_exit,0.985041,0,45,0,74.296206
817,78594,0,762867,10.302451,0.000000,0.030680,,0.983874,0,45,0,74.327628
818,78594,0,762867,10.302451,0.000000,0.032020,,0.982712,0,45,0,74.358974
819,78594,0,762867,10.302451,0.000000,0.535079,,0.982166,0,45,0,74.390244
820,78594,0,762867,10.302451,0.000000,0.022119,non_zero_exit,0.980996,0,45,0,74.299635
821,78595,1,762867,10.302582,0.000131,0.030104,,0.979840,0,45,0,74.330900
822,78595,0,762867,10.302582,0.000000,1.030561,,0.979901,0,45,0,74.362090
823,78595,0,762867,10.302582,0.000000,0.027898,,0.978746,0,45,0,74.393204
824,78595,0,762867,10.302582,0.000000,2.032950,,0.980024,0,45,0,74.424242
825,78595,0,762867,10.302582,0.000000,0.038822,,0.978884,0,45,0,74.455206
826,78595,0,762867,10.302582,0.000000,0.025753,,0.977732,0,45,0,74.486094
827,78908,313,762867,10.343612,0.041029,1.031210,,0.977796,0,45,0,74.516908
828,78908,0,762867,10.343612,0.000000,1.031256,,0.977861,0,45,0,74.547648
829,78908,0,762867,10.343612,0.000000,3.830055,,0.981297,0,45,0,74.578313
830,78908,0,762867,10.343612,0.000000,0.031033,,0.980154,0,45,0,74.608905
831,78908,0,762867,10.343612,0.000000,2.031316,,0.981417,0,45,0,74.639423
832,78909,1,762867,10.343743,0.000131,0.023368,,0.980267,0,45,0,74.669868
833,78909,0,762867,10.343743,0.000000,3.033430,,0.982729,0,45,0,74.700240
834,78909,0,762867,10.343743,0.000000,0.030918,,0.981589,0,45,0,74.730539
835,78909,0,762867,10.343743,0.000000,1.534785,,0.982251,0,45,0,74.760766
836,78909,0,762867,10.343743,0.000000,0.033250,,0.981117,0,45,0,74.790920
837,78909,0,762867,10.343743,0.000000,0.044176,,0.979999,0,45,0,74.821002
838,78909,0,762867,10.343743,0.000000,3.042423,,0.982457,0,45,0,74.851013
839,78909,0,762867,10.343743,0.000000,1.030128,,0.982514,0,45,0,74.880952
840,78909,0,762867,10.343743,0.000000,0.027040,,0.981378,0,45,0,74.910820
841,78909,0,762867,10.343743,0.000000,1.030659,,0.981436,0,45,0,74.940618
842,78909,0,762867,10.343743,0.000000,0.023279,non_zero_exit,0.980299,0,45,0,74.851720
843,78909,0,762867,10.343743,0.000000,0.023038,non_zero_exit,0.979165,0,45,0,74.763033
844,78909,0,762867,10.343743,0.000000,2.053459,,0.980437,0,45,0,74.792899
845,78909,0,762867,10.343743,0.000000,1.032969,,0.980499,0,45,0,74.822695
846,78909,0,762867,10.343743,0.000000,3.035227,,0.982925,0,45,0,74.852420
847,78919,10,762867,10.345054,0.001311,3.030939,,0.985340,0,45,0,74.882075
848,78919,0,762867,10.345054,0.000000,0.031317,,0.984216,0,45,0,74.911661
849,78919,0,762867,10.345054,0.000000,2.029683,,0.985446,0,45,0,74.941176
850,78919,0,762867,10.345054,0.000000,0.023217,non_zero_exit,0.984315,0,45,0,74.853114
851,78919,0,762867,10.345054,0.000000,0.025227,non_zero_exit,0.983190,0,45,0,74.765258
852,78919,0,762867,10.345054,0.000000,0.020132,non_zero_exit,0.982061,0,45,0,74.677608
853,78919,0,762867,10.345054,0.000000,0.024480,non_zero_exit,0.980939,0,45,0,74.590164
854,78920,1,762867,10.345185,0.000131,0.025986,,0.979822,0,45,0,74.619883
855,78920,0,762867,10.345185,0.000000,0.022475,non_zero_exit,0.978704,0,45,0,74.532710
856,78920,0,762867,10.345185,0.000000,0.031728,,0.977599,0,45,0,74.562427
857,78920,0,762867,10.345185,0.000000,0.026828,,0.976491,0,45,0,74.592075
858,78920,0,762867,10.345185,0.000000,0.035587,,0.975396,0,45,0,74.621653
859,78920,0,762867,10.345185,0.000000,1.031841,,0.975461,0,45,0,74.651163
860,78958,38,762867,10.350166,0.004981,0.232042,,0.974598,0,45,0,74.680604
861,78958,0,762867,10.350166,0.000000,0.025714,non_zero_exit,0.973497,0,45,0,74.593968
862,78958,0,762867,10.350166,0.000000,0.035264,non_zero_exit,0.972410,0,45,0,74.507532
863,78958,0,762867,10.350166,0.000000,0.039858,,0.971330,0,45,0,74.537037
864,78958,0,762867,10.350166,0.000000,0.032466,,0.970245,0,45,0,74.566474
865,78958,0,762867,10.350166,0.000000,0.027262,,0.969156,0,45,0,74.595843
866,78958,0,762867,10.350166,0.000000,0.023813,non_zero_exit,0.968066,0,45,0,74.509804
867,78958,0,762867,10.350166,0.000000,0.032272,,0.966988,0,45,0,74.539171
868,78960,2,762867,10.350428,0.000262,0.030683,,0.965910,0,45,0,74.568470
869,78960,0,762867,10.350428,0.000000,0.026715,non_zero_exit,0.964831,0,45,0,74.482759
870,78960,0,762867,10.350428,0.000000,0.022149,non_zero_exit,0.963748,0,45,0,74.397245
871,78960,0,762867,10.350428,0.000000,0.030288,,0.962678,0,45,0,74.426606
872,78968,8,762867,10.351477,0.001049,0.028065,,0.961607,0,45,0,74.455899
873,78968,0,762867,10.351477,0.000000,3.033643,,0.963978,0,45,0,74.485126
874,78969,1,762867,10.351608,0.000131,5.004473,timeout,0.968596,0,46,0,74.400000
875,78969,0,762867,10.351608,0.000000,0.024601,,0.967518,0,46,0,74.429224
876,78969,0,762867,10.351608,0.000000,0.027320,,0.966446,0,46,0,74.458381
877,78969,0,762867,10.351608,0.000000,1.046262,,0.966537,0,46,0,74.487472
878,78969,0,762867,10.351608,0.000000,0.022810,,0.965463,0,46,0,74.516496
879,78969,0,762867,10.351608,0.000000,0.022024,non_zero_exit,0.964391,0,46,0,74.431818
880,78969,0,762867,10.351608,0.000000,0.032455,,0.963333,0,46,0,74.460840
881,83069,4100,762867,10.889054,0.537446,5.022766,timeout,0.967936,0,47,0,74.376417
882,83069,0,762867,10.889054,0.000000,0.535278,,0.967446,0,47,0,74.405436
883,83093,24,762867,10.892200,0.003146,0.025967,,0.966381,0,47,0,74.434389
884,83099,6,762867,10.892987,0.000787,0.021888,non_zero_exit,0.965314,0,47,0,74.350282
885,83099,0,762867,10.892987,0.000000,1.045659,,0.965404,0,47,0,74.379233
886,83099,0,762867,10.892987,0.000000,0.031253,,0.964351,0,47,0,74.408117
887,83099,0,762867,10.892987,0.000000,1.030369,,0.964426,0,47,0,74.436937
888,83099,0,762867,10.892987,0.000000,0.029814,,0.963374,0,47,0,74.465692
889,83102,3,762867,10.893380,0.000393,1.032172,,0.963452,0,47,0,74.494382
890,83102,0,762867,10.893380,0.000000,0.021488,non_zero_exit,0.962394,0,47,0,74.410774
891,83102,0,762867,10.893380,0.000000,0.026066,non_zero_exit,0.961345,0,47,0,74.327354
892,83102,0,762867,10.893380,0.000000,0.030629,,0.960302,0,47,0,74.356103
893,83102,0,762867,10.893380,0.000000,0.029583,,0.959261,0,47,0,74.384787
894,83102,0,762867,10.893380,0.000000,0.032847,,0.958226,0,47,0,74.413408
895,83102,0,762867,10.893380,0.000000,0.029805,,0.957190,0,47,0,74.441964
896,83102,0,762867,10.893380,0.000000,0.026462,,0.956153,0,47,0,74.470457
897,83102,0,762867,10.893380,0.000000,0.026726,,0.955118,0,47,0,74.498886
898,83102,0,762867,10.893380,0.000000,0.021668,,0.954079,0,47,0,74.527253
899,83102,0,762867,10.893380,0.000000,0.023394,non_zero_exit,0.953045,0,47,0,74.444444
900,83102,0,762867,10.893380,0.000000,0.033631,,0.952025,0,47,0,74.472808
901,83102,0,762867,10.893380,0.000000,0.023700,non_zero_exit,0.950995,0,47,0,74.390244
902,83102,0,762867,10.893380,0.000000,0.026406,non_zero_exit,0.949972,0,47,0,74.307863
903,83102,0,762867,10.893380,0.000000,0.046013,,0.948972,0,47,0,74.336283
904,83102,0,762867,10.893380,0.000000,0.024760,non_zero_exit,0.947950,0,47,0,74.254144
905,83102,0,762867,10.893380,0.000000,0.031678,,0.946939,0,47,0,74.282561
906,83102,0,762867,10.893380,0.000000,0.530929,,0.946480,0,47,0,74.310915
907,83103,1,762867,10.893511,0.000131,0.131686,,0.945583,0,47,0,74.339207
908,83106,3,762867,10.893904,0.000393,0.238060,,0.944805,0,47,0,74.367437
909,83106,0,762867,10.893904,0.000000,1.027198,,0.944895,0,47,0,74.395604
910,83106,0,762867,10.893904,0.000000,0.025283,non_zero_exit,0.943886,0,47,0,74.313941
911,83106,0,762867,10.893904,0.000000,1.030098,,0.943980,0,47,0,74.342105
912,83106,0,762867,10.893904,0.000000,4.039031,,0.947370,0,47,0,74.370208
913,83106,0,762867,10.893904,0.000000,0.041122,non_zero_exit,0.946379,0,47,0,74.288840
914,83106,0,762867,10.893904,0.000000,0.028960,,0.945376,0,47,0,74.316940
915,83106,0,762867,10.893904,0.000000,3.042558,,0.947666,0,47,0,74.344978
916,83106,0,762867,10.893904,0.000000,3.031292,,0.949938,0,47,0,74.372955
917,83107,1,762867,10.894035,0.000131,0.030590,,0.948936,0,47,0,74.400871
918,83107,0,762867,10.894035,0.000000,0.533551,,0.948484,0,47,0,74.428727
919,83107,0,762867,10.894035,0.000000,1.028149,,0.948571,0,47,0,74.456522
920,83107,0,762867,10.894035,0.000000,0.023144,non_zero_exit,0.947566,0,47,0,74.375679
921,83107,0,762867,10.894035,0.000000,1.034213,,0.947660,0,47,0,74.403471
922,83107,0,762867,10.894035,0.000000,1.028233,non_zero_exit,0.947747,0,47,0,74.322860
923,83107,0,762867,10.894035,0.000000,0.035986,,0.946761,0,47,0,74.350649
924,83107,0,762867,10.894035,0.000000,0.022561,non_zero_exit,0.945762,0,47,0,74.270270
925,83107,0,762867,10.894035,0.000000,0.531178,,0.945314,0,47,0,74.298056
926,83129,22,762867,10.896919,0.002884,1.032722,,0.945408,0,47,0,74.325782
927,83132,3,762867,10.897312,0.000393,0.036276,,0.944428,0,47,0,74.353448
928,83132,0,762867,10.897312,0.000000,0.030891,,0.943445,0,47,0,74.381055
929,83145,13,762867,10.899016,0.001704,1.030883,,0.943539,0,47,0,74.408602
930,83145,0,762867,10.899016,0.000000,0.028669,,0.942556,0,47,0,74.436090
931,83147,2,762867,10.899279,0.000262,0.032961,,0.941580,0,47,0,74.463519
932,83148,1,762867,10.899410,0.000131,0.534679,,0.941144,0,47,0,74.490890
933,83148,0,762867,10.899410,0.000000,1.036165,,0.941246,0,47,0,74.518201
934,83148,0,762867,10.899410,0.000000,0.027992,,0.940269,0,47,0,74.545455
935,83154,6,762867,10.900196,0.000787,0.021874,non_zero_exit,0.939288,0,47,0,74.465812
936,83154,0,762867,10.900196,0.000000,5.004027,timeout,0.943626,0,48,0,74.386339
937,83154,0,762867,10.900196,0.000000,0.029720,,0.942652,0,48,0,74.413646
938,83154,0,762867,10.900196,0.000000,0.023647,non_zero_exit,0.941673,0,48,0,74.334398
939,83154,0,762867,10.900196,0.000000,0.023773,non_zero_exit,0.940697,0,48,0,74.255319
940,83154,0,762867,10.900196,0.000000,0.030641,,0.939730,0,48,0,74.282678
941,83154,0,762867,10.900196,0.000000,1.031327,,0.939827,0,48,0,74.309979
942,83154,0,762867,10.900196,0.000000,0.027604,,0.938859,0,48,0,74.337222
943,83154,0,762867,10.900196,0.000000,0.036287,,0.937903,0,48,0,74.364407
944,83156,2,762867,10.900458,0.000262,0.033294,,0.936946,0,48,0,74.391534
945,83156,0,762867,10.900458,0.000000,5.004866,timeout,0.941246,0,49,0,74.312896
946,83158,2,762867,10.900721,0.000262,1.034478,,0.941345,0,49,0,74.340021
947,83158,0,762867,10.900721,0.000000,2.122446,,0.942591,0,49,0,74.367089
948,83162,4,762867,10.901245,0.000524,1.140997,,0.942800,0,49,0,74.394099
949,83162,0,762867,10.901245,0.000000,0.030858,,0.941840,0,49,0,74.421053
950,83162,0,762867,10.901245,0.000000,0.022974,non_zero_exit,0.940873,0,49,0,74.342797
951,83162,0,762867,10.901245,0.000000,0.027940,,0.939915,0,49,0,74.369748
952,83162,0,762867,10.901245,0.000000,0.032782,,0.938963,0,49,0,74.396642
953,83162,0,762867,10.901245,0.000000,3.033094,,0.941158,0,49,0,74.423480
954,83162,0,762867,10.901245,0.000000,3.032782,,0.943348,0,49,0,74.450262
955,83162,0,762867,10.901245,0.000000,1.032855,,0.943442,0,49,0,74.476987
956,83208,46,762867,10.907275,0.006030,0.036153,non_zero_exit,0.942493,0,49,0,74.399164
957,83210,2,762867,10.907537,0.000262,0.027382,,0.941538,0,49,0,74.425887
958,83210,0,762867,10.907537,0.000000,0.021085,non_zero_exit,0.940578,0,49,0,74.348279
959,83210,0,762867,10.907537,0.000000,0.030384,,0.939630,0,49,0,74.375000
960,83210,0,762867,10.907537,0.000000,1.030848,,0.939725,0,49,0,74.401665
961,83227,17,762867,10.909765,0.002228,1.031234,,0.939820,0,49,0,74.428274
962,83227,0,762867,10.909765,0.000000,1.029030,,0.939913,0,49,0,74.454829
963,83227,0,762867,10.909765,0.000000,0.025223,non_zero_exit,0.938964,0,49,0,74.377593
964,83228,1,762867,10.909896,0.000131,1.030953,non_zero_exit,0.939059,0,49,0,74.300518
965,83229,1,762867,10.910028,0.000131,1.029377,,0.939153,0,49,0,74.327122
966,83229,0,762867,10.910028,0.000000,0.026092,non_zero_exit,0.938209,0,49,0,74.250259
967,83229,0,762867,10.910028,0.000000,5.007875,timeout,0.942413,0,50,0,74.173554
968,83229,0,762867,10.910028,0.000000,0.022833,non_zero_exit,0.941464,0,50,0,74.097007
969,83232,3,762867,10.910421,0.000393,5.004633,timeout,0.945653,0,51,0,74.020619
970,83232,0,762867,10.910421,0.000000,1.032546,,0.945742,0,51,0,74.047374
971,83241,9,762867,10.911601,0.001180,1.030152,,0.945829,0,51,0,74.074074
972,83242,1,762867,10.911732,0.000131,0.539471,,0.945412,0,51,0,74.100719
973,83242,0,762867,10.911732,0.000000,1.032281,,0.945501,0,51,0,74.127310
974,83242,0,762867,10.911732,0.000000,5.004471,timeout,0.949664,0,52,0,74.051282
975,83242,0,762867,10.911732,0.000000,0.022260,non_zero_exit,0.948714,0,52,0,73.975410
976,83242,0,762867,10.911732,0.000000,2.647021,,0.950452,0,52,0,74.002047
977,83242,0,762867,10.911732,0.000000,1.033317,,0.950537,0,52,0,74.028630
978,83242,0,762867,10.911732,0.000000,0.024419,non_zero_exit,0.949591,0,52,0,73.953013
979,83242,0,762867,10.911732,0.000000,1.035468,,0.949678,0,52,0,73.979592
980,83242,0,762867,10.911732,0.000000,3.040282,,0.951809,0,52,0,74.006116
981,83242,0,762867,10.911732,0.000000,0.026212,non_zero_exit,0.950867,0,52,0,73.930754
982,83242,0,762867,10.911732,0.000000,1.028418,,0.950946,0,52,0,73.957274
983,83242,0,762867,10.911732,0.000000,0.021916,non_zero_exit,0.950001,0,52,0,73.882114
984,83242,0,762867,10.911732,0.000000,2.030107,,0.951098,0,52,0,73.908629
985,83242,0,762867,10.911732,0.000000,0.032823,,0.950167,0,52,0,73.935091
986,83242,0,762867,10.911732,0.000000,2.618912,,0.951857,0,52,0,73.961499
987,83242,0,762867,10.911732,0.000000,0.038484,,0.950933,0,52,0,73.987854
988,83242,0,762867,10.911732,0.000000,5.005781,timeout,0.955033,0,53,0,73.913043
989,83242,0,762867,10.911732,0.000000,1.029721,,0.955108,0,53,0,73.939394
990,83243,1,762867,10.911863,0.000131,0.031741,,0.954177,0,53,0,73.965691
991,83243,0,762867,10.911863,0.000000,0.027796,,0.953243,0,53,0,73.991935
992,83243,0,762867,10.911863,0.000000,1.034493,,0.953325,0,53,0,74.018127
993,83243,0,762867,10.911863,0.000000,0.025844,non_zero_exit,0.952392,0,53,0,73.943662
994,83243,0,762867,10.911863,0.000000,0.023160,non_zero_exit,0.951458,0,53,0,73.869347
995,83243,0,762867,10.911863,0.000000,3.040352,,0.953555,0,53,0,73.895582
996,83243,0,762867,10.911863,0.000000,0.029485,,0.952628,0,53,0,73.921765
997,83243,0,762867,10.911863,0.000000,0.335584,,0.952010,0,53,0,73.947896
998,83245,2,762867,10.912125,0.000262,1.034350,,0.952092,0,53,0,73.973974
999,83245,0,762867,10.912125,0.000000,0.021092,non_zero_exit,0.951161,0,53,0,73.900000
1000,83245,0,762867,10.912125,0.000000,1.340895,,0.951551,0,53,0,73.926074
1001,83252,7,762867,10.913043,0.000918,0.032778,,0.950634,0,53,0,73.952096
1002,83252,0,762867,10.913043,0.000000,0.022173,non_zero_exit,0.949708,0,53,0,73.878365
1003,83252,0,762867,10.913043,0.000000,3.533396,,0.952281,0,53,0,73.904382
1004,83256,4,762867,10.913567,0.000524,1.037733,,0.952366,0,53,0,73.930348
1005,83258,2,762867,10.913829,0.000262,3.033427,non_zero_exit,0.954435,0,53,0,73.856859
1006,83258,0,762867,10.913829,0.000000,1.029482,,0.954509,0,53,0,73.882820
1007,83258,0,762867,10.913829,0.000000,5.003958,timeout,0.958527,0,54,0,73.809524
1008,83290,32,762867,10.918024,0.004195,1.031271,,0.958599,0,54,0,73.835481
1009,83290,0,762867,10.918024,0.000000,0.023655,non_zero_exit,0.957673,0,54,0,73.762376
1010,83292,2,762867,10.918286,0.000262,5.003450,timeout,0.961675,0,55,0,73.689416
1011,83292,0,762867,10.918286,0.000000,0.529661,,0.961248,0,55,0,73.715415
1012,83292,0,762867,10.918286,0.000000,0.023762,non_zero_exit,0.960323,0,55,0,73.642646
1013,83298,6,762867,10.919072,0.000787,0.329569,,0.959701,0,55,0,73.668639
1014,83299,1,762867,10.919203,0.000131,0.033817,,0.958788,0,55,0,73.694581
1015,83299,0,762867,10.919203,0.000000,3.031697,,0.960829,0,55,0,73.720472
1016,83299,0,762867,10.919203,0.000000,0.030153,,0.959914,0,55,0,73.746313
1017,83299,0,762867,10.919203,0.000000,5.004823,timeout,0.963887,0,56,0,73.673870
1018,83299,0,762867,10.919203,0.000000,0.024682,non_zero_exit,0.962965,0,56,0,73.601570
1019,83584,285,762867,10.956563,0.037359,4.248626,,0.966186,0,56,0,73.627451
1020,83584,0,762867,10.956563,0.000000,1.032291,,0.966251,0,56,0,73.653281
1021,83585,1,762867,10.956694,0.000131,0.024397,non_zero_exit,0.965330,0,56,0,73.581213
1022,83585,0,762867,10.956694,0.000000,3.036622,,0.967354,0,56,0,73.607038
1023,83585,0,762867,10.956694,0.000000,2.534257,,0.968885,0,56,0,73.632812
1024,83587,2,762867,10.956956,0.000262,0.026705,,0.967965,0,56,0,73.658537
1025,83587,0,762867,10.956956,0.000000,0.022549,non_zero_exit,0.967044,0,56,0,73.586745
1026,83587,0,762867,10.956956,0.000000,0.024455,non_zero_exit,0.966126,0,56,0,73.515093
1027,83587,0,762867,10.956956,0.000000,0.033181,,0.965219,0,56,0,73.540856
1028,83587,0,762867,10.956956,0.000000,0.027954,,0.964308,0,56,0,73.566569
1029,83587,0,762867,10.956956,0.000000,0.034949,,0.963405,0,56,0,73.592233
1030,83587,0,762867,10.956956,0.000000,1.776821,,0.964194,0,56,0,73.617847
1031,83625,38,762867,10.961937,0.004981,0.030679,,0.963290,0,56,0,73.643411
1032,83625,0,762867,10.961937,0.000000,0.026062,non_zero_exit,0.962382,0,56,0,73.572120
1033,83625,0,762867,10.961937,0.000000,2.036118,,0.963421,0,56,0,73.597679
1034,83625,0,762867,10.961937,0.000000,0.031490,,0.962521,0,56,0,73.623188
1035,83625,0,762867,10.961937,0.000000,0.032385,,0.961623,0,56,0,73.648649
1036,83627,2,762867,10.962199,0.000262,0.025457,non_zero_exit,0.960720,0,56,0,73.577628
1037,83627,0,762867,10.962199,0.000000,1.032028,,0.960789,0,56,0,73.603083
1038,83627,0,762867,10.962199,0.000000,0.031615,,0.959894,0,56,0,73.628489
1039,83627,0,762867,10.962199,0.000000,0.033270,,0.959003,0,56,0,73.653846
1040,83631,4,762867,10.962724,0.000524,1.030930,,0.959072,0,56,0,73.679155
1041,83631,0,762867,10.962724,0.000000,0.031443,,0.958182,0,56,0,73.704415
1042,83632,1,762867,10.962855,0.000131,3.038066,,0.960176,0,56,0,73.729626
1043,83632,0,762867,10.962855,0.000000,2.027636,,0.961199,0,56,0,73.754789
1044,83632,0,762867,10.962855,0.000000,1.031663,,0.961266,0,56,0,73.779904
1045,83632,0,762867,10.962855,0.000000,5.004578,timeout,0.965132,0,57,0,73.709369
1046,83646,14,762867,10.964690,0.001835,1.537424,,0.965678,0,57,0,73.734479
1047,83646,0,762867,10.964690,0.000000,1.028570,,0.965738,0,57,0,73.759542
1048,83647,1,762867,10.964821,0.000131,1.535737,,0.966282,0,57,0,73.784557
1049,83662,15,762867,10.966787,0.001966,0.020788,non_zero_exit,0.965381,0,57,0,73.714286
1050,83662,0,762867,10.966787,0.000000,1.029638,,0.965442,0,57,0,73.739296
1051,83662,0,762867,10.966787,0.000000,1.028324,,0.965502,0,57,0,73.764259
1052,83663,1,762867,10.966918,0.000131,1.032742,,0.965566,0,57,0,73.789174
1053,83663,0,762867,10.966918,0.000000,0.032039,,0.964680,0,57,0,73.814042
1054,83663,0,762867,10.966918,0.000000,1.031085,,0.964743,0,57,0,73.838863
1055,83663,0,762867,10.966918,0.000000,0.538490,,0.964340,0,57,0,73.863636
1056,83663,0,762867,10.966918,0.000000,0.024040,non_zero_exit,0.963450,0,57,0,73.793756
1057,83664,1,762867,10.967049,0.000131,0.027774,,0.962566,0,57,0,73.818526
1058,83664,0,762867,10.967049,0.000000,1.033267,,0.962632,0,57,0,73.843248
1059,83664,0,762867,10.967049,0.000000,2.527483,,0.964109,0,57,0,73.867925
1060,83664,0,762867,10.967049,0.000000,0.019559,non_zero_exit,0.963218,0,57,0,73.798303
1061,83664,0,762867,10.967049,0.000000,0.030465,,0.962340,0,57,0,73.822976
1062,83749,85,762867,10.978191,0.011142,1.034033,,0.962408,0,57,0,73.847601
1063,83749,0,762867,10.978191,0.000000,1.037156,,0.962478,0,57,0,73.872180
1064,83750,1,762867,10.978323,0.000131,4.030363,,0.965358,0,57,0,73.896714
1065,83750,0,762867,10.978323,0.000000,0.022304,non_zero_exit,0.964474,0,57,0,73.827392
1066,83784,34,762867,10.982779,0.004457,0.022439,non_zero_exit,0.963591,0,57,0,73.758201
1067,83784,0,762867,10.982779,0.000000,0.026074,non_zero_exit,0.962713,0,57,0,73.689139
1068,83784,0,762867,10.982779,0.000000,1.540922,,0.963254,0,57,0,73.713751
1069,83784,0,762867,10.982779,0.000000,0.022911,non_zero_exit,0.962375,0,57,0,73.644860
1070,83829,45,762867,10.988678,0.005899,1.034937,,0.962443,0,57,0,73.669468
1071,83829,0,762867,10.988678,0.000000,0.022400,non_zero_exit,0.961566,0,57,0,73.600746
1072,83829,0,762867,10.988678,0.000000,0.040521,,0.960708,0,57,0,73.625349
1073,83829,0,762867,10.988678,0.000000,0.537080,,0.960313,0,57,0,73.649907
1074,83829,0,762867,10.988678,0.000000,1.030915,,0.960379,0,57,0,73.674419
1075,83829,0,762867,10.988678,0.000000,1.027227,,0.960441,0,57,0,73.698885
1076,83829,0,762867,10.988678,0.000000,1.027080,,0.960503,0,57,0,73.723305
1077,83829,0,762867,10.988678,0.000000,0.032418,,0.959642,0,57,0,73.747681
1078,83829,0,762867,10.988678,0.000000,0.033303,,0.958783,0,57,0,73.772011
1079,83829,0,762867,10.988678,0.000000,5.004145,timeout,0.962529,0,58,0,73.703704
1080,83829,0,762867,10.988678,0.000000,1.033211,,0.962594,0,58,0,73.728030
1081,83829,0,762867,10.988678,0.000000,2.036464,,0.963587,0,58,0,73.752311
1082,83829,0,762867,10.988678,0.000000,0.034230,,0.962729,0,58,0,73.776547
1083,83829,0,762867,10.988678,0.000000,0.035202,,0.961873,0,58,0,73.800738
1084,83829,0,762867,10.988678,0.000000,0.036172,,0.961020,0,58,0,73.824885
1085,83829,0,762867,10.988678,0.000000,0.031224,,0.960164,0,58,0,73.848987
1086,83879,50,762867,10.995232,0.006554,1.034772,,0.960232,0,58,0,73.873045
1087,83888,9,762867,10.996412,0.001180,0.031608,,0.959379,0,58,0,73.897059
1088,83888,0,762867,10.996412,0.000000,1.025323,,0.959440,0,58,0,73.921028
1089,83888,0,762867,10.996412,0.000000,0.021636,non_zero_exit,0.958579,0,58,0,73.853211
1090,83890,2,762867,10.996674,0.000262,1.030738,,0.958645,0,58,0,73.877177
1091,83891,1,762867,10.996805,0.000131,1.031604,,0.958712,0,58,0,73.901099
1092,83891,0,762867,10.996805,0.000000,1.028668,,0.958776,0,58,0,73.924977
1093,83936,45,762867,11.002704,0.005899,1.031739,,0.958843,0,58,0,73.948812
1094,83936,0,762867,11.002704,0.000000,1.032477,,0.958910,0,58,0,73.972603
1095,83950,14,762867,11.004539,0.001835,1.032965,,0.958978,0,58,0,73.996350
1096,83950,0,762867,11.004539,0.000000,0.023041,non_zero_exit,0.958124,0,58,0,73.928897
1097,83960,10,762867,11.005850,0.001311,0.029464,,0.957279,0,58,0,73.952641
1098,83979,19,762867,11.008341,0.002491,2.031443,,0.958256,0,58,0,73.976342
1099,83979,0,762867,11.008341,0.000000,0.027383,,0.957410,0,58,0,74.000000
1100,83979,0,762867,11.008341,0.000000,0.029415,,0.956567,0,58,0,74.023615
1101,83979,0,762867,11.008341,0.000000,0.029355,,0.955726,0,58,0,74.047187
1102,83979,0,762867,11.008341,0.000000,1.032084,,0.955795,0,58,0,74.070716
1103,83979,0,762867,11.008341,0.000000,1.031797,,0.955864,0,58,0,74.094203
1104,83979,0,762867,11.008341,0.000000,2.040704,,0.956845,0,58,0,74.117647
1105,83979,0,762867,11.008341,0.000000,0.027663,,0.956005,0,58,0,74.141049
1106,83980,1,762867,11.008472,0.000131,2.060003,,0.957003,0,58,0,74.164408
1107,83984,4,762867,11.008996,0.000524,0.022120,non_zero_exit,0.956159,0,58,0,74.097473
1108,83984,0,762867,11.008996,0.000000,2.151099,,0.957236,0,58,0,74.120830
1109,83984,0,762867,11.008996,0.000000,0.030322,,0.956401,0,58,0,74.144144
1110,83984,0,762867,11.008996,0.000000,0.029864,,0.955567,0,58,0,74.167417
1111,83984,0,762867,11.008996,0.000000,0.028799,,0.954734,0,58,0,74.190647
1112,83984,0,762867,11.008996,0.000000,0.022925,non_zero_exit,0.953897,0,58,0,74.123989
1113,83984,0,762867,11.008996,0.000000,0.025368,non_zero_exit,0.953063,0,58,0,74.057451
1114,83984,0,762867,11.008996,0.000000,1.029740,,0.953132,0,58,0,74.080717
1115,83984,0,762867,11.008996,0.000000,0.024372,non_zero_exit,0.952300,0,58,0,74.014337
1116,83984,0,762867,11.008996,0.000000,3.027779,,0.954158,0,58,0,74.037601
1117,83985,1,762867,11.009127,0.000131,5.004312,timeout,0.957780,0,59,0,73.971377
1118,83985,0,762867,11.009127,0.000000,1.029268,,0.957844,0,59,0,73.994638
1119,83985,0,762867,11.009127,0.000000,0.033779,,0.957019,0,59,0,74.017857
1120,83985,0,762867,11.009127,0.000000,2.031486,,0.957978,0,59,0,74.041035
1121,83985,0,762867,11.009127,0.000000,1.529212,,0.958487,0,59,0,74.064171
1122,83985,0,762867,11.009127,0.000000,1.031691,,0.958552,0,59,0,74.087266
1123,83985,0,762867,11.009127,0.000000,2.179584,,0.959638,0,59,0,74.110320
1124,83985,0,762867,11.009127,0.000000,3.032245,,0.961481,0,59,0,74.133333
1125,83999,14,762867,11.010963,0.001835,0.029735,,0.960653,0,59,0,74.156306
1126,83999,0,762867,11.010963,0.000000,5.004669,timeout,0.964242,0,60,0,74.090506
1127,83999,0,762867,11.010963,0.000000,5.003225,timeout,0.967822,0,61,0,74.024823
1128,83999,0,762867,11.010963,0.000000,3.040755,,0.969658,0,61,0,74.047830
1129,83999,0,762867,11.010963,0.000000,2.038761,,0.970604,0,61,0,74.070796
1130,83999,0,762867,11.010963,0.000000,0.021221,non_zero_exit,0.969765,0,61,0,74.005305
1131,84035,36,762867,11.015682,0.004719,5.004646,timeout,0.973329,0,62,0,73.939929
1132,84035,0,762867,11.015682,0.000000,1.038114,,0.973387,0,62,0,73.962930
1133,84035,0,762867,11.015682,0.000000,2.031322,,0.974319,0,62,0,73.985891
1134,84035,0,762867,11.015682,0.000000,0.025418,non_zero_exit,0.973483,0,62,0,73.920705
1135,84035,0,762867,11.015682,0.000000,0.030112,,0.972653,0,62,0,73.943662
1136,84036,1,762867,11.015813,0.000131,0.029454,,0.971823,0,62,0,73.966579
1137,84036,0,762867,11.015813,0.000000,1.031472,,0.971876,0,62,0,73.989455
1138,84043,7,762867,11.016730,0.000918,0.934026,,0.971843,0,62,0,74.012291
1139,84043,0,762867,11.016730,0.000000,2.030428,,0.972771,0,62,0,74.035088
1140,84043,0,762867,11.016730,0.000000,0.023288,non_zero_exit,0.971939,0,62,0,73.970202
1141,84043,0,762867,11.016730,0.000000,0.021829,non_zero_exit,0.971107,0,62,0,73.905429
1142,84043,0,762867,11.016730,0.000000,1.667871,,0.971717,0,62,0,73.928259
1143,84043,0,762867,11.016730,0.000000,0.036198,,0.970899,0,62,0,73.951049
1144,84043,0,762867,11.016730,0.000000,0.232302,,0.970254,0,62,0,73.973799
1145,84043,0,762867,11.016730,0.000000,0.023108,non_zero_exit,0.969427,0,62,0,73.909250
1146,84043,0,762867,11.016730,0.000000,0.022436,non_zero_exit,0.968602,0,62,0,73.844813
1147,84043,0,762867,11.016730,0.000000,0.023919,non_zero_exit,0.967779,0,62,0,73.780488
1148,84060,17,762867,11.018959,0.002228,0.028776,,0.966962,0,62,0,73.803307
1149,84060,0,762867,11.018959,0.000000,0.028513,,0.966146,0,62,0,73.826087
1150,84060,0,762867,11.018959,0.000000,0.023957,,0.965327,0,62,0,73.848827
1151,84060,0,762867,11.018959,0.000000,0.026782,,0.964512,0,62,0,73.871528
1152,84060,0,762867,11.018959,0.000000,2.034091,,0.965440,0,62,0,73.894189
1153,84060,0,762867,11.018959,0.000000,0.035189,,0.964634,0,62,0,73.916811
1154,84060,0,762867,11.018959,0.000000,5.003749,timeout,0.968131,0,63,0,73.852814
1155,84060,0,762867,11.018959,0.000000,0.031676,,0.967321,0,63,0,73.875433
1156,84091,31,762867,11.023022,0.004064,0.036425,,0.966516,0,63,0,73.898012
1157,84091,0,762867,11.023022,0.000000,5.005447,timeout,0.970004,0,64,0,73.834197
1158,84091,0,762867,11.023022,0.000000,0.029467,,0.969193,0,64,0,73.856773
1159,84091,0,762867,11.023022,0.000000,2.032138,,0.970109,0,64,0,73.879310
1160,84091,0,762867,11.023022,0.000000,1.028307,,0.970159,0,64,0,73.901809
1161,84091,0,762867,11.023022,0.000000,5.004009,timeout,0.973630,0,65,0,73.838210
1162,84091,0,762867,11.023022,0.000000,0.028236,,0.972818,0,65,0,73.860705
1163,84093,2,762867,11.023285,0.000262,1.033922,,0.972870,0,65,0,73.883162
1164,84093,0,762867,11.023285,0.000000,1.030036,non_zero_exit,0.972919,0,65,0,73.819742
1165,84093,0,762867,11.023285,0.000000,1.038587,,0.972975,0,65,0,73.842196
1166,84093,0,762867,11.023285,0.000000,0.032973,,0.972170,0,65,0,73.864610
1167,84228,135,762867,11.040981,0.017696,1.034519,,0.972223,0,65,0,73.886986
1168,84229,1,762867,11.041112,0.000131,1.033040,,0.972275,0,65,0,73.909324
1169,84231,2,762867,11.041374,0.000262,0.027361,,0.971468,0,65,0,73.931624
1170,84231,0,762867,11.041374,0.000000,0.024588,,0.970659,0,65,0,73.953886
1171,84231,0,762867,11.041374,0.000000,1.027295,,0.970707,0,65,0,73.976109
1172,84231,0,762867,11.041374,0.000000,0.838272,,0.970595,0,65,0,73.998295
1173,84231,0,762867,11.041374,0.000000,1.029333,,0.970645,0,65,0,74.020443
1174,84231,0,762867,11.041374,0.000000,1.030328,,0.970695,0,65,0,74.042553
1175,84231,0,762867,11.041374,0.000000,0.031002,,0.969896,0,65,0,74.064626
1176,84231,0,762867,11.041374,0.000000,0.031779,,0.969099,0,65,0,74.086661
1177,84232,1,762867,11.041505,0.000131,5.004102,timeout,0.972525,0,66,0,74.023769
1178,84232,0,762867,11.041505,0.000000,0.027297,,0.971723,0,66,0,74.045802
1179,84232,0,762867,11.041505,0.000000,0.029636,,0.970925,0,66,0,74.067797
1180,84232,0,762867,11.041505,0.000000,0.023222,non_zero_exit,0.970122,0,66,0,74.005080
1181,84232,0,762867,11.041505,0.000000,1.034480,,0.970177,0,66,0,74.027073
1182,84232,0,762867,11.041505,0.000000,0.037484,,0.969388,0,66,0,74.049028
1183,84232,0,762867,11.041505,0.000000,0.035382,,0.968599,0,66,0,74.070946
1184,84236,4,762867,11.042030,0.000524,0.333105,,0.968063,0,66,0,74.092827
1185,84236,0,762867,11.042030,0.000000,0.031395,,0.967273,0,66,0,74.114671
1186,84236,0,762867,11.042030,0.000000,0.030905,,0.966484,0,66,0,74.136479
1187,84237,1,762867,11.042161,0.000131,5.004026,timeout,0.969883,0,67,0,74.074074
1188,84237,0,762867,11.042161,0.000000,0.034039,non_zero_exit,0.969096,0,67,0,74.011775
1189,84237,0,762867,11.042161,0.000000,0.028123,,0.968305,0,67,0,74.033613
1190,84237,0,762867,11.042161,0.000000,0.030998,,0.967518,0,67,0,74.055416
1191,84237,0,762867,11.042161,0.000000,0.026633,non_zero_exit,0.966729,0,67,0,73.993289
1192,84237,0,762867,11.042161,0.000000,2.034981,,0.967624,0,67,0,74.015088
1193,84237,0,762867,11.042161,0.000000,0.031525,,0.966840,0,67,0,74.036851
1194,84249,12,762867,11.043734,0.001573,0.023342,non_zero_exit,0.966051,0,67,0,73.974895
1195,84249,0,762867,11.043734,0.000000,0.029245,,0.965267,0,67,0,73.996656
1196,84249,0,762867,11.043734,0.000000,5.004594,timeout,0.968642,0,68,0,73.934837
1197,84249,0,762867,11.043734,0.000000,1.028848,,0.968692,0,68,0,73.956594
1198,84249,0,762867,11.043734,0.000000,0.035788,,0.967914,0,68,0,73.978315
1199,84249,0,762867,11.043734,0.000000,0.034439,,0.967136,0,68,0,74.000000
1200,84249,0,762867,11.043734,0.000000,0.934921,,0.967109,0,68,0,74.021649
1201,84249,0,762867,11.043734,0.000000,0.024336,non_zero_exit,0.966325,0,68,0,73.960067
1202,84249,0,762867,11.043734,0.000000,0.021604,non_zero_exit,0.965540,0,68,0,73.898587
1203,84252,3,762867,11.044127,0.000393,0.030554,,0.964763,0,68,0,73.920266
1204,84252,0,762867,11.044127,0.000000,0.021998,,0.963981,0,68,0,73.941909
1205,84252,0,762867,11.044127,0.000000,0.023174,non_zero_exit,0.963201,0,68,0,73.880597
1206,84255,3,762867,11.044520,0.000393,1.030854,,0.963257,0,68,0,73.902237
1207,84255,0,762867,11.044520,0.000000,0.023646,non_zero_exit,0.962479,0,68,0,73.841060
1208,84255,0,762867,11.044520,0.000000,1.036118,,0.962540,0,68,0,73.862696
1209,84255,0,762867,11.044520,0.000000,0.027865,,0.961767,0,68,0,73.884298
1210,84256,1,762867,11.044651,0.000131,0.024196,non_zero_exit,0.960993,0,68,0,73.823287
1211,84256,0,762867,11.044651,0.000000,0.031094,,0.960226,0,68,0,73.844884
1212,84256,0,762867,11.044651,0.000000,0.031826,non_zero_exit,0.959461,0,68,0,73.784007
1213,84256,0,762867,11.044651,0.000000,0.029312,,0.958694,0,68,0,73.805601
1214,84256,0,762867,11.044651,0.000000,0.029259,,0.957929,0,68,0,73.827160
1215,84256,0,762867,11.044651,0.000000,1.032741,,0.957991,0,68,0,73.848684
1216,84256,0,762867,11.044651,0.000000,0.021314,non_zero_exit,0.957221,0,68,0,73.788003
1217,84257,1,762867,11.044782,0.000131,1.530879,,0.957692,0,68,0,73.809524
1218,84257,0,762867,11.044782,0.000000,0.033799,,0.956934,0,68,0,73.831009
1219,84257,0,762867,11.044782,0.000000,1.028526,,0.956993,0,68,0,73.852459
1220,84261,4,762867,11.045307,0.000524,0.035873,,0.956239,0,68,0,73.873874
1221,84261,0,762867,11.045307,0.000000,0.026276,,0.955478,0,68,0,73.895254
1222,84318,57,762867,11.052779,0.007472,0.026914,,0.954718,0,68,0,73.916599
1223,84331,13,762867,11.054483,0.001704,0.025492,non_zero_exit,0.953959,0,68,0,73.856209
1224,84336,5,762867,11.055138,0.000655,1.209842,,0.954168,0,68,0,73.877551
1225,84336,0,762867,11.055138,0.000000,1.535538,,0.954642,0,68,0,73.898858
1226,84336,0,762867,11.055138,0.000000,1.032006,,0.954705,0,68,0,73.920130
1227,84336,0,762867,11.055138,0.000000,1.030860,,0.954767,0,68,0,73.941368
1228,84370,34,762867,11.059595,0.004457,1.033326,,0.954831,0,68,0,73.962571
1229,84372,2,762867,11.059857,0.000262,4.036622,,0.957337,0,68,0,73.983740
1230,84372,0,762867,11.059857,0.000000,3.032895,,0.959023,0,68,0,74.004874
1231,84372,0,762867,11.059857,0.000000,1.032606,,0.959083,0,68,0,74.025974
1232,84372,0,762867,11.059857,0.000000,3.041152,,0.960771,0,68,0,74.047040
1233,84372,0,762867,11.059857,0.000000,0.034228,,0.960020,0,68,0,74.068071
1234,84372,0,762867,11.059857,0.000000,0.026580,non_zero_exit,0.959265,0,68,0,74.008097
1235,84372,0,762867,11.059857,0.000000,0.023918,non_zero_exit,0.958508,0,68,0,73.948220
1236,84372,0,762867,11.059857,0.000000,0.029455,,0.957757,0,68,0,73.969281
1237,84372,0,762867,11.059857,0.000000,1.029875,,0.957815,0,68,0,73.990307
1238,84385,13,762867,11.061561,0.001704,0.024156,non_zero_exit,0.957061,0,68,0,73.930589
1239,84385,0,762867,11.061561,0.000000,0.530119,,0.956717,0,68,0,73.951613
1240,84385,0,762867,11.061561,0.000000,4.028816,,0.959193,0,68,0,73.972603
1241,84385,0,762867,11.061561,0.000000,1.027131,,0.959247,0,68,0,73.993559
1242,84385,0,762867,11.061561,0.000000,0.022798,non_zero_exit,0.958494,0,68,0,73.934031
1243,84385,0,762867,11.061561,0.000000,1.030738,,0.958552,0,68,0,73.954984
1244,84385,0,762867,11.061561,0.000000,4.537105,,0.961426,0,68,0,73.975904
1245,84388,3,762867,11.061954,0.000393,0.029063,,0.960678,0,68,0,73.996790
1246,84388,0,762867,11.061954,0.000000,1.032015,,0.960735,0,68,0,74.017642
1247,84402,14,762867,11.063790,0.001835,0.026567,non_zero_exit,0.959987,0,68,0,73.958333
1248,84403,1,762867,11.063921,0.000131,0.033478,,0.959245,0,68,0,73.979183
1249,84409,6,762867,11.064707,0.000787,0.130725,,0.958582,0,68,0,74.000000
1250,84409,0,762867,11.064707,0.000000,0.021226,non_zero_exit,0.957833,0,68,0,73.940847
1251,84409,0,762867,11.064707,0.000000,1.037310,,0.957896,0,68,0,73.961661
1252,84409,0,762867,11.064707,0.000000,0.021401,non_zero_exit,0.957149,0,68,0,73.902634
1253,84409,0,762867,11.064707,0.000000,0.024456,non_zero_exit,0.956405,0,68,0,73.843700
1254,84410,1,762867,11.064838,0.000131,0.027690,,0.955665,0,68,0,73.864542
1255,84410,0,762867,11.064838,0.000000,2.043953,,0.956532,0,68,0,73.885350
1256,84410,0,762867,11.064838,0.000000,1.030453,,0.956590,0,68,0,73.906126
1257,84410,0,762867,11.064838,0.000000,3.030433,,0.958239,0,68,0,73.926868
1258,84411,1,762867,11.064969,0.000131,5.004235,timeout,0.961453,0,69,0,73.868149
1259,84411,0,762867,11.064969,0.000000,0.032242,,0.960715,0,69,0,73.888889
1260,84411,0,762867,11.064969,0.000000,0.030708,,0.959978,0,69,0,73.909596
1261,84479,68,762867,11.073883,0.008914,1.033582,non_zero_exit,0.960036,0,69,0,73.851030
1262,84479,0,762867,11.073883,0.000000,3.030949,,0.961676,0,69,0,73.871734
1263,84494,15,762867,11.075849,0.001966,0.027108,,0.960936,0,69,0,73.892405
1264,84494,0,762867,11.075849,0.000000,1.033307,,0.960993,0,69,0,73.913043
1265,84494,0,762867,11.075849,0.000000,0.022430,non_zero_exit,0.960252,0,69,0,73.854660
1266,84494,0,762867,11.075849,0.000000,3.535712,,0.962285,0,69,0,73.875296
1267,84494,0,762867,11.075849,0.000000,0.022874,non_zero_exit,0.961544,0,69,0,73.817035
1268,84494,0,762867,11.075849,0.000000,1.029608,,0.961598,0,69,0,73.837667
1269,84496,2,762867,11.076112,0.000262,0.022239,non_zero_exit,0.960858,0,69,0,73.779528
1270,84496,0,762867,11.076112,0.000000,0.028546,,0.960124,0,69,0,73.800157
1271,84496,0,762867,11.076112,0.000000,0.033874,,0.959396,0,69,0,73.820755
1272,84496,0,762867,11.076112,0.000000,0.028209,,0.958665,0,69,0,73.841320
1273,84496,0,762867,11.076112,0.000000,3.039409,non_zero_exit,0.960298,0,69,0,73.783359
1274,84496,0,762867,11.076112,0.000000,1.531443,,0.960746,0,69,0,73.803922
1275,84496,0,762867,11.076112,0.000000,1.030446,non_zero_exit,0.960801,0,69,0,73.746082
1276,84496,0,762867,11.076112,0.000000,3.035581,,0.962425,0,69,0,73.766641
1277,84496,0,762867,11.076112,0.000000,1.536754,,0.962875,0,69,0,73.787167
1278,84496,0,762867,11.076112,0.000000,0.029928,,0.962145,0,69,0,73.807662
1279,84500,4,762867,11.076636,0.000524,0.030208,,0.961417,0,69,0,73.828125
1280,84501,1,762867,11.076767,0.000131,5.004352,timeout,0.964573,0,70,0,73.770492
1281,84501,0,762867,11.076767,0.000000,0.030700,,0.963845,0,70,0,73.790952
1282,84501,0,762867,11.076767,0.000000,5.004783,timeout,0.966994,0,71,0,73.733437
1283,84501,0,762867,11.076767,0.000000,0.028292,,0.966263,0,71,0,73.753894
1284,84501,0,762867,11.076767,0.000000,0.036210,,0.965540,0,71,0,73.774319
1285,84501,0,762867,11.076767,0.000000,5.007852,timeout,0.968683,0,72,0,73.716952
1286,84515,14,762867,11.078602,0.001835,3.032165,,0.970286,0,72,0,73.737374
1287,84515,0,762867,11.078602,0.000000,0.022777,non_zero_exit,0.969551,0,72,0,73.680124
1288,84515,0,762867,11.078602,0.000000,1.031945,,0.969599,0,72,0,73.700543
1289,84534,19,762867,11.081093,0.002491,0.026900,,0.968868,0,72,0,73.720930
1290,84534,0,762867,11.081093,0.000000,2.538480,,0.970084,0,72,0,73.741286
1291,84534,0,762867,11.081093,0.000000,0.038620,,0.969363,0,72,0,73.761610
1292,84534,0,762867,11.081093,0.000000,1.035424,,0.969414,0,72,0,73.781903
1293,84534,0,762867,11.081093,0.000000,0.031533,,0.968689,0,72,0,73.802164
1294,84534,0,762867,11.081093,0.000000,0.024903,non_zero_exit,0.967961,0,72,0,73.745174
1295,84534,0,762867,11.081093,0.000000,0.028620,,0.967236,0,72,0,73.765432
1296,84534,0,762867,11.081093,0.000000,0.021779,non_zero_exit,0.966507,0,72,0,73.708558
1297,84534,0,762867,11.081093,0.000000,1.029906,,0.966556,0,72,0,73.728814
1298,84538,4,762867,11.081617,0.000524,0.026118,,0.965832,0,72,0,73.749038
1299,84539,1,762867,11.081748,0.000131,1.028916,,0.965880,0,72,0,73.769231
1300,84539,0,762867,11.081748,0.000000,0.029793,,0.965161,0,72,0,73.789393
1301,84540,1,762867,11.081879,0.000131,0.022243,non_zero_exit,0.964436,0,72,0,73.732719
1302,84540,0,762867,11.081879,0.000000,0.029988,,0.963719,0,72,0,73.752878
1303,84552,12,762867,11.083452,0.001573,5.004474,timeout,0.966818,0,73,0,73.696319
1304,84552,0,762867,11.083452,0.000000,2.032941,,0.967635,0,73,0,73.716475
1305,84552,0,762867,11.083452,0.000000,0.029253,,0.966917,0,73,0,73.736600
1306,84552,0,762867,11.083452,0.000000,1.034430,,0.966968,0,73,0,73.756695
1307,84552,0,762867,11.083452,0.000000,0.024579,non_zero_exit,0.966248,0,73,0,73.700306
1308,84572,20,762867,11.086074,0.002622,2.032949,,0.967063,0,73,0,73.720397
1309,84572,0,762867,11.086074,0.000000,0.635054,non_zero_exit,0.966809,0,73,0,73.664122
1310,84572,0,762867,11.086074,0.000000,3.035131,,0.968387,0,73,0,73.684211
1311,84572,0,762867,11.086074,0.000000,1.533712,non_zero_exit,0.968818,0,73,0,73.628049
1312,84572,0,762867,11.086074,0.000000,1.039587,,0.968872,0,73,0,73.648134
1313,84572,0,762867,11.086074,0.000000,0.031436,,0.968158,0,73,0,73.668189
1314,84572,0,762867,11.086074,0.000000,1.041797,,0.968214,0,73,0,73.688213
1315,84573,1,762867,11.086205,0.000131,0.022425,non_zero_exit,0.967495,0,73,0,73.632219
1316,84573,0,762867,11.086205,0.000000,0.029504,,0.966783,0,73,0,73.652240
1317,84718,145,762867,11.105212,0.019007,5.008019,timeout,0.969849,0,74,0,73.596358
1318,84743,25,762867,11.108489,0.003277,2.032639,,0.970655,0,74,0,73.616376
1319,84743,0,762867,11.108489,0.000000,3.147144,,0.972304,0,74,0,73.636364
1320,84743,0,762867,11.108489,0.000000,0.029015,,0.971590,0,74,0,73.656321
1321,84743,0,762867,11.108489,0.000000,0.032891,,0.970880,0,74,0,73.676248
1322,84746,3,762867,11.108883,0.000393,0.037573,,0.970174,0,74,0,73.696145
1323,84746,0,762867,11.108883,0.000000,3.036218,,0.971735,0,74,0,73.716012
1324,84746,0,762867,11.108883,0.000000,0.031287,,0.971025,0,74,0,73.735849
1325,84746,0,762867,11.108883,0.000000,5.005086,timeout,0.974067,0,75,0,73.680241
1326,84746,0,762867,11.108883,0.000000,1.030994,,0.974110,0,75,0,73.700075
1327,84747,1,762867,11.109014,0.000131,0.033182,,0.973402,0,75,0,73.719880
1328,84747,0,762867,11.109014,0.000000,0.031186,,0.972693,0,75,0,73.739654
1329,84748,1,762867,11.109145,0.000131,0.023386,non_zero_exit,0.971979,0,75,0,73.684211
1330,84748,0,762867,11.109145,0.000000,2.031350,,0.972775,0,75,0,73.703982
1331,84748,0,762867,11.109145,0.000000,0.031969,,0.972069,0,75,0,73.723724
1332,84748,0,762867,11.109145,0.000000,3.032333,,0.973614,0,75,0,73.743436
1333,84748,0,762867,11.109145,0.000000,1.029195,,0.973656,0,75,0,73.763118
1334,84748,0,762867,11.109145,0.000000,1.030607,,0.973699,0,75,0,73.782772
1335,84748,0,762867,11.109145,0.000000,0.030605,,0.972993,0,75,0,73.802395
1336,84748,0,762867,11.109145,0.000000,1.028699,,0.973034,0,75,0,73.821990
1337,84748,0,762867,11.109145,0.000000,1.030161,,0.973077,0,75,0,73.841555
1338,84748,0,762867,11.109145,0.000000,0.028970,,0.972372,0,75,0,73.861090
1339,84749,1,762867,11.109276,0.000131,2.030277,,0.973161,0,75,0,73.880597
1340,84749,0,762867,11.109276,0.000000,0.021255,non_zero_exit,0.972452,0,75,0,73.825503
1341,84749,0,762867,11.109276,0.000000,3.030588,,0.973985,0,75,0,73.845007
1342,84749,0,762867,11.109276,0.000000,0.023633,non_zero_exit,0.973278,0,75,0,73.790022
1343,84749,0,762867,11.109276,0.000000,0.027645,non_zero_exit,0.972574,0,75,0,73.735119
1344,84749,0,762867,11.109276,0.000000,1.033576,,0.972619,0,75,0,73.754647
1345,84749,0,762867,11.109276,0.000000,0.036855,,0.971924,0,75,0,73.774146
1346,84749,0,762867,11.109276,0.000000,0.022695,non_zero_exit,0.971219,0,75,0,73.719376
1347,84756,7,762867,11.110194,0.000918,0.045574,,0.970533,0,75,0,73.738872
1348,84756,0,762867,11.110194,0.000000,0.032014,,0.969837,0,75,0,73.758340
1349,84756,0,762867,11.110194,0.000000,0.021657,non_zero_exit,0.969135,0,75,0,73.703704
1350,84756,0,762867,11.110194,0.000000,5.003569,timeout,0.972121,0,76,0,73.649149
1351,84756,0,762867,11.110194,0.000000,0.033217,,0.971426,0,76,0,73.668639
1352,84756,0,762867,11.110194,0.000000,0.033944,,0.970734,0,76,0,73.688101
1353,84756,0,762867,11.110194,0.000000,5.004282,timeout,0.973713,0,77,0,73.633678
1354,84756,0,762867,11.110194,0.000000,0.021944,non_zero_exit,0.973010,0,77,0,73.579336
1355,84756,0,762867,11.110194,0.000000,0.024006,,0.972310,0,77,0,73.598820
1356,84756,0,762867,11.110194,0.000000,1.529158,,0.972721,0,77,0,73.618276
1357,85009,253,762867,11.143358,0.033164,0.033228,,0.972029,0,77,0,73.637703
1358,85009,0,762867,11.143358,0.000000,0.033420,,0.971338,0,77,0,73.657101
1359,85030,21,762867,11.146111,0.002753,0.039663,,0.970653,0,77,0,73.676471
1360,85030,0,762867,11.146111,0.000000,1.030098,,0.970697,0,77,0,73.695812
1361,85031,1,762867,11.146242,0.000131,0.331453,,0.970227,0,77,0,73.715125
1362,85031,0,762867,11.146242,0.000000,1.032862,,0.970273,0,77,0,73.734409
1363,85031,0,762867,11.146242,0.000000,0.029349,,0.969584,0,77,0,73.753666
1364,85031,0,762867,11.146242,0.000000,1.032573,,0.969630,0,77,0,73.772894
1365,85031,0,762867,11.146242,0.000000,1.031732,,0.969675,0,77,0,73.792094
1366,85031,0,762867,11.146242,0.000000,0.035844,,0.968992,0,77,0,73.811266
1367,85031,0,762867,11.146242,0.000000,0.031087,,0.968306,0,77,0,73.830409
1368,85031,0,762867,11.146242,0.000000,5.004698,timeout,0.971255,0,78,0,73.776479
1369,85031,0,762867,11.146242,0.000000,1.030784,,0.971298,0,78,0,73.795620
1370,85031,0,762867,11.146242,0.000000,1.031006,,0.971342,0,78,0,73.814734
1371,85032,1,762867,11.146373,0.000131,1.136632,,0.971462,0,78,0,73.833819
1372,85032,0,762867,11.146373,0.000000,0.034179,,0.970780,0,78,0,73.852877
1373,85032,0,762867,11.146373,0.000000,0.031096,,0.970096,0,78,0,73.871907
1374,85032,0,762867,11.146373,0.000000,0.028165,,0.969411,0,78,0,73.890909
1375,85032,0,762867,11.146373,0.000000,0.025575,non_zero_exit,0.968725,0,78,0,73.837209
1376,85032,0,762867,11.146373,0.000000,0.032301,,0.968045,0,78,0,73.856209
1377,85032,0,762867,11.146373,0.000000,0.538159,,0.967733,0,78,0,73.875181
1378,85032,0,762867,11.146373,0.000000,0.130871,,0.967126,0,78,0,73.894126
1379,85032,0,762867,11.146373,0.000000,0.021250,non_zero_exit,0.966441,0,78,0,73.840580
1380,85032,0,762867,11.146373,0.000000,0.038688,,0.965769,0,78,0,73.859522
1381,85032,0,762867,11.146373,0.000000,0.035578,,0.965096,0,78,0,73.878437
1382,85032,0,762867,11.146373,0.000000,0.029794,,0.964419,0,78,0,73.897325
1383,85046,14,762867,11.148208,0.001835,0.037941,non_zero_exit,0.963750,0,78,0,73.843931
1384,85046,0,762867,11.148208,0.000000,0.029012,,0.963075,0,78,0,73.862816
1385,85047,1,762867,11.148339,0.000131,0.029108,,0.962401,0,78,0,73.881674
1386,85047,0,762867,11.148339,0.000000,1.531608,,0.962812,0,78,0,73.900505
1387,85048,1,762867,11.148470,0.000131,2.030935,non_zero_exit,0.963581,0,78,0,73.847262
1388,85048,0,762867,11.148470,0.000000,3.039116,,0.965075,0,78,0,73.866091
1389,85048,0,762867,11.148470,0.000000,1.029175,,0.965122,0,78,0,73.884892
1390,85051,3,762867,11.148863,0.000393,3.537131,,0.966971,0,78,0,73.903666
1391,85054,3,762867,11.149257,0.000393,0.024538,non_zero_exit,0.966294,0,78,0,73.850575
1392,85054,0,762867,11.149257,0.000000,1.526881,,0.966696,0,78,0,73.869347
1393,85060,6,762867,11.150043,0.000787,1.038328,,0.966747,0,78,0,73.888092
1394,85060,0,762867,11.150043,0.000000,0.937379,,0.966726,0,78,0,73.906810
1395,85060,0,762867,11.150043,0.000000,0.027108,,0.966053,0,78,0,73.925501
1396,85060,0,762867,11.150043,0.000000,0.025249,non_zero_exit,0.965380,0,78,0,73.872584
1397,85066,6,762867,11.150830,0.000787,0.032523,,0.964712,0,78,0,73.891273
1398,85066,0,762867,11.150830,0.000000,1.730661,,0.965260,0,78,0,73.909936
1399,85066,0,762867,11.150830,0.000000,1.532058,,0.965665,0,78,0,73.928571
1400,85066,0,762867,11.150830,0.000000,3.034611,,0.967142,0,78,0,73.947181
1401,85066,0,762867,11.150830,0.000000,1.030721,,0.967187,0,78,0,73.965763
1402,85066,0,762867,11.150830,0.000000,1.851871,,0.967818,0,78,0,73.984319
1403,85066,0,762867,11.150830,0.000000,1.033286,,0.967864,0,78,0,74.002849
1404,85066,0,762867,11.150830,0.000000,0.032095,,0.967198,0,78,0,74.021352
1405,85066,0,762867,11.150830,0.000000,1.030598,,0.967243,0,78,0,74.039829
1406,85066,0,762867,11.150830,0.000000,0.030000,,0.966577,0,78,0,74.058280
1407,85066,0,762867,11.150830,0.000000,3.036545,,0.968047,0,78,0,74.076705
1408,85066,0,762867,11.150830,0.000000,0.024982,non_zero_exit,0.967378,0,78,0,74.024131
1409,85066,0,762867,11.150830,0.000000,1.032528,non_zero_exit,0.967424,0,78,0,73.971631
1410,85066,0,762867,11.150830,0.000000,1.033062,,0.967471,0,78,0,73.990078
1411,85066,0,762867,11.150830,0.000000,1.030269,,0.967515,0,78,0,74.008499
1412,85219,153,762867,11.170886,0.020056,0.026600,non_zero_exit,0.966849,0,78,0,73.956122
1413,85219,0,762867,11.170886,0.000000,0.024782,non_zero_exit,0.966183,0,78,0,73.903819
1414,85219,0,762867,11.170886,0.000000,1.035619,,0.966232,0,78,0,73.922261
1415,85219,0,762867,11.170886,0.000000,0.034709,,0.965574,0,78,0,73.940678
1416,85219,0,762867,11.170886,0.000000,0.032513,,0.964916,0,78,0,73.959068
1417,85219,0,762867,11.170886,0.000000,0.131472,,0.964328,0,78,0,73.977433
1418,85219,0,762867,11.170886,0.000000,1.599256,,0.964775,0,78,0,73.995772
1419,85219,0,762867,11.170886,0.000000,2.028135,,0.965524,0,78,0,74.014085
1420,85219,0,762867,11.170886,0.000000,3.031347,,0.966978,0,78,0,74.032372
1421,85219,0,762867,11.170886,0.000000,0.038521,,0.966325,0,78,0,74.050633
1422,85222,3,762867,11.171279,0.000393,1.029726,,0.966370,0,78,0,74.068869
1423,85222,0,762867,11.171279,0.000000,2.038661,,0.967123,0,78,0,74.087079
1424,85222,0,762867,11.171279,0.000000,0.024081,non_zero_exit,0.966461,0,78,0,74.035088
1425,85222,0,762867,11.171279,0.000000,0.031668,,0.965805,0,78,0,74.053296
1426,85225,3,762867,11.171672,0.000393,0.029024,,0.965149,0,78,0,74.071479
1427,85226,1,762867,11.171803,0.000131,0.020888,non_zero_exit,0.964488,0,78,0,74.019608
1428,85226,0,762867,11.171803,0.000000,1.031618,,0.964535,0,78,0,74.037789
1429,85671,445,762867,11.230136,0.058333,1.548057,,0.964943,0,78,0,74.055944
1430,85671,0,762867,11.230136,0.000000,0.025523,non_zero_exit,0.964286,0,78,0,74.004193
1431,85671,0,762867,11.230136,0.000000,0.029555,,0.963633,0,78,0,74.022346
1432,85671,0,762867,11.230136,0.000000,1.038925,,0.963686,0,78,0,74.040475
1433,85671,0,762867,11.230136,0.000000,0.031853,,0.963036,0,78,0,74.058577
1434,85671,0,762867,11.230136,0.000000,3.033934,,0.964479,0,78,0,74.076655
1435,85671,0,762867,11.230136,0.000000,2.030358,,0.965222,0,78,0,74.094708
1436,85672,1,762867,11.230267,0.000131,1.031277,,0.965268,0,78,0,74.112735
1437,85672,0,762867,11.230267,0.000000,1.030304,,0.965313,0,78,0,74.130737
1438,85672,0,762867,11.230267,0.000000,1.033996,,0.965361,0,78,0,74.148714
1439,85672,0,762867,11.230267,0.000000,0.031909,,0.964712,0,78,0,74.166667
1440,85672,0,762867,11.230267,0.000000,1.028862,,0.964757,0,78,0,74.184594
1441,85672,0,762867,11.230267,0.000000,1.934705,,0.965429,0,78,0,74.202497
1442,85672,0,762867,11.230267,0.000000,1.032026,,0.965476,0,78,0,74.220374
1443,85674,2,762867,11.230529,0.000262,1.045963,,0.965531,0,78,0,74.238227
1444,85677,3,762867,11.230922,0.000393,1.030964,,0.965577,0,78,0,74.256055
1445,85677,0,762867,11.230922,0.000000,5.005050,timeout,0.968370,0,79,0,74.204703
1446,85683,6,762867,11.231709,0.000787,1.034593,,0.968416,0,79,0,74.222529
1447,85683,0,762867,11.231709,0.000000,1.863794,,0.969034,0,79,0,74.240331
1448,85683,0,762867,11.231709,0.000000,1.028562,,0.969075,0,79,0,74.258109
1449,85683,0,762867,11.231709,0.000000,5.003853,timeout,0.971858,0,80,0,74.206897
1450,86051,368,762867,11.279948,0.048239,5.003360,timeout,0.974636,0,81,0,74.155755
1451,86051,0,762867,11.279948,0.000000,2.534682,,0.975711,0,81,0,74.173554
1452,86051,0,762867,11.279948,0.000000,0.025361,non_zero_exit,0.975057,0,81,0,74.122505
1453,86051,0,762867,11.279948,0.000000,5.005399,timeout,0.977829,0,82,0,74.071527
1454,86053,2,762867,11.280210,0.000262,3.029541,,0.979239,0,82,0,74.089347
1455,86053,0,762867,11.280210,0.000000,5.004744,timeout,0.982004,0,83,0,74.038462
1456,86053,0,762867,11.280210,0.000000,1.027095,,0.982034,0,83,0,74.056280
1457,86053,0,762867,11.280210,0.000000,1.031796,,0.982069,0,83,0,74.074074
1458,86054,1,762867,11.280341,0.000131,1.537124,,0.982449,0,83,0,74.091844
1459,86054,0,762867,11.280341,0.000000,0.631940,,0.982209,0,83,0,74.109589
1460,86054,0,762867,11.280341,0.000000,0.032119,,0.981559,0,83,0,74.127310
1461,86054,0,762867,11.280341,0.000000,0.024324,,0.980904,0,83,0,74.145007
1462,86059,5,762867,11.280997,0.000655,5.004000,timeout,0.983654,0,84,0,74.094327
1463,86065,6,762867,11.281783,0.000787,1.035416,,0.983689,0,84,0,74.112022
1464,86065,0,762867,11.281783,0.000000,0.033100,,0.983040,0,84,0,74.129693
1465,86065,0,762867,11.281783,0.000000,1.030000,non_zero_exit,0.983072,0,84,0,74.079127
1466,86065,0,762867,11.281783,0.000000,1.529919,,0.983445,0,84,0,74.096796
1467,86065,0,762867,11.281783,0.000000,3.031959,,0.984841,0,84,0,74.114441
1468,86066,1,762867,11.281914,0.000131,1.034230,,0.984874,0,84,0,74.132063
1469,86075,9,762867,11.283094,0.001180,1.025960,non_zero_exit,0.984902,0,84,0,74.081633
1470,86075,0,762867,11.283094,0.000000,0.023882,non_zero_exit,0.984249,0,84,0,74.031271
1471,86075,0,762867,11.283094,0.000000,1.034611,,0.984283,0,84,0,74.048913
1472,86075,0,762867,11.283094,0.000000,1.029076,,0.984313,0,84,0,74.066531
1473,86076,1,762867,11.283225,0.000131,0.024240,non_zero_exit,0.983662,0,84,0,74.016282
1474,86076,0,762867,11.283225,0.000000,1.028715,,0.983693,0,84,0,74.033898
1475,86076,0,762867,11.283225,0.000000,0.031515,,0.983048,0,84,0,74.051491
1476,86076,0,762867,11.283225,0.000000,0.026804,non_zero_exit,0.982400,0,84,0,74.001354
1477,86172,96,762867,11.295809,0.012584,2.040096,,0.983116,0,84,0,74.018945
1478,86172,0,762867,11.295809,0.000000,2.030935,,0.983824,0,84,0,74.036511
1479,86173,1,762867,11.295940,0.000131,3.432204,,0.985479,0,84,0,74.054054
1480,86173,0,762867,11.295940,0.000000,1.035932,,0.985513,0,84,0,74.071573
1481,86177,4,762867,11.296465,0.000524,0.038092,,0.984873,0,84,0,74.089069
1482,86177,0,762867,11.296465,0.000000,2.030938,,0.985579,0,84,0,74.106541
1483,86177,0,762867,11.296465,0.000000,0.023520,non_zero_exit,0.984930,0,84,0,74.056604
1484,86177,0,762867,11.296465,0.000000,1.028963,,0.984960,0,84,0,74.074074
1485,86183,6,762867,11.297251,0.000787,0.023253,non_zero_exit,0.984313,0,84,0,74.024226
1486,86183,0,762867,11.297251,0.000000,2.035166,,0.985020,0,84,0,74.041695
1487,86183,0,762867,11.297251,0.000000,1.029873,,0.985050,0,84,0,74.059140
1488,86183,0,762867,11.297251,0.000000,0.031824,,0.984410,0,84,0,74.076561
1489,86183,0,762867,11.297251,0.000000,5.004995,timeout,0.987108,0,85,0,74.026846
1490,86185,2,762867,11.297513,0.000262,0.021198,non_zero_exit,0.986460,0,85,0,73.977197
1491,86185,0,762867,11.297513,0.000000,2.535272,,0.987498,0,85,0,73.994638
1492,86191,6,762867,11.298300,0.000787,1.028191,,0.987525,0,85,0,74.012056
1493,86191,0,762867,11.298300,0.000000,0.025603,non_zero_exit,0.986882,0,85,0,73.962517
1494,86191,0,762867,11.298300,0.000000,1.038188,,0.986916,0,85,0,73.979933
1495,86191,0,762867,11.298300,0.000000,1.033827,,0.986947,0,85,0,73.997326
1496,86191,0,762867,11.298300,0.000000,0.024399,non_zero_exit,0.986304,0,85,0,73.947896
1497,86206,15,762867,11.300266,0.001966,0.132965,,0.985735,0,85,0,73.965287
1498,86207,1,762867,11.300397,0.000131,0.030487,,0.985097,0,85,0,73.982655
1499,86208,1,762867,11.300528,0.000131,0.229694,,0.984594,0,85,0,74.000000
1500,86208,0,762867,11.300528,0.000000,0.022453,non_zero_exit,0.983953,0,85,0,73.950700
1501,86624,416,762867,11.355059,0.054531,0.066007,,0.983342,0,85,0,73.968043
1502,86624,0,762867,11.355059,0.000000,2.536478,,0.984375,0,85,0,73.985363
1503,86624,0,762867,11.355059,0.000000,1.029636,,0.984405,0,85,0,74.002660
1504,86624,0,762867,11.355059,0.000000,0.021555,non_zero_exit,0.983765,0,85,0,73.953488
1505,86624,0,762867,11.355059,0.000000,0.024030,non_zero_exit,0.983128,0,85,0,73.904382
1506,86624,0,762867,11.355059,0.000000,0.025925,non_zero_exit,0.982493,0,85,0,73.855342
1507,86626,2,762867,11.355321,0.000262,0.537026,non_zero_exit,0.982197,0,85,0,73.806366
1508,86627,1,762867,11.355453,0.000131,0.023217,non_zero_exit,0.981562,0,85,0,73.757455
1509,86636,9,762867,11.356632,0.001180,0.022835,non_zero_exit,0.980927,0,85,0,73.708609
1510,86636,0,762867,11.356632,0.000000,5.003867,timeout,0.983589,0,86,0,73.659828
1511,86636,0,762867,11.356632,0.000000,0.030972,non_zero_exit,0.982959,0,86,0,73.611111
1512,86636,0,762867,11.356632,0.000000,3.034954,,0.984316,0,86,0,73.628553
1513,86636,0,762867,11.356632,0.000000,0.023201,non_zero_exit,0.983681,0,86,0,73.579921
1514,86636,0,762867,11.356632,0.000000,0.024621,non_zero_exit,0.983048,0,86,0,73.531353
1515,86636,0,762867,11.356632,0.000000,0.028695,,0.982418,0,86,0,73.548813
1516,86636,0,762867,11.356632,0.000000,1.032789,,0.982451,0,86,0,73.566249
1517,86636,0,762867,11.356632,0.000000,1.031758,non_zero_exit,0.982484,0,86,0,73.517787
1518,86636,0,762867,11.356632,0.000000,0.539908,,0.982193,0,86,0,73.535221
1519,86636,0,762867,11.356632,0.000000,1.028949,,0.982223,0,86,0,73.552632
1520,86636,0,762867,11.356632,0.000000,1.028853,,0.982254,0,86,0,73.570020
1521,86642,6,762867,11.357419,0.000787,0.033126,,0.981630,0,86,0,73.587385
1522,86642,0,762867,11.357419,0.000000,1.030580,,0.981663,0,86,0,73.604728
1523,86642,0,762867,11.357419,0.000000,0.025937,,0.981035,0,86,0,73.622047
1524,86642,0,762867,11.357419,0.000000,1.026088,,0.981065,0,86,0,73.639344
1525,86644,2,762867,11.357681,0.000262,2.579821,,0.982113,0,86,0,73.656619
1526,86644,0,762867,11.357681,0.000000,0.127400,,0.981553,0,86,0,73.673870
1527,86646,2,762867,11.357943,0.000262,4.034646,,0.983551,0,86,0,73.691099
1528,86646,0,762867,11.357943,0.000000,0.024925,,0.982924,0,86,0,73.708306
1529,86646,0,762867,11.357943,0.000000,1.028486,,0.982954,0,86,0,73.725490
1530,86646,0,762867,11.357943,0.000000,0.032279,,0.982333,0,86,0,73.742652
1531,86646,0,762867,11.357943,0.000000,2.328382,,0.983211,0,86,0,73.759791
1532,86646,0,762867,11.357943,0.000000,0.027259,,0.982588,0,86,0,73.776908
1533,86646,0,762867,11.357943,0.000000,2.031603,,0.983272,0,86,0,73.794003
1534,86646,0,762867,11.357943,0.000000,0.027774,,0.982649,0,86,0,73.811075
1535,86646,0,762867,11.357943,0.000000,1.032800,,0.982682,0,86,0,73.828125
1536,86646,0,762867,11.357943,0.000000,1.029313,,0.982712,0,86,0,73.845153
1537,86646,0,762867,11.357943,0.000000,0.029726,,0.982093,0,86,0,73.862159
1538,86646,0,762867,11.357943,0.000000,0.031325,,0.981475,0,86,0,73.879142
1539,86646,0,762867,11.357943,0.000000,0.029421,,0.980857,0,86,0,73.896104
1540,86646,0,762867,11.357943,0.000000,0.029433,,0.980239,0,86,0,73.913043
1541,86646,0,762867,11.357943,0.000000,1.029013,,0.980271,0,86,0,73.929961
1542,86647,1,762867,11.358074,0.000131,0.034998,,0.979658,0,86,0,73.946857
1543,86647,0,762867,11.358074,0.000000,0.023746,non_zero_exit,0.979039,0,86,0,73.898964
1544,86647,0,762867,11.358074,0.000000,0.021814,non_zero_exit,0.978420,0,86,0,73.851133
1545,86653,6,762867,11.358861,0.000787,0.024339,non_zero_exit,0.977802,0,86,0,73.803364
1546,86653,0,762867,11.358861,0.000000,0.021620,non_zero_exit,0.977184,0,86,0,73.755656
1547,86658,5,762867,11.359516,0.000655,1.338939,,0.977418,0,86,0,73.772610
1548,86658,0,762867,11.359516,0.000000,1.030220,,0.977452,0,86,0,73.789542
1549,86658,0,762867,11.359516,0.000000,0.023229,non_zero_exit,0.976836,0,86,0,73.741935
1550,86665,7,762867,11.360434,0.000918,2.040308,,0.977522,0,86,0,73.758865
1551,86665,0,762867,11.360434,0.000000,0.029810,,0.976912,0,86,0,73.775773
1552,86908,243,762867,11.392287,0.031854,1.033417,,0.976948,0,86,0,73.792659
1553,86908,0,762867,11.392287,0.000000,5.003972,timeout,0.979539,0,87,0,73.745174
1554,86908,0,762867,11.392287,0.000000,1.030695,,0.979572,0,87,0,73.762058
1555,86908,0,762867,11.392287,0.000000,0.032555,,0.978964,0,87,0,73.778920
1556,86908,0,762867,11.392287,0.000000,5.004219,timeout,0.981549,0,88,0,73.731535
1557,86909,1,762867,11.392418,0.000131,0.027823,,0.980937,0,88,0,73.748395
1558,86909,0,762867,11.392418,0.000000,1.027911,,0.980967,0,88,0,73.765234
1559,86909,0,762867,11.392418,0.000000,1.846249,,0.981521,0,88,0,73.782051
1560,86909,0,762867,11.392418,0.000000,5.004284,timeout,0.984099,0,89,0,73.734785
1561,86912,3,762867,11.392812,0.000393,0.040311,non_zero_exit,0.983494,0,89,0,73.687580
1562,86912,0,762867,11.392812,0.000000,0.021450,non_zero_exit,0.982879,0,89,0,73.640435
1563,86912,0,762867,11.392812,0.000000,2.330234,,0.983740,0,89,0,73.657289
1564,86912,0,762867,11.392812,0.000000,0.031571,,0.983132,0,89,0,73.674121
1565,86912,0,762867,11.392812,0.000000,0.035738,,0.982527,0,89,0,73.690932
1566,86912,0,762867,11.392812,0.000000,1.032794,,0.982559,0,89,0,73.707722
1567,86912,0,762867,11.392812,0.000000,0.024667,non_zero_exit,0.981948,0,89,0,73.660714
1568,86912,0,762867,11.392812,0.000000,0.030684,,0.981342,0,89,0,73.677502
1569,86912,0,762867,11.392812,0.000000,1.033967,,0.981375,0,89,0,73.694268
1570,86912,0,762867,11.392812,0.000000,0.033067,,0.980772,0,89,0,73.711012
1571,86912,0,762867,11.392812,0.000000,0.888653,non_zero_exit,0.980713,0,89,0,73.664122
1572,86912,0,762867,11.392812,0.000000,0.030565,,0.980109,0,89,0,73.680865
1573,86913,1,762867,11.392943,0.000131,0.029497,,0.979505,0,89,0,73.697586
1574,86913,0,762867,11.392943,0.000000,0.036726,,0.978906,0,89,0,73.714286
1575,86917,4,762867,11.393467,0.000524,0.540998,,0.978629,0,89,0,73.730964
1576,86918,1,762867,11.393598,0.000131,1.030096,,0.978661,0,89,0,73.747622
1577,86918,0,762867,11.393598,0.000000,3.028645,,0.979960,0,89,0,73.764259
1578,86924,6,762867,11.394385,0.000787,0.026291,non_zero_exit,0.979356,0,89,0,73.717543
1579,86924,0,762867,11.394385,0.000000,1.030909,,0.979389,0,89,0,73.734177
1580,86924,0,762867,11.394385,0.000000,0.030732,,0.978789,0,89,0,73.750791
1581,86924,0,762867,11.394385,0.000000,1.031704,,0.978822,0,89,0,73.767383
1582,86924,0,762867,11.394385,0.000000,0.030837,non_zero_exit,0.978224,0,89,0,73.720783
1583,86924,0,762867,11.394385,0.000000,1.034832,,0.978259,0,89,0,73.737374
1584,86939,15,762867,11.396351,0.001966,0.031569,,0.977662,0,89,0,73.753943
1585,86939,0,762867,11.396351,0.000000,0.028125,,0.977063,0,89,0,73.770492
1586,86943,4,762867,11.396875,0.000524,0.125602,,0.976527,0,89,0,73.787020
1587,86959,16,762867,11.398973,0.002097,1.028857,,0.976560,0,89,0,73.803526
1588,86959,0,762867,11.398973,0.000000,0.024832,non_zero_exit,0.975961,0,89,0,73.757080
1589,87018,59,762867,11.406707,0.007734,0.028665,,0.975365,0,89,0,73.773585
1590,87018,0,762867,11.406707,0.000000,1.031517,,0.975400,0,89,0,73.790069
1591,87018,0,762867,11.406707,0.000000,0.022586,non_zero_exit,0.974802,0,89,0,73.743719
1592,87018,0,762867,11.406707,0.000000,3.029596,,0.976092,0,89,0,73.760201
1593,87018,0,762867,11.406707,0.000000,0.030873,,0.975499,0,89,0,73.776662
1594,87018,0,762867,11.406707,0.000000,1.032419,,0.975534,0,89,0,73.793103
1595,87018,0,762867,11.406707,0.000000,0.231578,non_zero_exit,0.975068,0,89,0,73.746867
1596,87018,0,762867,11.406707,0.000000,3.031761,,0.976356,0,89,0,73.763306
1597,87021,3,762867,11.407100,0.000393,0.024245,non_zero_exit,0.975760,0,89,0,73.717146
1598,87021,0,762867,11.407100,0.000000,0.029913,,0.975169,0,89,0,73.733583
1599,87040,19,762867,11.409590,0.002491,5.004664,timeout,0.977687,0,90,0,73.687500
1600,87040,0,762867,11.409590,0.000000,0.031057,,0.977096,0,90,0,73.703935
1601,87040,0,762867,11.409590,0.000000,1.030700,,0.977129,0,90,0,73.720350
1602,87157,117,762867,11.424927,0.015337,1.036513,,0.977166,0,90,0,73.736744
1603,87157,0,762867,11.424927,0.000000,2.034230,,0.977825,0,90,0,73.753117
1604,87157,0,762867,11.424927,0.000000,1.532282,,0.978171,0,90,0,73.769470
1605,87157,0,762867,11.424927,0.000000,0.031835,,0.977582,0,90,0,73.785803
1606,87157,0,762867,11.424927,0.000000,0.028054,,0.976991,0,90,0,73.802116
1607,87157,0,762867,11.424927,0.000000,1.031757,,0.977025,0,90,0,73.818408
1608,87157,0,762867,11.424927,0.000000,0.030195,,0.976436,0,90,0,73.834680
1609,87158,1,762867,11.425058,0.000131,5.004813,timeout,0.978939,0,91,0,73.788820
1610,87158,0,762867,11.425058,0.000000,0.030802,,0.978350,0,91,0,73.805090
1611,87159,1,762867,11.425189,0.000131,4.053806,,0.980258,0,91,0,73.821340
1612,87161,2,762867,11.425452,0.000262,0.028578,non_zero_exit,0.979668,0,91,0,73.775573
1613,87161,0,762867,11.425452,0.000000,0.021967,non_zero_exit,0.979074,0,91,0,73.729864
1614,87161,0,762867,11.425452,0.000000,0.024948,non_zero_exit,0.978484,0,91,0,73.684211
1615,87161,0,762867,11.425452,0.000000,3.043993,,0.979762,0,91,0,73.700495
1616,87161,0,762867,11.425452,0.000000,0.025564,non_zero_exit,0.979172,0,91,0,73.654917
1617,87161,0,762867,11.425452,0.000000,0.033946,,0.978588,0,91,0,73.671199
1618,87161,0,762867,11.425452,0.000000,0.027636,non_zero_exit,0.978000,0,91,0,73.625695
1619,87161,0,762867,11.425452,0.000000,0.030448,,0.977415,0,91,0,73.641975
1620,87163,2,762867,11.425714,0.000262,0.031353,,0.976832,0,91,0,73.658236
1621,87164,1,762867,11.425845,0.000131,2.031018,,0.977482,0,91,0,73.674476
1622,87164,0,762867,11.425845,0.000000,0.536001,,0.977210,0,91,0,73.690696
1623,87164,0,762867,11.425845,0.000000,0.026045,non_zero_exit,0.976624,0,91,0,73.645320
1624,87164,0,762867,11.425845,0.000000,0.031940,,0.976042,0,91,0,73.661538
1625,87164,0,762867,11.425845,0.000000,5.003945,timeout,0.978520,0,92,0,73.616236
1626,87166,2,762867,11.426107,0.000262,0.024779,non_zero_exit,0.977933,0,92,0,73.570990
1627,87184,18,762867,11.428467,0.002360,0.031134,,0.977352,0,92,0,73.587224
1628,87184,0,762867,11.428467,0.000000,5.003148,timeout,0.979823,0,93,0,73.542050
1629,87184,0,762867,11.428467,0.000000,4.533407,,0.982003,0,93,0,73.558282
1630,87184,0,762867,11.428467,0.000000,0.025471,non_zero_exit,0.981417,0,93,0,73.513182
1631,87184,0,762867,11.428467,0.000000,0.035948,,0.980838,0,93,0,73.529412
1632,87184,0,762867,11.428467,0.000000,0.032641,,0.980257,0,93,0,73.545622
1633,87184,0,762867,11.428467,0.000000,1.379664,,0.980501,0,93,0,73.561812
1634,87184,0,762867,11.428467,0.000000,1.036618,,0.980536,0,93,0,73.577982
1635,87184,0,762867,11.428467,0.000000,0.035562,,0.979958,0,93,0,73.594132
1636,87184,0,762867,11.428467,0.000000,0.021315,non_zero_exit,0.979372,0,93,0,73.549175
1637,87189,5,762867,11.429122,0.000655,0.022377,non_zero_exit,0.978788,0,93,0,73.504274
1638,87189,0,762867,11.429122,0.000000,0.030320,,0.978210,0,93,0,73.520439
1639,87189,0,762867,11.429122,0.000000,1.031653,,0.978242,0,93,0,73.536585
1640,87189,0,762867,11.429122,0.000000,1.045184,,0.978283,0,93,0,73.552712
1641,87189,0,762867,11.429122,0.000000,5.003683,timeout,0.980734,0,94,0,73.507917
1642,87189,0,762867,11.429122,0.000000,3.031876,,0.981983,0,94,0,73.524041
1643,87189,0,762867,11.429122,0.000000,0.031876,,0.981405,0,94,0,73.540146
1644,87189,0,762867,11.429122,0.000000,0.022800,non_zero_exit,0.980822,0,94,0,73.495441
1645,87194,5,762867,11.429777,0.000655,1.026126,,0.980850,0,94,0,73.511543
1646,87195,1,762867,11.429908,0.000131,1.034527,,0.980882,0,94,0,73.527626
1647,87195,0,762867,11.429908,0.000000,0.029724,,0.980305,0,94,0,73.543689
1648,87195,0,762867,11.429908,0.000000,1.029964,,0.980335,0,94,0,73.559733
1649,87195,0,762867,11.429908,0.000000,0.021585,non_zero_exit,0.979754,0,94,0,73.515152
1650,87195,0,762867,11.429908,0.000000,1.031650,,0.979786,0,94,0,73.531193
1651,87195,0,762867,11.429908,0.000000,0.021951,non_zero_exit,0.979206,0,94,0,73.486683
1652,87195,0,762867,11.429908,0.000000,4.541526,,0.981361,0,94,0,73.502722
1653,87195,0,762867,11.429908,0.000000,1.030755,,0.981391,0,94,0,73.518742
1654,87195,0,762867,11.429908,0.000000,2.029998,,0.982024,0,94,0,73.534743
1655,87195,0,762867,11.429908,0.000000,1.033951,non_zero_exit,0.982056,0,94,0,73.490338
1656,87195,0,762867,11.429908,0.000000,0.032439,,0.981483,0,94,0,73.506337
1657,87195,0,762867,11.429908,0.000000,0.024570,non_zero_exit,0.980905,0,94,0,73.462002
1658,87197,2,762867,11.430171,0.000262,0.027705,,0.980331,0,94,0,73.477999
1659,87197,0,762867,11.430171,0.000000,0.981526,,0.980332,0,94,0,73.493976
1660,87208,11,762867,11.431613,0.001442,0.028001,,0.979758,0,94,0,73.509934
1661,87208,0,762867,11.431613,0.000000,0.031467,,0.979188,0,94,0,73.525872
1662,87208,0,762867,11.431613,0.000000,0.026840,,0.978615,0,94,0,73.541792
1663,87211,3,762867,11.432006,0.000393,1.030999,,0.978646,0,94,0,73.557692
1664,87211,0,762867,11.432006,0.000000,0.033289,,0.978079,0,94,0,73.573574
1665,87211,0,762867,11.432006,0.000000,5.003965,timeout,0.980495,0,95,0,73.529412
1666,87211,0,762867,11.432006,0.000000,0.023565,non_zero_exit,0.979921,0,95,0,73.485303
1667,87216,5,762867,11.432661,0.000655,0.030270,,0.979352,0,95,0,73.501199
1668,87216,0,762867,11.432661,0.000000,0.537328,,0.979087,0,95,0,73.517076
1669,87216,0,762867,11.432661,0.000000,1.140422,,0.979184,0,95,0,73.532934
1670,87216,0,762867,11.432661,0.000000,0.023266,non_zero_exit,0.978612,0,95,0,73.488929
1671,87216,0,762867,11.432661,0.000000,0.026265,,0.978042,0,95,0,73.504785
1672,87216,0,762867,11.432661,0.000000,0.027120,,0.977474,0,95,0,73.520622
1673,87216,0,762867,11.432661,0.000000,0.024586,non_zero_exit,0.976904,0,95,0,73.476703
1674,87216,0,762867,11.432661,0.000000,3.030463,,0.978130,0,95,0,73.492537
1675,87216,0,762867,11.432661,0.000000,0.035930,,0.977568,0,95,0,73.508353
1676,87216,0,762867,11.432661,0.000000,1.035442,,0.977603,0,95,0,73.524150
1677,87218,2,762867,11.432923,0.000262,0.917858,,0.977567,0,95,0,73.539928
1678,87218,0,762867,11.432923,0.000000,1.615033,,0.977947,0,95,0,73.555688
1679,87218,0,762867,11.432923,0.000000,0.536045,,0.977684,0,95,0,73.571429
1680,87218,0,762867,11.432923,0.000000,0.024301,non_zero_exit,0.977117,0,95,0,73.527662
1681,87218,0,762867,11.432923,0.000000,0.023606,non_zero_exit,0.976550,0,95,0,73.483948
1682,87218,0,762867,11.432923,0.000000,0.032883,,0.975989,0,95,0,73.499703
1683,87218,0,762867,11.432923,0.000000,0.026991,,0.975425,0,95,0,73.515439
1684,87218,0,762867,11.432923,0.000000,1.037323,,0.975462,0,95,0,73.531157
1685,87219,1,762867,11.433055,0.000131,5.003489,timeout,0.977851,0,96,0,73.487544
1686,87219,0,762867,11.433055,0.000000,1.035254,,0.977885,0,96,0,73.503260
1687,87219,0,762867,11.433055,0.000000,0.031287,,0.977324,0,96,0,73.518957
1688,87219,0,762867,11.433055,0.000000,0.026994,,0.976762,0,96,0,73.534636
1689,87219,0,762867,11.433055,0.000000,0.031758,,0.976203,0,96,0,73.550296
1690,87219,0,762867,11.433055,0.000000,0.026523,non_zero_exit,0.975641,0,96,0,73.506801
1691,87219,0,762867,11.433055,0.000000,0.030684,,0.975083,0,96,0,73.522459
1692,87219,0,762867,11.433055,0.000000,0.062435,,0.974543,0,96,0,73.538098
1693,87219,0,762867,11.433055,0.000000,0.471597,,0.974247,0,96,0,73.553719
1694,87221,2,762867,11.433317,0.000262,0.027605,,0.973688,0,96,0,73.569322
1695,87221,0,762867,11.433317,0.000000,4.531935,,0.975786,0,96,0,73.584906
1696,87221,0,762867,11.433317,0.000000,0.027166,,0.975227,0,96,0,73.600471
1697,87223,2,762867,11.433579,0.000262,1.033624,,0.975262,0,96,0,73.616019
1698,87335,112,762867,11.448260,0.014681,1.035136,,0.975297,0,96,0,73.631548
1699,87335,0,762867,11.448260,0.000000,2.539147,,0.976217,0,96,0,73.647059
1700,87335,0,762867,11.448260,0.000000,0.022220,non_zero_exit,0.975656,0,96,0,73.603762
1701,87341,6,762867,11.449047,0.000787,0.028509,non_zero_exit,0.975099,0,96,0,73.560517
1702,87341,0,762867,11.449047,0.000000,0.032680,,0.974546,0,96,0,73.576042
1703,87341,0,762867,11.449047,0.000000,1.036308,,0.974582,0,96,0,73.591549
1704,87341,0,762867,11.449047,0.000000,0.023778,non_zero_exit,0.974025,0,96,0,73.548387
1705,87341,0,762867,11.449047,0.000000,2.032805,,0.974645,0,96,0,73.563892
1706,87357,16,762867,11.451144,0.002097,0.033374,,0.974094,0,96,0,73.579379
1707,87360,3,762867,11.451537,0.000393,0.025007,non_zero_exit,0.973538,0,96,0,73.536300
1708,87360,0,762867,11.451537,0.000000,0.032188,,0.972987,0,96,0,73.551785
1709,87360,0,762867,11.451537,0.000000,0.031370,,0.972437,0,96,0,73.567251
1710,87364,4,762867,11.452062,0.000524,0.024428,non_zero_exit,0.971883,0,96,0,73.524255
1711,87364,0,762867,11.452062,0.000000,2.034772,non_zero_exit,0.972503,0,96,0,73.481308
1712,87364,0,762867,11.452062,0.000000,1.033635,,0.972539,0,96,0,73.496789
1713,87364,0,762867,11.452062,0.000000,1.029698,,0.972572,0,96,0,73.512252
1714,87366,2,762867,11.452324,0.000262,3.034457,,0.973775,0,96,0,73.527697
1715,87366,0,762867,11.452324,0.000000,0.130832,,0.973283,0,96,0,73.543124
1716,87366,0,762867,11.452324,0.000000,0.026680,,0.972732,0,96,0,73.558532
1717,87366,0,762867,11.452324,0.000000,0.033808,,0.972186,0,96,0,73.573923
1718,87367,1,762867,11.452455,0.000131,5.003824,timeout,0.974531,0,97,0,73.531123
1719,87367,0,762867,11.452455,0.000000,0.033124,,0.973984,0,97,0,73.546512
1720,87370,3,762867,11.452848,0.000393,1.012341,,0.974006,0,97,0,73.561883
1721,87370,0,762867,11.452848,0.000000,1.028808,,0.974038,0,97,0,73.577236
1722,87370,0,762867,11.452848,0.000000,1.032136,,0.974071,0,97,0,73.592571
1723,87376,6,762867,11.453635,0.000787,2.029824,,0.974684,0,97,0,73.607889
1724,87382,6,762867,11.454421,0.000787,0.028250,,0.974135,0,97,0,73.623188
1725,87382,0,762867,11.454421,0.000000,0.029257,,0.973588,0,97,0,73.638470
1726,87382,0,762867,11.454421,0.000000,0.026944,non_zero_exit,0.973040,0,97,0,73.595831
1727,87382,0,762867,11.454421,0.000000,0.037557,,0.972498,0,97,0,73.611111
1728,87383,1,762867,11.454552,0.000131,0.033339,,0.971955,0,97,0,73.626374
1729,87383,0,762867,11.454552,0.000000,2.026606,,0.972565,0,97,0,73.641618
1730,87383,0,762867,11.454552,0.000000,0.024374,non_zero_exit,0.972017,0,97,0,73.599076
1731,87383,0,762867,11.454552,0.000000,0.020542,non_zero_exit,0.971468,0,97,0,73.556582
1732,87383,0,762867,11.454552,0.000000,0.022199,non_zero_exit,0.970920,0,97,0,73.514137
1733,87383,0,762867,11.454552,0.000000,3.045316,,0.972116,0,97,0,73.529412
1734,87383,0,762867,11.454552,0.000000,0.024946,non_zero_exit,0.971570,0,97,0,73.487032
1735,87383,0,762867,11.454552,0.000000,2.043545,,0.972188,0,97,0,73.502304
1736,87383,0,762867,11.454552,0.000000,1.029399,,0.972221,0,97,0,73.517559
1737,87383,0,762867,11.454552,0.000000,0.028164,non_zero_exit,0.971677,0,97,0,73.475259
1738,87383,0,762867,11.454552,0.000000,1.027213,,0.971709,0,97,0,73.490512
1739,87383,0,762867,11.454552,0.000000,0.028414,non_zero_exit,0.971167,0,97,0,73.448276
1740,87383,0,762867,11.454552,0.000000,0.036679,,0.970630,0,97,0,73.463527
1741,87384,1,762867,11.454683,0.000131,0.031199,,0.970091,0,97,0,73.478760
1742,87385,1,762867,11.454815,0.000131,0.031185,,0.969553,0,97,0,73.493976
1743,87385,0,762867,11.454815,0.000000,0.141593,,0.969078,0,97,0,73.509174
1744,87385,0,762867,11.454815,0.000000,3.582311,,0.970575,0,97,0,73.524355
1745,87385,0,762867,11.454815,0.000000,0.029178,,0.970036,0,97,0,73.539519
1746,87385,0,762867,11.454815,0.000000,2.034584,,0.970646,0,97,0,73.554665
1747,87385,0,762867,11.454815,0.000000,1.031917,,0.970681,0,97,0,73.569794
1748,87385,0,762867,11.454815,0.000000,0.021200,non_zero_exit,0.970138,0,97,0,73.527730
1749,87385,0,762867,11.454815,0.000000,1.027146,,0.970170,0,97,0,73.542857
1750,87385,0,762867,11.454815,0.000000,0.023818,non_zero_exit,0.969630,0,97,0,73.500857
1751,87385,0,762867,11.454815,0.000000,0.021185,non_zero_exit,0.969088,0,97,0,73.458904
1752,87385,0,762867,11.454815,0.000000,3.036273,,0.970268,0,97,0,73.474044
1753,87385,0,762867,11.454815,0.000000,1.033519,,0.970304,0,97,0,73.489168
1754,87385,0,762867,11.454815,0.000000,0.026052,non_zero_exit,0.969766,0,97,0,73.447293
1755,87385,0,762867,11.454815,0.000000,0.033832,,0.969233,0,97,0,73.462415
1756,87385,0,762867,11.454815,0.000000,0.027312,,0.968697,0,97,0,73.477518
1757,87385,0,762867,11.454815,0.000000,0.030462,,0.968163,0,97,0,73.492605
1758,87385,0,762867,11.454815,0.000000,0.024197,non_zero_exit,0.967626,0,97,0,73.450824
1759,87385,0,762867,11.454815,0.000000,2.532714,,0.968516,0,97,0,73.465909
1760,87385,0,762867,11.454815,0.000000,4.530616,,0.970538,0,97,0,73.480977
1761,87385,0,762867,11.454815,0.000000,0.031154,,0.970005,0,97,0,73.496027
1762,87385,0,762867,11.454815,0.000000,1.030493,,0.970039,0,97,0,73.511061
1763,87385,0,762867,11.454815,0.000000,2.030775,,0.970641,0,97,0,73.526077
1764,87385,0,762867,11.454815,0.000000,0.029137,,0.970107,0,97,0,73.541076
1765,87385,0,762867,11.454815,0.000000,0.025671,non_zero_exit,0.969573,0,97,0,73.499434
1766,87385,0,762867,11.454815,0.000000,1.036060,,0.969610,0,97,0,73.514431
1767,87385,0,762867,11.454815,0.000000,1.031980,,0.969645,0,97,0,73.529412
1768,87385,0,762867,11.454815,0.000000,0.030659,,0.969115,0,97,0,73.544375
1769,87385,0,762867,11.454815,0.000000,5.003936,timeout,0.971394,0,98,0,73.502825
1770,87385,0,762867,11.454815,0.000000,2.032074,,0.971993,0,98,0,73.517787
1771,87385,0,762867,11.454815,0.000000,3.038436,,0.973159,0,98,0,73.532731
1772,87385,0,762867,11.454815,0.000000,1.034432,,0.973194,0,98,0,73.547659
1773,87388,3,762867,11.455208,0.000393,1.034510,,0.973228,0,98,0,73.562570
1774,87388,0,762867,11.455208,0.000000,1.030194,,0.973261,0,98,0,73.577465
1775,87388,0,762867,11.455208,0.000000,1.029246,,0.973292,0,98,0,73.592342
1776,87388,0,762867,11.455208,0.000000,1.028455,,0.973323,0,98,0,73.607203
1777,87388,0,762867,11.455208,0.000000,0.338736,,0.972966,0,98,0,73.622047
1778,87388,0,762867,11.455208,0.000000,0.038521,,0.972441,0,98,0,73.636875
1779,87392,4,762867,11.455732,0.000524,2.053350,,0.973048,0,98,0,73.651685
1780,87405,13,762867,11.457436,0.001704,1.031745,,0.973081,0,98,0,73.666480
1781,90381,2976,762867,11.847544,0.390107,1.042468,,0.973120,0,98,0,73.681257
1782,90381,0,762867,11.847544,0.000000,1.028448,,0.973151,0,98,0,73.696018
1783,90381,0,762867,11.847544,0.000000,1.030683,,0.973183,0,98,0,73.710762
1784,90381,0,762867,11.847544,0.000000,0.024253,non_zero_exit,0.972652,0,98,0,73.669468
1785,90381,0,762867,11.847544,0.000000,0.027871,,0.972123,0,98,0,73.684211
1786,90381,0,762867,11.847544,0.000000,0.031127,,0.971596,0,98,0,73.698937
1787,90381,0,762867,11.847544,0.000000,4.032449,,0.973308,0,98,0,73.713647
1788,90381,0,762867,11.847544,0.000000,3.031600,,0.974459,0,98,0,73.728340
1789,90387,6,762867,11.848330,0.000787,0.032738,,0.973933,0,98,0,73.743017
1790,90387,0,762867,11.848330,0.000000,0.022581,non_zero_exit,0.973401,0,98,0,73.701843
1791,90387,0,762867,11.848330,0.000000,0.031092,,0.972875,0,98,0,73.716518
1792,90387,0,762867,11.848330,0.000000,0.030773,,0.972350,0,98,0,73.731177
1793,90387,0,762867,11.848330,0.000000,5.004185,timeout,0.974597,0,99,0,73.690078
1794,90387,0,762867,11.848330,0.000000,0.535562,,0.974353,0,99,0,73.704735
1795,90387,0,762867,11.848330,0.000000,0.032258,,0.973828,0,99,0,73.719376
1796,90387,0,762867,11.848330,0.000000,0.029551,,0.973303,0,99,0,73.734001
1797,90387,0,762867,11.848330,0.000000,2.541939,,0.974175,0,99,0,73.748610
1798,90413,26,762867,11.851738,0.003408,5.084166,timeout,0.976460,0,100,0,73.707615
1799,90413,0,762867,11.851738,0.000000,1.049707,,0.976501,0,100,0,73.722222
1800,90413,0,762867,11.851738,0.000000,0.033273,,0.975977,0,100,0,73.736813
1801,90415,2,762867,11.852000,0.000262,5.004186,timeout,0.978212,0,101,0,73.695893
1802,90417,2,762867,11.852263,0.000262,1.033830,,0.978243,0,101,0,73.710483
1803,90419,2,762867,11.852525,0.000262,0.030417,,0.977718,0,101,0,73.725055
1804,90419,0,762867,11.852525,0.000000,0.030262,,0.977193,0,101,0,73.739612
1805,90419,0,762867,11.852525,0.000000,0.021280,non_zero_exit,0.976663,0,101,0,73.698782
1806,90419,0,762867,11.852525,0.000000,0.030158,,0.976140,0,101,0,73.713337
1807,90419,0,762867,11.852525,0.000000,0.027015,,0.975615,0,101,0,73.727876
1808,90419,0,762867,11.852525,0.000000,1.030107,,0.975645,0,101,0,73.742399
1809,90419,0,762867,11.852525,0.000000,0.023882,non_zero_exit,0.975119,0,101,0,73.701657
1810,90420,1,762867,11.852656,0.000131,0.533088,,0.974875,0,101,0,73.716179
1811,90420,0,762867,11.852656,0.000000,0.035080,,0.974356,0,101,0,73.730684
1812,90420,0,762867,11.852656,0.000000,0.031237,,0.973836,0,101,0,73.745174
1813,90420,0,762867,11.852656,0.000000,0.030811,,0.973316,0,101,0,73.759647
1814,90420,0,762867,11.852656,0.000000,0.037285,non_zero_exit,0.972800,0,101,0,73.719008
1815,90420,0,762867,11.852656,0.000000,3.529030,non_zero_exit,0.974208,0,101,0,73.678414
1816,90420,0,762867,11.852656,0.000000,1.028964,,0.974238,0,101,0,73.692900
1817,90420,0,762867,11.852656,0.000000,0.027908,,0.973718,0,101,0,73.707371
1818,90420,0,762867,11.852656,0.000000,5.004575,timeout,0.975934,0,102,0,73.666850
1819,90420,0,762867,11.852656,0.000000,0.036130,,0.975417,0,102,0,73.681319
1820,90420,0,762867,11.852656,0.000000,0.031490,,0.974899,0,102,0,73.695772
1821,90420,0,762867,11.852656,0.000000,1.032905,,0.974931,0,102,0,73.710209
1822,90420,0,762867,11.852656,0.000000,1.032744,,0.974963,0,102,0,73.724630
1823,90420,0,762867,11.852656,0.000000,3.039021,non_zero_exit,0.976094,0,102,0,73.684211
1824,90420,0,762867,11.852656,0.000000,0.024702,non_zero_exit,0.975573,0,102,0,73.643836
1825,90420,0,762867,11.852656,0.000000,0.036917,,0.975059,0,102,0,73.658269
1826,90420,0,762867,11.852656,0.000000,0.835320,,0.974982,0,102,0,73.672687
1827,90421,1,762867,11.852787,0.000131,0.021265,non_zero_exit,0.974461,0,102,0,73.632385
1828,90421,0,762867,11.852787,0.000000,1.030521,,0.974491,0,102,0,73.646802
1829,90422,1,762867,11.852918,0.000131,1.033432,,0.974523,0,102,0,73.661202
1830,90422,0,762867,11.852918,0.000000,0.021881,non_zero_exit,0.974003,0,102,0,73.620972
1831,90422,0,762867,11.852918,0.000000,4.539327,,0.975949,0,102,0,73.635371
1832,90422,0,762867,11.852918,0.000000,0.028565,,0.975432,0,102,0,73.649755
1833,90422,0,762867,11.852918,0.000000,0.024595,non_zero_exit,0.974914,0,102,0,73.609597
1834,90422,0,762867,11.852918,0.000000,1.030151,,0.974944,0,102,0,73.623978
1835,90423,1,762867,11.853049,0.000131,0.028638,,0.974429,0,102,0,73.638344
1836,90423,0,762867,11.853049,0.000000,1.027722,,0.974458,0,102,0,73.652695
1837,90423,0,762867,11.853049,0.000000,1.037411,,0.974492,0,102,0,73.667029
1838,90423,0,762867,11.853049,0.000000,0.028982,,0.973978,0,102,0,73.681349
1839,90423,0,762867,11.853049,0.000000,0.024315,non_zero_exit,0.973462,0,102,0,73.641304
1840,90423,0,762867,11.853049,0.000000,3.027302,,0.974577,0,102,0,73.655622
1841,90423,0,762867,11.853049,0.000000,0.029770,,0.974064,0,102,0,73.669924
1842,90423,0,762867,11.853049,0.000000,1.028533,,0.974094,0,102,0,73.684211
1843,90423,0,762867,11.853049,0.000000,2.442374,non_zero_exit,0.974890,0,102,0,73.644252
1844,90424,1,762867,11.853180,0.000131,0.033571,,0.974380,0,102,0,73.658537
1845,90424,0,762867,11.853180,0.000000,0.023868,non_zero_exit,0.973865,0,102,0,73.618635
1846,90424,0,762867,11.853180,0.000000,0.032207,,0.973355,0,102,0,73.632918
1847,90711,287,762867,11.890801,0.037621,1.082050,,0.973414,0,102,0,73.647186
1848,90711,0,762867,11.890801,0.000000,0.027897,,0.972903,0,102,0,73.661439
1849,90712,1,762867,11.890932,0.000131,1.743661,,0.973319,0,102,0,73.675676
1850,90712,0,762867,11.890932,0.000000,3.033662,,0.974432,0,102,0,73.689897
1851,90712,0,762867,11.890932,0.000000,0.023350,non_zero_exit,0.973919,0,102,0,73.650108
1852,90712,0,762867,11.890932,0.000000,3.040687,,0.975034,0,102,0,73.664328
1853,90712,0,762867,11.890932,0.000000,0.030685,,0.974525,0,102,0,73.678533
1854,90712,0,762867,11.890932,0.000000,0.023723,non_zero_exit,0.974012,0,102,0,73.638814
1855,90712,0,762867,11.890932,0.000000,0.634913,,0.973830,0,102,0,73.653017
1856,90715,3,762867,11.891326,0.000393,0.924075,,0.973803,0,102,0,73.667205
1857,90715,0,762867,11.891326,0.000000,1.031839,,0.973834,0,102,0,73.681378
1858,90715,0,762867,11.891326,0.000000,0.029411,,0.973326,0,102,0,73.695535
1859,93748,3033,762867,12.288905,0.397579,5.023666,timeout,0.975504,0,103,0,73.655914
1860,93748,0,762867,12.288905,0.000000,0.024713,non_zero_exit,0.974993,0,103,0,73.616335
1861,93748,0,762867,12.288905,0.000000,0.030762,,0.974486,0,103,0,73.630505
1862,93748,0,762867,12.288905,0.000000,1.031389,,0.974516,0,103,0,73.644659
1863,93748,0,762867,12.288905,0.000000,1.027730,,0.974545,0,103,0,73.658798
1864,93748,0,762867,12.288905,0.000000,3.032630,,0.975648,0,103,0,73.672922
1865,93748,0,762867,12.288905,0.000000,0.231781,,0.975250,0,103,0,73.687031
1866,93748,0,762867,12.288905,0.000000,3.528101,,0.976617,0,103,0,73.701125
1867,93778,30,762867,12.292837,0.003933,1.741241,,0.977026,0,103,0,73.715203
1868,93778,0,762867,12.292837,0.000000,0.020447,non_zero_exit,0.976514,0,103,0,73.675762
1869,93778,0,762867,12.292837,0.000000,0.029779,,0.976008,0,103,0,73.689840
1870,93778,0,762867,12.292837,0.000000,0.232115,,0.975611,0,103,0,73.703902
1871,93778,0,762867,12.292837,0.000000,0.028905,,0.975105,0,103,0,73.717949
1872,93778,0,762867,12.292837,0.000000,0.035723,,0.974603,0,103,0,73.731981
1873,93778,0,762867,12.292837,0.000000,0.024459,non_zero_exit,0.974096,0,103,0,73.692636
1874,93778,0,762867,12.292837,0.000000,3.530278,,0.975460,0,103,0,73.706667
1875,93778,0,762867,12.292837,0.000000,1.031070,,0.975489,0,103,0,73.720682
1876,93778,0,762867,12.292837,0.000000,0.031709,,0.974986,0,103,0,73.734683
1877,93778,0,762867,12.292837,0.000000,0.021667,non_zero_exit,0.974479,0,103,0,73.695421
1878,93778,0,762867,12.292837,0.000000,0.023647,non_zero_exit,0.973973,0,103,0,73.656200
1879,93778,0,762867,12.292837,0.000000,1.027778,,0.974001,0,103,0,73.670213
1880,93781,3,762867,12.293231,0.000393,0.031918,,0.973501,0,103,0,73.684211
1881,93781,0,762867,12.293231,0.000000,0.033614,,0.973001,0,103,0,73.698193
1882,93781,0,762867,12.293231,0.000000,1.033136,,0.973033,0,103,0,73.712161
1883,93781,0,762867,12.293231,0.000000,0.026642,,0.972531,0,103,0,73.726115
1884,93781,0,762867,12.293231,0.000000,0.031676,,0.972032,0,103,0,73.740053
1885,93781,0,762867,12.293231,0.000000,2.025439,,0.972590,0,103,0,73.753977
1886,93783,2,762867,12.293493,0.000262,3.032697,,0.973682,0,103,0,73.767886
1887,93790,7,762867,12.294410,0.000918,2.041245,,0.974247,0,103,0,73.781780
1888,93790,0,762867,12.294410,0.000000,3.036083,,0.975339,0,103,0,73.795659
1889,93790,0,762867,12.294410,0.000000,0.036804,,0.974842,0,103,0,73.809524
1890,93790,0,762867,12.294410,0.000000,0.026748,,0.974341,0,103,0,73.823374
1891,93790,0,762867,12.294410,0.000000,0.021165,non_zero_exit,0.973837,0,103,0,73.784355
1892,93810,20,762867,12.297032,0.002622,0.025281,non_zero_exit,0.973336,0,103,0,73.745378
1893,93819,9,762867,12.298212,0.001180,0.024283,,0.972835,0,103,0,73.759240
1894,93819,0,762867,12.298212,0.000000,0.661209,,0.972670,0,103,0,73.773087
1895,93819,0,762867,12.298212,0.000000,0.024520,,0.972170,0,103,0,73.786920
1896,93819,0,762867,12.298212,0.000000,0.024751,non_zero_exit,0.971671,0,103,0,73.748023
1897,93819,0,762867,12.298212,0.000000,0.022344,non_zero_exit,0.971171,0,103,0,73.709168
1898,93820,1,762867,12.298343,0.000131,0.026788,,0.970673,0,103,0,73.723012
1899,93820,0,762867,12.298343,0.000000,0.023241,non_zero_exit,0.970175,0,103,0,73.684211
1900,93820,0,762867,12.298343,0.000000,1.027920,,0.970205,0,103,0,73.698054
1901,93820,0,762867,12.298343,0.000000,0.028309,,0.969710,0,103,0,73.711882
1902,93820,0,762867,12.298343,0.000000,1.030671,,0.969742,0,103,0,73.725696
1903,93820,0,762867,12.298343,0.000000,1.033070,,0.969775,0,103,0,73.739496
1904,93820,0,762867,12.298343,0.000000,1.032275,,0.969808,0,103,0,73.753281
1905,93820,0,762867,12.298343,0.000000,0.023036,non_zero_exit,0.969311,0,103,0,73.714586
1906,93820,0,762867,12.298343,0.000000,5.004479,timeout,0.971427,0,104,0,73.675931
1907,93820,0,762867,12.298343,0.000000,3.038651,,0.972511,0,104,0,73.689727
1908,93820,0,762867,12.298343,0.000000,1.030655,,0.972541,0,104,0,73.703510
1909,93820,0,762867,12.298343,0.000000,0.955831,,0.972532,0,104,0,73.717277
1910,93822,2,762867,12.298605,0.000262,0.539665,,0.972306,0,104,0,73.731031
1911,93822,0,762867,12.298605,0.000000,0.631034,,0.972127,0,104,0,73.744770
1912,93822,0,762867,12.298605,0.000000,0.030108,,0.971635,0,104,0,73.758495
1913,93822,0,762867,12.298605,0.000000,1.030789,non_zero_exit,0.971666,0,104,0,73.719958
1914,93822,0,762867,12.298605,0.000000,0.023601,non_zero_exit,0.971171,0,104,0,73.681462
1915,93822,0,762867,12.298605,0.000000,2.036667,,0.971727,0,104,0,73.695198
1916,93822,0,762867,12.298605,0.000000,5.004999,timeout,0.973831,0,105,0,73.656755
1917,93822,0,762867,12.298605,0.000000,0.022639,non_zero_exit,0.973335,0,105,0,73.618352
1918,93822,0,762867,12.298605,0.000000,0.035907,,0.972847,0,105,0,73.632100
1919,93822,0,762867,12.298605,0.000000,2.039750,,0.973402,0,105,0,73.645833
1920,93822,0,762867,12.298605,0.000000,0.031434,,0.972912,0,105,0,73.659552
1921,93822,0,762867,12.298605,0.000000,2.032712,,0.973463,0,105,0,73.673257
1922,93822,0,762867,12.298605,0.000000,0.030024,,0.972973,0,105,0,73.686947
1923,93836,14,762867,12.300440,0.001835,0.030574,,0.972483,0,105,0,73.700624
1924,93836,0,762867,12.300440,0.000000,2.033291,,0.973034,0,105,0,73.714286
1925,93836,0,762867,12.300440,0.000000,0.024860,non_zero_exit,0.972542,0,105,0,73.676012
1926,93836,0,762867,12.300440,0.000000,0.535369,,0.972315,0,105,0,73.689673
1927,93880,44,762867,12.306208,0.005768,0.051775,,0.971837,0,105,0,73.703320
1928,93880,0,762867,12.306208,0.000000,0.106635,non_zero_exit,0.971389,0,105,0,73.665111
1929,93880,0,762867,12.306208,0.000000,1.817441,,0.971827,0,105,0,73.678756
1930,93880,0,762867,12.306208,0.000000,0.022121,non_zero_exit,0.971335,0,105,0,73.640601
1931,93880,0,762867,12.306208,0.000000,0.033682,,0.970850,0,105,0,73.654244
1932,93880,0,762867,12.306208,0.000000,1.033162,,0.970882,0,105,0,73.667874
1933,93880,0,762867,12.306208,0.000000,0.930784,,0.970861,0,105,0,73.681489
1934,93880,0,762867,12.306208,0.000000,0.023017,non_zero_exit,0.970372,0,105,0,73.643411
1935,93880,0,762867,12.306208,0.000000,1.043313,,0.970409,0,105,0,73.657025
1936,93880,0,762867,12.306208,0.000000,1.032468,,0.970441,0,105,0,73.670625
1937,93880,0,762867,12.306208,0.000000,0.022115,non_zero_exit,0.969952,0,105,0,73.632611
1938,93880,0,762867,12.306208,0.000000,1.028744,,0.969982,0,105,0,73.646209
1939,93880,0,762867,12.306208,0.000000,3.229832,,0.971147,0,105,0,73.659794
1940,93880,0,762867,12.306208,0.000000,0.028688,,0.970662,0,105,0,73.673364
1941,93880,0,762867,12.306208,0.000000,0.029279,,0.970177,0,105,0,73.686921
1942,93880,0,762867,12.306208,0.000000,3.030046,,0.971237,0,105,0,73.700463
1943,93880,0,762867,12.306208,0.000000,0.022218,non_zero_exit,0.970749,0,105,0,73.662551
1944,93880,0,762867,12.306208,0.000000,0.030828,,0.970266,0,105,0,73.676093
1945,93880,0,762867,12.306208,0.000000,0.039697,,0.969787,0,105,0,73.689620
1946,93880,0,762867,12.306208,0.000000,0.030007,,0.969305,0,105,0,73.703133
1947,93880,0,762867,12.306208,0.000000,0.029147,,0.968822,0,105,0,73.716632
1948,93880,0,762867,12.306208,0.000000,0.021334,non_zero_exit,0.968336,0,105,0,73.678810
1949,93880,0,762867,12.306208,0.000000,0.026412,non_zero_exit,0.967853,0,105,0,73.641026
1950,93880,0,762867,12.306208,0.000000,5.004588,timeout,0.969922,0,106,0,73.603280
1951,93880,0,762867,12.306208,0.000000,0.024613,non_zero_exit,0.969438,0,106,0,73.565574
1952,93880,0,762867,12.306208,0.000000,0.030374,,0.968957,0,106,0,73.579109
1953,93880,0,762867,12.306208,0.000000,0.023367,non_zero_exit,0.968473,0,106,0,73.541453
1954,93880,0,762867,12.306208,0.000000,2.029038,,0.969015,0,106,0,73.554987
1955,93880,0,762867,12.306208,0.000000,1.030720,,0.969047,0,106,0,73.568507
1956,93880,0,762867,12.306208,0.000000,5.005121,timeout,0.971109,0,107,0,73.530915
1957,93880,0,762867,12.306208,0.000000,0.134398,non_zero_exit,0.970682,0,107,0,73.493361
1958,93880,0,762867,12.306208,0.000000,3.037099,,0.971737,0,107,0,73.506891
1959,93880,0,762867,12.306208,0.000000,0.026734,,0.971255,0,107,0,73.520408
1960,93880,0,762867,12.306208,0.000000,0.030688,,0.970775,0,107,0,73.533911
1961,93880,0,762867,12.306208,0.000000,0.032281,,0.970297,0,107,0,73.547401
1962,93880,0,762867,12.306208,0.000000,1.035068,,0.970330,0,107,0,73.560876
1963,93880,0,762867,12.306208,0.000000,0.031301,,0.969852,0,107,0,73.574338
1964,93880,0,762867,12.306208,0.000000,3.834601,,0.971310,0,107,0,73.587786
1965,93880,0,762867,12.306208,0.000000,1.031844,,0.971340,0,107,0,73.601221
1966,93880,0,762867,12.306208,0.000000,1.835796,,0.971780,0,107,0,73.614642
1967,93880,0,762867,12.306208,0.000000,0.020782,non_zero_exit,0.971297,0,107,0,73.577236
1968,93880,0,762867,12.306208,0.000000,1.028194,,0.971325,0,107,0,73.590655
1969,93880,0,762867,12.306208,0.000000,1.529933,,0.971609,0,107,0,73.604061
1970,93880,0,762867,12.306208,0.000000,0.030958,,0.971132,0,107,0,73.617453
1971,93880,0,762867,12.306208,0.000000,0.031353,,0.970655,0,107,0,73.630832
1972,93880,0,762867,12.306208,0.000000,0.031638,,0.970179,0,107,0,73.644197
1973,93880,0,762867,12.306208,0.000000,1.033529,,0.970211,0,107,0,73.657548
1974,93880,0,762867,12.306208,0.000000,1.032121,,0.970243,0,107,0,73.670886
1975,93880,0,762867,12.306208,0.000000,4.534603,,0.972047,0,107,0,73.684211
1976,93880,0,762867,12.306208,0.000000,1.031376,non_zero_exit,0.972077,0,107,0,73.646940
1977,93884,4,762867,12.306732,0.000524,5.004487,timeout,0.974115,0,108,0,73.609707
1978,93884,0,762867,12.306732,0.000000,1.046580,,0.974152,0,108,0,73.623042
1979,93884,0,762867,12.306732,0.000000,1.032468,,0.974181,0,108,0,73.636364
1980,93884,0,762867,12.306732,0.000000,5.004359,timeout,0.976216,0,109,0,73.599192
1981,93910,26,762867,12.310141,0.003408,3.032071,,0.977253,0,109,0,73.612513
1982,93911,1,762867,12.310272,0.000131,0.026708,,0.976774,0,109,0,73.625819
1983,93911,0,762867,12.310272,0.000000,0.024803,non_zero_exit,0.976294,0,109,0,73.588710
1984,93911,0,762867,12.310272,0.000000,0.030698,,0.975817,0,109,0,73.602015
1985,93911,0,762867,12.310272,0.000000,0.023077,non_zero_exit,0.975338,0,109,0,73.564955
1986,93917,6,762867,12.311058,0.000787,0.028454,non_zero_exit,0.974861,0,109,0,73.527932
1987,93917,0,762867,12.311058,0.000000,0.023699,non_zero_exit,0.974383,0,109,0,73.490946
1988,93917,0,762867,12.311058,0.000000,1.029993,,0.974411,0,109,0,73.504274
1989,93917,0,762867,12.311058,0.000000,1.037117,,0.974442,0,109,0,73.517588
1990,93917,0,762867,12.311058,0.000000,1.226531,,0.974569,0,109,0,73.530889
1991,93917,0,762867,12.311058,0.000000,1.030795,,0.974597,0,109,0,73.544177
1992,93917,0,762867,12.311058,0.000000,1.035501,,0.974628,0,109,0,73.557451
1993,93917,0,762867,12.311058,0.000000,0.027862,,0.974153,0,109,0,73.570712
1994,93917,0,762867,12.311058,0.000000,0.025326,non_zero_exit,0.973677,0,109,0,73.533835
1995,93917,0,762867,12.311058,0.000000,0.026767,,0.973203,0,109,0,73.547094
1996,93917,0,762867,12.311058,0.000000,1.026955,,0.973230,0,109,0,73.560341
1997,93927,10,762867,12.312369,0.001311,0.026094,,0.972756,0,109,0,73.573574
1998,93927,0,762867,12.312369,0.000000,5.003456,timeout,0.974772,0,110,0,73.536768
1999,93927,0,762867,12.312369,0.000000,0.022113,non_zero_exit,0.974296,0,110,0,73.500000
2000,93927,0,762867,12.312369,0.000000,0.447580,,0.974032,0,110,0,73.513243
2001,93927,0,762867,12.312369,0.000000,1.028771,,0.974060,0,110,0,73.526474
2002,93927,0,762867,12.312369,0.000000,5.005155,timeout,0.976072,0,111,0,73.489765
2003,93927,0,762867,12.312369,0.000000,0.026339,,0.975598,0,111,0,73.502994
2004,93927,0,762867,12.312369,0.000000,1.030980,,0.975626,0,111,0,73.516209
2005,93927,0,762867,12.312369,0.000000,1.034561,,0.975655,0,111,0,73.529412
2006,93927,0,762867,12.312369,0.000000,0.024323,non_zero_exit,0.975181,0,111,0,73.492775
2007,93927,0,762867,12.312369,0.000000,1.032352,,0.975210,0,111,0,73.505976
2008,93927,0,762867,12.312369,0.000000,1.030222,,0.975237,0,111,0,73.519164
2009,93927,0,762867,12.312369,0.000000,0.033782,,0.974769,0,111,0,73.532338
2010,93927,0,762867,12.312369,0.000000,0.032936,,0.974300,0,111,0,73.545500
2011,93927,0,762867,12.312369,0.000000,4.033163,,0.975821,0,111,0,73.558648
2012,93927,0,762867,12.312369,0.000000,2.532759,,0.976594,0,111,0,73.571783
2013,93927,0,762867,12.312369,0.000000,0.036282,,0.976127,0,111,0,73.584906
2014,93927,0,762867,12.312369,0.000000,0.023820,non_zero_exit,0.975655,0,111,0,73.548387
2015,93927,0,762867,12.312369,0.000000,1.029269,,0.975681,0,111,0,73.561508
2016,93927,0,762867,12.312369,0.000000,5.003772,timeout,0.977678,0,112,0,73.525037
2017,93927,0,762867,12.312369,0.000000,0.532174,,0.977458,0,112,0,73.538157
2018,93927,0,762867,12.312369,0.000000,0.027713,,0.976987,0,112,0,73.551263
2019,93928,1,762867,12.312500,0.000131,0.028770,,0.976518,0,112,0,73.564356
2020,93928,0,762867,12.312500,0.000000,0.023952,non_zero_exit,0.976046,0,112,0,73.527956
2021,93928,0,762867,12.312500,0.000000,0.034328,,0.975581,0,112,0,73.541048
2022,93929,1,762867,12.312631,0.000131,0.031254,,0.975114,0,112,0,73.554128
2023,93929,0,762867,12.312631,0.000000,2.029909,,0.975635,0,112,0,73.567194
2024,93929,0,762867,12.312631,0.000000,1.030230,,0.975662,0,112,0,73.580247
2025,93929,0,762867,12.312631,0.000000,1.043883,,0.975696,0,112,0,73.593287
2026,93929,0,762867,12.312631,0.000000,1.033410,,0.975724,0,112,0,73.606315
2027,93930,1,762867,12.312762,0.000131,1.033631,,0.975753,0,112,0,73.619329
2028,93930,0,762867,12.312762,0.000000,0.024543,non_zero_exit,0.975284,0,112,0,73.583046
2029,93930,0,762867,12.312762,0.000000,1.032642,,0.975312,0,112,0,73.596059
2030,93930,0,762867,12.312762,0.000000,0.029671,,0.974847,0,112,0,73.609060
2031,93930,0,762867,12.312762,0.000000,1.030874,,0.974874,0,112,0,73.622047
2032,93930,0,762867,12.312762,0.000000,0.031568,,0.974410,0,112,0,73.635022
2033,93930,0,762867,12.312762,0.000000,0.023134,non_zero_exit,0.973942,0,112,0,73.598820
2034,93930,0,762867,12.312762,0.000000,0.032581,,0.973480,0,112,0,73.611794
2035,93930,0,762867,12.312762,0.000000,0.021699,non_zero_exit,0.973012,0,112,0,73.575639
2036,93930,0,762867,12.312762,0.000000,2.033238,,0.973533,0,112,0,73.588611
2037,93930,0,762867,12.312762,0.000000,0.029110,,0.973070,0,112,0,73.601570
2038,93931,1,762867,12.312893,0.000131,0.030720,,0.972607,0,112,0,73.614517
2039,93931,0,762867,12.312893,0.000000,0.020689,non_zero_exit,0.972141,0,112,0,73.578431
2040,93931,0,762867,12.312893,0.000000,1.033764,,0.972171,0,112,0,73.591377
2041,93931,0,762867,12.312893,0.000000,0.031851,,0.971710,0,112,0,73.604310
2042,93931,0,762867,12.312893,0.000000,5.003902,timeout,0.973684,0,113,0,73.568282
2043,93935,4,762867,12.313418,0.000524,0.027583,,0.973221,0,113,0,73.581213
2044,93935,0,762867,12.313418,0.000000,0.027994,,0.972759,0,113,0,73.594132
2045,93935,0,762867,12.313418,0.000000,0.029396,,0.972298,0,113,0,73.607038
2046,93935,0,762867,12.313418,0.000000,2.042567,,0.972821,0,113,0,73.619932
2047,93937,2,762867,12.313680,0.000262,0.032399,,0.972362,0,113,0,73.632812
2048,93939,2,762867,12.313942,0.000262,0.028060,,0.971901,0,113,0,73.645681
2049,93939,0,762867,12.313942,0.000000,1.031506,non_zero_exit,0.971930,0,113,0,73.609756
2050,93959,20,762867,12.316564,0.002622,5.083709,timeout,0.973935,0,114,0,73.573866
2051,93959,0,762867,12.316564,0.000000,0.037485,,0.973478,0,114,0,73.586745
2052,93959,0,762867,12.316564,0.000000,0.029761,,0.973019,0,114,0,73.599610
2053,93959,0,762867,12.316564,0.000000,0.025824,,0.972557,0,114,0,73.612463
2054,93959,0,762867,12.316564,0.000000,0.028724,,0.972098,0,114,0,73.625304
2055,93959,0,762867,12.316564,0.000000,0.026367,non_zero_exit,0.971638,0,114,0,73.589494
2056,93959,0,762867,12.316564,0.000000,0.029276,,0.971180,0,114,0,73.602333
2057,93959,0,762867,12.316564,0.000000,0.023523,non_zero_exit,0.970720,0,114,0,73.566569
2058,93959,0,762867,12.316564,0.000000,3.034620,non_zero_exit,0.971722,0,114,0,73.530840
2059,93959,0,762867,12.316564,0.000000,1.026321,,0.971748,0,114,0,73.543689
2060,93959,0,762867,12.316564,0.000000,0.033475,,0.971293,0,114,0,73.556526
2061,93959,0,762867,12.316564,0.000000,0.028673,,0.970836,0,114,0,73.569350
2062,93959,0,762867,12.316564,0.000000,0.031722,,0.970381,0,114,0,73.582162
2063,93959,0,762867,12.316564,0.000000,0.023777,non_zero_exit,0.969922,0,114,0,73.546512
2064,93959,0,762867,12.316564,0.000000,0.024687,non_zero_exit,0.969464,0,114,0,73.510896
2065,93959,0,762867,12.316564,0.000000,1.035900,,0.969497,0,114,0,73.523717
2066,93959,0,762867,12.316564,0.000000,0.023797,non_zero_exit,0.969039,0,114,0,73.488147
2067,93959,0,762867,12.316564,0.000000,0.030612,,0.968585,0,114,0,73.500967
2068,93959,0,762867,12.316564,0.000000,1.031653,,0.968616,0,114,0,73.513775
2069,93959,0,762867,12.316564,0.000000,0.024035,non_zero_exit,0.968159,0,114,0,73.478261
2070,93959,0,762867,12.316564,0.000000,1.030233,,0.968189,0,114,0,73.491067
2071,93959,0,762867,12.316564,0.000000,5.003985,timeout,0.970137,0,115,0,73.455598
2072,93959,0,762867,12.316564,0.000000,0.030400,,0.969684,0,115,0,73.468403
2073,93959,0,762867,12.316564,0.000000,1.029018,,0.969712,0,115,0,73.481196
2074,93960,1,762867,12.316695,0.000131,0.023366,non_zero_exit,0.969256,0,115,0,73.445783
2075,93960,0,762867,12.316695,0.000000,5.004464,timeout,0.971200,0,116,0,73.410405
2076,93960,0,762867,12.316695,0.000000,1.032794,,0.971230,0,116,0,73.423207
2077,93960,0,762867,12.316695,0.000000,1.030282,,0.971258,0,116,0,73.435996
2078,93960,0,762867,12.316695,0.000000,0.535271,,0.971049,0,116,0,73.448773
2079,93960,0,762867,12.316695,0.000000,1.031404,,0.971078,0,116,0,73.461538
2080,93960,0,762867,12.316695,0.000000,2.037511,,0.971590,0,116,0,73.474291
2081,93960,0,762867,12.316695,0.000000,1.034125,,0.971620,0,116,0,73.487032
2082,93960,0,762867,12.316695,0.000000,2.031448,,0.972129,0,116,0,73.499760
2083,93960,0,762867,12.316695,0.000000,0.023278,non_zero_exit,0.971674,0,116,0,73.464491
2084,93960,0,762867,12.316695,0.000000,1.038431,,0.971706,0,116,0,73.477218
2085,93960,0,762867,12.316695,0.000000,0.029775,,0.971254,0,116,0,73.489933
2086,93960,0,762867,12.316695,0.000000,0.181627,non_zero_exit,0.970876,0,116,0,73.454720
2087,93960,0,762867,12.316695,0.000000,0.131096,,0.970473,0,116,0,73.467433
2088,93960,0,762867,12.316695,0.000000,0.031305,,0.970024,0,116,0,73.480134
2089,93960,0,762867,12.316695,0.000000,2.321059,,0.970670,0,116,0,73.492823
2090,93960,0,762867,12.316695,0.000000,1.037947,,0.970702,0,116,0,73.505500
2091,93966,6,762867,12.317481,0.000787,1.229851,non_zero_exit,0.970826,0,116,0,73.470363
2092,93966,0,762867,12.317481,0.000000,0.037023,,0.970380,0,116,0,73.483039
2093,93966,0,762867,12.317481,0.000000,0.037759,,0.969935,0,116,0,73.495702
2094,93966,0,762867,12.317481,0.000000,0.031455,,0.969487,0,116,0,73.508353
2095,93966,0,762867,12.317481,0.000000,0.031865,non_zero_exit,0.969040,0,116,0,73.473282
2096,93966,0,762867,12.317481,0.000000,0.031052,,0.968592,0,116,0,73.485932
2097,93966,0,762867,12.317481,0.000000,1.030316,,0.968622,0,116,0,73.498570
2098,93967,1,762867,12.317612,0.000131,0.023181,non_zero_exit,0.968171,0,116,0,73.463554
2099,93967,0,762867,12.317612,0.000000,0.023083,non_zero_exit,0.967721,0,116,0,73.428571
2100,93967,0,762867,12.317612,0.000000,0.032854,,0.967276,0,116,0,73.441218
2101,93967,0,762867,12.317612,0.000000,0.021042,non_zero_exit,0.966826,0,116,0,73.406280
2102,93967,0,762867,12.317612,0.000000,0.030623,,0.966381,0,116,0,73.418925
2103,93967,0,762867,12.317612,0.000000,0.029310,,0.965935,0,116,0,73.431559
2104,93969,2,762867,12.317875,0.000262,0.028495,,0.965490,0,116,0,73.444181
2105,93969,0,762867,12.317875,0.000000,1.028457,,0.965520,0,116,0,73.456790
2106,93969,0,762867,12.317875,0.000000,2.537987,,0.966266,0,116,0,73.469388
2107,93969,0,762867,12.317875,0.000000,1.531142,,0.966534,0,116,0,73.481973
2108,93970,1,762867,12.318006,0.000131,0.031834,non_zero_exit,0.966091,0,116,0,73.447131
2109,93970,0,762867,12.318006,0.000000,0.021812,non_zero_exit,0.965644,0,116,0,73.412322
2110,93972,2,762867,12.318268,0.000262,2.035001,,0.966150,0,116,0,73.424917
2111,93972,0,762867,12.318268,0.000000,1.031655,,0.966181,0,116,0,73.437500
2112,93972,0,762867,12.318268,0.000000,0.030303,,0.965738,0,116,0,73.450071
2113,93972,0,762867,12.318268,0.000000,0.021969,non_zero_exit,0.965292,0,116,0,73.415326
2114,93972,0,762867,12.318268,0.000000,0.034175,,0.964852,0,116,0,73.427896
2115,93972,0,762867,12.318268,0.000000,0.021213,non_zero_exit,0.964406,0,116,0,73.393195
2116,93972,0,762867,12.318268,0.000000,0.027112,non_zero_exit,0.963963,0,116,0,73.358526
2117,93981,9,762867,12.319448,0.001180,0.025258,non_zero_exit,0.963520,0,116,0,73.323890
2118,93984,3,762867,12.319841,0.000393,0.045691,,0.963087,0,116,0,73.336479
2119,93984,0,762867,12.319841,0.000000,1.036441,,0.963121,0,116,0,73.349057
2120,93990,6,762867,12.320627,0.000787,0.021804,non_zero_exit,0.962677,0,116,0,73.314474
2121,93990,0,762867,12.320627,0.000000,1.035486,non_zero_exit,0.962712,0,116,0,73.279925
2122,93990,0,762867,12.320627,0.000000,3.041384,,0.963691,0,116,0,73.292511
2123,94039,49,762867,12.327050,0.006423,5.008229,timeout,0.965595,0,117,0,73.258004
2124,94039,0,762867,12.327050,0.000000,5.003380,timeout,0.967495,0,118,0,73.223529
2125,94039,0,762867,12.327050,0.000000,2.362556,,0.968151,0,118,0,73.236124
2126,94039,0,762867,12.327050,0.000000,3.029544,,0.969120,0,118,0,73.248707
2127,94039,0,762867,12.327050,0.000000,2.032969,,0.969620,0,118,0,73.261278
2128,94039,0,762867,12.327050,0.000000,5.003267,timeout,0.971515,0,119,0,73.226867
2129,94039,0,762867,12.327050,0.000000,0.032758,,0.971074,0,119,0,73.239437
2130,94039,0,762867,12.327050,0.000000,2.573114,,0.971826,0,119,0,73.251994
2131,94040,1,762867,12.327182,0.000131,0.024447,non_zero_exit,0.971382,0,119,0,73.217636
2132,94040,0,762867,12.327182,0.000000,2.037693,,0.971882,0,119,0,73.230192
2133,94040,0,762867,12.327182,0.000000,3.037810,,0.972850,0,119,0,73.242737
2134,94040,0,762867,12.327182,0.000000,1.031238,,0.972877,0,119,0,73.255269
2135,94040,0,762867,12.327182,0.000000,0.025390,non_zero_exit,0.972433,0,119,0,73.220974
2136,94040,0,762867,12.327182,0.000000,2.031652,,0.972929,0,119,0,73.233505
2137,94040,0,762867,12.327182,0.000000,0.030353,,0.972488,0,119,0,73.246024
2138,94040,0,762867,12.327182,0.000000,0.022207,non_zero_exit,0.972044,0,119,0,73.211781
2139,94051,11,762867,12.328623,0.001442,0.026618,,0.971602,0,119,0,73.224299
2140,94051,0,762867,12.328623,0.000000,0.022870,non_zero_exit,0.971159,0,119,0,73.190098
2141,94063,12,762867,12.330196,0.001573,0.030911,,0.970720,0,119,0,73.202614
2142,94063,0,762867,12.330196,0.000000,0.026515,non_zero_exit,0.970280,0,119,0,73.168455
2143,94063,0,762867,12.330196,0.000000,0.049201,,0.969850,0,119,0,73.180970
2144,94063,0,762867,12.330196,0.000000,0.025477,non_zero_exit,0.969410,0,119,0,73.146853
2145,94063,0,762867,12.330196,0.000000,1.030087,,0.969438,0,119,0,73.159366
2146,94063,0,762867,12.330196,0.000000,1.028973,,0.969466,0,119,0,73.171868
2147,94063,0,762867,12.330196,0.000000,0.033595,,0.969030,0,119,0,73.184358
2148,94063,0,762867,12.330196,0.000000,0.033124,,0.968594,0,119,0,73.196836
2149,94063,0,762867,12.330196,0.000000,4.537129,,0.970254,0,119,0,73.209302
2150,94063,0,762867,12.330196,0.000000,1.821495,non_zero_exit,0.970650,0,119,0,73.175267
2151,94063,0,762867,12.330196,0.000000,0.029902,,0.970213,0,119,0,73.187732
2152,94063,0,762867,12.330196,0.000000,1.030993,,0.970241,0,119,0,73.200186
2153,94063,0,762867,12.330196,0.000000,2.032860,,0.970734,0,119,0,73.212628
2154,94063,0,762867,12.330196,0.000000,0.028049,,0.970297,0,119,0,73.225058
2155,94063,0,762867,12.330196,0.000000,0.029515,,0.969861,0,119,0,73.237477
2156,94063,0,762867,12.330196,0.000000,0.025366,non_zero_exit,0.969423,0,119,0,73.203523
2157,94063,0,762867,12.330196,0.000000,0.027338,,0.968986,0,119,0,73.215941
2158,94063,0,762867,12.330196,0.000000,1.032722,,0.969016,0,119,0,73.228346
2159,94063,0,762867,12.330196,0.000000,0.031668,,0.968582,0,119,0,73.240741
2160,94064,1,762867,12.330328,0.000131,0.027950,,0.968146,0,119,0,73.253124
2161,94064,0,762867,12.330328,0.000000,2.038470,,0.968641,0,119,0,73.265495
2162,94064,0,762867,12.330328,0.000000,0.029052,,0.968207,0,119,0,73.277855
2163,94064,0,762867,12.330328,0.000000,0.022144,non_zero_exit,0.967770,0,119,0,73.243993
2164,94064,0,762867,12.330328,0.000000,3.731354,,0.969046,0,119,0,73.256351
2165,94064,0,762867,12.330328,0.000000,0.127424,,0.968658,0,119,0,73.268698
2166,94064,0,762867,12.330328,0.000000,2.033163,,0.969149,0,119,0,73.281034
2167,94064,0,762867,12.330328,0.000000,1.029010,,0.969177,0,119,0,73.293358
2168,94064,0,762867,12.330328,0.000000,0.024768,non_zero_exit,0.968741,0,119,0,73.259567
2169,94064,0,762867,12.330328,0.000000,0.021509,non_zero_exit,0.968305,0,119,0,73.225806
2170,94064,0,762867,12.330328,0.000000,0.025998,non_zero_exit,0.967871,0,119,0,73.192077
2171,94064,0,762867,12.330328,0.000000,1.029060,,0.967899,0,119,0,73.204420
2172,94064,0,762867,12.330328,0.000000,0.032123,non_zero_exit,0.967468,0,119,0,73.170732
2173,94064,0,762867,12.330328,0.000000,1.030866,,0.967497,0,119,0,73.183073
2174,94064,0,762867,12.330328,0.000000,0.030174,,0.967066,0,119,0,73.195402
2175,94064,0,762867,12.330328,0.000000,1.031300,,0.967096,0,119,0,73.207721
2176,94064,0,762867,12.330328,0.000000,1.830977,,0.967493,0,119,0,73.220028
2177,94064,0,762867,12.330328,0.000000,0.021897,non_zero_exit,0.967059,0,119,0,73.186410
2178,94064,0,762867,12.330328,0.000000,0.027122,,0.966627,0,119,0,73.198715
2179,94064,0,762867,12.330328,0.000000,5.004401,timeout,0.968479,0,120,0,73.165138
2180,94064,0,762867,12.330328,0.000000,0.024297,non_zero_exit,0.968047,0,120,0,73.131591
2181,94064,0,762867,12.330328,0.000000,0.021740,non_zero_exit,0.967613,0,120,0,73.098075
2182,94064,0,762867,12.330328,0.000000,1.037477,,0.967645,0,120,0,73.110399
2183,94064,0,762867,12.330328,0.000000,0.026949,non_zero_exit,0.967214,0,120,0,73.076923
2184,94064,0,762867,12.330328,0.000000,1.032415,,0.967244,0,120,0,73.089245
2185,94064,0,762867,12.330328,0.000000,0.026789,,0.966814,0,120,0,73.101555
2186,94064,0,762867,12.330328,0.000000,0.035643,non_zero_exit,0.966388,0,120,0,73.068130
2187,94064,0,762867,12.330328,0.000000,0.032866,,0.965961,0,120,0,73.080439
2188,94064,0,762867,12.330328,0.000000,3.031452,,0.966905,0,120,0,73.092736
2189,94064,0,762867,12.330328,0.000000,0.027260,,0.966476,0,120,0,73.105023
2190,94064,0,762867,12.330328,0.000000,1.532607,,0.966734,0,120,0,73.117298
2191,94064,0,762867,12.330328,0.000000,1.037133,non_zero_exit,0.966766,0,120,0,73.083942
2192,94064,0,762867,12.330328,0.000000,0.025335,non_zero_exit,0.966337,0,120,0,73.050616
2193,94064,0,762867,12.330328,0.000000,1.032213,,0.966367,0,120,0,73.062899
2194,94064,0,762867,12.330328,0.000000,5.003432,timeout,0.968206,0,121,0,73.029613
2195,94064,0,762867,12.330328,0.000000,1.029880,,0.968234,0,121,0,73.041894
2196,94064,0,762867,12.330328,0.000000,1.032451,,0.968264,0,121,0,73.054165
2197,94064,0,762867,12.330328,0.000000,1.536798,,0.968522,0,121,0,73.066424
2198,94064,0,762867,12.330328,0.000000,1.030728,,0.968551,0,121,0,73.078672
2199,94064,0,762867,12.330328,0.000000,0.033769,,0.968126,0,121,0,73.090909
2200,94064,0,762867,12.330328,0.000000,0.027874,,0.967698,0,121,0,73.103135
2201,94064,0,762867,12.330328,0.000000,0.024728,non_zero_exit,0.967270,0,121,0,73.069936
2202,94064,0,762867,12.330328,0.000000,1.032328,,0.967300,0,121,0,73.082161
2203,94065,1,762867,12.330459,0.000131,0.024114,non_zero_exit,0.966872,0,121,0,73.049002
2204,94065,0,762867,12.330459,0.000000,1.030760,,0.966901,0,121,0,73.061224
2205,94065,0,762867,12.330459,0.000000,0.031370,,0.966477,0,121,0,73.073436
2206,94065,0,762867,12.330459,0.000000,0.031847,,0.966053,0,121,0,73.085637
2207,94065,0,762867,12.330459,0.000000,0.031798,,0.965630,0,121,0,73.097826
2208,94065,0,762867,12.330459,0.000000,0.024696,non_zero_exit,0.965204,0,121,0,73.064735
2209,94065,0,762867,12.330459,0.000000,0.030280,,0.964781,0,121,0,73.076923
2210,94065,0,762867,12.330459,0.000000,0.022499,non_zero_exit,0.964355,0,121,0,73.043872
2211,94065,0,762867,12.330459,0.000000,0.029785,,0.963932,0,121,0,73.056058
2212,94091,26,762867,12.333867,0.003408,0.033722,,0.963512,0,121,0,73.068233
2213,94091,0,762867,12.333867,0.000000,0.031090,,0.963091,0,121,0,73.080397
2214,94091,0,762867,12.333867,0.000000,0.021941,non_zero_exit,0.962666,0,121,0,73.047404
2215,94091,0,762867,12.333867,0.000000,0.029425,,0.962245,0,121,0,73.059567
2216,94091,0,762867,12.333867,0.000000,4.529300,,0.963854,0,121,0,73.071719
2217,94091,0,762867,12.333867,0.000000,1.033667,,0.963885,0,121,0,73.083859
2218,94091,0,762867,12.333867,0.000000,0.029375,,0.963464,0,121,0,73.095989
2219,94091,0,762867,12.333867,0.000000,1.028859,,0.963494,0,121,0,73.108108
2220,94091,0,762867,12.333867,0.000000,0.029770,,0.963073,0,121,0,73.120216
2221,94092,1,762867,12.333998,0.000131,0.040930,,0.962658,0,121,0,73.132313
2222,94093,1,762867,12.334129,0.000131,0.024805,non_zero_exit,0.962236,0,121,0,73.099415
2223,94100,7,762867,12.335047,0.000918,4.032876,,0.963617,0,121,0,73.111511
2224,94101,1,762867,12.335178,0.000131,0.032688,,0.963199,0,121,0,73.123596
2225,94101,0,762867,12.335178,0.000000,0.022322,non_zero_exit,0.962776,0,121,0,73.090746
2226,94124,23,762867,12.338193,0.003015,0.129947,,0.962402,0,121,0,73.102829
2227,94124,0,762867,12.338193,0.000000,2.040876,,0.962886,0,121,0,73.114901
2228,94124,0,762867,12.338193,0.000000,0.021329,non_zero_exit,0.962464,0,121,0,73.082100
2229,94124,0,762867,12.338193,0.000000,0.034668,,0.962048,0,121,0,73.094170
2230,94124,0,762867,12.338193,0.000000,0.022382,non_zero_exit,0.961626,0,121,0,73.061407
2231,94125,1,762867,12.338324,0.000131,0.021937,non_zero_exit,0.961205,0,121,0,73.028674
2232,94125,0,762867,12.338324,0.000000,1.031477,,0.961237,0,121,0,73.040752
2233,94125,0,762867,12.338324,0.000000,0.022175,non_zero_exit,0.960817,0,121,0,73.008057
2234,94125,0,762867,12.338324,0.000000,3.031915,,0.961743,0,121,0,73.020134
2235,94159,34,762867,12.342781,0.004457,0.024087,non_zero_exit,0.961324,0,121,0,72.987478
2236,94174,15,762867,12.344747,0.001966,5.004456,timeout,0.963131,0,122,0,72.954850
2237,94174,0,762867,12.344747,0.000000,0.439218,,0.962897,0,122,0,72.966935
2238,94174,0,762867,12.344747,0.000000,3.033665,,0.963822,0,122,0,72.979008
2239,94174,0,762867,12.344747,0.000000,0.033927,,0.963407,0,122,0,72.991071
2240,94176,2,762867,12.345009,0.000262,0.633065,,0.963259,0,122,0,73.003124
2241,94176,0,762867,12.345009,0.000000,2.231023,,0.963825,0,122,0,73.015165
2242,94186,10,762867,12.346320,0.001311,1.645150,,0.964129,0,122,0,73.027196
2243,94186,0,762867,12.346320,0.000000,1.032934,,0.964159,0,122,0,73.039216
2244,94186,0,762867,12.346320,0.000000,2.534266,,0.964859,0,122,0,73.051225
2245,94186,0,762867,12.346320,0.000000,0.649255,non_zero_exit,0.964718,0,122,0,73.018700
2246,94186,0,762867,12.346320,0.000000,1.041187,non_zero_exit,0.964752,0,122,0,72.986204
2247,94186,0,762867,12.346320,0.000000,5.004158,timeout,0.966549,0,123,0,72.953737
2248,94188,2,762867,12.346582,0.000262,1.037262,,0.966581,0,123,0,72.965763
2249,94188,0,762867,12.346582,0.000000,0.025990,,0.966163,0,123,0,72.977778
2250,94188,0,762867,12.346582,0.000000,0.029866,,0.965747,0,123,0,72.989782
2251,94188,0,762867,12.346582,0.000000,0.021230,non_zero_exit,0.965327,0,123,0,72.957371
2252,94188,0,762867,12.346582,0.000000,1.031249,,0.965356,0,123,0,72.969374
2253,94188,0,762867,12.346582,0.000000,0.020284,non_zero_exit,0.964937,0,123,0,72.937001
2254,94188,0,762867,12.346582,0.000000,0.033085,,0.964524,0,123,0,72.949002
2255,94189,1,762867,12.346713,0.000131,5.004244,timeout,0.966315,0,124,0,72.916667
2256,94189,0,762867,12.346713,0.000000,0.021905,non_zero_exit,0.965896,0,124,0,72.884360
2257,94189,0,762867,12.346713,0.000000,0.025857,non_zero_exit,0.965480,0,124,0,72.852081
2258,94189,0,762867,12.346713,0.000000,0.020996,non_zero_exit,0.965062,0,124,0,72.819832
2259,94190,1,762867,12.346844,0.000131,0.025476,,0.964646,0,124,0,72.831858
2260,94190,0,762867,12.346844,0.000000,0.031703,,0.964233,0,124,0,72.843874
2261,94193,3,762867,12.347237,0.000393,1.032903,,0.964264,0,124,0,72.855880
2262,94193,0,762867,12.347237,0.000000,1.034494,,0.964295,0,124,0,72.867875
2263,94195,2,762867,12.347500,0.000262,0.535215,,0.964105,0,124,0,72.879859
2264,94195,0,762867,12.347500,0.000000,0.023982,non_zero_exit,0.963690,0,124,0,72.847682
2265,94195,0,762867,12.347500,0.000000,3.037683,,0.964605,0,124,0,72.859665
2266,94207,12,762867,12.349073,0.001573,1.029941,,0.964634,0,124,0,72.871637
2267,94207,0,762867,12.349073,0.000000,5.005478,timeout,0.966416,0,125,0,72.839506
2268,94207,0,762867,12.349073,0.000000,4.043078,,0.967772,0,125,0,72.851476
2269,94209,2,762867,12.349335,0.000262,0.037526,,0.967362,0,125,0,72.863436
2270,94209,0,762867,12.349335,0.000000,0.030026,,0.966949,0,125,0,72.875385
2271,94209,0,762867,12.349335,0.000000,1.035571,,0.966980,0,125,0,72.887324
2272,94209,0,762867,12.349335,0.000000,1.031354,,0.967008,0,125,0,72.899252
2273,94209,0,762867,12.349335,0.000000,0.023649,non_zero_exit,0.966593,0,125,0,72.867194
2274,94209,0,762867,12.349335,0.000000,0.035033,,0.966184,0,125,0,72.879121
2275,94217,8,762867,12.350383,0.001049,2.046738,,0.966658,0,125,0,72.891037
2276,94217,0,762867,12.350383,0.000000,5.004670,timeout,0.968432,0,126,0,72.859025
2277,94217,0,762867,12.350383,0.000000,2.029687,,0.968898,0,126,0,72.870939
2278,94217,0,762867,12.350383,0.000000,0.029813,,0.968485,0,126,0,72.882843
2279,94217,0,762867,12.350383,0.000000,0.029417,,0.968074,0,126,0,72.894737
2280,94217,0,762867,12.350383,0.000000,1.142378,,0.968150,0,126,0,72.906620
2281,94217,0,762867,12.350383,0.000000,0.033445,,0.967740,0,126,0,72.918493
2282,94217,0,762867,12.350383,0.000000,0.027739,,0.967329,0,126,0,72.930355
2283,94217,0,762867,12.350383,0.000000,0.027198,,0.966917,0,126,0,72.942207
2284,94217,0,762867,12.350383,0.000000,0.023056,non_zero_exit,0.966504,0,126,0,72.910284
2285,94217,0,762867,12.350383,0.000000,0.408144,,0.966260,0,126,0,72.922135
2286,94217,0,762867,12.350383,0.000000,0.047441,,0.965858,0,126,0,72.933975
2287,94217,0,762867,12.350383,0.000000,0.035163,,0.965451,0,126,0,72.945804
2288,94217,0,762867,12.350383,0.000000,0.021699,non_zero_exit,0.965039,0,126,0,72.913936
2289,94217,0,762867,12.350383,0.000000,1.028583,,0.965067,0,126,0,72.925764
2290,94217,0,762867,12.350383,0.000000,0.023304,non_zero_exit,0.964656,0,126,0,72.893933
2291,94217,0,762867,12.350383,0.000000,0.029036,,0.964247,0,126,0,72.905759
2292,94217,0,762867,12.350383,0.000000,0.022834,non_zero_exit,0.963837,0,126,0,72.873964
2293,94217,0,762867,12.350383,0.000000,1.032794,,0.963867,0,126,0,72.885789
2294,94220,3,762867,12.350777,0.000393,0.026859,,0.963459,0,126,0,72.897603
2295,94220,0,762867,12.350777,0.000000,0.029157,,0.963052,0,126,0,72.909408
2296,94229,9,762867,12.351957,0.001180,1.548286,,0.963306,0,126,0,72.921202
2297,94230,1,762867,12.352088,0.000131,0.028951,,0.962900,0,126,0,72.932985
2298,94230,0,762867,12.352088,0.000000,0.029135,,0.962494,0,126,0,72.944759
2299,94230,0,762867,12.352088,0.000000,0.030186,,0.962088,0,126,0,72.956522
2300,94230,0,762867,12.352088,0.000000,0.130001,,0.961727,0,126,0,72.968275
2301,94230,0,762867,12.352088,0.000000,0.024377,non_zero_exit,0.961320,0,126,0,72.936577
2302,94230,0,762867,12.352088,0.000000,5.003884,timeout,0.963075,0,127,0,72.904907
2303,94230,0,762867,12.352088,0.000000,0.021664,non_zero_exit,0.962666,0,127,0,72.873264
2304,94230,0,762867,12.352088,0.000000,3.032299,,0.963564,0,127,0,72.885033
2305,94230,0,762867,12.352088,0.000000,0.028101,non_zero_exit,0.963159,0,127,0,72.853426
2306,94231,1,762867,12.352219,0.000131,1.536349,,0.963407,0,127,0,72.865193
2307,94231,0,762867,12.352219,0.000000,1.033423,,0.963437,0,127,0,72.876950
2308,94231,0,762867,12.352219,0.000000,5.004380,timeout,0.965187,0,128,0,72.845388
2309,94231,0,762867,12.352219,0.000000,0.025097,non_zero_exit,0.964780,0,128,0,72.813853
2310,94231,0,762867,12.352219,0.000000,1.033446,,0.964810,0,128,0,72.825617
2311,94231,0,762867,12.352219,0.000000,0.029632,,0.964406,0,128,0,72.837370
2312,94231,0,762867,12.352219,0.000000,0.021607,non_zero_exit,0.963998,0,128,0,72.805880
2313,94232,1,762867,12.352350,0.000131,4.038323,,0.965327,0,128,0,72.817632
2314,94232,0,762867,12.352350,0.000000,1.828859,,0.965700,0,128,0,72.829374
2315,94232,0,762867,12.352350,0.000000,4.031126,non_zero_exit,0.967023,0,128,0,72.797927
2316,94232,0,762867,12.352350,0.000000,0.022222,non_zero_exit,0.966615,0,128,0,72.766508
2317,94232,0,762867,12.352350,0.000000,1.033330,,0.966644,0,128,0,72.778257
2318,94232,0,762867,12.352350,0.000000,1.029425,,0.966671,0,128,0,72.789996
2319,94232,0,762867,12.352350,0.000000,0.022594,non_zero_exit,0.966264,0,128,0,72.758621
2320,94232,0,762867,12.352350,0.000000,5.003682,timeout,0.968004,0,129,0,72.727273
2321,94232,0,762867,12.352350,0.000000,3.034999,,0.968894,0,129,0,72.739018
2322,94232,0,762867,12.352350,0.000000,0.038821,,0.968494,0,129,0,72.750753
2323,94232,0,762867,12.352350,0.000000,0.033050,,0.968091,0,129,0,72.762478
2324,94232,0,762867,12.352350,0.000000,5.003115,timeout,0.969827,0,130,0,72.731183
2325,94233,1,762867,12.352481,0.000131,0.041086,,0.969427,0,130,0,72.742906
2326,94233,0,762867,12.352481,0.000000,0.025327,,0.969022,0,130,0,72.754620
2327,94233,0,762867,12.352481,0.000000,5.004075,timeout,0.970755,0,131,0,72.723368
2328,94233,0,762867,12.352481,0.000000,0.032558,,0.970352,0,131,0,72.735079
2329,94233,0,762867,12.352481,0.000000,0.030312,,0.969949,0,131,0,72.746781
2330,94233,0,762867,12.352481,0.000000,5.004147,timeout,0.971679,0,132,0,72.715573
2331,94233,0,762867,12.352481,0.000000,0.029698,,0.971275,0,132,0,72.727273
2332,94233,0,762867,12.352481,0.000000,0.028620,non_zero_exit,0.970871,0,132,0,72.696099
2333,94233,0,762867,12.352481,0.000000,1.033472,,0.970898,0,132,0,72.707798
2334,94233,0,762867,12.352481,0.000000,0.530929,,0.970710,0,132,0,72.719486
2335,94233,0,762867,12.352481,0.000000,5.003789,timeout,0.972436,0,133,0,72.688356
2336,94233,0,762867,12.352481,0.000000,0.032665,,0.972034,0,133,0,72.700043
2337,94233,0,762867,12.352481,0.000000,2.511170,,0.972692,0,133,0,72.711719
2338,94233,0,762867,12.352481,0.000000,1.030565,,0.972717,0,133,0,72.723386
2339,94233,0,762867,12.352481,0.000000,0.024040,non_zero_exit,0.972312,0,133,0,72.692308
2340,94233,0,762867,12.352481,0.000000,0.028989,,0.971909,0,133,0,72.703973
2341,94233,0,762867,12.352481,0.000000,0.031090,,0.971507,0,133,0,72.715628
2342,94233,0,762867,12.352481,0.000000,1.525966,,0.971744,0,133,0,72.727273
2343,94233,0,762867,12.352481,0.000000,0.537993,,0.971559,0,133,0,72.738908
2344,94233,0,762867,12.352481,0.000000,2.036019,,0.972013,0,133,0,72.750533
2345,94233,0,762867,12.352481,0.000000,0.022138,non_zero_exit,0.971608,0,133,0,72.719523
2346,94233,0,762867,12.352481,0.000000,0.029006,,0.971206,0,133,0,72.731146
2347,96200,1967,762867,12.610324,0.257843,5.015741,timeout,0.972929,0,134,0,72.700170
2348,96200,0,762867,12.610324,0.000000,0.030073,,0.972527,0,134,0,72.711792
2349,96200,0,762867,12.610324,0.000000,0.023389,non_zero_exit,0.972123,0,134,0,72.680851
2350,96200,0,762867,12.610324,0.000000,5.007764,timeout,0.973840,0,135,0,72.649936
2351,96200,0,762867,12.610324,0.000000,2.031338,,0.974290,0,135,0,72.661565
2352,96200,0,762867,12.610324,0.000000,1.029479,,0.974313,0,135,0,72.673183
2353,96200,0,762867,12.610324,0.000000,0.026120,,0.973910,0,135,0,72.684792
2354,96200,0,762867,12.610324,0.000000,0.037470,,0.973513,0,135,0,72.696391
2355,96200,0,762867,12.610324,0.000000,1.030743,,0.973537,0,135,0,72.707980
2356,96200,0,762867,12.610324,0.000000,3.031119,,0.974410,0,135,0,72.719559
2357,96200,0,762867,12.610324,0.000000,2.029207,,0.974857,0,135,0,72.731128
2358,96200,0,762867,12.610324,0.000000,5.004759,timeout,0.976565,0,136,0,72.700297
2359,96200,0,762867,12.610324,0.000000,0.020464,non_zero_exit,0.976160,0,136,0,72.669492
2360,96200,0,762867,12.610324,0.000000,0.033808,,0.975761,0,136,0,72.681067
2361,96200,0,762867,12.610324,0.000000,0.029439,,0.975361,0,136,0,72.692633
2362,96200,0,762867,12.610324,0.000000,0.030557,,0.974961,0,136,0,72.704190
2363,96200,0,762867,12.610324,0.000000,4.035216,,0.976255,0,136,0,72.715736
2364,96200,0,762867,12.610324,0.000000,0.129421,,0.975897,0,136,0,72.727273
2365,96200,0,762867,12.610324,0.000000,1.135472,,0.975965,0,136,0,72.738800
2366,96201,1,762867,12.610455,0.000131,0.026233,non_zero_exit,0.975563,0,136,0,72.708069
2367,96201,0,762867,12.610455,0.000000,0.024590,non_zero_exit,0.975162,0,136,0,72.677365
2368,96201,0,762867,12.610455,0.000000,0.536976,,0.974977,0,136,0,72.688898
2369,96204,3,762867,12.610848,0.000393,1.029406,non_zero_exit,0.975000,0,136,0,72.658228
2370,96204,0,762867,12.610848,0.000000,0.032645,,0.974602,0,136,0,72.669760
2371,96204,0,762867,12.610848,0.000000,0.023641,non_zero_exit,0.974201,0,136,0,72.639123
2372,96212,8,762867,12.611897,0.001049,0.027115,non_zero_exit,0.973802,0,136,0,72.608512
2373,96213,1,762867,12.612028,0.000131,0.025705,non_zero_exit,0.973403,0,136,0,72.577928
2374,96213,0,762867,12.612028,0.000000,2.038527,,0.973851,0,136,0,72.589474
2375,96213,0,762867,12.612028,0.000000,1.029977,,0.973875,0,136,0,72.601010
2376,96213,0,762867,12.612028,0.000000,1.029516,,0.973898,0,136,0,72.612537
2377,96213,0,762867,12.612028,0.000000,0.031379,,0.973502,0,136,0,72.624054
2378,96213,0,762867,12.612028,0.000000,1.034453,,0.973528,0,136,0,72.635561
2379,96213,0,762867,12.612028,0.000000,0.031883,,0.973132,0,136,0,72.647059
2380,96213,0,762867,12.612028,0.000000,2.028907,,0.973575,0,136,0,72.658547
2381,96213,0,762867,12.612028,0.000000,1.030949,,0.973600,0,136,0,72.670025
2382,96213,0,762867,12.612028,0.000000,1.027619,,0.973622,0,136,0,72.681494
2383,96213,0,762867,12.612028,0.000000,0.031155,,0.973227,0,136,0,72.692953
2384,96216,3,762867,12.612421,0.000393,0.030256,,0.972832,0,136,0,72.704403
2385,96216,0,762867,12.612421,0.000000,1.032412,,0.972857,0,136,0,72.715842
2386,96216,0,762867,12.612421,0.000000,0.025681,non_zero_exit,0.972460,0,136,0,72.685379
2387,96216,0,762867,12.612421,0.000000,0.017355,non_zero_exit,0.972060,0,136,0,72.654941
2388,96232,16,762867,12.614519,0.002097,1.033938,,0.972086,0,136,0,72.666388
2389,96232,0,762867,12.614519,0.000000,0.022718,non_zero_exit,0.971688,0,136,0,72.635983
2390,96232,0,762867,12.614519,0.000000,1.035946,,0.971715,0,136,0,72.647428
2391,96232,0,762867,12.614519,0.000000,0.026738,,0.971320,0,136,0,72.658863
2392,96232,0,762867,12.614519,0.000000,0.030055,,0.970927,0,136,0,72.670288
2393,96232,0,762867,12.614519,0.000000,5.007905,timeout,0.972613,0,137,0,72.639933
2394,96232,0,762867,12.614519,0.000000,1.035171,,0.972639,0,137,0,72.651357
2395,96233,1,762867,12.614650,0.000131,0.025309,,0.972244,0,137,0,72.662771
2396,96233,0,762867,12.614650,0.000000,1.031887,,0.972269,0,137,0,72.674176
2397,96233,0,762867,12.614650,0.000000,2.026835,,0.972709,0,137,0,72.685571
2398,96234,1,762867,12.614781,0.000131,0.031240,,0.972316,0,137,0,72.696957
2399,96234,0,762867,12.614781,0.000000,5.003689,timeout,0.973996,0,138,0,72.666667
2400,96234,0,762867,12.614781,0.000000,0.030814,,0.973603,0,138,0,72.678051
2401,96234,0,762867,12.614781,0.000000,3.034899,,0.974461,0,138,0,72.689425
2402,96234,0,762867,12.614781,0.000000,0.028998,,0.974068,0,138,0,72.700791
2403,96234,0,762867,12.614781,0.000000,1.029545,,0.974091,0,138,0,72.712146
2404,96234,0,762867,12.614781,0.000000,1.532659,,0.974323,0,138,0,72.723493
2405,96234,0,762867,12.614781,0.000000,2.029360,,0.974762,0,138,0,72.734830
2406,96234,0,762867,12.614781,0.000000,1.031884,,0.974785,0,138,0,72.746157
2407,96234,0,762867,12.614781,0.000000,0.537134,,0.974604,0,138,0,72.757475
2408,96234,0,762867,12.614781,0.000000,0.032555,,0.974213,0,138,0,72.768784
2409,96234,0,762867,12.614781,0.000000,5.004111,timeout,0.975885,0,139,0,72.738589
2410,96235,1,762867,12.614912,0.000131,1.033726,,0.975909,0,139,0,72.749896
2411,96235,0,762867,12.614912,0.000000,0.032053,,0.975517,0,139,0,72.761194
2412,96240,5,762867,12.615567,0.000655,0.022148,non_zero_exit,0.975122,0,139,0,72.731040
2413,96334,94,762867,12.627889,0.012322,1.033678,,0.975146,0,139,0,72.742336
2414,96334,0,762867,12.627889,0.000000,0.022244,non_zero_exit,0.974752,0,139,0,72.712215
2415,96338,4,762867,12.628414,0.000524,0.030791,non_zero_exit,0.974361,0,139,0,72.682119
2416,96338,0,762867,12.628414,0.000000,2.031713,,0.974799,0,139,0,72.693422
2417,96338,0,762867,12.628414,0.000000,0.038675,,0.974412,0,139,0,72.704715
2418,96339,1,762867,12.628545,0.000131,1.037382,,0.974438,0,139,0,72.715998
2419,96339,0,762867,12.628545,0.000000,1.032315,,0.974461,0,139,0,72.727273
2420,96339,0,762867,12.628545,0.000000,0.020156,non_zero_exit,0.974067,0,139,0,72.697233
2421,96339,0,762867,12.628545,0.000000,0.030969,,0.973678,0,139,0,72.708505
2422,96339,0,762867,12.628545,0.000000,2.206597,,0.974187,0,139,0,72.719769
2423,96339,0,762867,12.628545,0.000000,0.023158,non_zero_exit,0.973794,0,139,0,72.689769
2424,96339,0,762867,12.628545,0.000000,1.028896,,0.973817,0,139,0,72.701031
2425,96339,0,762867,12.628545,0.000000,1.033284,,0.973842,0,139,0,72.712284
2426,96339,0,762867,12.628545,0.000000,1.030933,,0.973865,0,139,0,72.723527
2427,96339,0,762867,12.628545,0.000000,1.031970,,0.973889,0,139,0,72.734761
2428,96339,0,762867,12.628545,0.000000,0.521622,,0.973703,0,139,0,72.745986
2429,96339,0,762867,12.628545,0.000000,3.029666,,0.974549,0,139,0,72.757202
2430,96339,0,762867,12.628545,0.000000,2.045871,,0.974990,0,139,0,72.768408
2431,96339,0,762867,12.628545,0.000000,0.024504,non_zero_exit,0.974599,0,139,0,72.738487
2432,96339,0,762867,12.628545,0.000000,0.031501,,0.974211,0,139,0,72.749692
2433,96339,0,762867,12.628545,0.000000,1.032651,,0.974235,0,139,0,72.760887
2434,96339,0,762867,12.628545,0.000000,0.035969,non_zero_exit,0.973850,0,139,0,72.731006
2435,96339,0,762867,12.628545,0.000000,2.486203,,0.974471,0,139,0,72.742200
2436,96341,2,762867,12.628807,0.000262,0.025175,,0.974081,0,139,0,72.753385
2437,96357,16,762867,12.630904,0.002097,0.031869,,0.973695,0,139,0,72.764561
2438,96357,0,762867,12.630904,0.000000,1.028271,,0.973717,0,139,0,72.775728
2439,96357,0,762867,12.630904,0.000000,1.026009,,0.973739,0,139,0,72.786885
2440,96357,0,762867,12.630904,0.000000,0.022855,non_zero_exit,0.973349,0,139,0,72.757067
2441,96357,0,762867,12.630904,0.000000,0.027089,,0.972962,0,139,0,72.768223
2442,96357,0,762867,12.630904,0.000000,1.031088,,0.972985,0,139,0,72.779370
2443,96357,0,762867,12.630904,0.000000,0.024109,non_zero_exit,0.972597,0,139,0,72.749591
2444,96357,0,762867,12.630904,0.000000,5.004352,timeout,0.974246,0,140,0,72.719836
2445,96357,0,762867,12.630904,0.000000,0.040619,,0.973864,0,140,0,72.730989
2446,96357,0,762867,12.630904,0.000000,3.289211,,0.974811,0,140,0,72.742133
2447,96357,0,762867,12.630904,0.000000,1.041437,,0.974838,0,140,0,72.753268
2448,96357,0,762867,12.630904,0.000000,5.003819,timeout,0.976483,0,141,0,72.723561
2449,96357,0,762867,12.630904,0.000000,3.035033,,0.977323,0,141,0,72.734694
2450,96357,0,762867,12.630904,0.000000,5.004698,timeout,0.978966,0,142,0,72.705018
2451,96358,1,762867,12.631035,0.000131,1.036627,,0.978990,0,142,0,72.716150
2452,96368,10,762867,12.632346,0.001311,1.031418,,0.979011,0,142,0,72.727273
2453,96368,0,762867,12.632346,0.000000,0.022382,non_zero_exit,0.978621,0,142,0,72.697637
2454,96368,0,762867,12.632346,0.000000,0.022806,non_zero_exit,0.978232,0,142,0,72.668024
2455,96368,0,762867,12.632346,0.000000,2.030827,,0.978661,0,142,0,72.679153
2456,96368,0,762867,12.632346,0.000000,3.031779,,0.979496,0,142,0,72.690273
2457,96368,0,762867,12.632346,0.000000,1.833570,,0.979844,0,142,0,72.701383
2458,96368,0,762867,12.632346,0.000000,1.034108,,0.979866,0,142,0,72.712485
2459,96368,0,762867,12.632346,0.000000,0.029759,,0.979480,0,142,0,72.723577
2460,96368,0,762867,12.632346,0.000000,0.036621,,0.979096,0,142,0,72.734661
2461,96368,0,762867,12.632346,0.000000,0.026908,,0.978710,0,142,0,72.745735
2462,96368,0,762867,12.632346,0.000000,0.023314,non_zero_exit,0.978322,0,142,0,72.716200
2463,96368,0,762867,12.632346,0.000000,0.022507,non_zero_exit,0.977934,0,142,0,72.686688
2464,96369,1,762867,12.632477,0.000131,0.022300,non_zero_exit,0.977546,0,142,0,72.657201
2465,96369,0,762867,12.632477,0.000000,0.027280,non_zero_exit,0.977161,0,142,0,72.627737
2466,96369,0,762867,12.632477,0.000000,0.027758,,0.976776,0,142,0,72.638833
2467,96369,0,762867,12.632477,0.000000,2.538347,,0.977409,0,142,0,72.649919
2468,96369,0,762867,12.632477,0.000000,1.037404,,0.977433,0,142,0,72.660996
2469,96369,0,762867,12.632477,0.000000,0.033379,,0.977051,0,142,0,72.672065
2470,96369,0,762867,12.632477,0.000000,5.008042,timeout,0.978682,0,143,0,72.642655
2471,96369,0,762867,12.632477,0.000000,0.021180,non_zero_exit,0.978295,0,143,0,72.613269
2472,96369,0,762867,12.632477,0.000000,0.038092,,0.977915,0,143,0,72.624343
2473,96369,0,762867,12.632477,0.000000,1.031921,,0.977936,0,143,0,72.635408
2474,96369,0,762867,12.632477,0.000000,1.035899,,0.977960,0,143,0,72.646465
2475,96369,0,762867,12.632477,0.000000,4.041279,,0.979197,0,143,0,72.657512
2476,96369,0,762867,12.632477,0.000000,1.035518,,0.979220,0,143,0,72.668551
2477,96369,0,762867,12.632477,0.000000,0.036580,,0.978839,0,143,0,72.679580
2478,96392,23,762867,12.635492,0.003015,5.003481,timeout,0.980463,0,144,0,72.650262
2479,96403,11,762867,12.636934,0.001442,0.027994,,0.980079,0,144,0,72.661290
2480,96403,0,762867,12.636934,0.000000,0.028019,,0.979695,0,144,0,72.672310
2481,96403,0,762867,12.636934,0.000000,0.029954,,0.979312,0,144,0,72.683320
2482,96403,0,762867,12.636934,0.000000,0.021384,non_zero_exit,0.978927,0,144,0,72.654048
2483,96403,0,762867,12.636934,0.000000,0.064031,,0.978558,0,144,0,72.665056
2484,96403,0,762867,12.636934,0.000000,2.005290,,0.978971,0,144,0,72.676056
2485,96405,2,762867,12.637196,0.000262,0.026817,non_zero_exit,0.978588,0,144,0,72.646822
2486,96405,0,762867,12.637196,0.000000,0.027873,,0.978206,0,144,0,72.657821
2487,96411,6,762867,12.637983,0.000787,0.537923,,0.978029,0,144,0,72.668810
2488,96411,0,762867,12.637983,0.000000,0.337051,,0.977772,0,144,0,72.679791
2489,96411,0,762867,12.637983,0.000000,0.032323,,0.977392,0,144,0,72.690763
2490,96426,15,762867,12.639949,0.001966,4.032557,,0.978618,0,144,0,72.701726
2491,96426,0,762867,12.639949,0.000000,1.037435,,0.978642,0,144,0,72.712681
2492,96426,0,762867,12.639949,0.000000,1.139652,,0.978707,0,144,0,72.723626
2493,96426,0,762867,12.639949,0.000000,0.023183,non_zero_exit,0.978324,0,144,0,72.694467
2494,96490,64,762867,12.648338,0.008389,5.150060,timeout,0.979996,0,145,0,72.665331
2495,96490,0,762867,12.648338,0.000000,0.538731,,0.979819,0,145,0,72.676282
2496,96490,0,762867,12.648338,0.000000,0.026697,,0.979437,0,145,0,72.687225
2497,96490,0,762867,12.648338,0.000000,0.033495,,0.979058,0,145,0,72.698159
2498,96490,0,762867,12.648338,0.000000,0.023607,non_zero_exit,0.978676,0,145,0,72.669068
2499,96490,0,762867,12.648338,0.000000,0.026046,non_zero_exit,0.978295,0,145,0,72.640000
2500,96490,0,762867,12.648338,0.000000,1.030827,,0.978316,0,145,0,72.650940
2501,96490,0,762867,12.648338,0.000000,0.031073,,0.977937,0,145,0,72.661871
2502,96490,0,762867,12.648338,0.000000,2.026991,,0.978357,0,145,0,72.672793
2503,96490,0,762867,12.648338,0.000000,0.033003,non_zero_exit,0.977979,0,145,0,72.643770
2504,96490,0,762867,12.648338,0.000000,0.031031,,0.977601,0,145,0,72.654691
2505,96490,0,762867,12.648338,0.000000,0.036828,,0.977226,0,145,0,72.665603
2506,96490,0,762867,12.648338,0.000000,0.031593,,0.976848,0,145,0,72.676506
2507,96490,0,762867,12.648338,0.000000,0.027872,,0.976470,0,145,0,72.687400
2508,96490,0,762867,12.648338,0.000000,1.034456,,0.976493,0,145,0,72.698286
2509,96490,0,762867,12.648338,0.000000,0.031853,,0.976117,0,145,0,72.709163
2510,96490,0,762867,12.648338,0.000000,0.024037,non_zero_exit,0.975738,0,145,0,72.680207
2511,96491,1,762867,12.648470,0.000131,3.034689,non_zero_exit,0.976557,0,145,0,72.651274
2512,96491,0,762867,12.648470,0.000000,3.039118,,0.977378,0,145,0,72.662157
2513,96491,0,762867,12.648470,0.000000,0.029505,,0.977001,0,145,0,72.673031
2514,96492,1,762867,12.648601,0.000131,2.539279,,0.977622,0,145,0,72.683897
2515,96492,0,762867,12.648601,0.000000,2.885349,,0.978380,0,145,0,72.694754
2516,96492,0,762867,12.648601,0.000000,0.034284,,0.978005,0,145,0,72.705602
2517,96492,0,762867,12.648601,0.000000,0.023989,non_zero_exit,0.977626,0,145,0,72.676728
2518,96492,0,762867,12.648601,0.000000,0.030252,,0.977250,0,145,0,72.687574
2519,96493,1,762867,12.648732,0.000131,0.023881,non_zero_exit,0.976872,0,145,0,72.658730
2520,96493,0,762867,12.648732,0.000000,0.024995,non_zero_exit,0.976494,0,145,0,72.629909
2521,96497,4,762867,12.649256,0.000524,0.022251,non_zero_exit,0.976116,0,145,0,72.601110
2522,96497,0,762867,12.649256,0.000000,0.432750,,0.975901,0,145,0,72.611970
2523,96497,0,762867,12.649256,0.000000,0.133393,,0.975567,0,145,0,72.622821
2524,96497,0,762867,12.649256,0.000000,4.037068,,0.976779,0,145,0,72.633663
2525,96497,0,762867,12.649256,0.000000,3.031440,,0.977593,0,145,0,72.644497
2526,96497,0,762867,12.649256,0.000000,2.541870,,0.978212,0,145,0,72.655323
2527,96497,0,762867,12.649256,0.000000,0.029254,,0.977836,0,145,0,72.666139
2528,96497,0,762867,12.649256,0.000000,0.036226,,0.977464,0,145,0,72.676947
2529,96497,0,762867,12.649256,0.000000,0.033403,,0.977091,0,145,0,72.687747
2530,96497,0,762867,12.649256,0.000000,0.031257,,0.976717,0,145,0,72.698538
2531,96497,0,762867,12.649256,0.000000,0.024701,non_zero_exit,0.976341,0,145,0,72.669826
2532,96518,21,762867,12.652009,0.002753,0.044218,,0.975973,0,145,0,72.680616
2533,96518,0,762867,12.652009,0.000000,0.029746,,0.975600,0,145,0,72.691397
2534,96518,0,762867,12.652009,0.000000,1.036746,,0.975624,0,145,0,72.702170
2535,96518,0,762867,12.652009,0.000000,5.004405,timeout,0.977213,0,146,0,72.673502
2536,96518,0,762867,12.652009,0.000000,1.028941,,0.977233,0,146,0,72.684273
2537,96519,1,762867,12.652140,0.000131,0.525086,,0.977055,0,146,0,72.695035
2538,96524,5,762867,12.652795,0.000655,0.531677,,0.976879,0,146,0,72.705790
2539,96524,0,762867,12.652795,0.000000,0.028932,,0.976506,0,146,0,72.716535
2540,96524,0,762867,12.652795,0.000000,0.023248,non_zero_exit,0.976131,0,146,0,72.687918
2541,96524,0,762867,12.652795,0.000000,1.008255,,0.976144,0,146,0,72.698662
2542,96524,0,762867,12.652795,0.000000,1.030421,,0.976165,0,146,0,72.709398
2543,96524,0,762867,12.652795,0.000000,0.027137,,0.975792,0,146,0,72.720126
2544,96524,0,762867,12.652795,0.000000,1.027352,,0.975812,0,146,0,72.730845
2545,96525,1,762867,12.652926,0.000131,0.025336,,0.975439,0,146,0,72.741555
2546,96525,0,762867,12.652926,0.000000,1.027750,,0.975459,0,146,0,72.752258
2547,96525,0,762867,12.652926,0.000000,0.022684,non_zero_exit,0.975086,0,146,0,72.723705
2548,96525,0,762867,12.652926,0.000000,5.004776,timeout,0.976666,0,147,0,72.695175
2549,96525,0,762867,12.652926,0.000000,3.032790,,0.977473,0,147,0,72.705882
2550,96541,16,762867,12.655024,0.002097,0.024474,,0.977099,0,147,0,72.716582
2551,96541,0,762867,12.655024,0.000000,0.022900,non_zero_exit,0.976725,0,147,0,72.688088
2552,96545,4,762867,12.655548,0.000524,0.029788,non_zero_exit,0.976354,0,147,0,72.659616
2553,96545,0,762867,12.655548,0.000000,0.025510,non_zero_exit,0.975982,0,147,0,72.631167
2554,96545,0,762867,12.655548,0.000000,1.030687,,0.976003,0,147,0,72.641879
2555,96545,0,762867,12.655548,0.000000,4.541133,,0.977398,0,147,0,72.652582
2556,96545,0,762867,12.655548,0.000000,0.027223,,0.977027,0,147,0,72.663277
2557,96546,1,762867,12.655679,0.000131,0.022905,non_zero_exit,0.976654,0,147,0,72.634871
2558,96546,0,762867,12.655679,0.000000,3.040856,,0.977460,0,147,0,72.645565
2559,96546,0,762867,12.655679,0.000000,0.026374,non_zero_exit,0.977089,0,147,0,72.617188
2560,96546,0,762867,12.655679,0.000000,0.031422,,0.976720,0,147,0,72.627880
2561,96546,0,762867,12.655679,0.000000,0.031349,,0.976351,0,147,0,72.638564
2562,96546,0,762867,12.655679,0.000000,0.645652,,0.976222,0,147,0,72.649239
2563,96546,0,762867,12.655679,0.000000,1.026503,,0.976241,0,147,0,72.659906
2564,96546,0,762867,12.655679,0.000000,1.032085,,0.976263,0,147,0,72.670565
2565,96617,71,762867,12.664986,0.009307,0.136608,,0.975936,0,147,0,72.681216
2566,96617,0,762867,12.664986,0.000000,0.024584,non_zero_exit,0.975565,0,147,0,72.652902
2567,96617,0,762867,12.664986,0.000000,0.025053,non_zero_exit,0.975195,0,147,0,72.624611
2568,96617,0,762867,12.664986,0.000000,0.033071,,0.974828,0,147,0,72.635267
2569,96617,0,762867,12.664986,0.000000,0.028150,,0.974460,0,147,0,72.645914
2570,96617,0,762867,12.664986,0.000000,5.007958,timeout,0.976029,0,148,0,72.617658
2571,96617,0,762867,12.664986,0.000000,0.026647,non_zero_exit,0.975660,0,148,0,72.589425
2572,96628,11,762867,12.666428,0.001442,5.022347,timeout,0.977232,0,149,0,72.561213
2573,96628,0,762867,12.666428,0.000000,0.021335,non_zero_exit,0.976861,0,149,0,72.533023
2574,96628,0,762867,12.666428,0.000000,5.004878,timeout,0.978425,0,150,0,72.504854
2575,96628,0,762867,12.666428,0.000000,3.036268,,0.979224,0,150,0,72.515528
2576,96628,0,762867,12.666428,0.000000,0.027385,,0.978855,0,150,0,72.526193
2577,96628,0,762867,12.666428,0.000000,0.029236,,0.978486,0,150,0,72.536850
2578,96628,0,762867,12.666428,0.000000,0.035526,,0.978121,0,150,0,72.547499
2579,96628,0,762867,12.666428,0.000000,5.004043,timeout,0.979681,0,151,0,72.519380
2580,96628,0,762867,12.666428,0.000000,0.023558,non_zero_exit,0.979311,0,151,0,72.491282
2581,96628,0,762867,12.666428,0.000000,0.021979,non_zero_exit,0.978940,0,151,0,72.463207
2582,96628,0,762867,12.666428,0.000000,0.028439,non_zero_exit,0.978572,0,151,0,72.435153
2583,96628,0,762867,12.666428,0.000000,0.030601,,0.978205,0,151,0,72.445820
2584,96628,0,762867,12.666428,0.000000,1.028086,,0.978224,0,151,0,72.456480
2585,96631,3,762867,12.666821,0.000393,5.022470,timeout,0.979788,0,152,0,72.428461
2586,96631,0,762867,12.666821,0.000000,1.032010,,0.979809,0,152,0,72.439119
2587,96631,0,762867,12.666821,0.000000,0.027961,,0.979441,0,152,0,72.449768
2588,96635,4,762867,12.667346,0.000524,0.028705,,0.979074,0,152,0,72.460409
2589,96635,0,762867,12.667346,0.000000,0.046439,,0.978713,0,152,0,72.471042
2590,96642,7,762867,12.668263,0.000918,0.030839,,0.978348,0,152,0,72.481667
2591,96642,0,762867,12.668263,0.000000,5.007875,timeout,0.979902,0,153,0,72.453704
2592,96642,0,762867,12.668263,0.000000,0.032496,,0.979537,0,153,0,72.464327
2593,96642,0,762867,12.668263,0.000000,0.027239,,0.979170,0,153,0,72.474942
2594,96642,0,762867,12.668263,0.000000,0.036599,,0.978806,0,153,0,72.485549
2595,96642,0,762867,12.668263,0.000000,0.022283,non_zero_exit,0.978438,0,153,0,72.457627
2596,96642,0,762867,12.668263,0.000000,1.031940,,0.978459,0,153,0,72.468233
2597,96662,20,762867,12.670885,0.002622,0.029660,,0.978093,0,153,0,72.478830
2598,96662,0,762867,12.670885,0.000000,0.030539,,0.977729,0,153,0,72.489419
2599,96667,5,762867,12.671540,0.000655,1.030069,,0.977749,0,153,0,72.500000
2600,96667,0,762867,12.671540,0.000000,1.033840,,0.977771,0,153,0,72.510573
2601,96667,0,762867,12.671540,0.000000,1.034831,,0.977792,0,153,0,72.521138
2602,96667,0,762867,12.671540,0.000000,0.030571,,0.977429,0,153,0,72.531694
2603,96667,0,762867,12.671540,0.000000,1.038824,non_zero_exit,0.977452,0,153,0,72.503840
2604,96667,0,762867,12.671540,0.000000,4.396580,,0.978765,0,153,0,72.514395
2605,96667,0,762867,12.671540,0.000000,0.031431,,0.978401,0,153,0,72.524942
2606,96667,0,762867,12.671540,0.000000,5.008024,timeout,0.979947,0,154,0,72.497123
2607,96667,0,762867,12.671540,0.000000,0.035770,,0.979585,0,154,0,72.507669
2608,96668,1,762867,12.671671,0.000131,0.026752,non_zero_exit,0.979220,0,154,0,72.479877
2609,96668,0,762867,12.671671,0.000000,0.030021,,0.978856,0,154,0,72.490421
2610,96668,0,762867,12.671671,0.000000,0.021884,non_zero_exit,0.978489,0,154,0,72.462658
2611,96668,0,762867,12.671671,0.000000,4.750321,,0.979933,0,154,0,72.473201
2612,96668,0,762867,12.671671,0.000000,0.029741,,0.979570,0,154,0,72.483735
2613,96668,0,762867,12.671671,0.000000,0.021575,non_zero_exit,0.979203,0,154,0,72.456006
2614,96668,0,762867,12.671671,0.000000,0.020936,non_zero_exit,0.978837,0,154,0,72.428298
2615,96668,0,762867,12.671671,0.000000,0.535252,,0.978667,0,154,0,72.438838
2616,96668,0,762867,12.671671,0.000000,0.128887,,0.978343,0,154,0,72.449370
2617,96668,0,762867,12.671671,0.000000,1.036915,,0.978365,0,154,0,72.459893
2618,96668,0,762867,12.671671,0.000000,3.866907,,0.979468,0,154,0,72.470409
2619,96668,0,762867,12.671671,0.000000,2.002091,,0.979858,0,154,0,72.480916
2620,96668,0,762867,12.671671,0.000000,1.367834,,0.980006,0,154,0,72.491415
2621,96668,0,762867,12.671671,0.000000,0.021817,non_zero_exit,0.979641,0,154,0,72.463768
2622,96676,8,762867,12.672720,0.001049,0.031538,,0.979279,0,154,0,72.474266
2623,96676,0,762867,12.672720,0.000000,0.030268,,0.978918,0,154,0,72.484756
2624,96676,0,762867,12.672720,0.000000,0.030340,,0.978556,0,154,0,72.495238
2625,96676,0,762867,12.672720,0.000000,0.021491,non_zero_exit,0.978192,0,154,0,72.467631
2626,96676,0,762867,12.672720,0.000000,3.035951,,0.978975,0,154,0,72.478112
2627,96676,0,762867,12.672720,0.000000,0.020552,non_zero_exit,0.978610,0,154,0,72.450533
2628,96676,0,762867,12.672720,0.000000,0.034453,,0.978251,0,154,0,72.461012
2629,96676,0,762867,12.672720,0.000000,0.334200,,0.978006,0,154,0,72.471483
2630,96677,1,762867,12.672851,0.000131,0.028137,non_zero_exit,0.977645,0,154,0,72.443938
2631,96677,0,762867,12.672851,0.000000,0.034997,,0.977287,0,154,0,72.454407
2632,96677,0,762867,12.672851,0.000000,1.030833,,0.977308,0,154,0,72.464869
2633,96677,0,762867,12.672851,0.000000,0.041769,non_zero_exit,0.976952,0,154,0,72.437358
2634,96677,0,762867,12.672851,0.000000,1.029924,,0.976973,0,154,0,72.447818
2635,96677,0,762867,12.672851,0.000000,0.024173,non_zero_exit,0.976611,0,154,0,72.420334
2636,96677,0,762867,12.672851,0.000000,0.024419,non_zero_exit,0.976250,0,154,0,72.392871
2637,96677,0,762867,12.672851,0.000000,0.021495,non_zero_exit,0.975888,0,154,0,72.365428
2638,96677,0,762867,12.672851,0.000000,2.038099,,0.976291,0,154,0,72.375900
2639,96677,0,762867,12.672851,0.000000,0.021999,non_zero_exit,0.975929,0,154,0,72.348485
2640,96677,0,762867,12.672851,0.000000,2.038977,,0.976332,0,154,0,72.358955
2641,96677,0,762867,12.672851,0.000000,3.032666,,0.977110,0,154,0,72.369417
2642,96677,0,762867,12.672851,0.000000,0.539896,,0.976944,0,154,0,72.379871
2643,96677,0,762867,12.672851,0.000000,4.033345,,0.978100,0,154,0,72.390318
2644,96677,0,762867,12.672851,0.000000,5.005477,timeout,0.979623,0,155,0,72.362949
2645,96677,0,762867,12.672851,0.000000,0.028621,,0.979264,0,155,0,72.373394
2646,96677,0,762867,12.672851,0.000000,1.030050,,0.979283,0,155,0,72.383831
2647,96677,0,762867,12.672851,0.000000,2.034504,,0.979681,0,155,0,72.394260
2648,96678,1,762867,12.672982,0.000131,1.646616,,0.979933,0,155,0,72.404681
2649,96678,0,762867,12.672982,0.000000,0.030736,,0.979575,0,155,0,72.415094
2650,96683,5,762867,12.673638,0.000655,1.038341,,0.979597,0,155,0,72.425500
2651,96683,0,762867,12.673638,0.000000,0.031381,,0.979240,0,155,0,72.435897
2652,96683,0,762867,12.673638,0.000000,0.035833,,0.978884,0,155,0,72.446287
2653,96683,0,762867,12.673638,0.000000,0.031885,,0.978527,0,155,0,72.456669
2654,96683,0,762867,12.673638,0.000000,0.038721,,0.978173,0,155,0,72.467043
2655,96683,0,762867,12.673638,0.000000,0.027967,,0.977815,0,155,0,72.477410
2656,96683,0,762867,12.673638,0.000000,0.026917,non_zero_exit,0.977458,0,155,0,72.450132
2657,96683,0,762867,12.673638,0.000000,0.031044,,0.977101,0,155,0,72.460497
2658,96683,0,762867,12.673638,0.000000,1.533731,,0.977311,0,155,0,72.470854
2659,96683,0,762867,12.673638,0.000000,1.028976,,0.977330,0,155,0,72.481203
2660,96683,0,762867,12.673638,0.000000,1.030414,,0.977350,0,155,0,72.491545
2661,96683,0,762867,12.673638,0.000000,0.028978,,0.976994,0,155,0,72.501878
2662,96683,0,762867,12.673638,0.000000,0.034075,,0.976640,0,155,0,72.512204
2663,96683,0,762867,12.673638,0.000000,4.542526,,0.977978,0,155,0,72.522523
2664,96683,0,762867,12.673638,0.000000,4.041436,,0.979128,0,155,0,72.532833
2665,96683,0,762867,12.673638,0.000000,0.033614,,0.978773,0,155,0,72.543136
2666,96683,0,762867,12.673638,0.000000,1.031908,,0.978793,0,155,0,72.553431
2667,96683,0,762867,12.673638,0.000000,0.037115,,0.978440,0,155,0,72.563718
2668,96683,0,762867,12.673638,0.000000,0.022215,non_zero_exit,0.978082,0,155,0,72.536531
2669,96683,0,762867,12.673638,0.000000,1.036788,,0.978104,0,155,0,72.546816
2670,96684,1,762867,12.673769,0.000131,1.034164,non_zero_exit,0.978125,0,155,0,72.519656
2671,96684,0,762867,12.673769,0.000000,0.737503,non_zero_exit,0.978035,0,155,0,72.492515
2672,96684,0,762867,12.673769,0.000000,0.029584,,0.977680,0,155,0,72.502806
2673,96684,0,762867,12.673769,0.000000,0.829661,,0.977625,0,155,0,72.513089
2674,96685,1,762867,12.673900,0.000131,0.033105,,0.977272,0,155,0,72.523364
2675,96685,0,762867,12.673900,0.000000,0.021995,non_zero_exit,0.976915,0,155,0,72.496263
2676,96709,24,762867,12.677046,0.003146,0.032621,,0.976562,0,155,0,72.506537
2677,96709,0,762867,12.677046,0.000000,5.004525,timeout,0.978066,0,156,0,72.479462
2678,96709,0,762867,12.677046,0.000000,1.030541,,0.978086,0,156,0,72.489735
2679,96709,0,762867,12.677046,0.000000,0.024960,non_zero_exit,0.977730,0,156,0,72.462687
2680,96709,0,762867,12.677046,0.000000,0.023488,non_zero_exit,0.977374,0,156,0,72.435658
2681,96709,0,762867,12.677046,0.000000,0.034934,,0.977023,0,156,0,72.445936
2682,96709,0,762867,12.677046,0.000000,1.038137,,0.977045,0,156,0,72.456206
2683,96709,0,762867,12.677046,0.000000,0.026504,,0.976691,0,156,0,72.466468
2684,96709,0,762867,12.677046,0.000000,0.018454,non_zero_exit,0.976334,0,156,0,72.439479
2685,96709,0,762867,12.677046,0.000000,0.022337,non_zero_exit,0.975979,0,156,0,72.412509
2686,96709,0,762867,12.677046,0.000000,0.035652,,0.975629,0,156,0,72.422776
2687,96709,0,762867,12.677046,0.000000,0.023779,non_zero_exit,0.975275,0,156,0,72.395833
2688,96709,0,762867,12.677046,0.000000,1.033041,,0.975297,0,156,0,72.406099
2689,96709,0,762867,12.677046,0.000000,3.026532,non_zero_exit,0.976059,0,156,0,72.379182
2690,96709,0,762867,12.677046,0.000000,5.004081,timeout,0.977556,0,157,0,72.352285
2691,96709,0,762867,12.677046,0.000000,0.025187,non_zero_exit,0.977202,0,157,0,72.325409
2692,96709,0,762867,12.677046,0.000000,2.035718,,0.977595,0,157,0,72.335685
2693,96709,0,762867,12.677046,0.000000,0.021893,non_zero_exit,0.977241,0,157,0,72.308834
2694,96709,0,762867,12.677046,0.000000,0.030145,,0.976889,0,157,0,72.319109
2695,96709,0,762867,12.677046,0.000000,0.030161,,0.976538,0,157,0,72.329377
2696,96709,0,762867,12.677046,0.000000,1.029357,,0.976557,0,157,0,72.339637
2697,96720,11,762867,12.678488,0.001442,2.531532,,0.977134,0,157,0,72.349889
2698,96720,0,762867,12.678488,0.000000,0.028412,,0.976782,0,157,0,72.360133
2699,96720,0,762867,12.678488,0.000000,0.626864,,0.976653,0,157,0,72.370370
2700,96726,6,762867,12.679274,0.000787,1.033616,,0.976674,0,157,0,72.380600
2701,96766,40,762867,12.684518,0.005243,0.029794,,0.976323,0,157,0,72.390822
2702,96766,0,762867,12.684518,0.000000,2.696214,,0.976960,0,157,0,72.401036
2703,96766,0,762867,12.684518,0.000000,0.020986,non_zero_exit,0.976606,0,157,0,72.374260
2704,96768,2,762867,12.684780,0.000262,0.021723,non_zero_exit,0.976253,0,157,0,72.347505
2705,96768,0,762867,12.684780,0.000000,0.029018,,0.975903,0,157,0,72.357724
2706,96768,0,762867,12.684780,0.000000,0.030067,,0.975554,0,157,0,72.367935
2707,96768,0,762867,12.684780,0.000000,0.023267,non_zero_exit,0.975202,0,157,0,72.341211
2708,96768,0,762867,12.684780,0.000000,0.081941,,0.974872,0,157,0,72.351421
2709,96768,0,762867,12.684780,0.000000,0.031274,,0.974524,0,157,0,72.361624
2710,96768,0,762867,12.684780,0.000000,0.022653,non_zero_exit,0.974173,0,157,0,72.334932
2711,96768,0,762867,12.684780,0.000000,4.033164,,0.975301,0,157,0,72.345133
2712,96768,0,762867,12.684780,0.000000,0.535160,,0.975139,0,157,0,72.355326
2713,96768,0,762867,12.684780,0.000000,0.030483,,0.974791,0,157,0,72.365512
2714,96768,0,762867,12.684780,0.000000,0.030024,,0.974443,0,157,0,72.375691
2715,96768,0,762867,12.684780,0.000000,3.528417,,0.975383,0,157,0,72.385862
2716,96768,0,762867,12.684780,0.000000,0.025543,,0.975033,0,157,0,72.396025
2717,96768,0,762867,12.684780,0.000000,0.024864,non_zero_exit,0.974684,0,157,0,72.369389
2718,96768,0,762867,12.684780,0.000000,0.027406,non_zero_exit,0.974335,0,157,0,72.342773
2719,96768,0,762867,12.684780,0.000000,0.536985,,0.974175,0,157,0,72.352941
2720,96768,0,762867,12.684780,0.000000,1.030279,,0.974195,0,157,0,72.363102
2721,96797,29,762867,12.688581,0.003801,1.038455,,0.974219,0,157,0,72.373255
2722,96797,0,762867,12.688581,0.000000,0.028909,,0.973872,0,157,0,72.383401
2723,96797,0,762867,12.688581,0.000000,0.540449,,0.973713,0,157,0,72.393539
2724,96797,0,762867,12.688581,0.000000,1.039084,,0.973737,0,157,0,72.403670
2725,96797,0,762867,12.688581,0.000000,2.027701,,0.974123,0,157,0,72.413793
2726,96797,0,762867,12.688581,0.000000,1.030030,,0.974144,0,157,0,72.423909
2727,96797,0,762867,12.688581,0.000000,0.020702,non_zero_exit,0.973794,0,157,0,72.397361
2728,96797,0,762867,12.688581,0.000000,0.023826,non_zero_exit,0.973446,0,157,0,72.370832
2729,96797,0,762867,12.688581,0.000000,0.020880,non_zero_exit,0.973097,0,157,0,72.344322
2730,96797,0,762867,12.688581,0.000000,5.004201,timeout,0.974573,0,158,0,72.317832
2731,96797,0,762867,12.688581,0.000000,1.032518,,0.974594,0,158,0,72.327965
2732,96797,0,762867,12.688581,0.000000,0.031494,,0.974249,0,158,0,72.338090
2733,96797,0,762867,12.688581,0.000000,1.032249,,0.974271,0,158,0,72.348208
2734,96797,0,762867,12.688581,0.000000,0.024955,non_zero_exit,0.973923,0,158,0,72.321755
2735,96797,0,762867,12.688581,0.000000,0.026389,non_zero_exit,0.973577,0,158,0,72.295322
2736,96797,0,762867,12.688581,0.000000,0.032231,,0.973233,0,158,0,72.305444
2737,96797,0,762867,12.688581,0.000000,5.004740,timeout,0.974706,0,159,0,72.279036
2738,96797,0,762867,12.688581,0.000000,0.038543,,0.974364,0,159,0,72.289157
2739,96797,0,762867,12.688581,0.000000,2.030881,,0.974749,0,159,0,72.299270
2740,96797,0,762867,12.688581,0.000000,0.022775,non_zero_exit,0.974402,0,159,0,72.272893
2741,96797,0,762867,12.688581,0.000000,1.030785,,0.974423,0,159,0,72.283005
2742,96797,0,762867,12.688581,0.000000,1.030960,,0.974443,0,159,0,72.293110
2743,96797,0,762867,12.688581,0.000000,0.029613,,0.974099,0,159,0,72.303207
2744,96799,2,762867,12.688844,0.000262,1.033387,,0.974121,0,159,0,72.313297
2745,96799,0,762867,12.688844,0.000000,1.029330,,0.974141,0,159,0,72.323379
2746,96799,0,762867,12.688844,0.000000,1.026861,,0.974160,0,159,0,72.333455
2747,96799,0,762867,12.688844,0.000000,1.030384,non_zero_exit,0.974180,0,159,0,72.307132
2748,96799,0,762867,12.688844,0.000000,0.029857,,0.973837,0,159,0,72.317206
2749,96799,0,762867,12.688844,0.000000,0.024155,non_zero_exit,0.973491,0,159,0,72.290909
2750,96799,0,762867,12.688844,0.000000,0.030074,,0.973149,0,159,0,72.300981
2751,96799,0,762867,12.688844,0.000000,5.004779,timeout,0.974614,0,160,0,72.274709
2752,96799,0,762867,12.688844,0.000000,0.025829,,0.974269,0,160,0,72.284780
2753,96799,0,762867,12.688844,0.000000,0.032321,,0.973927,0,160,0,72.294844
2754,96799,0,762867,12.688844,0.000000,0.024507,non_zero_exit,0.973582,0,160,0,72.268603
2755,96799,0,762867,12.688844,0.000000,1.031821,,0.973603,0,160,0,72.278665
2756,96799,0,762867,12.688844,0.000000,0.029446,,0.973261,0,160,0,72.288720
2757,96799,0,762867,12.688844,0.000000,0.031577,,0.972919,0,160,0,72.298767
2758,96799,0,762867,12.688844,0.000000,0.030470,,0.972578,0,160,0,72.308808
2759,96799,0,762867,12.688844,0.000000,1.034631,,0.972600,0,160,0,72.318841
2760,96799,0,762867,12.688844,0.000000,1.032848,,0.972622,0,160,0,72.328866
2761,96799,0,762867,12.688844,0.000000,3.033707,,0.973368,0,160,0,72.338885
2762,96799,0,762867,12.688844,0.000000,0.025878,non_zero_exit,0.973026,0,160,0,72.312704
2763,96799,0,762867,12.688844,0.000000,0.023696,non_zero_exit,0.972682,0,160,0,72.286541
2764,96799,0,762867,12.688844,0.000000,0.024496,non_zero_exit,0.972339,0,160,0,72.260398
2765,96799,0,762867,12.688844,0.000000,0.026845,,0.971997,0,160,0,72.270427
2766,96799,0,762867,12.688844,0.000000,0.030398,,0.971657,0,160,0,72.280448
2767,96799,0,762867,12.688844,0.000000,0.032656,,0.971318,0,160,0,72.290462
2768,96799,0,762867,12.688844,0.000000,0.021998,non_zero_exit,0.970975,0,160,0,72.264355
2769,96801,2,762867,12.689106,0.000262,0.028845,,0.970635,0,160,0,72.274368
2770,96801,0,762867,12.689106,0.000000,0.535943,,0.970478,0,160,0,72.284374
2771,96801,0,762867,12.689106,0.000000,1.027597,,0.970499,0,160,0,72.294372
2772,96802,1,762867,12.689237,0.000131,0.037304,,0.970162,0,160,0,72.304364
2773,96802,0,762867,12.689237,0.000000,5.003977,timeout,0.971616,0,161,0,72.278298
2774,96802,0,762867,12.689237,0.000000,0.021300,non_zero_exit,0.971274,0,161,0,72.252252
2775,96802,0,762867,12.689237,0.000000,0.032646,,0.970936,0,161,0,72.262248
2776,96802,0,762867,12.689237,0.000000,0.023550,non_zero_exit,0.970594,0,161,0,72.236226
2777,96802,0,762867,12.689237,0.000000,0.023484,non_zero_exit,0.970253,0,161,0,72.210223
2778,96802,0,762867,12.689237,0.000000,0.030128,,0.969915,0,161,0,72.220223
2779,96802,0,762867,12.689237,0.000000,0.032338,,0.969578,0,161,0,72.230216
2780,96805,3,762867,12.689630,0.000393,1.039647,,0.969603,0,161,0,72.240201
2781,96805,0,762867,12.689630,0.000000,0.025853,non_zero_exit,0.969264,0,161,0,72.214234
2782,96805,0,762867,12.689630,0.000000,0.030359,,0.968927,0,161,0,72.224218
2783,96805,0,762867,12.689630,0.000000,5.007932,timeout,0.970377,0,162,0,72.198276
2784,96805,0,762867,12.689630,0.000000,1.336180,,0.970509,0,162,0,72.208259
2785,96805,0,762867,12.689630,0.000000,0.030321,,0.970171,0,162,0,72.218234
2786,96805,0,762867,12.689630,0.000000,0.134464,,0.969871,0,162,0,72.228202
2787,96805,0,762867,12.689630,0.000000,0.022633,non_zero_exit,0.969532,0,162,0,72.202296
2788,96805,0,762867,12.689630,0.000000,3.039029,non_zero_exit,0.970274,0,162,0,72.176407
2789,96805,0,762867,12.689630,0.000000,0.035490,,0.969939,0,162,0,72.186380
2790,96805,0,762867,12.689630,0.000000,5.003821,timeout,0.971384,0,163,0,72.160516
2791,96806,1,762867,12.689761,0.000131,0.032355,,0.971048,0,163,0,72.170487
2792,96806,0,762867,12.689761,0.000000,0.030228,,0.970711,0,163,0,72.180451
2793,96806,0,762867,12.689761,0.000000,0.027366,,0.970373,0,163,0,72.190408
2794,96809,3,762867,12.690154,0.000393,0.027877,,0.970036,0,163,0,72.200358
2795,96809,0,762867,12.690154,0.000000,0.027358,,0.969699,0,163,0,72.210300
2796,96811,2,762867,12.690417,0.000262,0.546316,,0.969547,0,163,0,72.220236
2797,96825,14,762867,12.692252,0.001835,0.022179,non_zero_exit,0.969209,0,163,0,72.194425
2798,96825,0,762867,12.692252,0.000000,0.024456,non_zero_exit,0.968871,0,163,0,72.168632
2799,96832,7,762867,12.693169,0.000918,1.029927,,0.968893,0,163,0,72.178571
2800,96832,0,762867,12.693169,0.000000,1.030382,,0.968915,0,163,0,72.188504
2801,96832,0,762867,12.693169,0.000000,0.031746,,0.968581,0,163,0,72.198430
2802,96832,0,762867,12.693169,0.000000,1.029061,,0.968602,0,163,0,72.208348
2803,96832,0,762867,12.693169,0.000000,5.004042,timeout,0.970041,0,164,0,72.182596
2804,96832,0,762867,12.693169,0.000000,1.028280,,0.970062,0,164,0,72.192513
2805,96832,0,762867,12.693169,0.000000,0.026981,,0.969726,0,164,0,72.202423
2806,96832,0,762867,12.693169,0.000000,0.129179,,0.969426,0,164,0,72.212326
2807,96832,0,762867,12.693169,0.000000,0.058034,,0.969102,0,164,0,72.222222
2808,96832,0,762867,12.693169,0.000000,0.031482,,0.968768,0,164,0,72.232111
2809,96832,0,762867,12.693169,0.000000,0.029481,non_zero_exit,0.968434,0,164,0,72.206406
2810,96832,0,762867,12.693169,0.000000,1.030263,,0.968456,0,164,0,72.216293
2811,96832,0,762867,12.693169,0.000000,0.022550,non_zero_exit,0.968119,0,164,0,72.190612
2812,96832,0,762867,12.693169,0.000000,2.034513,,0.968499,0,164,0,72.200498
2813,96832,0,762867,12.693169,0.000000,0.021312,non_zero_exit,0.968162,0,164,0,72.174840
2814,96832,0,762867,12.693169,0.000000,0.021934,non_zero_exit,0.967826,0,164,0,72.149201
2815,96832,0,762867,12.693169,0.000000,2.030108,,0.968203,0,164,0,72.159091
2816,96832,0,762867,12.693169,0.000000,1.037050,,0.968228,0,164,0,72.168974
2817,96832,0,762867,12.693169,0.000000,0.023069,non_zero_exit,0.967892,0,164,0,72.143364
2818,96832,0,762867,12.693169,0.000000,1.038384,,0.967917,0,164,0,72.153246
2819,96832,0,762867,12.693169,0.000000,3.529699,,0.968826,0,164,0,72.163121
2820,96832,0,762867,12.693169,0.000000,0.024198,non_zero_exit,0.968491,0,164,0,72.137540
2821,96832,0,762867,12.693169,0.000000,0.030893,,0.968158,0,164,0,72.147413
2822,96832,0,762867,12.693169,0.000000,0.032308,,0.967827,0,164,0,72.157279
2823,96832,0,762867,12.693169,0.000000,3.533113,,0.968735,0,164,0,72.167139
2824,96832,0,762867,12.693169,0.000000,0.029320,,0.968403,0,164,0,72.176991
2825,96832,0,762867,12.693169,0.000000,0.538738,,0.968251,0,164,0,72.186837
2826,96832,0,762867,12.693169,0.000000,0.023008,non_zero_exit,0.967916,0,164,0,72.161302
2827,96832,0,762867,12.693169,0.000000,1.030628,,0.967939,0,164,0,72.171146
2828,96832,0,762867,12.693169,0.000000,0.032926,,0.967608,0,164,0,72.180983
2829,96832,0,762867,12.693169,0.000000,1.237081,,0.967703,0,164,0,72.190813
2830,96833,1,762867,12.693300,0.000131,1.035626,,0.967727,0,164,0,72.200636
2831,96833,0,762867,12.693300,0.000000,1.530557,,0.967926,0,164,0,72.210452
2832,96833,0,762867,12.693300,0.000000,0.023122,non_zero_exit,0.967592,0,164,0,72.184963
2833,96833,0,762867,12.693300,0.000000,1.033085,,0.967616,0,164,0,72.194778
2834,96833,0,762867,12.693300,0.000000,1.133542,,0.967674,0,164,0,72.204586
2835,96833,0,762867,12.693300,0.000000,0.031676,,0.967344,0,164,0,72.214386
2836,96833,0,762867,12.693300,0.000000,1.032051,,0.967367,0,164,0,72.224180
2837,96833,0,762867,12.693300,0.000000,2.029715,,0.967741,0,164,0,72.233968
2838,96833,0,762867,12.693300,0.000000,0.022962,non_zero_exit,0.967408,0,164,0,72.208524
2839,96833,0,762867,12.693300,0.000000,1.036815,,0.967433,0,164,0,72.218310
2840,96834,1,762867,12.693431,0.000131,0.023255,non_zero_exit,0.967101,0,164,0,72.192890
2841,96834,0,762867,12.693431,0.000000,0.030123,,0.966771,0,164,0,72.202674
2842,96834,0,762867,12.693431,0.000000,1.031976,,0.966794,0,164,0,72.212452
2843,96834,0,762867,12.693431,0.000000,5.004103,timeout,0.968213,0,165,0,72.187060
2844,96834,0,762867,12.693431,0.000000,1.030423,,0.968235,0,165,0,72.196837
2845,96834,0,762867,12.693431,0.000000,0.032040,,0.967906,0,165,0,72.206606
2846,96834,0,762867,12.693431,0.000000,0.034434,,0.967578,0,165,0,72.216368
2847,96834,0,762867,12.693431,0.000000,1.027653,,0.967600,0,165,0,72.226124
2848,96834,0,762867,12.693431,0.000000,0.031949,,0.967271,0,165,0,72.235872
2849,96834,0,762867,12.693431,0.000000,5.004101,timeout,0.968688,0,166,0,72.210526
2850,96834,0,762867,12.693431,0.000000,0.032784,,0.968359,0,166,0,72.220274
2851,96834,0,762867,12.693431,0.000000,5.003651,timeout,0.969774,0,167,0,72.194951
2852,96834,0,762867,12.693431,0.000000,0.037946,non_zero_exit,0.969448,0,167,0,72.169646
2853,96834,0,762867,12.693431,0.000000,3.535347,,0.970347,0,167,0,72.179397
2854,96834,0,762867,12.693431,0.000000,0.034792,,0.970019,0,167,0,72.189142
2855,96834,0,762867,12.693431,0.000000,0.032342,,0.969691,0,167,0,72.198880
2856,96834,0,762867,12.693431,0.000000,1.035593,,0.969714,0,167,0,72.208610
2857,96842,8,762867,12.694480,0.001049,1.035910,,0.969737,0,167,0,72.218334
2858,96842,0,762867,12.694480,0.000000,0.034681,,0.969410,0,167,0,72.228052
2859,96842,0,762867,12.694480,0.000000,0.427054,,0.969220,0,167,0,72.237762
2860,96842,0,762867,12.694480,0.000000,2.031388,,0.969591,0,167,0,72.247466
2861,96842,0,762867,12.694480,0.000000,5.004695,timeout,0.971001,0,168,0,72.222222
2862,96842,0,762867,12.694480,0.000000,1.042943,non_zero_exit,0.971026,0,168,0,72.196996
2863,96842,0,762867,12.694480,0.000000,0.023781,non_zero_exit,0.970696,0,168,0,72.171788
2864,96842,0,762867,12.694480,0.000000,1.031058,,0.970717,0,168,0,72.181501
2865,96842,0,762867,12.694480,0.000000,2.089241,,0.971107,0,168,0,72.191207
2866,96842,0,762867,12.694480,0.000000,1.038201,,0.971130,0,168,0,72.200907
2867,96842,0,762867,12.694480,0.000000,1.031203,,0.971151,0,168,0,72.210600
2868,96842,0,762867,12.694480,0.000000,0.031592,,0.970824,0,168,0,72.220286
2869,96997,155,762867,12.714798,0.020318,3.047791,,0.971548,0,168,0,72.229965
2870,96997,0,762867,12.714798,0.000000,0.024934,,0.971218,0,168,0,72.239638
2871,96997,0,762867,12.714798,0.000000,0.034283,,0.970892,0,168,0,72.249304
2872,97001,4,762867,12.715323,0.000524,2.029568,,0.971260,0,168,0,72.258963
2873,97001,0,762867,12.715323,0.000000,0.029994,,0.970933,0,168,0,72.268615
2874,97001,0,762867,12.715323,0.000000,1.029915,,0.970953,0,168,0,72.278261
2875,97001,0,762867,12.715323,0.000000,1.031886,,0.970974,0,168,0,72.287900
2876,97001,0,762867,12.715323,0.000000,0.030967,,0.970648,0,168,0,72.297532
2877,97001,0,762867,12.715323,0.000000,5.004914,timeout,0.972049,0,169,0,72.272411
2878,97001,0,762867,12.715323,0.000000,0.038009,,0.971725,0,169,0,72.282042
2879,97001,0,762867,12.715323,0.000000,2.039102,,0.972095,0,169,0,72.291667
2880,97001,0,762867,12.715323,0.000000,1.033885,,0.972117,0,169,0,72.301284
2881,97001,0,762867,12.715323,0.000000,5.004519,timeout,0.973516,0,170,0,72.276197
2882,97001,0,762867,12.715323,0.000000,0.031703,,0.973189,0,170,0,72.285813
2883,97058,57,762867,12.722794,0.007472,0.336495,,0.972969,0,170,0,72.295423
2884,97058,0,762867,12.722794,0.000000,2.031229,,0.973335,0,170,0,72.305026
2885,97058,0,762867,12.722794,0.000000,0.029349,,0.973008,0,170,0,72.314622
2886,97058,0,762867,12.722794,0.000000,0.023991,non_zero_exit,0.972680,0,170,0,72.289574
2887,97058,0,762867,12.722794,0.000000,0.023152,non_zero_exit,0.972351,0,170,0,72.264543
2888,97058,0,762867,12.722794,0.000000,1.538207,,0.972547,0,170,0,72.274143
2889,97058,0,762867,12.722794,0.000000,0.025650,non_zero_exit,0.972219,0,170,0,72.249135
2890,97058,0,762867,12.722794,0.000000,1.033339,,0.972240,0,170,0,72.258734
2891,97058,0,762867,12.722794,0.000000,5.004419,timeout,0.973634,0,171,0,72.233748
2892,97058,0,762867,12.722794,0.000000,0.030115,,0.973308,0,171,0,72.243346
2893,97058,0,762867,12.722794,0.000000,0.023242,non_zero_exit,0.972980,0,171,0,72.218383
2894,97066,8,762867,12.723843,0.001049,0.135797,,0.972691,0,171,0,72.227979
2895,97066,0,762867,12.723843,0.000000,0.028690,,0.972365,0,171,0,72.237569
2896,97066,0,762867,12.723843,0.000000,0.534646,,0.972214,0,171,0,72.247152
2897,97066,0,762867,12.723843,0.000000,0.021167,non_zero_exit,0.971886,0,171,0,72.222222
2898,97066,0,762867,12.723843,0.000000,1.543673,,0.972083,0,171,0,72.231804
2899,97066,0,762867,12.723843,0.000000,0.029335,,0.971758,0,171,0,72.241379
2900,97066,0,762867,12.723843,0.000000,0.021692,non_zero_exit,0.971430,0,171,0,72.216477
2901,97066,0,762867,12.723843,0.000000,0.021498,non_zero_exit,0.971103,0,171,0,72.191592
2902,97066,0,762867,12.723843,0.000000,2.026198,,0.971466,0,171,0,72.201171
2903,97066,0,762867,12.723843,0.000000,0.025011,non_zero_exit,0.971141,0,171,0,72.176309
2904,97067,1,762867,12.723974,0.000131,0.021959,non_zero_exit,0.970814,0,171,0,72.151463
2905,97067,0,762867,12.723974,0.000000,2.028771,,0.971178,0,171,0,72.161046
2906,97067,0,762867,12.723974,0.000000,0.023918,non_zero_exit,0.970852,0,171,0,72.136223
2907,97067,0,762867,12.723974,0.000000,1.030715,,0.970873,0,171,0,72.145805
2908,97067,0,762867,12.723974,0.000000,1.032698,non_zero_exit,0.970894,0,171,0,72.121004
2909,97068,1,762867,12.724105,0.000131,0.023993,non_zero_exit,0.970568,0,171,0,72.096220
2910,97068,0,762867,12.724105,0.000000,0.022418,non_zero_exit,0.970243,0,171,0,72.071453
2911,97068,0,762867,12.724105,0.000000,5.006338,timeout,0.971629,0,172,0,72.046703
2912,97068,0,762867,12.724105,0.000000,1.030348,non_zero_exit,0.971649,0,172,0,72.021970
2913,97068,0,762867,12.724105,0.000000,0.022560,non_zero_exit,0.971323,0,172,0,71.997255
2914,97068,0,762867,12.724105,0.000000,0.023234,non_zero_exit,0.970998,0,172,0,71.972556
2915,97068,0,762867,12.724105,0.000000,0.035878,,0.970677,0,172,0,71.982167
2916,97068,0,762867,12.724105,0.000000,0.534317,,0.970528,0,172,0,71.991772
2917,97068,0,762867,12.724105,0.000000,0.023866,non_zero_exit,0.970203,0,172,0,71.967101
2918,97068,0,762867,12.724105,0.000000,1.032382,,0.970225,0,172,0,71.976704
2919,97068,0,762867,12.724105,0.000000,5.008052,timeout,0.971607,0,173,0,71.952055
2920,97068,0,762867,12.724105,0.000000,0.032007,,0.971286,0,173,0,71.961657
2921,97068,0,762867,12.724105,0.000000,0.031486,,0.970964,0,173,0,71.971253
2922,97068,0,762867,12.724105,0.000000,5.003581,timeout,0.972344,0,174,0,71.946630
2923,97068,0,762867,12.724105,0.000000,0.022170,non_zero_exit,0.972019,0,174,0,71.922025
2924,97069,1,762867,12.724236,0.000131,0.033267,,0.971698,0,174,0,71.931624
2925,97070,1,762867,12.724367,0.000131,3.030307,,0.972401,0,174,0,71.941217
2926,97070,0,762867,12.724367,0.000000,3.033798,,0.973106,0,174,0,71.950803
2927,97070,0,762867,12.724367,0.000000,1.530274,,0.973296,0,174,0,71.960383
2928,97070,0,762867,12.724367,0.000000,0.024668,non_zero_exit,0.972972,0,174,0,71.935814
2929,97070,0,762867,12.724367,0.000000,2.025587,,0.973331,0,174,0,71.945392
2930,97070,0,762867,12.724367,0.000000,1.026985,,0.973350,0,174,0,71.954964
2931,97070,0,762867,12.724367,0.000000,0.036784,non_zero_exit,0.973030,0,174,0,71.930423
2932,97070,0,762867,12.724367,0.000000,0.030807,,0.972709,0,174,0,71.939993
2933,97070,0,762867,12.724367,0.000000,0.029971,,0.972388,0,174,0,71.949557
2934,97070,0,762867,12.724367,0.000000,0.032644,,0.972067,0,174,0,71.959114
2935,97080,10,762867,12.725678,0.001311,3.054086,,0.972777,0,174,0,71.968665
2936,97080,0,762867,12.725678,0.000000,1.036609,non_zero_exit,0.972798,0,174,0,71.944161
2937,97080,0,762867,12.725678,0.000000,0.028872,,0.972477,0,174,0,71.953710
2938,97082,2,762867,12.725940,0.000262,0.022439,non_zero_exit,0.972154,0,174,0,71.929228
2939,97083,1,762867,12.726072,0.000131,0.034858,,0.971835,0,174,0,71.938776
2940,97083,0,762867,12.726072,0.000000,2.038191,,0.972198,0,174,0,71.948317
2941,97083,0,762867,12.726072,0.000000,0.031008,,0.971878,0,174,0,71.957852
2942,97083,0,762867,12.726072,0.000000,3.537042,,0.972749,0,174,0,71.967380
2943,97083,0,762867,12.726072,0.000000,0.023288,non_zero_exit,0.972427,0,174,0,71.942935
2944,97083,0,762867,12.726072,0.000000,0.021953,non_zero_exit,0.972104,0,174,0,71.918506
2945,97083,0,762867,12.726072,0.000000,0.029869,,0.971784,0,174,0,71.928038
2946,97083,0,762867,12.726072,0.000000,2.940858,,0.972452,0,174,0,71.937564
2947,97083,0,762867,12.726072,0.000000,3.686419,,0.973373,0,174,0,71.947083
2948,97083,0,762867,12.726072,0.000000,0.030418,,0.973053,0,174,0,71.956595
2949,97083,0,762867,12.726072,0.000000,1.036201,,0.973075,0,174,0,71.966102
2950,97083,0,762867,12.726072,0.000000,0.534264,,0.972926,0,174,0,71.975601
2951,97083,0,762867,12.726072,0.000000,1.029530,,0.972945,0,174,0,71.985095
2952,97083,0,762867,12.726072,0.000000,1.029019,,0.972964,0,174,0,71.994582
2953,97083,0,762867,12.726072,0.000000,0.030071,,0.972645,0,174,0,72.004062
2954,97083,0,762867,12.726072,0.000000,0.031325,,0.972326,0,174,0,72.013536
2955,97083,0,762867,12.726072,0.000000,4.032330,,0.973361,0,174,0,72.023004
2956,97090,7,762867,12.726989,0.000918,0.023160,non_zero_exit,0.973040,0,174,0,71.998647
2957,97090,0,762867,12.726989,0.000000,0.060227,,0.972732,0,174,0,72.008114
2958,97090,0,762867,12.726989,0.000000,3.039440,,0.973430,0,174,0,72.017574
2959,97090,0,762867,12.726989,0.000000,0.025404,non_zero_exit,0.973110,0,174,0,71.993243
2960,97090,0,762867,12.726989,0.000000,1.029564,non_zero_exit,0.973129,0,174,0,71.968929
2961,97090,0,762867,12.726989,0.000000,0.026871,non_zero_exit,0.972809,0,174,0,71.944632
2962,97096,6,762867,12.727776,0.000787,0.043529,,0.972496,0,174,0,71.954101
2963,97096,0,762867,12.727776,0.000000,1.531382,,0.972684,0,174,0,71.963563
2964,97097,1,762867,12.727907,0.000131,0.032470,,0.972367,0,174,0,71.973019
2965,97097,0,762867,12.727907,0.000000,5.003533,timeout,0.973726,0,175,0,71.948753
2966,97097,0,762867,12.727907,0.000000,1.029265,,0.973745,0,175,0,71.958207
2967,97097,0,762867,12.727907,0.000000,1.730920,,0.974000,0,175,0,71.967655
2968,97097,0,762867,12.727907,0.000000,0.022314,non_zero_exit,0.973680,0,175,0,71.943415
2969,97097,0,762867,12.727907,0.000000,3.028680,,0.974371,0,175,0,71.952862
2970,97099,2,762867,12.728169,0.000262,3.540596,,0.975235,0,175,0,71.962302
2971,97099,0,762867,12.728169,0.000000,0.030725,,0.974917,0,175,0,71.971736
2972,97099,0,762867,12.728169,0.000000,5.006761,timeout,0.976274,0,176,0,71.947528
2973,97099,0,762867,12.728169,0.000000,0.028651,,0.975955,0,176,0,71.956960
2974,97099,0,762867,12.728169,0.000000,0.024228,non_zero_exit,0.975635,0,176,0,71.932773
2975,97099,0,762867,12.728169,0.000000,0.022277,non_zero_exit,0.975315,0,176,0,71.908602
2976,97099,0,762867,12.728169,0.000000,0.029755,,0.974997,0,176,0,71.918038
2977,97099,0,762867,12.728169,0.000000,1.028868,,0.975015,0,176,0,71.927468
2978,97099,0,762867,12.728169,0.000000,5.008075,timeout,0.976369,0,177,0,71.903323
2979,97099,0,762867,12.728169,0.000000,0.028145,,0.976051,0,177,0,71.912752
2980,97099,0,762867,12.728169,0.000000,0.023563,non_zero_exit,0.975731,0,177,0,71.888628
2981,97100,1,762867,12.728300,0.000131,1.033578,,0.975751,0,177,0,71.898055
2982,97100,0,762867,12.728300,0.000000,0.023235,non_zero_exit,0.975431,0,177,0,71.873952
2983,97100,0,762867,12.728300,0.000000,0.030476,,0.975115,0,177,0,71.883378
2984,97100,0,762867,12.728300,0.000000,0.029530,,0.974798,0,177,0,71.892797
2985,97239,139,762867,12.746521,0.018221,4.032954,,0.975822,0,177,0,71.902210
2986,97239,0,762867,12.746521,0.000000,0.745171,,0.975745,0,177,0,71.911617
2987,97239,0,762867,12.746521,0.000000,1.044312,,0.975768,0,177,0,71.921017
2988,97239,0,762867,12.746521,0.000000,1.033477,,0.975787,0,177,0,71.930412
2989,97239,0,762867,12.746521,0.000000,0.030177,,0.975471,0,177,0,71.939799
2990,97239,0,762867,12.746521,0.000000,0.031563,,0.975155,0,177,0,71.949181
2991,97239,0,762867,12.746521,0.000000,0.029335,,0.974839,0,177,0,71.958556
2992,97266,27,762867,12.750060,0.003539,0.031343,non_zero_exit,0.974524,0,177,0,71.934514
2993,97266,0,762867,12.750060,0.000000,0.033265,,0.974210,0,177,0,71.943888
2994,97268,2,762867,12.750322,0.000262,0.024315,non_zero_exit,0.973892,0,177,0,71.919866
2995,97268,0,762867,12.750322,0.000000,5.004687,timeout,0.975238,0,178,0,71.895861
2996,97268,0,762867,12.750322,0.000000,0.021584,non_zero_exit,0.974920,0,178,0,71.871872
2997,97268,0,762867,12.750322,0.000000,3.031368,,0.975605,0,178,0,71.881254
2998,97268,0,762867,12.750322,0.000000,1.531546,,0.975791,0,178,0,71.890630
2999,97268,0,762867,12.750322,0.000000,1.032300,,0.975810,0,178,0,71.900000
3000,97276,8,762867,12.751371,0.001049,0.025123,non_zero_exit,0.975493,0,178,0,71.876041
3001,97276,0,762867,12.751371,0.000000,2.033767,non_zero_exit,0.975845,0,178,0,71.852099
3002,97276,0,762867,12.751371,0.000000,2.031984,,0.976197,0,178,0,71.861472
3003,97276,0,762867,12.751371,0.000000,0.030886,,0.975882,0,178,0,71.870839
3004,97276,0,762867,12.751371,0.000000,1.034493,,0.975902,0,178,0,71.880200
3005,97276,0,762867,12.751371,0.000000,2.031042,,0.976253,0,178,0,71.889554
3006,97276,0,762867,12.751371,0.000000,0.021224,non_zero_exit,0.975935,0,178,0,71.865647
3007,97276,0,762867,12.751371,0.000000,0.023194,non_zero_exit,0.975619,0,178,0,71.841755
3008,97276,0,762867,12.751371,0.000000,1.032296,,0.975637,0,178,0,71.851113
3009,97276,0,762867,12.751371,0.000000,1.031425,,0.975656,0,178,0,71.860465
3010,97276,0,762867,12.751371,0.000000,0.029386,,0.975342,0,178,0,71.869811
3011,97276,0,762867,12.751371,0.000000,3.034362,,0.976025,0,178,0,71.879150
3012,97276,0,762867,12.751371,0.000000,0.030648,,0.975712,0,178,0,71.888483
3013,97276,0,762867,12.751371,0.000000,0.031573,non_zero_exit,0.975398,0,178,0,71.864632
3014,97276,0,762867,12.751371,0.000000,2.030277,,0.975748,0,178,0,71.873964
3015,97276,0,762867,12.751371,0.000000,1.030710,non_zero_exit,0.975766,0,178,0,71.850133
3016,97276,0,762867,12.751371,0.000000,0.026052,,0.975452,0,178,0,71.859463
3017,97276,0,762867,12.751371,0.000000,0.026659,,0.975137,0,178,0,71.868787
3018,97276,0,762867,12.751371,0.000000,1.028828,,0.975155,0,178,0,71.878105
3019,97278,2,762867,12.751633,0.000262,3.033569,,0.975837,0,178,0,71.887417
3020,97279,1,762867,12.751764,0.000131,2.037258,,0.976188,0,178,0,71.896723
3021,97279,0,762867,12.751764,0.000000,3.035572,,0.976869,0,178,0,71.906023
3022,97279,0,762867,12.751764,0.000000,0.028066,,0.976556,0,178,0,71.915316
3023,97279,0,762867,12.751764,0.000000,1.035784,,0.976575,0,178,0,71.924603
3024,97279,0,762867,12.751764,0.000000,1.035111,,0.976594,0,178,0,71.933884
3025,97279,0,762867,12.751764,0.000000,0.026400,,0.976280,0,178,0,71.943159
3026,97279,0,762867,12.751764,0.000000,0.032727,,0.975969,0,178,0,71.952428
3027,97279,0,762867,12.751764,0.000000,0.037804,,0.975659,0,178,0,71.961691
3028,97279,0,762867,12.751764,0.000000,3.034506,,0.976339,0,178,0,71.970948
3029,97279,0,762867,12.751764,0.000000,0.031328,,0.976027,0,178,0,71.980198
3030,97279,0,762867,12.751764,0.000000,5.004544,timeout,0.977356,0,179,0,71.956450
3031,97281,2,762867,12.752026,0.000262,0.023610,non_zero_exit,0.977041,0,179,0,71.932718
3032,97336,55,762867,12.759236,0.007210,1.029723,,0.977059,0,179,0,71.941972
3033,97336,0,762867,12.759236,0.000000,0.231805,,0.976813,0,179,0,71.951220
3034,97345,9,762867,12.760416,0.001180,0.021406,non_zero_exit,0.976498,0,179,0,71.927512
3035,97345,0,762867,12.760416,0.000000,1.029784,,0.976516,0,179,0,71.936759
3036,97346,1,762867,12.760547,0.000131,3.035751,,0.977194,0,179,0,71.945999
3037,97346,0,762867,12.760547,0.000000,1.032712,,0.977212,0,179,0,71.955234
3038,97346,0,762867,12.760547,0.000000,0.025562,non_zero_exit,0.976899,0,179,0,71.931556
3039,97346,0,762867,12.760547,0.000000,3.034359,,0.977576,0,179,0,71.940789
3040,97346,0,762867,12.760547,0.000000,0.028844,,0.977264,0,179,0,71.950016
3041,97346,0,762867,12.760547,0.000000,5.007848,timeout,0.978589,0,180,0,71.926364
3042,97346,0,762867,12.760547,0.000000,3.538293,,0.979430,0,180,0,71.935590
3043,97346,0,762867,12.760547,0.000000,0.026813,non_zero_exit,0.979117,0,180,0,71.911958
3044,97346,0,762867,12.760547,0.000000,3.032872,,0.979791,0,180,0,71.921182
3045,97346,0,762867,12.760547,0.000000,0.029845,,0.979480,0,180,0,71.930401
3046,97346,0,762867,12.760547,0.000000,1.032231,,0.979497,0,180,0,71.939613
3047,97346,0,762867,12.760547,0.000000,0.036497,,0.979188,0,180,0,71.948819
3048,97346,0,762867,12.760547,0.000000,1.024577,,0.979202,0,180,0,71.958019
3049,97346,0,762867,12.760547,0.000000,1.037128,,0.979221,0,180,0,71.967213
3050,97347,1,762867,12.760678,0.000131,0.541412,,0.979078,0,180,0,71.976401
3051,97347,0,762867,12.760678,0.000000,0.021573,non_zero_exit,0.978764,0,180,0,71.952818
3052,97347,0,762867,12.760678,0.000000,0.025106,non_zero_exit,0.978452,0,180,0,71.929250
3053,97347,0,762867,12.760678,0.000000,3.030493,,0.979124,0,180,0,71.938441
3054,97347,0,762867,12.760678,0.000000,5.005923,timeout,0.980442,0,181,0,71.914894
3055,97348,1,762867,12.760809,0.000131,0.023179,non_zero_exit,0.980129,0,181,0,71.891361
3056,97348,0,762867,12.760809,0.000000,0.028124,non_zero_exit,0.979817,0,181,0,71.867844
3057,97348,0,762867,12.760809,0.000000,1.027670,,0.979833,0,181,0,71.877044
3058,97348,0,762867,12.760809,0.000000,1.032724,,0.979850,0,181,0,71.886237
3059,97348,0,762867,12.760809,0.000000,1.032149,,0.979867,0,181,0,71.895425
3060,97348,0,762867,12.760809,0.000000,0.025012,non_zero_exit,0.979555,0,181,0,71.871937
3061,97348,0,762867,12.760809,0.000000,5.004054,timeout,0.980870,0,182,0,71.848465
3062,97356,8,762867,12.761858,0.001049,1.035455,,0.980887,0,182,0,71.857656
3063,97356,0,762867,12.761858,0.000000,0.029899,,0.980577,0,182,0,71.866841
3064,97356,0,762867,12.761858,0.000000,1.529571,,0.980756,0,182,0,71.876020
3065,97356,0,762867,12.761858,0.000000,2.013875,,0.981093,0,182,0,71.885192
3066,97356,0,762867,12.761858,0.000000,5.004361,timeout,0.982405,0,183,0,71.861754
3067,97356,0,762867,12.761858,0.000000,0.032061,,0.982095,0,183,0,71.870926
3068,97356,0,762867,12.761858,0.000000,1.032661,non_zero_exit,0.982112,0,183,0,71.847507
3069,97356,0,762867,12.761858,0.000000,0.023103,non_zero_exit,0.981799,0,183,0,71.824104
3070,97358,2,762867,12.762120,0.000262,0.024434,,0.981488,0,183,0,71.833279
3071,97358,0,762867,12.762120,0.000000,0.537383,,0.981343,0,183,0,71.842448
3072,97358,0,762867,12.762120,0.000000,0.032139,,0.981034,0,183,0,71.851611
3073,97367,9,762867,12.763300,0.001180,1.042570,,0.981054,0,183,0,71.860768
3074,97367,0,762867,12.763300,0.000000,0.021408,non_zero_exit,0.980742,0,183,0,71.837398
3075,97367,0,762867,12.763300,0.000000,0.026701,non_zero_exit,0.980432,0,183,0,71.814044
3076,97367,0,762867,12.763300,0.000000,2.029785,,0.980773,0,183,0,71.823204
3077,97367,0,762867,12.763300,0.000000,0.031625,,0.980465,0,183,0,71.832359
3078,97367,0,762867,12.763300,0.000000,1.037268,,0.980483,0,183,0,71.841507
3079,97367,0,762867,12.763300,0.000000,3.031255,,0.981149,0,183,0,71.850649
3080,97367,0,762867,12.763300,0.000000,2.531605,,0.981652,0,183,0,71.859786
3081,97367,0,762867,12.763300,0.000000,2.531649,,0.982155,0,183,0,71.868916
3082,97367,0,762867,12.763300,0.000000,1.028339,,0.982170,0,183,0,71.878041
3083,97367,0,762867,12.763300,0.000000,5.004049,timeout,0.983474,0,184,0,71.854734
3084,97367,0,762867,12.763300,0.000000,1.030607,,0.983489,0,184,0,71.863857
3085,97367,0,762867,12.763300,0.000000,0.033785,,0.983182,0,184,0,71.872975
3086,97367,0,762867,12.763300,0.000000,0.025711,non_zero_exit,0.982871,0,184,0,71.849692
3087,97367,0,762867,12.763300,0.000000,0.033663,,0.982564,0,184,0,71.858808
3088,97367,0,762867,12.763300,0.000000,1.030655,,0.982580,0,184,0,71.867918
3089,97367,0,762867,12.763300,0.000000,0.928514,,0.982562,0,184,0,71.877023
3090,97367,0,762867,12.763300,0.000000,1.037730,,0.982580,0,184,0,71.886121
3091,97367,0,762867,12.763300,0.000000,1.028342,,0.982595,0,184,0,71.895213
3092,97367,0,762867,12.763300,0.000000,0.025897,non_zero_exit,0.982285,0,184,0,71.871969
3093,97367,0,762867,12.763300,0.000000,1.031191,,0.982301,0,184,0,71.881060
3094,97367,0,762867,12.763300,0.000000,1.029260,,0.982316,0,184,0,71.890145
3095,97369,2,762867,12.763562,0.000262,1.032406,,0.982333,0,184,0,71.899225
3096,97369,0,762867,12.763562,0.000000,0.031859,,0.982026,0,184,0,71.908298
3097,97369,0,762867,12.763562,0.000000,0.033458,,0.981720,0,184,0,71.917366
3098,97369,0,762867,12.763562,0.000000,0.028357,,0.981412,0,184,0,71.926428
3099,97369,0,762867,12.763562,0.000000,0.027445,non_zero_exit,0.981104,0,184,0,71.903226
3100,97373,4,762867,12.764086,0.000524,2.245537,,0.981512,0,184,0,71.912286
3101,97373,0,762867,12.764086,0.000000,3.033956,,0.982174,0,184,0,71.921341
3102,97373,0,762867,12.764086,0.000000,0.018603,non_zero_exit,0.981863,0,184,0,71.898163
3103,97373,0,762867,12.764086,0.000000,0.029563,,0.981556,0,184,0,71.907216
3104,97415,42,762867,12.769592,0.005506,0.036594,,0.981252,0,184,0,71.916264
3105,97415,0,762867,12.769592,0.000000,5.007209,timeout,0.982548,0,185,0,71.893110
3106,97415,0,762867,12.769592,0.000000,1.036705,,0.982565,0,185,0,71.902156
3107,97415,0,762867,12.769592,0.000000,1.033303,,0.982582,0,185,0,71.911197
3108,97417,2,762867,12.769854,0.000262,0.030077,,0.982275,0,185,0,71.920232
3109,97417,0,762867,12.769854,0.000000,3.040441,,0.982937,0,185,0,71.929260
3110,97417,0,762867,12.769854,0.000000,1.028422,non_zero_exit,0.982952,0,185,0,71.906140
3111,97417,0,762867,12.769854,0.000000,0.022946,non_zero_exit,0.982643,0,185,0,71.883033
3112,97417,0,762867,12.769854,0.000000,0.031698,,0.982338,0,185,0,71.892066
3113,97417,0,762867,12.769854,0.000000,1.533845,,0.982515,0,185,0,71.901092
3114,97417,0,762867,12.769854,0.000000,0.027322,,0.982208,0,185,0,71.910112
3115,97417,0,762867,12.769854,0.000000,4.548542,,0.983353,0,185,0,71.919127
3116,97417,0,762867,12.769854,0.000000,1.028920,,0.983367,0,185,0,71.928136
3117,97417,0,762867,12.769854,0.000000,0.022974,non_zero_exit,0.983059,0,185,0,71.905067
3118,97417,0,762867,12.769854,0.000000,0.024505,non_zero_exit,0.982752,0,185,0,71.882013
3119,97417,0,762867,12.769854,0.000000,0.025790,non_zero_exit,0.982445,0,185,0,71.858974
3120,97417,0,762867,12.769854,0.000000,0.533710,,0.982302,0,185,0,71.867991
3121,97417,0,762867,12.769854,0.000000,0.024066,non_zero_exit,0.981995,0,185,0,71.844971
3122,97417,0,762867,12.769854,0.000000,1.034863,,0.982012,0,185,0,71.853987
3123,97417,0,762867,12.769854,0.000000,1.627237,,0.982218,0,185,0,71.862996
3124,97418,1,762867,12.769985,0.000131,0.022860,non_zero_exit,0.981911,0,185,0,71.840000
3125,97420,2,762867,12.770247,0.000262,0.022041,non_zero_exit,0.981604,0,185,0,71.817019
3126,97425,5,762867,12.770902,0.000655,1.040428,,0.981623,0,185,0,71.826031
3127,97425,0,762867,12.770902,0.000000,0.021690,non_zero_exit,0.981316,0,185,0,71.803069
3128,97425,0,762867,12.770902,0.000000,0.037057,,0.981014,0,185,0,71.812081
3129,97426,1,762867,12.771033,0.000131,4.044075,,0.981993,0,185,0,71.821086
3130,97426,0,762867,12.771033,0.000000,1.034085,,0.982010,0,185,0,71.830086
3131,97426,0,762867,12.771033,0.000000,0.035509,,0.981707,0,185,0,71.839080
3132,97426,0,762867,12.771033,0.000000,1.032337,,0.981723,0,185,0,71.848069
3133,97426,0,762867,12.771033,0.000000,0.033420,,0.981421,0,185,0,71.857052
3134,97426,0,762867,12.771033,0.000000,0.029541,,0.981117,0,185,0,71.866029
3135,97426,0,762867,12.771033,0.000000,1.040314,,0.981136,0,185,0,71.875000
3136,97426,0,762867,12.771033,0.000000,1.035436,,0.981153,0,185,0,71.883966
3137,97426,0,762867,12.771033,0.000000,1.532300,,0.981329,0,185,0,71.892925
3138,97714,288,762867,12.808786,0.037752,0.044034,,0.981031,0,185,0,71.901880
3139,97714,0,762867,12.808786,0.000000,0.034392,,0.980729,0,185,0,71.910828
3140,97714,0,762867,12.808786,0.000000,0.029448,,0.980426,0,185,0,71.919771
3141,97714,0,762867,12.808786,0.000000,1.029036,,0.980442,0,185,0,71.928708
3142,97714,0,762867,12.808786,0.000000,1.032253,,0.980458,0,185,0,71.937639
3143,97714,0,762867,12.808786,0.000000,5.005118,timeout,0.981738,0,186,0,71.914758
3144,97722,8,762867,12.809834,0.001049,1.027353,,0.981753,0,186,0,71.923688
3145,97723,1,762867,12.809966,0.000131,0.021474,non_zero_exit,0.981448,0,186,0,71.900826
3146,97723,0,762867,12.809966,0.000000,0.025950,non_zero_exit,0.981144,0,186,0,71.877979
3147,97723,0,762867,12.809966,0.000000,0.024313,non_zero_exit,0.980840,0,186,0,71.855146
3148,97723,0,762867,12.809966,0.000000,5.007885,timeout,0.982119,0,187,0,71.832328
3149,97723,0,762867,12.809966,0.000000,0.034785,,0.981818,0,187,0,71.841270
3150,97723,0,762867,12.809966,0.000000,1.028888,non_zero_exit,0.981833,0,187,0,71.818470
3151,97723,0,762867,12.809966,0.000000,0.034518,,0.981532,0,187,0,71.827411
3152,97723,0,762867,12.809966,0.000000,1.532327,,0.981707,0,187,0,71.836346
3153,97723,0,762867,12.809966,0.000000,0.022429,non_zero_exit,0.981403,0,187,0,71.813570
3154,97723,0,762867,12.809966,0.000000,0.022383,non_zero_exit,0.981099,0,187,0,71.790808
3155,97723,0,762867,12.809966,0.000000,0.023803,non_zero_exit,0.980796,0,187,0,71.768061
3156,97723,0,762867,12.809966,0.000000,1.030633,non_zero_exit,0.980811,0,187,0,71.745328
3157,97723,0,762867,12.809966,0.000000,0.029946,,0.980510,0,187,0,71.754275
3158,97723,0,762867,12.809966,0.000000,0.028981,,0.980209,0,187,0,71.763216
3159,97723,0,762867,12.809966,0.000000,0.021332,non_zero_exit,0.979906,0,187,0,71.740506
3160,97723,0,762867,12.809966,0.000000,0.033367,,0.979606,0,187,0,71.749446
3161,97723,0,762867,12.809966,0.000000,2.030749,,0.979939,0,187,0,71.758381
3162,97725,2,762867,12.810228,0.000262,1.034498,,0.979956,0,187,0,71.767310
3163,97725,0,762867,12.810228,0.000000,0.030786,,0.979656,0,187,0,71.776233
3164,97725,0,762867,12.810228,0.000000,2.030192,,0.979988,0,187,0,71.785150
3165,97725,0,762867,12.810228,0.000000,0.021586,non_zero_exit,0.979685,0,187,0,71.762476
3166,97725,0,762867,12.810228,0.000000,5.003874,timeout,0.980956,0,188,0,71.739817
3167,97725,0,762867,12.810228,0.000000,0.028284,,0.980655,0,188,0,71.748737
3168,97725,0,762867,12.810228,0.000000,0.029281,,0.980355,0,188,0,71.757652
3169,97725,0,762867,12.810228,0.000000,0.031889,,0.980056,0,188,0,71.766562
3170,97725,0,762867,12.810228,0.000000,0.029769,,0.979756,0,188,0,71.775465
3171,97725,0,762867,12.810228,0.000000,0.019545,non_zero_exit,0.979453,0,188,0,71.752837
3172,97725,0,762867,12.810228,0.000000,3.535566,,0.980259,0,188,0,71.761740
3173,97725,0,762867,12.810228,0.000000,1.031626,,0.980275,0,188,0,71.770636
3174,97753,28,762867,12.813898,0.003670,0.050813,,0.979982,0,188,0,71.779528
3175,97754,1,762867,12.814029,0.000131,1.041435,,0.980002,0,188,0,71.788413
3176,97754,0,762867,12.814029,0.000000,1.045334,,0.980022,0,188,0,71.797293
3177,97754,0,762867,12.814029,0.000000,0.031372,,0.979724,0,188,0,71.806167
3178,97754,0,762867,12.814029,0.000000,0.031545,,0.979425,0,188,0,71.815036
3179,97754,0,762867,12.814029,0.000000,1.026030,,0.979440,0,188,0,71.823899
3180,97755,1,762867,12.814160,0.000131,1.244789,,0.979524,0,188,0,71.832757
3181,97755,0,762867,12.814160,0.000000,0.025190,non_zero_exit,0.979224,0,188,0,71.810182
3182,97755,0,762867,12.814160,0.000000,0.031365,,0.978926,0,188,0,71.819039
3183,97755,0,762867,12.814160,0.000000,0.026261,,0.978627,0,188,0,71.827889
3184,97755,0,762867,12.814160,0.000000,0.021785,non_zero_exit,0.978326,0,188,0,71.805338
3185,97755,0,762867,12.814160,0.000000,0.030262,,0.978029,0,188,0,71.814187
3186,97755,0,762867,12.814160,0.000000,0.024716,,0.977730,0,188,0,71.823031
3187,97755,0,762867,12.814160,0.000000,1.034787,,0.977747,0,188,0,71.831870
3188,97755,0,762867,12.814160,0.000000,1.038576,,0.977766,0,188,0,71.840702
3189,97755,0,762867,12.814160,0.000000,0.032620,,0.977470,0,188,0,71.849530
3190,97755,0,762867,12.814160,0.000000,1.035525,non_zero_exit,0.977488,0,188,0,71.827013
3191,97755,0,762867,12.814160,0.000000,0.021351,non_zero_exit,0.977189,0,188,0,71.804511
3192,97755,0,762867,12.814160,0.000000,0.024227,non_zero_exit,0.976890,0,188,0,71.782023
3193,97755,0,762867,12.814160,0.000000,0.029950,,0.976594,0,188,0,71.790858
3194,97755,0,762867,12.814160,0.000000,5.003617,timeout,0.977854,0,189,0,71.768388
3195,97755,0,762867,12.814160,0.000000,1.032131,,0.977871,0,189,0,71.777222
3196,97755,0,762867,12.814160,0.000000,1.032120,,0.977888,0,189,0,71.786049
3197,97755,0,762867,12.814160,0.000000,0.031523,,0.977592,0,189,0,71.794872
3198,97755,0,762867,12.814160,0.000000,0.021864,non_zero_exit,0.977294,0,189,0,71.772429
3199,97755,0,762867,12.814160,0.000000,1.035779,,0.977312,0,189,0,71.781250
3200,97755,0,762867,12.814160,0.000000,0.029075,,0.977016,0,189,0,71.790066
3201,97757,2,762867,12.814422,0.000262,0.027277,,0.976719,0,189,0,71.798876
3202,97757,0,762867,12.814422,0.000000,2.035536,,0.977050,0,189,0,71.807680
3203,97757,0,762867,12.814422,0.000000,0.021011,non_zero_exit,0.976751,0,189,0,71.785268
3204,97757,0,762867,12.814422,0.000000,0.031420,,0.976456,0,189,0,71.794072
3205,97764,7,762867,12.815340,0.000918,0.033455,,0.976162,0,189,0,71.802870
3206,97764,0,762867,12.815340,0.000000,1.534830,,0.976336,0,189,0,71.811662
3207,97764,0,762867,12.815340,0.000000,1.134093,,0.976386,0,189,0,71.820449
3208,97764,0,762867,12.815340,0.000000,0.031383,,0.976091,0,189,0,71.829230
3209,97764,0,762867,12.815340,0.000000,0.023206,non_zero_exit,0.975794,0,189,0,71.806854
3210,97764,0,762867,12.815340,0.000000,3.034958,,0.976435,0,189,0,71.815634
3211,97764,0,762867,12.815340,0.000000,0.030577,,0.976141,0,189,0,71.824408
3212,97764,0,762867,12.815340,0.000000,0.036138,,0.975848,0,189,0,71.833178
3213,97764,0,762867,12.815340,0.000000,1.036856,,0.975867,0,189,0,71.841942
3214,97764,0,762867,12.815340,0.000000,0.033027,,0.975574,0,189,0,71.850700
3215,97764,0,762867,12.815340,0.000000,0.027002,,0.975279,0,189,0,71.859453
3216,97765,1,762867,12.815471,0.000131,1.034115,,0.975297,0,189,0,71.868200
3217,97770,5,762867,12.816127,0.000655,5.084522,timeout,0.976574,0,190,0,71.845867
3218,97770,0,762867,12.816127,0.000000,0.029967,,0.976280,0,190,0,71.854613
3219,97770,0,762867,12.816127,0.000000,0.026172,,0.975985,0,190,0,71.863354
3220,97770,0,762867,12.816127,0.000000,0.030704,,0.975692,0,190,0,71.872089
3221,97770,0,762867,12.816127,0.000000,0.030016,,0.975398,0,190,0,71.880819
3222,97770,0,762867,12.816127,0.000000,1.035984,,0.975417,0,190,0,71.889544
3223,97770,0,762867,12.816127,0.000000,3.028734,,0.976054,0,190,0,71.898263
3224,97770,0,762867,12.816127,0.000000,0.031121,,0.975761,0,190,0,71.906977
3225,97770,0,762867,12.816127,0.000000,0.023016,non_zero_exit,0.975466,0,190,0,71.884687
3226,97772,2,762867,12.816389,0.000262,0.030924,,0.975173,0,190,0,71.893399
3227,97772,0,762867,12.816389,0.000000,0.026623,non_zero_exit,0.974879,0,190,0,71.871128
3228,97772,0,762867,12.816389,0.000000,0.337948,,0.974682,0,190,0,71.879839
3229,97772,0,762867,12.816389,0.000000,3.034441,,0.975320,0,190,0,71.888545
3230,97772,0,762867,12.816389,0.000000,3.031901,,0.975956,0,190,0,71.897245
3231,97772,0,762867,12.816389,0.000000,1.032511,,0.975974,0,190,0,71.905941
3232,97782,10,762867,12.817700,0.001311,0.029416,,0.975681,0,190,0,71.914630
3233,97782,0,762867,12.817700,0.000000,1.029885,,0.975698,0,190,0,71.923315
3234,97782,0,762867,12.817700,0.000000,0.026221,non_zero_exit,0.975404,0,190,0,71.901082
3235,97782,0,762867,12.817700,0.000000,0.038440,,0.975114,0,190,0,71.909765
3236,97782,0,762867,12.817700,0.000000,0.028336,,0.974822,0,190,0,71.918443
3237,97782,0,762867,12.817700,0.000000,0.024168,non_zero_exit,0.974528,0,190,0,71.896232
3238,97782,0,762867,12.817700,0.000000,0.034372,,0.974238,0,190,0,71.904909
3239,97782,0,762867,12.817700,0.000000,0.031178,,0.973947,0,190,0,71.913580
3240,97782,0,762867,12.817700,0.000000,1.033234,,0.973965,0,190,0,71.922246
3241,97782,0,762867,12.817700,0.000000,5.004941,timeout,0.975209,0,191,0,71.900062
3242,97782,0,762867,12.817700,0.000000,0.021643,non_zero_exit,0.974915,0,191,0,71.877891
3243,97782,0,762867,12.817700,0.000000,0.028822,,0.974623,0,191,0,71.886560
3244,97783,1,762867,12.817831,0.000131,0.032055,,0.974333,0,191,0,71.895223
3245,97783,0,762867,12.817831,0.000000,0.028575,,0.974041,0,191,0,71.903882
3246,97783,0,762867,12.817831,0.000000,0.032326,,0.973751,0,191,0,71.912535
3247,97784,1,762867,12.817962,0.000131,0.021929,non_zero_exit,0.973458,0,191,0,71.890394
3248,97784,0,762867,12.817962,0.000000,5.004305,timeout,0.974699,0,192,0,71.868267
3249,97786,2,762867,12.818224,0.000262,0.024951,non_zero_exit,0.974407,0,192,0,71.846154
3250,97786,0,762867,12.818224,0.000000,3.036273,,0.975041,0,192,0,71.854814
3251,97786,0,762867,12.818224,0.000000,0.021225,non_zero_exit,0.974747,0,192,0,71.832718
3252,97786,0,762867,12.818224,0.000000,0.025289,non_zero_exit,0.974456,0,192,0,71.810636
3253,97786,0,762867,12.818224,0.000000,1.028947,,0.974472,0,192,0,71.819299
3254,97786,0,762867,12.818224,0.000000,0.030211,,0.974182,0,192,0,71.827957
3255,97786,0,762867,12.818224,0.000000,0.023928,non_zero_exit,0.973890,0,192,0,71.805897
3256,97786,0,762867,12.818224,0.000000,0.024193,non_zero_exit,0.973599,0,192,0,71.783850
3257,97786,0,762867,12.818224,0.000000,0.027914,,0.973309,0,192,0,71.792511
3258,97786,0,762867,12.818224,0.000000,0.029388,,0.973019,0,192,0,71.801166
3259,97786,0,762867,12.818224,0.000000,1.028759,,0.973036,0,192,0,71.809816
3260,97786,0,762867,12.818224,0.000000,0.030708,,0.972747,0,192,0,71.818461
3261,97786,0,762867,12.818224,0.000000,1.032845,,0.972765,0,192,0,71.827100
3262,97786,0,762867,12.818224,0.000000,1.027967,,0.972782,0,192,0,71.835734
3263,97792,6,762867,12.819010,0.000787,0.027928,,0.972493,0,192,0,71.844363
3264,97792,0,762867,12.819010,0.000000,0.028426,,0.972204,0,192,0,71.852986
3265,97792,0,762867,12.819010,0.000000,1.031912,non_zero_exit,0.972222,0,192,0,71.830986
3266,97792,0,762867,12.819010,0.000000,0.030009,,0.971934,0,192,0,71.839608
3267,97792,0,762867,12.819010,0.000000,5.004623,timeout,0.973168,0,193,0,71.817625
3268,97792,0,762867,12.819010,0.000000,0.022285,non_zero_exit,0.972877,0,193,0,71.795656
3269,97795,3,762867,12.819404,0.000393,5.172826,timeout,0.974161,0,194,0,71.773700
3270,97795,0,762867,12.819404,0.000000,5.004102,timeout,0.975393,0,195,0,71.751758
3271,97795,0,762867,12.819404,0.000000,1.033911,,0.975411,0,195,0,71.760391
3272,97795,0,762867,12.819404,0.000000,0.022081,non_zero_exit,0.975120,0,195,0,71.738466
3273,97805,10,762867,12.820714,0.001311,2.030251,,0.975442,0,195,0,71.747098
3274,97805,0,762867,12.820714,0.000000,0.030266,,0.975153,0,195,0,71.755725
3275,97805,0,762867,12.820714,0.000000,0.036564,,0.974867,0,195,0,71.764347
3276,97805,0,762867,12.820714,0.000000,1.031316,non_zero_exit,0.974884,0,195,0,71.742447
3277,97808,3,762867,12.821108,0.000393,0.021982,non_zero_exit,0.974593,0,195,0,71.720561
3278,97808,0,762867,12.821108,0.000000,1.027099,,0.974610,0,195,0,71.729186
3279,97808,0,762867,12.821108,0.000000,0.031524,,0.974322,0,195,0,71.737805
3280,97808,0,762867,12.821108,0.000000,0.026809,,0.974033,0,195,0,71.746419
3281,97808,0,762867,12.821108,0.000000,0.029923,,0.973746,0,195,0,71.755027
3282,97808,0,762867,12.821108,0.000000,1.527477,non_zero_exit,0.973914,0,195,0,71.733171
3283,97809,1,762867,12.821239,0.000131,0.025166,non_zero_exit,0.973625,0,195,0,71.711328
3284,97824,15,762867,12.823205,0.001966,1.029238,,0.973642,0,195,0,71.719939
3285,97824,0,762867,12.823205,0.000000,1.029101,,0.973659,0,195,0,71.728545
3286,97828,4,762867,12.823729,0.000524,0.025033,non_zero_exit,0.973371,0,195,0,71.706723
3287,97828,0,762867,12.823729,0.000000,0.034613,,0.973085,0,195,0,71.715328
3288,97828,0,762867,12.823729,0.000000,0.141424,,0.972832,0,195,0,71.723928
3289,97829,1,762867,12.823861,0.000131,0.024282,non_zero_exit,0.972544,0,195,0,71.702128
3290,97829,0,762867,12.823861,0.000000,1.029717,,0.972561,0,195,0,71.710726
3291,97829,0,762867,12.823861,0.000000,1.033615,,0.972580,0,195,0,71.719320
3292,97830,1,762867,12.823992,0.000131,0.030753,,0.972294,0,195,0,71.727908
3293,97830,0,762867,12.823992,0.000000,0.037816,non_zero_exit,0.972010,0,195,0,71.706132
3294,97830,0,762867,12.823992,0.000000,0.030201,,0.971724,0,195,0,71.714719
3295,97830,0,762867,12.823992,0.000000,0.140119,non_zero_exit,0.971472,0,195,0,71.692961
3296,97830,0,762867,12.823992,0.000000,0.023315,non_zero_exit,0.971184,0,195,0,71.671216
3297,97830,0,762867,12.823992,0.000000,5.004506,timeout,0.972407,0,196,0,71.649485
3298,97830,0,762867,12.823992,0.000000,1.037362,,0.972427,0,196,0,71.658078
3299,97830,0,762867,12.823992,0.000000,2.028390,,0.972747,0,196,0,71.666667
3300,97830,0,762867,12.823992,0.000000,0.028729,,0.972461,0,196,0,71.675250
3301,97830,0,762867,12.823992,0.000000,0.028659,,0.972175,0,196,0,71.683828
3302,97830,0,762867,12.823992,0.000000,0.032451,,0.971891,0,196,0,71.692401
3303,97830,0,762867,12.823992,0.000000,1.031098,,0.971909,0,196,0,71.700969
3304,97830,0,762867,12.823992,0.000000,5.004130,timeout,0.973129,0,197,0,71.679274
3305,97830,0,762867,12.823992,0.000000,0.022529,non_zero_exit,0.972841,0,197,0,71.657592
3306,97830,0,762867,12.823992,0.000000,0.030552,,0.972556,0,197,0,71.666163
3307,97831,1,762867,12.824123,0.000131,1.035346,,0.972575,0,197,0,71.674728
3308,97831,0,762867,12.824123,0.000000,1.028608,,0.972592,0,197,0,71.683288
3309,97831,0,762867,12.824123,0.000000,0.022337,non_zero_exit,0.972305,0,197,0,71.661631
3310,97831,0,762867,12.824123,0.000000,0.030503,,0.972021,0,197,0,71.670190
3311,97831,0,762867,12.824123,0.000000,0.023909,non_zero_exit,0.971734,0,197,0,71.648551
3312,97831,0,762867,12.824123,0.000000,1.032539,,0.971753,0,197,0,71.657108
3313,97831,0,762867,12.824123,0.000000,1.039542,,0.971773,0,197,0,71.665661
3314,97831,0,762867,12.824123,0.000000,1.038910,,0.971793,0,197,0,71.674208
3315,97831,0,762867,12.824123,0.000000,1.536461,,0.971964,0,197,0,71.682750
3316,97837,6,762867,12.824909,0.000787,0.024920,non_zero_exit,0.971678,0,197,0,71.661140
3317,97837,0,762867,12.824909,0.000000,1.032578,,0.971696,0,197,0,71.669681
3318,97837,0,762867,12.824909,0.000000,0.033047,,0.971414,0,197,0,71.678216
3319,97837,0,762867,12.824909,0.000000,0.024213,non_zero_exit,0.971128,0,197,0,71.656627
3320,97837,0,762867,12.824909,0.000000,5.004019,timeout,0.972343,0,198,0,71.635050
3321,97837,0,762867,12.824909,0.000000,0.426828,,0.972178,0,198,0,71.643588
3322,97849,12,762867,12.826482,0.001573,3.028905,non_zero_exit,0.972797,0,198,0,71.622028
3323,97849,0,762867,12.826482,0.000000,1.035706,,0.972816,0,198,0,71.630566
3324,97849,0,762867,12.826482,0.000000,1.025837,,0.972832,0,198,0,71.639098
3325,97849,0,762867,12.826482,0.000000,1.029288,,0.972849,0,198,0,71.647625
3326,97849,0,762867,12.826482,0.000000,1.033552,,0.972867,0,198,0,71.656147
3327,97849,0,762867,12.826482,0.000000,0.034944,,0.972586,0,198,0,71.664663
3328,97849,0,762867,12.826482,0.000000,1.526279,,0.972752,0,198,0,71.673175
3329,97849,0,762867,12.826482,0.000000,1.032989,,0.972770,0,198,0,71.681682
3330,97849,0,762867,12.826482,0.000000,0.031714,,0.972488,0,198,0,71.690183
3331,97849,0,762867,12.826482,0.000000,0.023444,non_zero_exit,0.972203,0,198,0,71.668667
3332,97849,0,762867,12.826482,0.000000,0.030906,,0.971920,0,198,0,71.677168
3333,97849,0,762867,12.826482,0.000000,0.032835,,0.971639,0,198,0,71.685663
3334,97849,0,762867,12.826482,0.000000,0.535991,,0.971508,0,198,0,71.694153
3335,97849,0,762867,12.826482,0.000000,1.037532,,0.971528,0,198,0,71.702638
3336,97849,0,762867,12.826482,0.000000,0.021798,non_zero_exit,0.971243,0,198,0,71.681151
3337,97849,0,762867,12.826482,0.000000,1.036106,,0.971263,0,198,0,71.689635
3338,97849,0,762867,12.826482,0.000000,0.042761,,0.970985,0,198,0,71.698113
3339,97849,0,762867,12.826482,0.000000,0.032915,,0.970704,0,198,0,71.706587
3340,97849,0,762867,12.826482,0.000000,0.636182,,0.970604,0,198,0,71.715055
3341,97849,0,762867,12.826482,0.000000,2.033663,,0.970922,0,198,0,71.723519
3342,97849,0,762867,12.826482,0.000000,2.037937,,0.971241,0,198,0,71.731977
3343,97849,0,762867,12.826482,0.000000,5.004028,timeout,0.972447,0,199,0,71.710526
3344,97849,0,762867,12.826482,0.000000,0.025829,non_zero_exit,0.972164,0,199,0,71.689088
3345,97849,0,762867,12.826482,0.000000,0.640578,,0.972065,0,199,0,71.697549
3346,97849,0,762867,12.826482,0.000000,4.533379,,0.973129,0,199,0,71.706005
3347,97849,0,762867,12.826482,0.000000,0.025575,,0.972846,0,199,0,71.714456
3348,97850,1,762867,12.826613,0.000131,0.024386,non_zero_exit,0.972563,0,199,0,71.693043
3349,97850,0,762867,12.826613,0.000000,0.022640,non_zero_exit,0.972279,0,199,0,71.671642
3350,97850,0,762867,12.826613,0.000000,0.026868,,0.971997,0,199,0,71.680095
3351,97850,0,762867,12.826613,0.000000,0.023361,non_zero_exit,0.971714,0,199,0,71.658711
3352,97850,0,762867,12.826613,0.000000,1.032513,,0.971732,0,199,0,71.667164
3353,97850,0,762867,12.826613,0.000000,1.029939,,0.971749,0,199,0,71.675611
3354,97850,0,762867,12.826613,0.000000,1.029891,,0.971767,0,199,0,71.684054
3355,97850,0,762867,12.826613,0.000000,0.023816,non_zero_exit,0.971484,0,199,0,71.662694
3356,97850,0,762867,12.826613,0.000000,0.021325,non_zero_exit,0.971201,0,199,0,71.641346
3357,97850,0,762867,12.826613,0.000000,0.031620,,0.970921,0,199,0,71.649792
3358,97850,0,762867,12.826613,0.000000,1.037321,,0.970941,0,199,0,71.658232
3359,97850,0,762867,12.826613,0.000000,0.033269,,0.970662,0,199,0,71.666667
3360,97850,0,762867,12.826613,0.000000,0.025650,non_zero_exit,0.970381,0,199,0,71.645344
3361,97850,0,762867,12.826613,0.000000,5.007894,timeout,0.971582,0,200,0,71.624033
3362,97850,0,762867,12.826613,0.000000,0.033061,,0.971303,0,200,0,71.632471
3363,97850,0,762867,12.826613,0.000000,0.033436,,0.971024,0,200,0,71.640904
3364,97850,0,762867,12.826613,0.000000,1.027862,,0.971041,0,200,0,71.649331
3365,97850,0,762867,12.826613,0.000000,1.536290,,0.971209,0,200,0,71.657754
3366,97852,2,762867,12.826875,0.000262,0.033846,,0.970930,0,200,0,71.666172
3367,97852,0,762867,12.826875,0.000000,2.034055,,0.971246,0,200,0,71.674584
3368,97852,0,762867,12.826875,0.000000,1.035410,,0.971265,0,200,0,71.682992
3369,97852,0,762867,12.826875,0.000000,0.029615,,0.970986,0,200,0,71.691395
3370,97852,0,762867,12.826875,0.000000,0.037287,,0.970709,0,200,0,71.699792
3371,97852,0,762867,12.826875,0.000000,0.030533,,0.970430,0,200,0,71.708185
3372,97854,2,762867,12.827138,0.000262,0.966558,,0.970429,0,200,0,71.716573
3373,97854,0,762867,12.827138,0.000000,0.030159,,0.970150,0,200,0,71.724956
3374,97854,0,762867,12.827138,0.000000,0.023657,non_zero_exit,0.969870,0,200,0,71.703704
3375,97854,0,762867,12.827138,0.000000,0.530472,,0.969739,0,200,0,71.712085
3376,97854,0,762867,12.827138,0.000000,5.003732,timeout,0.970934,0,201,0,71.690850
3377,97854,0,762867,12.827138,0.000000,5.004685,timeout,0.972128,0,202,0,71.669627
3378,97854,0,762867,12.827138,0.000000,0.031589,,0.971850,0,202,0,71.678011
3379,97854,0,762867,12.827138,0.000000,1.029431,,0.971867,0,202,0,71.686391
3380,97855,1,762867,12.827269,0.000131,0.026134,non_zero_exit,0.971587,0,202,0,71.665188
3381,97855,0,762867,12.827269,0.000000,0.028383,,0.971308,0,202,0,71.673566
3382,97855,0,762867,12.827269,0.000000,0.529887,,0.971178,0,202,0,71.681939
3383,97855,0,762867,12.827269,0.000000,0.025560,,0.970898,0,202,0,71.690307
3384,97855,0,762867,12.827269,0.000000,0.030999,,0.970621,0,202,0,71.698671
3385,97855,0,762867,12.827269,0.000000,2.028674,,0.970933,0,202,0,71.707029
3386,97855,0,762867,12.827269,0.000000,0.029661,non_zero_exit,0.970655,0,202,0,71.685858
3387,97855,0,762867,12.827269,0.000000,5.003822,timeout,0.971846,0,203,0,71.664699
3388,97855,0,762867,12.827269,0.000000,0.026568,,0.971567,0,203,0,71.673060
3389,97855,0,762867,12.827269,0.000000,0.132334,,0.971319,0,203,0,71.681416
3390,97855,0,762867,12.827269,0.000000,0.028205,,0.971041,0,203,0,71.689767
3391,97855,0,762867,12.827269,0.000000,0.029149,,0.970763,0,203,0,71.698113
3392,97855,0,762867,12.827269,0.000000,0.024507,non_zero_exit,0.970484,0,203,0,71.676982
3393,97855,0,762867,12.827269,0.000000,0.035325,,0.970209,0,203,0,71.685327
3394,97855,0,762867,12.827269,0.000000,0.028747,non_zero_exit,0.969932,0,203,0,71.664212
3395,97855,0,762867,12.827269,0.000000,1.833465,,0.970186,0,203,0,71.672556
3396,97855,0,762867,12.827269,0.000000,1.035751,,0.970205,0,203,0,71.680895
3397,97855,0,762867,12.827269,0.000000,0.032873,,0.969929,0,203,0,71.689229
3398,97855,0,762867,12.827269,0.000000,0.021634,non_zero_exit,0.969650,0,203,0,71.668138
3399,97855,0,762867,12.827269,0.000000,5.004818,timeout,0.970837,0,204,0,71.647059
3400,97855,0,762867,12.827269,0.000000,0.021997,non_zero_exit,0.970558,0,204,0,71.625992
3401,97855,0,762867,12.827269,0.000000,0.022408,non_zero_exit,0.970279,0,204,0,71.604938
3402,97855,0,762867,12.827269,0.000000,0.031040,,0.970003,0,204,0,71.613282
3403,97855,0,762867,12.827269,0.000000,0.034645,,0.969729,0,204,0,71.621622
3404,97855,0,762867,12.827269,0.000000,0.036156,,0.969454,0,204,0,71.629956
3405,97855,0,762867,12.827269,0.000000,0.033320,,0.969180,0,204,0,71.638285
3406,97855,0,762867,12.827269,0.000000,0.031237,,0.968904,0,204,0,71.646610
3407,97855,0,762867,12.827269,0.000000,0.023947,non_zero_exit,0.968627,0,204,0,71.625587
3408,97855,0,762867,12.827269,0.000000,0.021261,non_zero_exit,0.968349,0,204,0,71.604576
3409,97855,0,762867,12.827269,0.000000,1.032713,,0.968368,0,204,0,71.612903
3410,97855,0,762867,12.827269,0.000000,0.029986,,0.968093,0,204,0,71.621225
3411,97855,0,762867,12.827269,0.000000,0.536206,,0.967966,0,204,0,71.629543
3412,97855,0,762867,12.827269,0.000000,0.531568,,0.967838,0,204,0,71.637855
3413,97855,0,762867,12.827269,0.000000,0.034353,,0.967565,0,204,0,71.646163
3414,97855,0,762867,12.827269,0.000000,1.034426,,0.967585,0,204,0,71.654466
3415,97855,0,762867,12.827269,0.000000,0.022181,non_zero_exit,0.967308,0,204,0,71.633489
3416,97855,0,762867,12.827269,0.000000,3.044540,non_zero_exit,0.967916,0,204,0,71.612526
3417,97855,0,762867,12.827269,0.000000,1.031394,,0.967934,0,204,0,71.620831
3418,97855,0,762867,12.827269,0.000000,1.033488,,0.967954,0,204,0,71.629131
3419,97856,1,762867,12.827400,0.000131,1.032872,,0.967972,0,204,0,71.637427
3420,97856,0,762867,12.827400,0.000000,2.029203,,0.968283,0,204,0,71.645718
3421,97856,0,762867,12.827400,0.000000,1.027914,,0.968300,0,204,0,71.654004
3422,97856,0,762867,12.827400,0.000000,0.024346,non_zero_exit,0.968024,0,204,0,71.633070
3423,97856,0,762867,12.827400,0.000000,2.032890,,0.968335,0,204,0,71.641355
3424,97856,0,762867,12.827400,0.000000,5.004401,timeout,0.969514,0,205,0,71.620438
3425,97856,0,762867,12.827400,0.000000,1.032763,,0.969532,0,205,0,71.628722
3426,97856,0,762867,12.827400,0.000000,0.029202,,0.969258,0,205,0,71.637000
3427,97856,0,762867,12.827400,0.000000,2.035904,,0.969569,0,205,0,71.645274
3428,97856,0,762867,12.827400,0.000000,0.034912,,0.969296,0,205,0,71.653543
3429,97900,44,762867,12.833168,0.005768,1.033443,,0.969315,0,205,0,71.661808
3430,97900,0,762867,12.833168,0.000000,0.026461,,0.969040,0,205,0,71.670067
3431,97900,0,762867,12.833168,0.000000,4.532952,,0.970079,0,205,0,71.678322
3432,97900,0,762867,12.833168,0.000000,0.129172,,0.969834,0,205,0,71.686572
3433,97900,0,762867,12.833168,0.000000,0.536058,,0.969708,0,205,0,71.694817
3434,97900,0,762867,12.833168,0.000000,0.027331,non_zero_exit,0.969433,0,205,0,71.673945
3435,97900,0,762867,12.833168,0.000000,0.031911,,0.969160,0,205,0,71.682189
3436,97900,0,762867,12.833168,0.000000,0.026835,,0.968886,0,205,0,71.690428
3437,97900,0,762867,12.833168,0.000000,0.031440,,0.968613,0,205,0,71.698662
3438,97900,0,762867,12.833168,0.000000,1.029317,,0.968631,0,205,0,71.706892
3439,97900,0,762867,12.833168,0.000000,2.032646,,0.968940,0,205,0,71.715116
3440,97900,0,762867,12.833168,0.000000,0.030022,,0.968668,0,205,0,71.723336
3441,99273,1373,762867,13.013146,0.179979,5.025877,timeout,0.969846,0,206,0,71.702499
3442,99273,0,762867,13.013146,0.000000,3.027713,,0.970444,0,206,0,71.710717
3443,99273,0,762867,13.013146,0.000000,0.022427,non_zero_exit,0.970169,0,206,0,71.689895
3444,99339,66,762867,13.021798,0.008652,3.032995,,0.970768,0,206,0,71.698113
3445,99339,0,762867,13.021798,0.000000,0.135727,,0.970525,0,206,0,71.706326
3446,99339,0,762867,13.021798,0.000000,5.003704,timeout,0.971695,0,207,0,71.685524
3447,99340,1,762867,13.021929,0.000131,0.032623,,0.971423,0,207,0,71.693735
3448,99340,0,762867,13.021929,0.000000,0.028691,,0.971150,0,207,0,71.701943
3449,99340,0,762867,13.021929,0.000000,0.023968,non_zero_exit,0.970875,0,207,0,71.681159
3450,99340,0,762867,13.021929,0.000000,0.028985,,0.970602,0,207,0,71.689365
3451,99340,0,762867,13.021929,0.000000,5.003880,timeout,0.971770,0,208,0,71.668598
3452,99356,16,762867,13.024026,0.002097,0.027863,,0.971497,0,208,0,71.676803
3453,99356,0,762867,13.024026,0.000000,0.029234,,0.971224,0,208,0,71.685003
3454,99356,0,762867,13.024026,0.000000,2.840531,,0.971765,0,208,0,71.693198
3455,99356,0,762867,13.024026,0.000000,1.547420,,0.971932,0,208,0,71.701389
3456,99356,0,762867,13.024026,0.000000,2.027987,,0.972237,0,208,0,71.709575
3457,99356,0,762867,13.024026,0.000000,0.029206,,0.971965,0,208,0,71.717756
3458,99356,0,762867,13.024026,0.000000,0.030624,,0.971693,0,208,0,71.725932
3459,99356,0,762867,13.024026,0.000000,1.027456,,0.971709,0,208,0,71.734104
3460,99357,1,762867,13.024158,0.000131,0.022037,non_zero_exit,0.971434,0,208,0,71.713378
3461,99357,0,762867,13.024158,0.000000,1.034558,,0.971453,0,208,0,71.721548
3462,99357,0,762867,13.024158,0.000000,0.027006,,0.971180,0,208,0,71.729714
3463,99357,0,762867,13.024158,0.000000,0.130042,,0.970937,0,208,0,71.737875
3464,99357,0,762867,13.024158,0.000000,1.036201,,0.970956,0,208,0,71.746032
3465,99357,0,762867,13.024158,0.000000,0.021075,non_zero_exit,0.970682,0,208,0,71.725332
3466,99357,0,762867,13.024158,0.000000,0.629308,,0.970583,0,208,0,71.733487
3467,99357,0,762867,13.024158,0.000000,1.031567,non_zero_exit,0.970601,0,208,0,71.712803
3468,99357,0,762867,13.024158,0.000000,1.027512,,0.970617,0,208,0,71.720957
3469,99357,0,762867,13.024158,0.000000,0.018075,non_zero_exit,0.970343,0,208,0,71.700288
3470,99357,0,762867,13.024158,0.000000,2.028660,,0.970648,0,208,0,71.708441
3471,99463,106,762867,13.038053,0.013895,5.023747,timeout,0.971815,0,209,0,71.687788
3472,99464,1,762867,13.038184,0.000131,0.024526,,0.971542,0,209,0,71.695940
3473,99464,0,762867,13.038184,0.000000,0.028256,,0.971271,0,209,0,71.704088
3474,99464,0,762867,13.038184,0.000000,0.030009,,0.971000,0,209,0,71.712230
3475,99464,0,762867,13.038184,0.000000,1.030610,,0.971017,0,209,0,71.720368
3476,99465,1,762867,13.038315,0.000131,0.024802,non_zero_exit,0.970745,0,209,0,71.699741
3477,99465,0,762867,13.038315,0.000000,0.033667,,0.970475,0,209,0,71.707878
3478,99465,0,762867,13.038315,0.000000,0.030444,,0.970205,0,209,0,71.716010
3479,99465,0,762867,13.038315,0.000000,0.024898,non_zero_exit,0.969934,0,209,0,71.695402
3480,99465,0,762867,13.038315,0.000000,0.021384,non_zero_exit,0.969661,0,209,0,71.674806
3481,99465,0,762867,13.038315,0.000000,1.031670,,0.969679,0,209,0,71.682941
3482,99465,0,762867,13.038315,0.000000,0.021859,non_zero_exit,0.969407,0,209,0,71.662360
3483,99465,0,762867,13.038315,0.000000,5.009152,timeout,0.970566,0,210,0,71.641791
3484,99465,0,762867,13.038315,0.000000,0.028726,non_zero_exit,0.970296,0,210,0,71.621234
3485,99465,0,762867,13.038315,0.000000,0.032197,,0.970027,0,210,0,71.629375
3486,99465,0,762867,13.038315,0.000000,0.025020,non_zero_exit,0.969756,0,210,0,71.608833
3487,99472,7,762867,13.039232,0.000918,1.034685,,0.969775,0,210,0,71.616972
3488,99472,0,762867,13.039232,0.000000,0.021738,non_zero_exit,0.969503,0,210,0,71.596446
3489,99472,0,762867,13.039232,0.000000,0.033162,,0.969235,0,210,0,71.604585
3490,99472,0,762867,13.039232,0.000000,2.032753,,0.969539,0,210,0,71.612718
3491,99472,0,762867,13.039232,0.000000,0.027616,,0.969269,0,210,0,71.620848
3492,99472,0,762867,13.039232,0.000000,1.026018,,0.969286,0,210,0,71.628972
3493,99472,0,762867,13.039232,0.000000,0.036214,non_zero_exit,0.969019,0,210,0,71.608472
3494,99472,0,762867,13.039232,0.000000,1.037074,,0.969038,0,210,0,71.616595
3495,99472,0,762867,13.039232,0.000000,2.025327,,0.969340,0,210,0,71.624714
3496,99472,0,762867,13.039232,0.000000,1.033077,,0.969358,0,210,0,71.632828
3497,99472,0,762867,13.039232,0.000000,0.023403,non_zero_exit,0.969088,0,210,0,71.612350
3498,99472,0,762867,13.039232,0.000000,0.031002,,0.968820,0,210,0,71.620463
3499,99472,0,762867,13.039232,0.000000,0.032212,,0.968552,0,210,0,71.628571
3500,99472,0,762867,13.039232,0.000000,0.032923,,0.968285,0,210,0,71.636675
3501,99472,0,762867,13.039232,0.000000,0.023544,non_zero_exit,0.968015,0,210,0,71.616219
3502,99472,0,762867,13.039232,0.000000,1.028683,,0.968033,0,210,0,71.624322
3503,99472,0,762867,13.039232,0.000000,1.034492,,0.968052,0,210,0,71.632420
3504,99472,0,762867,13.039232,0.000000,2.028963,,0.968354,0,210,0,71.640514
3505,99472,0,762867,13.039232,0.000000,1.034554,,0.968373,0,210,0,71.648602
3506,99472,0,762867,13.039232,0.000000,0.030588,,0.968106,0,210,0,71.656687
3507,99472,0,762867,13.039232,0.000000,2.035564,,0.968410,0,210,0,71.664766
3508,99472,0,762867,13.039232,0.000000,1.033687,,0.968429,0,210,0,71.672841
3509,99472,0,762867,13.039232,0.000000,4.534510,,0.969445,0,210,0,71.680912
3510,99472,0,762867,13.039232,0.000000,2.029815,,0.969747,0,210,0,71.688977
3511,99472,0,762867,13.039232,0.000000,0.032509,,0.969480,0,210,0,71.697039
3512,99472,0,762867,13.039232,0.000000,0.534109,,0.969356,0,210,0,71.705095
3513,99472,0,762867,13.039232,0.000000,1.031906,,0.969374,0,210,0,71.713147
3514,99472,0,762867,13.039232,0.000000,0.025109,non_zero_exit,0.969105,0,210,0,71.692745
3515,99472,0,762867,13.039232,0.000000,1.034106,,0.969124,0,210,0,71.700796
3516,99472,0,762867,13.039232,0.000000,0.040453,,0.968859,0,210,0,71.708843
3517,99472,0,762867,13.039232,0.000000,3.032513,,0.969446,0,210,0,71.716885
3518,99472,0,762867,13.039232,0.000000,0.031471,,0.969180,0,210,0,71.724922
3519,99472,0,762867,13.039232,0.000000,0.040365,,0.968916,0,210,0,71.732955
3520,99472,0,762867,13.039232,0.000000,0.029600,,0.968649,0,210,0,71.740983
3521,99472,0,762867,13.039232,0.000000,1.030974,,0.968667,0,210,0,71.749006
3522,99472,0,762867,13.039232,0.000000,0.034247,,0.968401,0,210,0,71.757025
3523,99472,0,762867,13.039232,0.000000,0.021241,non_zero_exit,0.968133,0,210,0,71.736663
3524,99472,0,762867,13.039232,0.000000,0.028264,,0.967866,0,210,0,71.744681
3525,99472,0,762867,13.039232,0.000000,0.032578,,0.967601,0,210,0,71.752694
3526,99472,0,762867,13.039232,0.000000,2.031503,,0.967902,0,210,0,71.760703
3527,99472,0,762867,13.039232,0.000000,1.033094,,0.967921,0,210,0,71.768707
3528,99474,2,762867,13.039494,0.000262,0.021379,non_zero_exit,0.967653,0,210,0,71.748371
3529,99474,0,762867,13.039494,0.000000,0.027577,,0.967386,0,210,0,71.756374
3530,99474,0,762867,13.039494,0.000000,0.022310,non_zero_exit,0.967119,0,210,0,71.736052
3531,99474,0,762867,13.039494,0.000000,0.025967,,0.966852,0,210,0,71.744054
3532,99474,0,762867,13.039494,0.000000,3.034805,,0.967437,0,210,0,71.752052
3533,99474,0,762867,13.039494,0.000000,5.003665,timeout,0.968580,0,211,0,71.731749
3534,99474,0,762867,13.039494,0.000000,0.026695,,0.968313,0,211,0,71.739745
3535,99474,0,762867,13.039494,0.000000,0.036693,,0.968050,0,211,0,71.747738
3536,99474,0,762867,13.039494,0.000000,0.027705,non_zero_exit,0.967784,0,211,0,71.727453
3537,99474,0,762867,13.039494,0.000000,1.605148,,0.967964,0,211,0,71.735444
3538,99474,0,762867,13.039494,0.000000,1.903274,,0.968228,0,211,0,71.743430
3539,99474,0,762867,13.039494,0.000000,0.024346,non_zero_exit,0.967962,0,211,0,71.723164
3540,99474,0,762867,13.039494,0.000000,1.033784,,0.967980,0,211,0,71.731149
3541,99474,0,762867,13.039494,0.000000,0.029310,,0.967715,0,211,0,71.739130
3542,99474,0,762867,13.039494,0.000000,0.029869,,0.967451,0,211,0,71.747107
3543,99474,0,762867,13.039494,0.000000,2.035844,,0.967752,0,211,0,71.755079
3544,99474,0,762867,13.039494,0.000000,3.039148,,0.968336,0,211,0,71.763047
3545,99475,1,762867,13.039626,0.000131,1.033913,,0.968355,0,211,0,71.771010
3546,99475,0,762867,13.039626,0.000000,0.035858,,0.968092,0,211,0,71.778968
3547,99475,0,762867,13.039626,0.000000,0.023447,non_zero_exit,0.967826,0,211,0,71.758737
3548,99475,0,762867,13.039626,0.000000,5.004634,timeout,0.968963,0,212,0,71.738518
3549,99475,0,762867,13.039626,0.000000,0.022788,non_zero_exit,0.968697,0,212,0,71.718310
3550,99475,0,762867,13.039626,0.000000,1.534946,,0.968856,0,212,0,71.726274
3551,99476,1,762867,13.039757,0.000131,2.042755,,0.969158,0,212,0,71.734234
3552,99476,0,762867,13.039757,0.000000,0.031239,,0.968894,0,212,0,71.742190
3553,99476,0,762867,13.039757,0.000000,0.033695,,0.968631,0,212,0,71.750141
3554,99476,0,762867,13.039757,0.000000,0.038004,,0.968369,0,212,0,71.758087
3555,99476,0,762867,13.039757,0.000000,0.024373,non_zero_exit,0.968104,0,212,0,71.737908
3556,99476,0,762867,13.039757,0.000000,1.033612,,0.968122,0,212,0,71.745853
3557,99476,0,762867,13.039757,0.000000,0.029199,,0.967859,0,212,0,71.753794
3558,99476,0,762867,13.039757,0.000000,1.033150,,0.967877,0,212,0,71.761731
3559,99476,0,762867,13.039757,0.000000,0.036519,,0.967615,0,212,0,71.769663
3560,99476,0,762867,13.039757,0.000000,1.032593,,0.967633,0,212,0,71.777591
3561,99476,0,762867,13.039757,0.000000,3.031930,,0.968213,0,212,0,71.785514
3562,99476,0,762867,13.039757,0.000000,1.029246,,0.968230,0,212,0,71.793433
3563,99476,0,762867,13.039757,0.000000,0.031826,,0.967967,0,212,0,71.801347
3564,99476,0,762867,13.039757,0.000000,5.004542,timeout,0.969100,0,213,0,71.781206
3565,99476,0,762867,13.039757,0.000000,1.038627,,0.969119,0,213,0,71.789119
3566,99476,0,762867,13.039757,0.000000,1.029948,,0.969136,0,213,0,71.797028
3567,99476,0,762867,13.039757,0.000000,0.028294,,0.968873,0,213,0,71.804933
3568,99476,0,762867,13.039757,0.000000,0.031813,,0.968610,0,213,0,71.812833
3569,99476,0,762867,13.039757,0.000000,0.025304,non_zero_exit,0.968346,0,213,0,71.792717
3570,99476,0,762867,13.039757,0.000000,0.031745,,0.968083,0,213,0,71.800616
3571,99476,0,762867,13.039757,0.000000,0.029249,,0.967821,0,213,0,71.808511
3572,99476,0,762867,13.039757,0.000000,2.033812,,0.968119,0,213,0,71.816401
3573,99476,0,762867,13.039757,0.000000,1.030769,,0.968137,0,213,0,71.824287
3574,99476,0,762867,13.039757,0.000000,5.004750,timeout,0.969266,0,214,0,71.804196
3575,99476,0,762867,13.039757,0.000000,1.029438,,0.969282,0,214,0,71.812081
3576,99476,0,762867,13.039757,0.000000,0.042305,,0.969023,0,214,0,71.819961
3577,99476,0,762867,13.039757,0.000000,0.029006,,0.968761,0,214,0,71.827837
3578,99476,0,762867,13.039757,0.000000,0.034737,non_zero_exit,0.968500,0,214,0,71.807768
3579,99479,3,762867,13.040150,0.000393,0.024348,non_zero_exit,0.968236,0,214,0,71.787709
3580,99479,0,762867,13.040150,0.000000,0.030875,non_zero_exit,0.967974,0,214,0,71.767663
3581,99479,0,762867,13.040150,0.000000,1.040424,,0.967994,0,214,0,71.775544
3582,99479,0,762867,13.040150,0.000000,0.538930,,0.967875,0,214,0,71.783422
3583,99479,0,762867,13.040150,0.000000,4.033051,,0.968730,0,214,0,71.791295
3584,99479,0,762867,13.040150,0.000000,1.034115,,0.968748,0,214,0,71.799163
3585,99479,0,762867,13.040150,0.000000,2.033190,,0.969045,0,214,0,71.807027
3586,99479,0,762867,13.040150,0.000000,0.031365,,0.968784,0,214,0,71.814887
3587,99481,2,762867,13.040412,0.000262,0.027752,non_zero_exit,0.968521,0,214,0,71.794872
3588,99481,0,762867,13.040412,0.000000,2.033399,,0.968818,0,214,0,71.802731
3589,99481,0,762867,13.040412,0.000000,3.036536,,0.969394,0,214,0,71.810585
3590,99481,0,762867,13.040412,0.000000,0.031780,,0.969133,0,214,0,71.818435
3591,99481,0,762867,13.040412,0.000000,0.029569,,0.968871,0,214,0,71.826281
3592,99481,0,762867,13.040412,0.000000,1.027482,,0.968888,0,214,0,71.834122
3593,99481,0,762867,13.040412,0.000000,0.877347,,0.968862,0,214,0,71.841959
3594,99481,0,762867,13.040412,0.000000,0.029835,,0.968601,0,214,0,71.849791
3595,99481,0,762867,13.040412,0.000000,0.036963,,0.968342,0,214,0,71.857620
3596,99481,0,762867,13.040412,0.000000,0.029474,,0.968081,0,214,0,71.865443
3597,99481,0,762867,13.040412,0.000000,2.030684,,0.968376,0,214,0,71.873263
3598,99481,0,762867,13.040412,0.000000,0.027717,,0.968115,0,214,0,71.881078
3599,99481,0,762867,13.040412,0.000000,1.030884,,0.968132,0,214,0,71.888889
3600,99481,0,762867,13.040412,0.000000,0.033492,,0.967873,0,214,0,71.896695
3601,99481,0,762867,13.040412,0.000000,0.023341,non_zero_exit,0.967610,0,214,0,71.876735
3602,99481,0,762867,13.040412,0.000000,0.032531,,0.967351,0,214,0,71.884541
3603,99481,0,762867,13.040412,0.000000,1.032575,,0.967369,0,214,0,71.892342
3604,99481,0,762867,13.040412,0.000000,1.032836,,0.967387,0,214,0,71.900139
3605,99481,0,762867,13.040412,0.000000,0.537304,,0.967268,0,214,0,71.907931
3606,99481,0,762867,13.040412,0.000000,0.032544,,0.967009,0,214,0,71.915719
3607,99481,0,762867,13.040412,0.000000,5.004755,timeout,0.968128,0,215,0,71.895787
3608,99481,0,762867,13.040412,0.000000,3.032185,,0.968700,0,215,0,71.903574
3609,99481,0,762867,13.040412,0.000000,3.033185,,0.969272,0,215,0,71.911357
3610,99481,0,762867,13.040412,0.000000,0.023212,non_zero_exit,0.969010,0,215,0,71.891443
3611,99481,0,762867,13.040412,0.000000,0.032225,,0.968750,0,215,0,71.899225
3612,99481,0,762867,13.040412,0.000000,3.037982,,0.969323,0,215,0,71.907002
3613,99481,0,762867,13.040412,0.000000,5.004672,timeout,0.970440,0,216,0,71.887106
3614,99481,0,762867,13.040412,0.000000,0.031368,,0.970180,0,216,0,71.894882
3615,99481,0,762867,13.040412,0.000000,1.532835,,0.970335,0,216,0,71.902655
3616,99483,2,762867,13.040674,0.000262,1.033771,,0.970353,0,216,0,71.910423
3617,99483,0,762867,13.040674,0.000000,2.032977,,0.970647,0,216,0,71.918187
3618,99483,0,762867,13.040674,0.000000,1.031020,,0.970663,0,216,0,71.925946
3619,99484,1,762867,13.040805,0.000131,3.034441,,0.971233,0,216,0,71.933702
3620,99484,0,762867,13.040805,0.000000,0.030802,,0.970974,0,216,0,71.941453
3621,99484,0,762867,13.040805,0.000000,1.032734,,0.970991,0,216,0,71.949199
3622,99484,0,762867,13.040805,0.000000,1.532448,,0.971146,0,216,0,71.956942
3623,99484,0,762867,13.040805,0.000000,0.029378,,0.970886,0,216,0,71.964680
3624,99484,0,762867,13.040805,0.000000,1.030206,,0.970902,0,216,0,71.972414
3625,99490,6,762867,13.041592,0.000787,1.030564,,0.970919,0,216,0,71.980143
3626,99490,0,762867,13.041592,0.000000,0.023785,non_zero_exit,0.970658,0,216,0,71.960298
3627,99490,0,762867,13.041592,0.000000,0.031953,,0.970399,0,216,0,71.968026
3628,99490,0,762867,13.041592,0.000000,3.030792,,0.970967,0,216,0,71.975751
3629,99490,0,762867,13.041592,0.000000,0.028287,,0.970707,0,216,0,71.983471
3630,99492,2,762867,13.041854,0.000262,3.035180,,0.971275,0,216,0,71.991187
3631,99492,0,762867,13.041854,0.000000,0.030887,,0.971017,0,216,0,71.998899
3632,99492,0,762867,13.041854,0.000000,1.037037,,0.971035,0,216,0,72.006606
3633,99492,0,762867,13.041854,0.000000,0.027433,,0.970775,0,216,0,72.014309
3634,99492,0,762867,13.041854,0.000000,0.037534,,0.970518,0,216,0,72.022008
3635,99515,23,762867,13.044869,0.003015,4.034736,,0.971361,0,216,0,72.029703
3636,99515,0,762867,13.044869,0.000000,4.537228,,0.972342,0,216,0,72.037393
3637,99515,0,762867,13.044869,0.000000,0.033819,,0.972084,0,216,0,72.045080
3638,99515,0,762867,13.044869,0.000000,0.032708,,0.971825,0,216,0,72.052762
3639,99516,1,762867,13.045000,0.000131,0.023396,,0.971565,0,216,0,72.060440
3640,99516,0,762867,13.045000,0.000000,0.032722,,0.971307,0,216,0,72.068113
3641,99516,0,762867,13.045000,0.000000,1.033651,,0.971324,0,216,0,72.075783
3642,99516,0,762867,13.045000,0.000000,1.028972,,0.971340,0,216,0,72.083448
3643,99516,0,762867,13.045000,0.000000,0.020910,non_zero_exit,0.971079,0,216,0,72.063666
3644,99516,0,762867,13.045000,0.000000,1.030034,,0.971095,0,216,0,72.071331
3645,99516,0,762867,13.045000,0.000000,2.268048,,0.971451,0,216,0,72.078991
3646,99516,0,762867,13.045000,0.000000,1.533525,,0.971605,0,216,0,72.086647
3647,99516,0,762867,13.045000,0.000000,3.033774,,0.972170,0,216,0,72.094298
3648,99516,0,762867,13.045000,0.000000,1.031550,,0.972187,0,216,0,72.101946
3649,99516,0,762867,13.045000,0.000000,0.037755,,0.971931,0,216,0,72.109589
3650,99516,0,762867,13.045000,0.000000,1.032526,,0.971947,0,216,0,72.117228
3651,99516,0,762867,13.045000,0.000000,2.534206,,0.972375,0,216,0,72.124863
3652,99516,0,762867,13.045000,0.000000,0.024346,non_zero_exit,0.972116,0,216,0,72.105119
3653,99516,0,762867,13.045000,0.000000,0.025518,non_zero_exit,0.971856,0,216,0,72.085386
3654,99516,0,762867,13.045000,0.000000,0.027938,,0.971598,0,216,0,72.093023
3655,99516,0,762867,13.045000,0.000000,0.038284,,0.971343,0,216,0,72.100656
3656,99516,0,762867,13.045000,0.000000,0.021499,non_zero_exit,0.971083,0,216,0,72.080941
3657,99516,0,762867,13.045000,0.000000,0.022290,non_zero_exit,0.970824,0,216,0,72.061236
3658,99516,0,762867,13.045000,0.000000,0.029716,,0.970567,0,216,0,72.068871
3659,99516,0,762867,13.045000,0.000000,2.029689,,0.970856,0,216,0,72.076503
3660,99516,0,762867,13.045000,0.000000,1.033451,,0.970873,0,216,0,72.084130
3661,99516,0,762867,13.045000,0.000000,1.033132,,0.970890,0,216,0,72.091753
3662,99516,0,762867,13.045000,0.000000,0.029147,,0.970633,0,216,0,72.099372
3663,99516,0,762867,13.045000,0.000000,0.029397,,0.970376,0,216,0,72.106987
3664,99516,0,762867,13.045000,0.000000,1.031706,,0.970393,0,216,0,72.114598
3665,99516,0,762867,13.045000,0.000000,0.024315,non_zero_exit,0.970135,0,216,0,72.094926
3666,99516,0,762867,13.045000,0.000000,2.030957,,0.970424,0,216,0,72.102536
3667,99516,0,762867,13.045000,0.000000,1.032748,,0.970441,0,216,0,72.110142
3668,99516,0,762867,13.045000,0.000000,1.035781,,0.970459,0,216,0,72.117743
3669,99516,0,762867,13.045000,0.000000,1.034280,,0.970476,0,216,0,72.125341
3670,99516,0,762867,13.045000,0.000000,1.029607,,0.970492,0,216,0,72.132934
3671,99516,0,762867,13.045000,0.000000,0.942920,,0.970485,0,216,0,72.140523
3672,99516,0,762867,13.045000,0.000000,0.031286,,0.970229,0,216,0,72.148108
3673,99516,0,762867,13.045000,0.000000,0.021200,non_zero_exit,0.969971,0,216,0,72.128470
3674,99516,0,762867,13.045000,0.000000,4.539271,non_zero_exit,0.970942,0,216,0,72.108844
3675,99520,4,762867,13.045524,0.000524,0.035838,,0.970688,0,216,0,72.116431
3676,99520,0,762867,13.045524,0.000000,0.033844,non_zero_exit,0.970433,0,216,0,72.096818
3677,99520,0,762867,13.045524,0.000000,2.884346,,0.970953,0,216,0,72.104405
3678,99520,0,762867,13.045524,0.000000,3.029392,non_zero_exit,0.971513,0,216,0,72.084806
3679,99520,0,762867,13.045524,0.000000,0.032122,non_zero_exit,0.971258,0,216,0,72.065217
3680,99521,1,762867,13.045655,0.000131,3.031652,,0.971817,0,216,0,72.072806
3681,99521,0,762867,13.045655,0.000000,0.027714,,0.971561,0,216,0,72.080391
3682,99521,0,762867,13.045655,0.000000,0.028503,,0.971305,0,216,0,72.087972
3683,99521,0,762867,13.045655,0.000000,1.029475,,0.971321,0,216,0,72.095548
3684,99521,0,762867,13.045655,0.000000,0.030255,,0.971065,0,216,0,72.103121
3685,99521,0,762867,13.045655,0.000000,0.026731,,0.970809,0,216,0,72.110689
3686,99521,0,762867,13.045655,0.000000,1.830053,,0.971042,0,216,0,72.118253
3687,99521,0,762867,13.045655,0.000000,0.026589,,0.970786,0,216,0,72.125813
3688,99521,0,762867,13.045655,0.000000,3.533410,,0.971481,0,216,0,72.133369
3689,99521,0,762867,13.045655,0.000000,0.023423,non_zero_exit,0.971224,0,216,0,72.113821
3690,99521,0,762867,13.045655,0.000000,1.026949,,0.971239,0,216,0,72.121376
3691,99521,0,762867,13.045655,0.000000,3.042966,,0.971800,0,216,0,72.128927
3692,99521,0,762867,13.045655,0.000000,0.025016,non_zero_exit,0.971544,0,216,0,72.109396
3693,99521,0,762867,13.045655,0.000000,0.024554,non_zero_exit,0.971287,0,216,0,72.089875
3694,99521,0,762867,13.045655,0.000000,1.832809,,0.971520,0,216,0,72.097429
3695,99521,0,762867,13.045655,0.000000,1.044805,,0.971540,0,216,0,72.104978
3696,99521,0,762867,13.045655,0.000000,1.030071,,0.971556,0,216,0,72.112524
3697,99521,0,762867,13.045655,0.000000,0.029894,,0.971301,0,216,0,72.120065
3698,99521,0,762867,13.045655,0.000000,0.029155,,0.971047,0,216,0,72.127602
3699,99521,0,762867,13.045655,0.000000,3.030534,,0.971603,0,216,0,72.135135
3700,99522,1,762867,13.045786,0.000131,0.029232,non_zero_exit,0.971349,0,216,0,72.115644
3701,99522,0,762867,13.045786,0.000000,0.030149,,0.971094,0,216,0,72.123177
3702,99523,1,762867,13.045918,0.000131,0.033631,non_zero_exit,0.970841,0,216,0,72.103700
3703,99523,0,762867,13.045918,0.000000,0.022297,non_zero_exit,0.970585,0,216,0,72.084233
3704,99523,0,762867,13.045918,0.000000,0.029662,,0.970331,0,216,0,72.091768
3705,99523,0,762867,13.045918,0.000000,0.023842,non_zero_exit,0.970076,0,216,0,72.072315
3706,99523,0,762867,13.045918,0.000000,1.030349,,0.970092,0,216,0,72.079849
3707,99523,0,762867,13.045918,0.000000,0.028275,,0.969838,0,216,0,72.087379
3708,99523,0,762867,13.045918,0.000000,1.042943,,0.969858,0,216,0,72.094904
3709,99523,0,762867,13.045918,0.000000,1.028188,,0.969874,0,216,0,72.102426
3710,99523,0,762867,13.045918,0.000000,2.032903,,0.970160,0,216,0,72.109943
3711,99527,4,762867,13.046442,0.000524,1.036382,,0.970178,0,216,0,72.117457
3712,99527,0,762867,13.046442,0.000000,2.035073,,0.970465,0,216,0,72.124966
3713,99527,0,762867,13.046442,0.000000,2.037133,,0.970752,0,216,0,72.132472
3714,99527,0,762867,13.046442,0.000000,0.036886,,0.970500,0,216,0,72.139973
3715,99527,0,762867,13.046442,0.000000,1.036085,,0.970518,0,216,0,72.147470
3716,99527,0,762867,13.046442,0.000000,1.031397,,0.970535,0,216,0,72.154964
3717,99527,0,762867,13.046442,0.000000,0.032506,,0.970282,0,216,0,72.162453
3718,99527,0,762867,13.046442,0.000000,0.021549,non_zero_exit,0.970027,0,216,0,72.143049
3719,99527,0,762867,13.046442,0.000000,0.027282,,0.969774,0,216,0,72.150538
3720,99527,0,762867,13.046442,0.000000,5.003389,timeout,0.970858,0,217,0,72.131148
3721,99527,0,762867,13.046442,0.000000,1.032250,,0.970874,0,217,0,72.138635
3722,99527,0,762867,13.046442,0.000000,0.022879,non_zero_exit,0.970620,0,217,0,72.119259
3723,99527,0,762867,13.046442,0.000000,2.530100,,0.971038,0,217,0,72.126745
3724,99530,3,762867,13.046835,0.000393,0.030555,,0.970786,0,217,0,72.134228
3725,99530,0,762867,13.046835,0.000000,3.188158,,0.971381,0,217,0,72.141707
3726,99530,0,762867,13.046835,0.000000,1.035947,,0.971398,0,217,0,72.149182
3727,99530,0,762867,13.046835,0.000000,1.029272,,0.971414,0,217,0,72.156652
3728,99530,0,762867,13.046835,0.000000,1.032261,,0.971430,0,217,0,72.164119
3729,99530,0,762867,13.046835,0.000000,1.029823,,0.971446,0,217,0,72.171582
3730,99530,0,762867,13.046835,0.000000,1.529377,,0.971595,0,217,0,72.179040
3731,99530,0,762867,13.046835,0.000000,0.031349,,0.971343,0,217,0,72.186495
3732,99531,1,762867,13.046966,0.000131,0.023555,non_zero_exit,0.971089,0,217,0,72.167158
3733,99531,0,762867,13.046966,0.000000,3.126225,,0.971667,0,217,0,72.174612
3734,99531,0,762867,13.046966,0.000000,0.023444,non_zero_exit,0.971413,0,217,0,72.155288
3735,99531,0,762867,13.046966,0.000000,0.023460,,0.971159,0,217,0,72.162741
3736,99531,0,762867,13.046966,0.000000,3.033603,,0.971711,0,217,0,72.170190
3737,99558,27,762867,13.050506,0.003539,3.036073,,0.972263,0,217,0,72.177635
3738,99561,3,762867,13.050899,0.000393,1.032280,,0.972279,0,217,0,72.185076
3739,99561,0,762867,13.050899,0.000000,2.029919,,0.972562,0,217,0,72.192513
3740,99577,16,762867,13.052996,0.002097,1.039942,,0.972580,0,217,0,72.199947
3741,99577,0,762867,13.052996,0.000000,3.031948,,0.973130,0,217,0,72.207376
3742,99577,0,762867,13.052996,0.000000,1.730832,,0.973333,0,217,0,72.214801
3743,99577,0,762867,13.052996,0.000000,0.039286,non_zero_exit,0.973083,0,217,0,72.195513
3744,99577,0,762867,13.052996,0.000000,1.029583,,0.973098,0,217,0,72.202937
3745,99577,0,762867,13.052996,0.000000,1.032156,,0.973114,0,217,0,72.210358
3746,99577,0,762867,13.052996,0.000000,0.024269,non_zero_exit,0.972861,0,217,0,72.191086
3747,99577,0,762867,13.052996,0.000000,0.026491,,0.972608,0,217,0,72.198506
3748,99577,0,762867,13.052996,0.000000,1.028230,,0.972623,0,217,0,72.205922
3749,99577,0,762867,13.052996,0.000000,2.030213,,0.972905,0,217,0,72.213333
3750,99577,0,762867,13.052996,0.000000,0.032452,,0.972655,0,217,0,72.220741
3751,99577,0,762867,13.052996,0.000000,0.024765,non_zero_exit,0.972402,0,217,0,72.201493
3752,99577,0,762867,13.052996,0.000000,3.041082,,0.972953,0,217,0,72.208900
3753,99577,0,762867,13.052996,0.000000,1.030785,non_zero_exit,0.972969,0,217,0,72.189664
3754,99577,0,762867,13.052996,0.000000,3.030819,,0.973517,0,217,0,72.197071
3755,99577,0,762867,13.052996,0.000000,0.030369,,0.973266,0,217,0,72.204473
3756,99577,0,762867,13.052996,0.000000,0.024399,non_zero_exit,0.973013,0,217,0,72.185254
3757,99577,0,762867,13.052996,0.000000,0.030094,,0.972762,0,217,0,72.192656
3758,99577,0,762867,13.052996,0.000000,1.030510,,0.972777,0,217,0,72.200053
3759,99577,0,762867,13.052996,0.000000,0.031823,,0.972527,0,217,0,72.207447
3760,99578,1,762867,13.053127,0.000131,0.028760,,0.972276,0,217,0,72.214836
3761,99578,0,762867,13.053127,0.000000,1.037489,,0.972294,0,217,0,72.222222
3762,99578,0,762867,13.053127,0.000000,0.031567,,0.972044,0,217,0,72.229604
3763,99578,0,762867,13.053127,0.000000,0.835982,,0.972007,0,217,0,72.236982
3764,99578,0,762867,13.053127,0.000000,0.021992,non_zero_exit,0.971755,0,217,0,72.217795
3765,99578,0,762867,13.053127,0.000000,2.035846,,0.972038,0,217,0,72.225173
3766,99581,3,762867,13.053520,0.000393,1.029600,,0.972053,0,217,0,72.232546
3767,99581,0,762867,13.053520,0.000000,0.023933,non_zero_exit,0.971801,0,217,0,72.213376
3768,99581,0,762867,13.053520,0.000000,0.027553,non_zero_exit,0.971551,0,217,0,72.194216
3769,99581,0,762867,13.053520,0.000000,0.032618,,0.971302,0,217,0,72.201592
3770,99581,0,762867,13.053520,0.000000,0.026785,non_zero_exit,0.971051,0,217,0,72.182445
3771,99581,0,762867,13.053520,0.000000,0.022079,non_zero_exit,0.970800,0,217,0,72.163309
3772,99581,0,762867,13.053520,0.000000,3.032539,,0.971346,0,217,0,72.170686
3773,99581,0,762867,13.053520,0.000000,0.032286,,0.971097,0,217,0,72.178060
3774,99581,0,762867,13.053520,0.000000,0.024314,non_zero_exit,0.970846,0,217,0,72.158940
3775,99581,0,762867,13.053520,0.000000,0.029747,,0.970597,0,217,0,72.166314
3776,99581,0,762867,13.053520,0.000000,0.030115,,0.970348,0,217,0,72.173683
3777,99581,0,762867,13.053520,0.000000,1.033736,,0.970365,0,217,0,72.181048
3778,99581,0,762867,13.053520,0.000000,0.033957,,0.970117,0,217,0,72.188410
3779,99581,0,762867,13.053520,0.000000,0.129941,,0.969895,0,217,0,72.195767
3780,99581,0,762867,13.053520,0.000000,5.008628,timeout,0.970963,0,218,0,72.176673
3781,99581,0,762867,13.053520,0.000000,2.030143,,0.971243,0,218,0,72.184030
3782,99581,0,762867,13.053520,0.000000,0.028376,,0.970994,0,218,0,72.191383
3783,99581,0,762867,13.053520,0.000000,1.533120,,0.971142,0,218,0,72.198732
3784,99581,0,762867,13.053520,0.000000,0.028039,,0.970893,0,218,0,72.206077
3785,99581,0,762867,13.053520,0.000000,0.031106,,0.970645,0,218,0,72.213418
3786,99581,0,762867,13.053520,0.000000,0.023579,non_zero_exit,0.970395,0,218,0,72.194349
3787,99581,0,762867,13.053520,0.000000,0.030016,,0.970147,0,218,0,72.201690
3788,99581,0,762867,13.053520,0.000000,0.032790,,0.969899,0,218,0,72.209026
3789,99581,0,762867,13.053520,0.000000,0.032378,,0.969652,0,218,0,72.216359
3790,99593,12,762867,13.055093,0.001573,0.027659,,0.969404,0,218,0,72.223688
3791,99593,0,762867,13.055093,0.000000,0.031543,,0.969156,0,218,0,72.231013
3792,99593,0,762867,13.055093,0.000000,0.031267,,0.968909,0,218,0,72.238334
3793,99594,1,762867,13.055225,0.000131,0.023996,non_zero_exit,0.968660,0,218,0,72.219294
3794,99594,0,762867,13.055225,0.000000,0.030056,,0.968413,0,218,0,72.226614
3795,99594,0,762867,13.055225,0.000000,2.036505,,0.968694,0,218,0,72.233930
3796,99594,0,762867,13.055225,0.000000,0.031233,,0.968447,0,218,0,72.241243
3797,99594,0,762867,13.055225,0.000000,0.030663,,0.968200,0,218,0,72.248552
3798,99594,0,762867,13.055225,0.000000,1.030510,,0.968217,0,218,0,72.255857
3799,99594,0,762867,13.055225,0.000000,0.034212,,0.967971,0,218,0,72.263158
3800,99594,0,762867,13.055225,0.000000,0.024058,non_zero_exit,0.967722,0,218,0,72.244146
3801,99594,0,762867,13.055225,0.000000,2.030760,,0.968002,0,218,0,72.251447
3802,99594,0,762867,13.055225,0.000000,0.030518,,0.967755,0,218,0,72.258743
3803,99594,0,762867,13.055225,0.000000,0.032519,,0.967510,0,218,0,72.266036
3804,99594,0,762867,13.055225,0.000000,0.031282,,0.967264,0,218,0,72.273325
3805,99594,0,762867,13.055225,0.000000,0.022461,non_zero_exit,0.967015,0,218,0,72.254335
3806,99594,0,762867,13.055225,0.000000,0.023070,non_zero_exit,0.966767,0,218,0,72.235356
3807,99594,0,762867,13.055225,0.000000,1.364872,,0.966872,0,218,0,72.242647
3808,99597,3,762867,13.055618,0.000393,0.022949,non_zero_exit,0.966624,0,218,0,72.223681
3809,99597,0,762867,13.055618,0.000000,1.028542,non_zero_exit,0.966640,0,218,0,72.204724
3810,99597,0,762867,13.055618,0.000000,1.033231,,0.966658,0,218,0,72.212018
3811,99597,0,762867,13.055618,0.000000,0.024704,non_zero_exit,0.966411,0,218,0,72.193075
3812,99597,0,762867,13.055618,0.000000,0.022599,non_zero_exit,0.966163,0,218,0,72.174141
3813,99597,0,762867,13.055618,0.000000,0.026916,non_zero_exit,0.965917,0,218,0,72.155218
3814,99597,0,762867,13.055618,0.000000,0.031854,,0.965672,0,218,0,72.162516
3815,99597,0,762867,13.055618,0.000000,0.037329,,0.965429,0,218,0,72.169811
3816,99597,0,762867,13.055618,0.000000,0.029545,non_zero_exit,0.965184,0,218,0,72.150904
3817,99597,0,762867,13.055618,0.000000,0.029283,,0.964939,0,218,0,72.158198
3818,99597,0,762867,13.055618,0.000000,0.029832,,0.964694,0,218,0,72.165488
3819,99597,0,762867,13.055618,0.000000,0.023926,non_zero_exit,0.964447,0,218,0,72.146597
3820,99597,0,762867,13.055618,0.000000,1.033168,,0.964465,0,218,0,72.153886
3821,99597,0,762867,13.055618,0.000000,2.045079,,0.964748,0,218,0,72.161172
3822,99599,2,762867,13.055880,0.000262,0.040862,,0.964506,0,218,0,72.168454
3823,99599,0,762867,13.055880,0.000000,1.029443,,0.964523,0,218,0,72.175732
3824,99599,0,762867,13.055880,0.000000,0.023500,non_zero_exit,0.964277,0,218,0,72.156863
3825,99599,0,762867,13.055880,0.000000,0.028164,,0.964033,0,218,0,72.164140
3826,99599,0,762867,13.055880,0.000000,1.041585,,0.964053,0,218,0,72.171414
3827,99599,0,762867,13.055880,0.000000,0.031279,,0.963809,0,218,0,72.178683
3828,99599,0,762867,13.055880,0.000000,1.356024,,0.963912,0,218,0,72.185949
3829,99599,0,762867,13.055880,0.000000,0.021367,non_zero_exit,0.963666,0,218,0,72.167102
3830,99599,0,762867,13.055880,0.000000,0.028004,non_zero_exit,0.963421,0,218,0,72.148264
3831,99599,0,762867,13.055880,0.000000,0.022525,non_zero_exit,0.963176,0,218,0,72.129436
3832,99599,0,762867,13.055880,0.000000,0.032313,,0.962933,0,218,0,72.136708
3833,99599,0,762867,13.055880,0.000000,0.026515,,0.962689,0,218,0,72.143975
3834,99599,0,762867,13.055880,0.000000,0.024096,non_zero_exit,0.962444,0,218,0,72.125163
3835,99604,5,762867,13.056535,0.000655,0.684172,,0.962371,0,218,0,72.132430
3836,99604,0,762867,13.056535,0.000000,0.023408,non_zero_exit,0.962127,0,218,0,72.113630
3837,99604,0,762867,13.056535,0.000000,0.030503,,0.961884,0,218,0,72.120896
3838,99604,0,762867,13.056535,0.000000,0.111180,,0.961662,0,218,0,72.128158
3839,99605,1,762867,13.056666,0.000131,0.884814,,0.961642,0,218,0,72.135417
3840,99605,0,762867,13.056666,0.000000,0.034857,,0.961401,0,218,0,72.142671
3841,99605,0,762867,13.056666,0.000000,0.033185,,0.961160,0,218,0,72.149922
3842,99605,0,762867,13.056666,0.000000,1.032325,,0.961178,0,218,0,72.157169
3843,99605,0,762867,13.056666,0.000000,1.036406,,0.961198,0,218,0,72.164412
3844,99606,1,762867,13.056798,0.000131,3.036493,,0.961737,0,218,0,72.171651
3845,99606,0,762867,13.056798,0.000000,1.034504,,0.961756,0,218,0,72.178887
3846,99610,4,762867,13.057322,0.000524,0.022645,non_zero_exit,0.961512,0,218,0,72.160125
3847,99610,0,762867,13.057322,0.000000,1.032391,,0.961531,0,218,0,72.167360
3848,99610,0,762867,13.057322,0.000000,3.029976,,0.962068,0,218,0,72.174591
3849,99610,0,762867,13.057322,0.000000,5.004623,timeout,0.963118,0,219,0,72.155844
3850,99610,0,762867,13.057322,0.000000,0.023232,non_zero_exit,0.962874,0,219,0,72.137107
3851,99610,0,762867,13.057322,0.000000,0.022465,non_zero_exit,0.962630,0,219,0,72.118380
3852,99610,0,762867,13.057322,0.000000,1.036636,,0.962649,0,219,0,72.125616
3853,99610,0,762867,13.057322,0.000000,3.035560,,0.963187,0,219,0,72.132849
3854,99610,0,762867,13.057322,0.000000,1.031625,,0.963205,0,219,0,72.140078
3855,99633,23,762867,13.060337,0.003015,5.008064,timeout,0.964254,0,220,0,72.121369
3856,99633,0,762867,13.060337,0.000000,0.035949,,0.964013,0,220,0,72.128597
3857,99633,0,762867,13.060337,0.000000,0.023632,non_zero_exit,0.963769,0,220,0,72.109902
3858,99633,0,762867,13.060337,0.000000,5.080747,timeout,0.964836,0,221,0,72.091215
3859,99633,0,762867,13.060337,0.000000,2.029597,,0.965112,0,221,0,72.098446
3860,99633,0,762867,13.060337,0.000000,0.450315,,0.964979,0,221,0,72.105672
3861,99633,0,762867,13.060337,0.000000,1.036977,,0.964997,0,221,0,72.112895
3862,99633,0,762867,13.060337,0.000000,1.032144,,0.965015,0,221,0,72.120114
3863,99634,1,762867,13.060468,0.000131,3.038576,,0.965551,0,221,0,72.127329
3864,99634,0,762867,13.060468,0.000000,0.025160,non_zero_exit,0.965308,0,221,0,72.108668
3865,99634,0,762867,13.060468,0.000000,0.029455,,0.965066,0,221,0,72.115882
3866,99634,0,762867,13.060468,0.000000,0.033295,,0.964825,0,221,0,72.123093
3867,99692,58,762867,13.068071,0.007603,1.032341,,0.964842,0,221,0,72.130300
3868,99692,0,762867,13.068071,0.000000,1.527333,,0.964988,0,221,0,72.137503
3869,99692,0,762867,13.068071,0.000000,1.028913,,0.965004,0,221,0,72.144703
3870,99692,0,762867,13.068071,0.000000,5.004634,timeout,0.966048,0,222,0,72.126066
3871,99692,0,762867,13.068071,0.000000,0.021731,non_zero_exit,0.965804,0,222,0,72.107438
3872,99692,0,762867,13.068071,0.000000,0.036735,,0.965564,0,222,0,72.114640
3873,99692,0,762867,13.068071,0.000000,1.038150,,0.965583,0,222,0,72.121838
3874,99692,0,762867,13.068071,0.000000,0.024849,,0.965340,0,222,0,72.129032
3875,99692,0,762867,13.068071,0.000000,1.354677,,0.965440,0,222,0,72.136223
3876,99692,0,762867,13.068071,0.000000,0.022734,non_zero_exit,0.965197,0,222,0,72.117617
3877,99692,0,762867,13.068071,0.000000,0.026797,non_zero_exit,0.964955,0,222,0,72.099020
3878,99692,0,762867,13.068071,0.000000,0.031723,,0.964715,0,222,0,72.106213
3879,99692,0,762867,13.068071,0.000000,0.032531,,0.964474,0,222,0,72.113402
3880,99692,0,762867,13.068071,0.000000,5.007900,timeout,0.965516,0,223,0,72.094821
3881,99692,0,762867,13.068071,0.000000,0.024568,non_zero_exit,0.965274,0,223,0,72.076249
3882,99692,0,762867,13.068071,0.000000,1.033202,,0.965291,0,223,0,72.083441
3883,99692,0,762867,13.068071,0.000000,1.537377,,0.965439,0,223,0,72.090628
3884,99692,0,762867,13.068071,0.000000,0.022779,non_zero_exit,0.965196,0,223,0,72.072072
3885,99692,0,762867,13.068071,0.000000,0.029752,,0.964955,0,223,0,72.079259
3886,99699,7,762867,13.068988,0.000918,1.030351,,0.964972,0,223,0,72.086442
3887,99699,0,762867,13.068988,0.000000,0.021178,non_zero_exit,0.964729,0,223,0,72.067901
3888,99699,0,762867,13.068988,0.000000,0.032418,,0.964490,0,223,0,72.075084
3889,99699,0,762867,13.068988,0.000000,0.029432,,0.964249,0,223,0,72.082262
3890,99699,0,762867,13.068988,0.000000,3.032484,,0.964781,0,223,0,72.089437
3891,99699,0,762867,13.068988,0.000000,0.030395,,0.964541,0,223,0,72.096608
3892,99699,0,762867,13.068988,0.000000,0.024484,non_zero_exit,0.964299,0,223,0,72.078089
3893,99699,0,762867,13.068988,0.000000,1.030486,,0.964316,0,223,0,72.085259
3894,99699,0,762867,13.068988,0.000000,0.023064,non_zero_exit,0.964075,0,223,0,72.066752
3895,99699,0,762867,13.068988,0.000000,0.026793,,0.963834,0,223,0,72.073922
3896,99699,0,762867,13.068988,0.000000,1.028836,,0.963851,0,223,0,72.081088
3897,99699,0,762867,13.068988,0.000000,3.051955,,0.964386,0,223,0,72.088250
3898,99699,0,762867,13.068988,0.000000,0.028056,,0.964146,0,223,0,72.095409
3899,99699,0,762867,13.068988,0.000000,1.031946,,0.964164,0,223,0,72.102564
3900,99709,10,762867,13.070299,0.001311,1.028762,non_zero_exit,0.964180,0,223,0,72.084081
3901,99709,0,762867,13.070299,0.000000,0.021229,non_zero_exit,0.963939,0,223,0,72.065607
3902,99718,9,762867,13.071479,0.001180,0.021959,non_zero_exit,0.963697,0,223,0,72.047143
3903,99718,0,762867,13.071479,0.000000,1.036039,non_zero_exit,0.963716,0,223,0,72.028689
3904,99718,0,762867,13.071479,0.000000,1.037089,,0.963735,0,223,0,72.035851
3905,99718,0,762867,13.071479,0.000000,0.028012,,0.963495,0,223,0,72.043011
3906,99718,0,762867,13.071479,0.000000,1.528019,,0.963639,0,223,0,72.050166
3907,99718,0,762867,13.071479,0.000000,0.032199,,0.963401,0,223,0,72.057318
3908,99718,0,762867,13.071479,0.000000,2.029662,,0.963674,0,223,0,72.064467
3909,99718,0,762867,13.071479,0.000000,0.536901,,0.963565,0,223,0,72.071611
3910,99718,0,762867,13.071479,0.000000,1.034554,,0.963583,0,223,0,72.078752
3911,99718,0,762867,13.071479,0.000000,1.041223,,0.963603,0,223,0,72.085890
3912,99718,0,762867,13.071479,0.000000,2.538293,,0.964005,0,223,0,72.093023
3913,99752,34,762867,13.075936,0.004457,0.142492,,0.963795,0,223,0,72.100153
3914,99752,0,762867,13.075936,0.000000,0.022156,non_zero_exit,0.963555,0,223,0,72.081737
3915,99752,0,762867,13.075936,0.000000,1.038066,non_zero_exit,0.963574,0,223,0,72.063330
3916,99752,0,762867,13.075936,0.000000,0.023516,non_zero_exit,0.963334,0,223,0,72.044932
3917,99752,0,762867,13.075936,0.000000,1.958602,,0.963588,0,223,0,72.052067
3918,99752,0,762867,13.075936,0.000000,1.031572,,0.963605,0,223,0,72.059199
3919,99752,0,762867,13.075936,0.000000,0.034679,,0.963368,0,223,0,72.066327
3920,99752,0,762867,13.075936,0.000000,0.026194,,0.963129,0,223,0,72.073451
3921,99752,0,762867,13.075936,0.000000,0.026510,,0.962890,0,223,0,72.080571
3922,99752,0,762867,13.075936,0.000000,1.035507,,0.962909,0,223,0,72.087688
3923,99752,0,762867,13.075936,0.000000,0.036761,,0.962673,0,223,0,72.094801
3924,99762,10,762867,13.077247,0.001311,0.033473,,0.962436,0,223,0,72.101911
3925,99762,0,762867,13.077247,0.000000,3.049788,,0.962968,0,223,0,72.109017
3926,99762,0,762867,13.077247,0.000000,0.031510,,0.962731,0,223,0,72.116119
3927,99820,58,762867,13.084850,0.007603,1.033031,,0.962749,0,223,0,72.123218
3928,99820,0,762867,13.084850,0.000000,0.027373,non_zero_exit,0.962510,0,223,0,72.104861
3929,99820,0,762867,13.084850,0.000000,1.037470,,0.962530,0,223,0,72.111959
3930,99821,1,762867,13.084981,0.000131,0.030884,,0.962293,0,223,0,72.119054
3931,99821,0,762867,13.084981,0.000000,0.029469,,0.962055,0,223,0,72.126144
3932,99821,0,762867,13.084981,0.000000,0.024498,non_zero_exit,0.961817,0,223,0,72.107806
3933,99821,0,762867,13.084981,0.000000,2.032454,,0.962089,0,223,0,72.114896
3934,99821,0,762867,13.084981,0.000000,1.030081,,0.962106,0,223,0,72.121982
3935,99821,0,762867,13.084981,0.000000,0.022051,non_zero_exit,0.961868,0,223,0,72.103659
3936,99821,0,762867,13.084981,0.000000,0.021464,non_zero_exit,0.961629,0,223,0,72.085344
3937,99822,1,762867,13.085112,0.000131,1.033142,,0.961647,0,223,0,72.092433
3938,99822,0,762867,13.085112,0.000000,0.029499,,0.961410,0,223,0,72.099518
3939,99822,0,762867,13.085112,0.000000,1.029312,,0.961427,0,223,0,72.106599
3940,99822,0,762867,13.085112,0.000000,0.036524,,0.961193,0,223,0,72.113677
3941,99822,0,762867,13.085112,0.000000,0.132334,,0.960982,0,223,0,72.120751
3942,99822,0,762867,13.085112,0.000000,0.024059,non_zero_exit,0.960745,0,223,0,72.102460
3943,99822,0,762867,13.085112,0.000000,5.004187,timeout,0.961770,0,224,0,72.084178
3944,99822,0,762867,13.085112,0.000000,0.037914,,0.961536,0,224,0,72.091255
3945,99822,0,762867,13.085112,0.000000,2.033632,,0.961808,0,224,0,72.098327
3946,99822,0,762867,13.085112,0.000000,0.032954,,0.961572,0,224,0,72.105397
3947,99822,0,762867,13.085112,0.000000,0.334295,,0.961413,0,224,0,72.112462
3948,99822,0,762867,13.085112,0.000000,1.029246,,0.961431,0,224,0,72.119524
3949,99822,0,762867,13.085112,0.000000,0.042955,,0.961198,0,224,0,72.126582
3950,99822,0,762867,13.085112,0.000000,5.003301,timeout,0.962221,0,225,0,72.108327
3951,99822,0,762867,13.085112,0.000000,4.538057,,0.963126,0,225,0,72.115385
3952,99822,0,762867,13.085112,0.000000,2.035970,,0.963397,0,225,0,72.122439
3953,99822,0,762867,13.085112,0.000000,1.032095,,0.963415,0,225,0,72.129489
3954,99822,0,762867,13.085112,0.000000,1.029265,,0.963431,0,225,0,72.136536
3955,99822,0,762867,13.085112,0.000000,0.024547,,0.963194,0,225,0,72.143579
3956,99822,0,762867,13.085112,0.000000,0.024790,non_zero_exit,0.962957,0,225,0,72.125347
3957,99822,0,762867,13.085112,0.000000,1.534702,,0.963101,0,225,0,72.132390
3958,99822,0,762867,13.085112,0.000000,2.035078,,0.963372,0,225,0,72.139429
3959,99822,0,762867,13.085112,0.000000,0.945975,,0.963368,0,225,0,72.146465
3960,99822,0,762867,13.085112,0.000000,1.036816,,0.963386,0,225,0,72.153497
3961,99822,0,762867,13.085112,0.000000,0.563423,,0.963285,0,225,0,72.160525
3962,99822,0,762867,13.085112,0.000000,0.029967,non_zero_exit,0.963050,0,225,0,72.142316
3963,99822,0,762867,13.085112,0.000000,0.038003,,0.962816,0,225,0,72.149344
3964,99822,0,762867,13.085112,0.000000,1.032379,,0.962834,0,225,0,72.156368
3965,99822,0,762867,13.085112,0.000000,2.540471,,0.963232,0,225,0,72.163389
3966,99825,3,762867,13.085505,0.000393,0.034663,non_zero_exit,0.962998,0,225,0,72.145198
3967,99825,0,762867,13.085505,0.000000,0.024154,non_zero_exit,0.962761,0,225,0,72.127016
3968,99825,0,762867,13.085505,0.000000,1.023833,,0.962776,0,225,0,72.134039
3969,99825,0,762867,13.085505,0.000000,0.035149,,0.962543,0,225,0,72.141058
3970,99825,0,762867,13.085505,0.000000,1.136176,,0.962586,0,225,0,72.148074
3971,99825,0,762867,13.085505,0.000000,0.026160,non_zero_exit,0.962351,0,225,0,72.129909
3972,99825,0,762867,13.085505,0.000000,0.035599,non_zero_exit,0.962117,0,225,0,72.111754
3973,99825,0,762867,13.085505,0.000000,0.031261,,0.961883,0,225,0,72.118772
3974,99825,0,762867,13.085505,0.000000,0.026147,non_zero_exit,0.961648,0,225,0,72.100629
3975,99825,0,762867,13.085505,0.000000,2.030202,,0.961917,0,225,0,72.107646
3976,99825,0,762867,13.085505,0.000000,0.026510,,0.961681,0,225,0,72.114659
3977,99825,0,762867,13.085505,0.000000,0.029573,,0.961447,0,225,0,72.121669
3978,99825,0,762867,13.085505,0.000000,0.033559,,0.961214,0,225,0,72.128676
3979,99825,0,762867,13.085505,0.000000,2.535089,,0.961609,0,225,0,72.135678
3980,99842,17,762867,13.087734,0.002228,0.030923,,0.961375,0,225,0,72.142678
3981,99842,0,762867,13.087734,0.000000,2.030132,,0.961644,0,225,0,72.149674
3982,99842,0,762867,13.087734,0.000000,0.033812,,0.961411,0,225,0,72.156666
3983,99842,0,762867,13.087734,0.000000,0.036931,,0.961179,0,225,0,72.163655
3984,99843,1,762867,13.087865,0.000131,2.536211,,0.961574,0,225,0,72.170640
3985,99843,0,762867,13.087865,0.000000,0.128968,,0.961365,0,225,0,72.177622
3986,99843,0,762867,13.087865,0.000000,0.033499,,0.961133,0,225,0,72.184600
3987,99843,0,762867,13.087865,0.000000,1.028586,,0.961149,0,225,0,72.191575
3988,99843,0,762867,13.087865,0.000000,0.027371,,0.960915,0,225,0,72.198546
3989,99843,0,762867,13.087865,0.000000,0.025747,,0.960681,0,225,0,72.205514
3990,99843,0,762867,13.087865,0.000000,1.030496,,0.960698,0,225,0,72.212478
3991,99843,0,762867,13.087865,0.000000,0.022419,non_zero_exit,0.960463,0,225,0,72.194389
3992,99843,0,762867,13.087865,0.000000,0.023974,non_zero_exit,0.960229,0,225,0,72.176309
3993,99843,0,762867,13.087865,0.000000,1.031516,,0.960247,0,225,0,72.183275
3994,99871,28,762867,13.091535,0.003670,0.030811,,0.960014,0,225,0,72.190238
3995,99871,0,762867,13.091535,0.000000,1.029093,,0.960031,0,225,0,72.197197
3996,99880,9,762867,13.092715,0.001180,0.031570,,0.959799,0,225,0,72.204153
3997,99880,0,762867,13.092715,0.000000,0.028990,,0.959566,0,225,0,72.211106
3998,99880,0,762867,13.092715,0.000000,0.335390,,0.959410,0,225,0,72.218055
3999,99880,0,762867,13.092715,0.000000,2.026927,,0.959677,0,225,0,72.225000
4000,99880,0,762867,13.092715,0.000000,0.028080,,0.959444,0,225,0,72.231942
4001,99880,0,762867,13.092715,0.000000,1.029115,,0.959462,0,225,0,72.238881
4002,99880,0,762867,13.092715,0.000000,0.031469,,0.959230,0,225,0,72.245816
4003,99880,0,762867,13.092715,0.000000,1.033144,,0.959248,0,225,0,72.252747
4004,99880,0,762867,13.092715,0.000000,0.032446,,0.959017,0,225,0,72.259675
4005,99882,2,762867,13.092977,0.000262,0.028037,non_zero_exit,0.958784,0,225,0,72.241638
4006,99882,0,762867,13.092977,0.000000,0.023026,non_zero_exit,0.958551,0,225,0,72.223609
4007,99882,0,762867,13.092977,0.000000,1.036384,,0.958570,0,225,0,72.230539
4008,99882,0,762867,13.092977,0.000000,0.023536,non_zero_exit,0.958337,0,225,0,72.212522
4009,99882,0,762867,13.092977,0.000000,5.004145,timeout,0.959346,0,226,0,72.194514
4010,99882,0,762867,13.092977,0.000000,1.038791,,0.959366,0,226,0,72.201446
4011,99882,0,762867,13.092977,0.000000,0.021328,non_zero_exit,0.959132,0,226,0,72.183450
4012,99882,0,762867,13.092977,0.000000,0.020868,non_zero_exit,0.958898,0,226,0,72.165462
4013,99882,0,762867,13.092977,0.000000,1.030915,,0.958916,0,226,0,72.172397
4014,99882,0,762867,13.092977,0.000000,0.038141,,0.958687,0,226,0,72.179328
4015,99883,1,762867,13.093108,0.000131,0.025188,non_zero_exit,0.958454,0,226,0,72.161355
4016,99883,0,762867,13.093108,0.000000,0.026768,non_zero_exit,0.958222,0,226,0,72.143391
4017,99883,0,762867,13.093108,0.000000,1.836161,,0.958441,0,226,0,72.150324
4018,99883,0,762867,13.093108,0.000000,0.034771,,0.958211,0,226,0,72.157253
4019,99886,3,762867,13.093501,0.000393,0.030626,,0.957980,0,226,0,72.164179
4020,99886,0,762867,13.093501,0.000000,1.032828,,0.957999,0,226,0,72.171102
4021,99891,5,762867,13.094157,0.000655,0.024872,non_zero_exit,0.957767,0,226,0,72.153158
4022,99891,0,762867,13.094157,0.000000,0.028376,non_zero_exit,0.957536,0,226,0,72.135222
4023,99892,1,762867,13.094288,0.000131,0.032709,,0.957306,0,226,0,72.142147
4024,99892,0,762867,13.094288,0.000000,0.022972,non_zero_exit,0.957074,0,226,0,72.124224
4025,99892,0,762867,13.094288,0.000000,0.022758,non_zero_exit,0.956842,0,226,0,72.106309
4026,99892,0,762867,13.094288,0.000000,0.024896,non_zero_exit,0.956611,0,226,0,72.088403
4027,99892,0,762867,13.094288,0.000000,0.031319,,0.956381,0,226,0,72.095333
4028,99892,0,762867,13.094288,0.000000,0.031488,,0.956151,0,226,0,72.102259
4029,99892,0,762867,13.094288,0.000000,1.032342,,0.956170,0,226,0,72.109181
4030,99894,2,762867,13.094550,0.000262,5.083050,timeout,0.957194,0,227,0,72.091292
4031,99894,0,762867,13.094550,0.000000,1.537691,,0.957338,0,227,0,72.098214
4032,99894,0,762867,13.094550,0.000000,1.534048,,0.957481,0,227,0,72.105133
4033,99894,0,762867,13.094550,0.000000,0.037208,,0.957253,0,227,0,72.112048
4034,99894,0,762867,13.094550,0.000000,3.029382,,0.957766,0,227,0,72.118959
4035,99894,0,762867,13.094550,0.000000,1.028820,,0.957784,0,227,0,72.125867
4036,99894,0,762867,13.094550,0.000000,0.031888,,0.957555,0,227,0,72.132772
4037,99894,0,762867,13.094550,0.000000,0.024109,non_zero_exit,0.957323,0,227,0,72.114908
4038,99894,0,762867,13.094550,0.000000,0.029419,,0.957094,0,227,0,72.121812
4039,99894,0,762867,13.094550,0.000000,0.031476,,0.956865,0,227,0,72.128713
4040,99894,0,762867,13.094550,0.000000,0.545889,,0.956763,0,227,0,72.135610
4041,99894,0,762867,13.094550,0.000000,0.029762,,0.956534,0,227,0,72.142504
4042,99894,0,762867,13.094550,0.000000,1.034913,,0.956553,0,227,0,72.149394
4043,99894,0,762867,13.094550,0.000000,3.031258,,0.957066,0,227,0,72.156281
4044,99894,0,762867,13.094550,0.000000,2.030974,,0.957331,0,227,0,72.163164
4045,99894,0,762867,13.094550,0.000000,1.031912,,0.957350,0,227,0,72.170044
4046,99894,0,762867,13.094550,0.000000,0.034564,,0.957122,0,227,0,72.176921
4047,99894,0,762867,13.094550,0.000000,1.043072,,0.957143,0,227,0,72.183794
4048,99894,0,762867,13.094550,0.000000,1.030056,,0.957161,0,227,0,72.190664
4049,99894,0,762867,13.094550,0.000000,0.028053,,0.956932,0,227,0,72.197531
4050,99894,0,762867,13.094550,0.000000,0.030489,,0.956703,0,227,0,72.204394
4051,99894,0,762867,13.094550,0.000000,0.031131,,0.956475,0,227,0,72.211254
4052,99894,0,762867,13.094550,0.000000,0.021110,non_zero_exit,0.956244,0,227,0,72.193437
4053,99894,0,762867,13.094550,0.000000,1.025549,,0.956261,0,227,0,72.200296
4054,99894,0,762867,13.094550,0.000000,1.029347,,0.956279,0,227,0,72.207152
4055,99894,0,762867,13.094550,0.000000,2.032118,,0.956544,0,227,0,72.214004
4056,99894,0,762867,13.094550,0.000000,2.200470,,0.956851,0,227,0,72.220853
4057,99894,0,762867,13.094550,0.000000,2.030688,,0.957115,0,227,0,72.227698
4058,99894,0,762867,13.094550,0.000000,2.029732,,0.957380,0,227,0,72.234541
4059,99894,0,762867,13.094550,0.000000,5.004642,timeout,0.958377,0,228,0,72.216749
4060,99894,0,762867,13.094550,0.000000,1.030772,,0.958394,0,228,0,72.223590
4061,99894,0,762867,13.094550,0.000000,0.029475,,0.958166,0,228,0,72.230428
4062,99894,0,762867,13.094550,0.000000,1.032619,,0.958184,0,228,0,72.237263
4063,99894,0,762867,13.094550,0.000000,0.033387,,0.957956,0,228,0,72.244094
4064,99896,2,762867,13.094812,0.000262,4.167432,,0.958746,0,228,0,72.250923
4065,99896,0,762867,13.094812,0.000000,3.041832,,0.959258,0,228,0,72.257747
4066,99901,5,762867,13.095467,0.000655,2.029337,,0.959521,0,228,0,72.264568
4067,99903,2,762867,13.095730,0.000262,1.032233,,0.959539,0,228,0,72.271386
4068,99903,0,762867,13.095730,0.000000,0.021828,non_zero_exit,0.959309,0,228,0,72.253625
4069,99903,0,762867,13.095730,0.000000,1.029541,,0.959326,0,228,0,72.260442
4070,99903,0,762867,13.095730,0.000000,0.034130,,0.959099,0,228,0,72.267256
4071,99903,0,762867,13.095730,0.000000,1.034326,,0.959117,0,228,0,72.274067
4072,99903,0,762867,13.095730,0.000000,0.036793,,0.958891,0,228,0,72.280874
4073,99912,9,762867,13.096909,0.001180,0.030663,,0.958663,0,228,0,72.287678
4074,99912,0,762867,13.096909,0.000000,1.030544,,0.958681,0,228,0,72.294479
4075,99913,1,762867,13.097041,0.000131,0.022105,non_zero_exit,0.958451,0,228,0,72.276742
4076,99914,1,762867,13.097172,0.000131,0.022963,non_zero_exit,0.958221,0,228,0,72.259014
4077,99914,0,762867,13.097172,0.000000,0.025536,non_zero_exit,0.957993,0,228,0,72.241295
4078,99914,0,762867,13.097172,0.000000,0.031810,,0.957766,0,228,0,72.248100
4079,99914,0,762867,13.097172,0.000000,5.003864,timeout,0.958757,0,229,0,72.230392
4080,99914,0,762867,13.097172,0.000000,1.029562,,0.958775,0,229,0,72.237197
4081,99914,0,762867,13.097172,0.000000,0.030967,,0.958547,0,229,0,72.243998
4082,99914,0,762867,13.097172,0.000000,1.030950,,0.958565,0,229,0,72.250796
4083,99914,0,762867,13.097172,0.000000,0.031272,,0.958338,0,229,0,72.257591
4084,99914,0,762867,13.097172,0.000000,0.027730,non_zero_exit,0.958110,0,229,0,72.239902
4085,99914,0,762867,13.097172,0.000000,1.028685,,0.958127,0,229,0,72.246696
4086,99914,0,762867,13.097172,0.000000,0.039168,,0.957903,0,229,0,72.253487
4087,99914,0,762867,13.097172,0.000000,0.024266,non_zero_exit,0.957674,0,229,0,72.235812
4088,99916,2,762867,13.097434,0.000262,1.027296,,0.957691,0,229,0,72.242602
4089,99916,0,762867,13.097434,0.000000,0.029382,,0.957464,0,229,0,72.249389
4090,99916,0,762867,13.097434,0.000000,0.435380,,0.957337,0,229,0,72.256172
4091,99916,0,762867,13.097434,0.000000,0.045450,,0.957114,0,229,0,72.262952
4092,99916,0,762867,13.097434,0.000000,3.860776,,0.957823,0,229,0,72.269729
4093,99916,0,762867,13.097434,0.000000,2.030410,,0.958085,0,229,0,72.276502
4094,99916,0,762867,13.097434,0.000000,3.028967,,0.958591,0,229,0,72.283272
4095,99917,1,762867,13.097565,0.000131,0.019477,non_zero_exit,0.958362,0,229,0,72.265625
4096,99917,0,762867,13.097565,0.000000,0.032632,,0.958136,0,229,0,72.272394
4097,99917,0,762867,13.097565,0.000000,0.023577,non_zero_exit,0.957908,0,229,0,72.254758
4098,99917,0,762867,13.097565,0.000000,1.030230,non_zero_exit,0.957925,0,229,0,72.237131
4099,99917,0,762867,13.097565,0.000000,0.026889,non_zero_exit,0.957698,0,229,0,72.219512
4100,99917,0,762867,13.097565,0.000000,0.022464,non_zero_exit,0.957470,0,229,0,72.201902
4101,99917,0,762867,13.097565,0.000000,0.021391,non_zero_exit,0.957242,0,229,0,72.184300
4102,99917,0,762867,13.097565,0.000000,3.039392,,0.957749,0,229,0,72.191080
4103,99917,0,762867,13.097565,0.000000,1.033089,,0.957768,0,229,0,72.197856
4104,99917,0,762867,13.097565,0.000000,5.003892,timeout,0.958753,0,230,0,72.180268
4105,99917,0,762867,13.097565,0.000000,0.027507,,0.958527,0,230,0,72.187043
4106,99917,0,762867,13.097565,0.000000,2.034229,,0.958789,0,230,0,72.193815
4107,99917,0,762867,13.097565,0.000000,0.022830,non_zero_exit,0.958561,0,230,0,72.176241
4108,99919,2,762867,13.097827,0.000262,0.032421,,0.958335,0,230,0,72.183013
4109,99919,0,762867,13.097827,0.000000,4.533474,,0.959205,0,230,0,72.189781
4110,99919,0,762867,13.097827,0.000000,1.035044,,0.959224,0,230,0,72.196546
4111,99919,0,762867,13.097827,0.000000,0.026056,non_zero_exit,0.958997,0,230,0,72.178988
4112,99934,15,762867,13.099793,0.001966,0.033353,,0.958772,0,230,0,72.185752
4113,99934,0,762867,13.099793,0.000000,0.029720,,0.958546,0,230,0,72.192513
4114,99934,0,762867,13.099793,0.000000,0.802925,,0.958508,0,230,0,72.199271
4115,99934,0,762867,13.099793,0.000000,1.026961,,0.958525,0,230,0,72.206025
4116,99934,0,762867,13.099793,0.000000,0.238158,,0.958350,0,230,0,72.212776
4117,99934,0,762867,13.099793,0.000000,0.021517,non_zero_exit,0.958122,0,230,0,72.195240
4118,99934,0,762867,13.099793,0.000000,1.031516,,0.958140,0,230,0,72.201991
4119,99934,0,762867,13.099793,0.000000,0.033363,,0.957916,0,230,0,72.208738
4120,99934,0,762867,13.099793,0.000000,5.008220,timeout,0.958898,0,231,0,72.191216
4121,99934,0,762867,13.099793,0.000000,1.033013,,0.958916,0,231,0,72.197962
4122,99936,2,762867,13.100055,0.000262,5.004232,timeout,0.959898,0,232,0,72.180451
4123,99936,0,762867,13.100055,0.000000,0.028723,,0.959672,0,232,0,72.187197
4124,99936,0,762867,13.100055,0.000000,0.529375,,0.959567,0,232,0,72.193939
4125,99936,0,762867,13.100055,0.000000,1.036360,,0.959586,0,232,0,72.200679
4126,99946,10,762867,13.101366,0.001311,0.027982,non_zero_exit,0.959360,0,232,0,72.183184
4127,99946,0,762867,13.101366,0.000000,0.030366,,0.959135,0,232,0,72.189922
4128,99946,0,762867,13.101366,0.000000,0.021281,non_zero_exit,0.958908,0,232,0,72.172439
4129,99946,0,762867,13.101366,0.000000,0.027338,,0.958683,0,232,0,72.179177
4130,99946,0,762867,13.101366,0.000000,0.039739,,0.958460,0,232,0,72.185911
4131,99946,0,762867,13.101366,0.000000,1.029810,,0.958477,0,232,0,72.192643
4132,99946,0,762867,13.101366,0.000000,0.028933,,0.958252,0,232,0,72.199371
4133,99946,0,762867,13.101366,0.000000,0.030024,,0.958028,0,232,0,72.206096
4134,99946,0,762867,13.101366,0.000000,0.031580,,0.957804,0,232,0,72.212817
4135,99946,0,762867,13.101366,0.000000,0.021282,non_zero_exit,0.957577,0,232,0,72.195358
4136,99946,0,762867,13.101366,0.000000,0.027895,,0.957353,0,232,0,72.202079
4137,99946,0,762867,13.101366,0.000000,0.032306,,0.957129,0,232,0,72.208797
4138,99946,0,762867,13.101366,0.000000,1.029577,,0.957147,0,232,0,72.215511
4139,99946,0,762867,13.101366,0.000000,1.032080,,0.957165,0,232,0,72.222222
4140,99946,0,762867,13.101366,0.000000,3.037044,,0.957667,0,232,0,72.228930
4141,99966,20,762867,13.103988,0.002622,1.029732,,0.957684,0,232,0,72.235635
4142,99966,0,762867,13.103988,0.000000,1.028141,,0.957701,0,232,0,72.242336
4143,99966,0,762867,13.103988,0.000000,2.359986,,0.958040,0,232,0,72.249035
4144,99966,0,762867,13.103988,0.000000,1.233609,,0.958106,0,232,0,72.255730
4145,99966,0,762867,13.103988,0.000000,1.040155,,0.958126,0,232,0,72.262422
4146,99966,0,762867,13.103988,0.000000,0.032823,,0.957903,0,232,0,72.269110
4147,99966,0,762867,13.103988,0.000000,5.004123,timeout,0.958878,0,233,0,72.251688
4148,99966,0,762867,13.103988,0.000000,0.029068,,0.958654,0,233,0,72.258376
4149,99966,0,762867,13.103988,0.000000,0.023023,non_zero_exit,0.958429,0,233,0,72.240964
4150,99966,0,762867,13.103988,0.000000,2.030682,,0.958687,0,233,0,72.247651
4151,99966,0,762867,13.103988,0.000000,0.032752,,0.958464,0,233,0,72.254335
4152,99966,0,762867,13.103988,0.000000,0.025375,non_zero_exit,0.958240,0,233,0,72.236937
4153,99966,0,762867,13.103988,0.000000,1.032548,,0.958257,0,233,0,72.243621
4154,99970,4,762867,13.104512,0.000524,0.024018,non_zero_exit,0.958033,0,233,0,72.226233
4155,99977,7,762867,13.105430,0.000918,3.622351,,0.958674,0,233,0,72.232916
4156,99977,0,762867,13.105430,0.000000,0.023204,non_zero_exit,0.958449,0,233,0,72.215540
4157,99977,0,762867,13.105430,0.000000,1.032828,,0.958467,0,233,0,72.222222
4158,99977,0,762867,13.105430,0.000000,2.037355,,0.958726,0,233,0,72.228901
4159,99977,0,762867,13.105430,0.000000,5.004208,timeout,0.959698,0,234,0,72.211538
4160,99978,1,762867,13.105561,0.000131,1.038815,,0.959717,0,234,0,72.218217
4161,99978,0,762867,13.105561,0.000000,0.029374,,0.959494,0,234,0,72.224892
4162,99978,0,762867,13.105561,0.000000,0.024495,non_zero_exit,0.959269,0,234,0,72.207543
4163,99978,0,762867,13.105561,0.000000,0.024564,non_zero_exit,0.959045,0,234,0,72.190202
4164,99978,0,762867,13.105561,0.000000,0.028094,,0.958821,0,234,0,72.196879
4165,99994,16,762867,13.107658,0.002097,3.038804,,0.959321,0,234,0,72.203553
4166,99995,1,762867,13.107789,0.000131,1.035541,,0.959339,0,234,0,72.210223
4167,99995,0,762867,13.107789,0.000000,0.021457,non_zero_exit,0.959114,0,234,0,72.192898
4168,99995,0,762867,13.107789,0.000000,0.030176,,0.958891,0,234,0,72.199568
4169,99995,0,762867,13.107789,0.000000,0.024595,,0.958667,0,234,0,72.206235
4170,99995,0,762867,13.107789,0.000000,0.063926,,0.958452,0,234,0,72.212899
4171,99995,0,762867,13.107789,0.000000,2.028077,,0.958709,0,234,0,72.219559
4172,99995,0,762867,13.107789,0.000000,0.024031,non_zero_exit,0.958485,0,234,0,72.202253
4173,99995,0,762867,13.107789,0.000000,0.028912,,0.958262,0,234,0,72.208912
4174,99995,0,762867,13.107789,0.000000,0.935956,,0.958257,0,234,0,72.215569
4175,99995,0,762867,13.107789,0.000000,1.034173,,0.958275,0,234,0,72.222222
4176,99995,0,762867,13.107789,0.000000,1.039172,,0.958294,0,234,0,72.228872
4177,99995,0,762867,13.107789,0.000000,1.031708,,0.958312,0,234,0,72.235519
4178,100000,5,762867,13.108445,0.000655,0.031758,,0.958090,0,234,0,72.242163
4179,100000,0,762867,13.108445,0.000000,0.035011,,0.957869,0,234,0,72.248804
4180,100000,0,762867,13.108445,0.000000,0.025172,non_zero_exit,0.957646,0,234,0,72.231524
4181,100000,0,762867,13.108445,0.000000,3.030974,,0.958142,0,234,0,72.238164
4182,100000,0,762867,13.108445,0.000000,0.022237,non_zero_exit,0.957918,0,234,0,72.220894
4183,100000,0,762867,13.108445,0.000000,0.032502,,0.957697,0,234,0,72.227533
4184,100000,0,762867,13.108445,0.000000,0.030807,,0.957476,0,234,0,72.234170
4185,100000,0,762867,13.108445,0.000000,1.028153,,0.957493,0,234,0,72.240803
4186,100000,0,762867,13.108445,0.000000,0.435057,,0.957368,0,234,0,72.247433
4187,100000,0,762867,13.108445,0.000000,1.531880,,0.957505,0,234,0,72.254059
4188,100000,0,762867,13.108445,0.000000,2.050223,,0.957766,0,234,0,72.260683
4189,100000,0,762867,13.108445,0.000000,0.030296,,0.957544,0,234,0,72.267303
4190,100000,0,762867,13.108445,0.000000,0.021553,non_zero_exit,0.957321,0,234,0,72.250060
4191,100000,0,762867,13.108445,0.000000,0.030334,,0.957100,0,234,0,72.256679
4192,100000,0,762867,13.108445,0.000000,1.029869,,0.957117,0,234,0,72.263296
4193,100000,0,762867,13.108445,0.000000,0.023899,non_zero_exit,0.956895,0,234,0,72.246066
4194,100000,0,762867,13.108445,0.000000,0.913146,,0.956884,0,234,0,72.252682
4195,100000,0,762867,13.108445,0.000000,5.004569,timeout,0.957849,0,235,0,72.235462
4196,100000,0,762867,13.108445,0.000000,0.023224,non_zero_exit,0.957626,0,235,0,72.218251
4197,100000,0,762867,13.108445,0.000000,1.030378,,0.957644,0,235,0,72.224869
4198,100000,0,762867,13.108445,0.000000,0.537326,,0.957544,0,235,0,72.231484
4199,100000,0,762867,13.108445,0.000000,1.031716,,0.957561,0,235,0,72.238095
4200,100000,0,762867,13.108445,0.000000,0.027842,non_zero_exit,0.957340,0,235,0,72.220900
4201,100000,0,762867,13.108445,0.000000,2.023144,,0.957594,0,235,0,72.227511
4202,100000,0,762867,13.108445,0.000000,0.031711,non_zero_exit,0.957373,0,235,0,72.210326
4203,100000,0,762867,13.108445,0.000000,0.022112,non_zero_exit,0.957151,0,235,0,72.193149
4204,100000,0,762867,13.108445,0.000000,3.848583,,0.957838,0,235,0,72.199762
4205,100000,0,762867,13.108445,0.000000,5.005686,timeout,0.958801,0,236,0,72.182596
4206,100000,0,762867,13.108445,0.000000,2.033878,,0.959056,0,236,0,72.189208
4207,100000,0,762867,13.108445,0.000000,1.734995,,0.959241,0,236,0,72.195817
4208,100000,0,762867,13.108445,0.000000,2.040700,,0.959498,0,236,0,72.202423
4209,100000,0,762867,13.108445,0.000000,0.023910,non_zero_exit,0.959275,0,236,0,72.185273
4210,100000,0,762867,13.108445,0.000000,0.032167,,0.959055,0,236,0,72.191878
4211,100000,0,762867,13.108445,0.000000,3.031378,,0.959547,0,236,0,72.198481
4212,100003,3,762867,13.108838,0.000393,1.039902,,0.959566,0,236,0,72.205080
4213,100003,0,762867,13.108838,0.000000,1.032009,,0.959584,0,236,0,72.211675
4214,100007,4,762867,13.109362,0.000524,1.033747,,0.959601,0,236,0,72.218268
4215,100008,1,762867,13.109494,0.000131,0.023123,non_zero_exit,0.959379,0,236,0,72.201139
4216,100008,0,762867,13.109494,0.000000,2.025531,,0.959632,0,236,0,72.207731
4217,100010,2,762867,13.109756,0.000262,0.130740,,0.959435,0,236,0,72.214320
4218,100010,0,762867,13.109756,0.000000,0.031595,,0.959215,0,236,0,72.220905
4219,100010,0,762867,13.109756,0.000000,0.642402,,0.959140,0,236,0,72.227488
4220,100010,0,762867,13.109756,0.000000,1.136295,,0.959182,0,236,0,72.234068
4221,100010,0,762867,13.109756,0.000000,0.031162,,0.958963,0,236,0,72.240644
4222,100010,0,762867,13.109756,0.000000,0.536399,,0.958862,0,236,0,72.247218
4223,100010,0,762867,13.109756,0.000000,1.029862,,0.958879,0,236,0,72.253788
4224,100010,0,762867,13.109756,0.000000,0.030679,,0.958660,0,236,0,72.260355
4225,100010,0,762867,13.109756,0.000000,0.026185,,0.958439,0,236,0,72.266919
4226,100010,0,762867,13.109756,0.000000,0.030353,,0.958219,0,236,0,72.273480
4227,100010,0,762867,13.109756,0.000000,2.030807,,0.958473,0,236,0,72.280038
4228,100010,0,762867,13.109756,0.000000,0.027487,,0.958253,0,236,0,72.286593
4229,100010,0,762867,13.109756,0.000000,0.023796,non_zero_exit,0.958032,0,236,0,72.269504
4230,100010,0,762867,13.109756,0.000000,0.037330,,0.957814,0,236,0,72.276058
4231,100010,0,762867,13.109756,0.000000,0.030357,,0.957595,0,236,0,72.282609
4232,100010,0,762867,13.109756,0.000000,1.029114,,0.957612,0,236,0,72.289157
4233,100010,0,762867,13.109756,0.000000,1.034223,,0.957630,0,236,0,72.295701
4234,100010,0,762867,13.109756,0.000000,0.085742,,0.957424,0,236,0,72.302243
4235,100010,0,762867,13.109756,0.000000,1.031718,,0.957442,0,236,0,72.308782
4236,100010,0,762867,13.109756,0.000000,5.004511,timeout,0.958397,0,237,0,72.291716
4237,100010,0,762867,13.109756,0.000000,5.004358,timeout,0.959352,0,238,0,72.274658
4238,100010,0,762867,13.109756,0.000000,1.037582,,0.959370,0,238,0,72.281198
4239,100010,0,762867,13.109756,0.000000,3.034880,,0.959860,0,238,0,72.287736
4240,100013,3,762867,13.110149,0.000393,0.022613,non_zero_exit,0.959639,0,238,0,72.270691
4241,100013,0,762867,13.110149,0.000000,0.021489,non_zero_exit,0.959418,0,238,0,72.253654
4242,100013,0,762867,13.110149,0.000000,2.531667,non_zero_exit,0.959788,0,238,0,72.236625
4243,100013,0,762867,13.110149,0.000000,0.024966,,0.959568,0,238,0,72.243167
4244,100013,0,762867,13.110149,0.000000,1.027220,,0.959584,0,238,0,72.249706
4245,100013,0,762867,13.110149,0.000000,0.029614,,0.959365,0,238,0,72.256241
4246,100013,0,762867,13.110149,0.000000,0.021236,non_zero_exit,0.959144,0,238,0,72.239228
4247,100013,0,762867,13.110149,0.000000,5.004170,timeout,0.960096,0,239,0,72.222222
4248,100013,0,762867,13.110149,0.000000,0.036105,,0.959879,0,239,0,72.228760
4249,100013,0,762867,13.110149,0.000000,0.027329,non_zero_exit,0.959659,0,239,0,72.211765
4250,100013,0,762867,13.110149,0.000000,0.031663,,0.959441,0,239,0,72.218302
4251,100025,12,762867,13.111722,0.001573,0.022402,non_zero_exit,0.959221,0,239,0,72.201317
4252,100025,0,762867,13.111722,0.000000,0.022450,non_zero_exit,0.959000,0,239,0,72.184340
4253,100025,0,762867,13.111722,0.000000,0.023459,non_zero_exit,0.958780,0,239,0,72.167372
4254,100025,0,762867,13.111722,0.000000,0.031172,,0.958562,0,239,0,72.173913
4255,100025,0,762867,13.111722,0.000000,0.035614,,0.958345,0,239,0,72.180451
4256,100085,60,762867,13.119587,0.007865,2.064943,,0.958605,0,239,0,72.186986
4257,100085,0,762867,13.119587,0.000000,0.029046,,0.958387,0,239,0,72.193518
4258,100085,0,762867,13.119587,0.000000,1.032558,non_zero_exit,0.958405,0,239,0,72.176567
4259,100085,0,762867,13.119587,0.000000,0.023403,non_zero_exit,0.958185,0,239,0,72.159624
4260,100085,0,762867,13.119587,0.000000,1.030486,,0.958202,0,239,0,72.166158
4261,100085,0,762867,13.119587,0.000000,2.027744,,0.958453,0,239,0,72.172689
4262,100085,0,762867,13.119587,0.000000,0.529424,,0.958352,0,239,0,72.179217
4263,100085,0,762867,13.119587,0.000000,0.035232,,0.958136,0,239,0,72.185741
4264,100089,4,762867,13.120111,0.000524,0.031130,,0.957918,0,239,0,72.192263
4265,100089,0,762867,13.120111,0.000000,1.034751,,0.957937,0,239,0,72.198781
4266,100089,0,762867,13.120111,0.000000,1.027567,,0.957953,0,239,0,72.205296
4267,100089,0,762867,13.120111,0.000000,1.032373,,0.957970,0,239,0,72.211809
4268,100089,0,762867,13.120111,0.000000,0.033436,,0.957754,0,239,0,72.218318
4269,100089,0,762867,13.120111,0.000000,0.031953,,0.957537,0,239,0,72.224824
4270,100089,0,762867,13.120111,0.000000,0.024789,non_zero_exit,0.957318,0,239,0,72.207914
4271,100091,2,762867,13.120374,0.000262,0.032974,,0.957102,0,239,0,72.214419
4272,100091,0,762867,13.120374,0.000000,0.022346,non_zero_exit,0.956883,0,239,0,72.197519
4273,100091,0,762867,13.120374,0.000000,1.030067,,0.956900,0,239,0,72.204024
4274,100091,0,762867,13.120374,0.000000,2.033287,,0.957152,0,239,0,72.210526
4275,100091,0,762867,13.120374,0.000000,0.029874,,0.956935,0,239,0,72.217025
4276,100091,0,762867,13.120374,0.000000,1.032785,,0.956953,0,239,0,72.223521
4277,100091,0,762867,13.120374,0.000000,1.033809,,0.956971,0,239,0,72.230014
4278,100091,0,762867,13.120374,0.000000,5.003980,timeout,0.957917,0,240,0,72.213134
4279,100091,0,762867,13.120374,0.000000,0.030437,,0.957700,0,240,0,72.219626
4280,100091,0,762867,13.120374,0.000000,0.024366,non_zero_exit,0.957482,0,240,0,72.202756
4281,100091,0,762867,13.120374,0.000000,3.037066,non_zero_exit,0.957968,0,240,0,72.185894
4282,100091,0,762867,13.120374,0.000000,5.003896,timeout,0.958912,0,241,0,72.169040
4283,100091,0,762867,13.120374,0.000000,1.029846,,0.958929,0,241,0,72.175537
4284,100091,0,762867,13.120374,0.000000,0.022070,non_zero_exit,0.958710,0,241,0,72.158693
4285,100092,1,762867,13.120505,0.000131,1.035700,,0.958728,0,241,0,72.165189
4286,100092,0,762867,13.120505,0.000000,0.032177,,0.958512,0,241,0,72.171682
4287,100092,0,762867,13.120505,0.000000,3.035992,,0.958997,0,241,0,72.178172
4288,100092,0,762867,13.120505,0.000000,0.029616,,0.958780,0,241,0,72.184658
4289,100092,0,762867,13.120505,0.000000,0.027587,non_zero_exit,0.958563,0,241,0,72.167832
4290,100105,13,762867,13.122209,0.001704,0.023396,non_zero_exit,0.958345,0,241,0,72.151014
4291,100105,0,762867,13.122209,0.000000,0.031343,,0.958129,0,241,0,72.157502
4292,100105,0,762867,13.122209,0.000000,0.031795,,0.957913,0,241,0,72.163988
4293,100105,0,762867,13.122209,0.000000,1.032517,,0.957931,0,241,0,72.170470
4294,100105,0,762867,13.122209,0.000000,0.034420,,0.957716,0,241,0,72.176950
4295,100105,0,762867,13.122209,0.000000,0.025199,non_zero_exit,0.957499,0,241,0,72.160149
4296,100105,0,762867,13.122209,0.000000,0.025763,non_zero_exit,0.957282,0,241,0,72.143356
4297,100107,2,762867,13.122471,0.000262,3.737512,,0.957929,0,241,0,72.149837
4298,100107,0,762867,13.122471,0.000000,0.037231,,0.957714,0,241,0,72.156315
4299,100107,0,762867,13.122471,0.000000,2.038008,non_zero_exit,0.957966,0,241,0,72.139535
4300,100107,0,762867,13.122471,0.000000,1.136908,,0.958007,0,241,0,72.146013
4301,100107,0,762867,13.122471,0.000000,0.029116,,0.957791,0,241,0,72.152487
4302,100122,15,762867,13.124437,0.001966,0.335409,,0.957647,0,241,0,72.158959
4303,100123,1,762867,13.124568,0.000131,1.480926,,0.957768,0,241,0,72.165428
4304,100123,0,762867,13.124568,0.000000,1.531563,,0.957902,0,241,0,72.171893
4305,100123,0,762867,13.124568,0.000000,1.033942,,0.957919,0,241,0,72.178356
4306,100123,0,762867,13.124568,0.000000,1.030090,,0.957936,0,241,0,72.184815
4307,100123,0,762867,13.124568,0.000000,3.035439,,0.958418,0,241,0,72.191272
4308,100123,0,762867,13.124568,0.000000,0.023602,non_zero_exit,0.958201,0,241,0,72.174518
4309,100123,0,762867,13.124568,0.000000,3.027803,,0.958681,0,241,0,72.180974
4310,100123,0,762867,13.124568,0.000000,0.528415,,0.958582,0,241,0,72.187428
4311,100123,0,762867,13.124568,0.000000,1.031036,,0.958598,0,241,0,72.193878
4312,100123,0,762867,13.124568,0.000000,0.030271,,0.958383,0,241,0,72.200325
4313,100123,0,762867,13.124568,0.000000,0.030039,,0.958168,0,241,0,72.206769
4314,100123,0,762867,13.124568,0.000000,2.028107,,0.958416,0,241,0,72.213210
4315,100123,0,762867,13.124568,0.000000,0.029240,,0.958201,0,241,0,72.219648
4316,100123,0,762867,13.124568,0.000000,0.024472,non_zero_exit,0.957984,0,241,0,72.202919
4317,100123,0,762867,13.124568,0.000000,1.038595,,0.958003,0,241,0,72.209356
4318,100125,2,762867,13.124830,0.000262,3.034625,,0.958484,0,241,0,72.215791
4319,100125,0,762867,13.124830,0.000000,0.023692,non_zero_exit,0.958268,0,241,0,72.199074
4320,100125,0,762867,13.124830,0.000000,0.031745,,0.958053,0,241,0,72.205508
4321,100125,0,762867,13.124830,0.000000,0.021167,non_zero_exit,0.957836,0,241,0,72.188801
4322,100125,0,762867,13.124830,0.000000,1.527378,,0.957968,0,241,0,72.195235
4323,100125,0,762867,13.124830,0.000000,0.029737,,0.957753,0,241,0,72.201665
4324,100125,0,762867,13.124830,0.000000,0.022848,non_zero_exit,0.957537,0,241,0,72.184971
4325,100125,0,762867,13.124830,0.000000,0.029801,,0.957323,0,241,0,72.191401
4326,100125,0,762867,13.124830,0.000000,0.030993,,0.957109,0,241,0,72.197828
4327,100125,0,762867,13.124830,0.000000,3.530727,,0.957703,0,241,0,72.204251
4328,100125,0,762867,13.124830,0.000000,0.029932,,0.957489,0,241,0,72.210672
4329,100125,0,762867,13.124830,0.000000,1.024007,,0.957504,0,241,0,72.217090
4330,100125,0,762867,13.124830,0.000000,1.037284,,0.957523,0,241,0,72.223505
4331,100126,1,762867,13.124961,0.000131,0.024237,non_zero_exit,0.957307,0,241,0,72.206833
4332,100126,0,762867,13.124961,0.000000,1.032914,,0.957325,0,241,0,72.213247
4333,100126,0,762867,13.124961,0.000000,1.035295,,0.957343,0,241,0,72.219659
4334,100126,0,762867,13.124961,0.000000,0.031343,,0.957129,0,241,0,72.226067
4335,100126,0,762867,13.124961,0.000000,0.058750,,0.956922,0,241,0,72.232472
4336,100126,0,762867,13.124961,0.000000,0.028364,,0.956708,0,241,0,72.238875
4337,100126,0,762867,13.124961,0.000000,0.023118,non_zero_exit,0.956493,0,241,0,72.222222
4338,100126,0,762867,13.124961,0.000000,2.033859,,0.956741,0,241,0,72.228624
4339,100126,0,762867,13.124961,0.000000,0.026601,non_zero_exit,0.956527,0,241,0,72.211982
4340,100127,1,762867,13.125093,0.000131,2.029386,,0.956774,0,241,0,72.218383
4341,100127,0,762867,13.125093,0.000000,2.025493,,0.957020,0,241,0,72.224781
4342,100127,0,762867,13.125093,0.000000,0.023073,non_zero_exit,0.956805,0,241,0,72.208151
4343,100127,0,762867,13.125093,0.000000,5.003776,timeout,0.957737,0,242,0,72.191529
4344,100127,0,762867,13.125093,0.000000,0.130137,,0.957546,0,242,0,72.197929
4345,100127,0,762867,13.125093,0.000000,1.029802,,0.957563,0,242,0,72.204326
4346,100127,0,762867,13.125093,0.000000,0.032054,,0.957350,0,242,0,72.210720
4347,100127,0,762867,13.125093,0.000000,1.538279,,0.957483,0,242,0,72.217111
4348,100127,0,762867,13.125093,0.000000,1.029412,non_zero_exit,0.957500,0,242,0,72.200506
4349,100127,0,762867,13.125093,0.000000,1.035108,,0.957518,0,242,0,72.206897
4350,100131,4,762867,13.125617,0.000524,0.025450,non_zero_exit,0.957304,0,242,0,72.190301
4351,100131,0,762867,13.125617,0.000000,2.533663,,0.957666,0,242,0,72.196691
4352,100131,0,762867,13.125617,0.000000,0.025486,non_zero_exit,0.957452,0,242,0,72.180106
4353,100138,7,762867,13.126535,0.000918,0.033413,,0.957239,0,242,0,72.186495
4354,100139,1,762867,13.126666,0.000131,1.036579,,0.957258,0,242,0,72.192882
4355,100139,0,762867,13.126666,0.000000,1.031387,,0.957275,0,242,0,72.199265
4356,100179,40,762867,13.131909,0.005243,2.037235,,0.957522,0,242,0,72.205646
4357,100179,0,762867,13.131909,0.000000,3.031985,,0.957998,0,242,0,72.212024
4358,100179,0,762867,13.131909,0.000000,0.026137,non_zero_exit,0.957785,0,242,0,72.195458
4359,100222,43,762867,13.137546,0.005637,0.042123,,0.957575,0,242,0,72.201835
4360,100222,0,762867,13.137546,0.000000,0.024451,non_zero_exit,0.957361,0,242,0,72.185279
4361,100222,0,762867,13.137546,0.000000,3.036851,,0.957837,0,242,0,72.191655
4362,100223,1,762867,13.137677,0.000131,5.004392,timeout,0.958765,0,243,0,72.175109
4363,100223,0,762867,13.137677,0.000000,0.024687,non_zero_exit,0.958551,0,243,0,72.158570
4364,100271,48,762867,13.143969,0.006292,0.029055,,0.958338,0,243,0,72.164948
4365,100271,0,762867,13.143969,0.000000,0.031162,,0.958126,0,243,0,72.171324
4366,100271,0,762867,13.143969,0.000000,0.033206,,0.957914,0,243,0,72.177696
4367,100271,0,762867,13.143969,0.000000,1.034596,,0.957931,0,243,0,72.184066
4368,100271,0,762867,13.143969,0.000000,1.030195,,0.957948,0,243,0,72.190433
4369,100271,0,762867,13.143969,0.000000,2.034933,,0.958194,0,243,0,72.196796
4370,100272,1,762867,13.144100,0.000131,1.028810,,0.958210,0,243,0,72.203157
4371,100272,0,762867,13.144100,0.000000,5.003838,timeout,0.959136,0,244,0,72.186642
4372,100272,0,762867,13.144100,0.000000,3.034830,,0.959610,0,244,0,72.193003
4373,100272,0,762867,13.144100,0.000000,0.021633,non_zero_exit,0.959396,0,244,0,72.176497
4374,100272,0,762867,13.144100,0.000000,1.032464,,0.959413,0,244,0,72.182857
4375,100272,0,762867,13.144100,0.000000,1.027712,,0.959428,0,244,0,72.189214
4376,100272,0,762867,13.144100,0.000000,0.031670,,0.959216,0,244,0,72.195568
4377,100272,0,762867,13.144100,0.000000,2.032686,,0.959462,0,244,0,72.201919
4378,100276,4,762867,13.144624,0.000524,0.029674,,0.959249,0,244,0,72.208267
4379,100276,0,762867,13.144624,0.000000,1.039478,,0.959268,0,244,0,72.214612
4380,100276,0,762867,13.144624,0.000000,1.530470,,0.959398,0,244,0,72.220954
4381,100276,0,762867,13.144624,0.000000,1.037015,,0.959416,0,244,0,72.227293
4382,100276,0,762867,13.144624,0.000000,0.024979,non_zero_exit,0.959202,0,244,0,72.210815
4383,100276,0,762867,13.144624,0.000000,0.023948,non_zero_exit,0.958989,0,244,0,72.194343
4384,100276,0,762867,13.144624,0.000000,1.030313,non_zero_exit,0.959005,0,244,0,72.177879
4385,100276,0,762867,13.144624,0.000000,0.023443,non_zero_exit,0.958792,0,244,0,72.161423
4386,100276,0,762867,13.144624,0.000000,0.031169,,0.958581,0,244,0,72.167768
4387,100276,0,762867,13.144624,0.000000,0.032329,,0.958370,0,244,0,72.174111
4388,100276,0,762867,13.144624,0.000000,0.020942,non_zero_exit,0.958156,0,244,0,72.157667
4389,100276,0,762867,13.144624,0.000000,1.032512,,0.958173,0,244,0,72.164009
4390,100276,0,762867,13.144624,0.000000,3.034245,,0.958646,0,244,0,72.170348
4391,100276,0,762867,13.144624,0.000000,5.007915,timeout,0.959568,0,245,0,72.153916
4392,100276,0,762867,13.144624,0.000000,0.462441,,0.959455,0,245,0,72.160255
4393,100276,0,762867,13.144624,0.000000,0.031054,,0.959243,0,245,0,72.166591
4394,100276,0,762867,13.144624,0.000000,0.025793,,0.959031,0,245,0,72.172924
4395,100283,7,762867,13.145542,0.000918,0.025059,,0.958818,0,245,0,72.179254
4396,100283,0,762867,13.145542,0.000000,1.029186,,0.958834,0,245,0,72.185581
4397,100283,0,762867,13.145542,0.000000,1.028654,,0.958850,0,245,0,72.191905
4398,100283,0,762867,13.145542,0.000000,0.030981,,0.958639,0,245,0,72.198227
4399,100283,0,762867,13.145542,0.000000,0.029633,,0.958428,0,245,0,72.204545
4400,100283,0,762867,13.145542,0.000000,2.029340,,0.958672,0,245,0,72.210861
4401,100283,0,762867,13.145542,0.000000,1.029791,,0.958688,0,245,0,72.217174
4402,100283,0,762867,13.145542,0.000000,0.043724,,0.958480,0,245,0,72.223484
4403,100283,0,762867,13.145542,0.000000,1.038983,,0.958498,0,245,0,72.229791
4404,100283,0,762867,13.145542,0.000000,0.031752,,0.958288,0,245,0,72.236095
4405,100283,0,762867,13.145542,0.000000,1.031076,,0.958304,0,245,0,72.242397
4406,100283,0,762867,13.145542,0.000000,2.531172,non_zero_exit,0.958661,0,245,0,72.226004
4407,100283,0,762867,13.145542,0.000000,5.005123,timeout,0.959579,0,246,0,72.209619
4408,100283,0,762867,13.145542,0.000000,0.025457,non_zero_exit,0.959367,0,246,0,72.193241
4409,100283,0,762867,13.145542,0.000000,1.828546,,0.959564,0,246,0,72.199546
4410,100283,0,762867,13.145542,0.000000,0.031692,,0.959354,0,246,0,72.205849
4411,100283,0,762867,13.145542,0.000000,0.029028,,0.959143,0,246,0,72.212149
4412,100283,0,762867,13.145542,0.000000,0.531400,,0.959046,0,246,0,72.218446
4413,100284,1,762867,13.145673,0.000131,1.033130,,0.959063,0,246,0,72.224739
4414,100284,0,762867,13.145673,0.000000,0.030293,,0.958853,0,246,0,72.231031
4415,100284,0,762867,13.145673,0.000000,3.034315,,0.959323,0,246,0,72.237319
4416,100284,0,762867,13.145673,0.000000,0.033127,,0.959113,0,246,0,72.243604
4417,100284,0,762867,13.145673,0.000000,5.004465,timeout,0.960029,0,247,0,72.227252
4418,100284,0,762867,13.145673,0.000000,0.033128,,0.959819,0,247,0,72.233537
4419,100284,0,762867,13.145673,0.000000,0.022599,non_zero_exit,0.959607,0,247,0,72.217195
4420,100284,0,762867,13.145673,0.000000,0.022494,non_zero_exit,0.959395,0,247,0,72.200860
4421,100284,0,762867,13.145673,0.000000,1.035710,,0.959412,0,247,0,72.207146
4422,100284,0,762867,13.145673,0.000000,0.031793,,0.959202,0,247,0,72.213430
4423,100284,0,762867,13.145673,0.000000,0.035276,,0.958994,0,247,0,72.219711
4424,100284,0,762867,13.145673,0.000000,0.025863,non_zero_exit,0.958783,0,247,0,72.203390
4425,100284,0,762867,13.145673,0.000000,4.061578,,0.959484,0,247,0,72.209670
4426,100284,0,762867,13.145673,0.000000,1.031929,,0.959500,0,247,0,72.215948
4427,100284,0,762867,13.145673,0.000000,0.024875,non_zero_exit,0.959289,0,247,0,72.199639
4428,100284,0,762867,13.145673,0.000000,2.032114,,0.959531,0,247,0,72.205916
4429,100284,0,762867,13.145673,0.000000,0.031961,,0.959322,0,247,0,72.212190
4430,100284,0,762867,13.145673,0.000000,0.029590,,0.959112,0,247,0,72.218461
4431,100284,0,762867,13.145673,0.000000,0.033292,,0.958903,0,247,0,72.224729
4432,100284,0,762867,13.145673,0.000000,2.038347,,0.959147,0,247,0,72.230995
4433,100284,0,762867,13.145673,0.000000,0.030943,,0.958937,0,247,0,72.237258
4434,100284,0,762867,13.145673,0.000000,1.029109,,0.958953,0,247,0,72.243517
4435,100284,0,762867,13.145673,0.000000,3.031169,,0.959420,0,247,0,72.249775
4436,100284,0,762867,13.145673,0.000000,2.031560,,0.959662,0,247,0,72.256029
4437,100284,0,762867,13.145673,0.000000,1.029694,,0.959678,0,247,0,72.262280
4438,100284,0,762867,13.145673,0.000000,0.021667,non_zero_exit,0.959466,0,247,0,72.246001
4439,100284,0,762867,13.145673,0.000000,0.036505,,0.959258,0,247,0,72.252252
4440,100284,0,762867,13.145673,0.000000,3.030828,,0.959725,0,247,0,72.258500
4441,100284,0,762867,13.145673,0.000000,3.032710,,0.960192,0,247,0,72.264746
4442,100284,0,762867,13.145673,0.000000,1.328274,,0.960274,0,247,0,72.270988
4443,100284,0,762867,13.145673,0.000000,1.032340,,0.960291,0,247,0,72.277228
4444,100284,0,762867,13.145673,0.000000,0.031776,non_zero_exit,0.960082,0,247,0,72.260967
4445,100284,0,762867,13.145673,0.000000,1.028226,,0.960097,0,247,0,72.267206
4446,100284,0,762867,13.145673,0.000000,0.025201,,0.959887,0,247,0,72.273443
4447,100286,2,762867,13.145935,0.000262,3.035750,,0.960354,0,247,0,72.279676
4448,100286,0,762867,13.145935,0.000000,0.031323,,0.960145,0,247,0,72.285907
4449,100286,0,762867,13.145935,0.000000,0.036555,,0.959937,0,247,0,72.292135
4450,100286,0,762867,13.145935,0.000000,0.027040,,0.959728,0,247,0,72.298360
4451,100286,0,762867,13.145935,0.000000,3.033037,,0.960193,0,247,0,72.304582
4452,100286,0,762867,13.145935,0.000000,2.835005,,0.960614,0,247,0,72.310802
4453,100286,0,762867,13.145935,0.000000,5.004383,timeout,0.961522,0,248,0,72.294567
4454,100286,0,762867,13.145935,0.000000,5.004748,timeout,0.962430,0,249,0,72.278339
4455,100286,0,762867,13.145935,0.000000,1.031001,,0.962445,0,249,0,72.284560
4456,100286,0,762867,13.145935,0.000000,3.033456,,0.962910,0,249,0,72.290779
4457,100286,0,762867,13.145935,0.000000,0.034181,,0.962702,0,249,0,72.296994
4458,100286,0,762867,13.145935,0.000000,0.029331,,0.962492,0,249,0,72.303207
4459,100286,0,762867,13.145935,0.000000,1.030594,,0.962508,0,249,0,72.309417
4460,100286,0,762867,13.145935,0.000000,0.032644,,0.962299,0,249,0,72.315624
4461,100286,0,762867,13.145935,0.000000,0.534518,,0.962203,0,249,0,72.321829
4462,100286,0,762867,13.145935,0.000000,0.022135,non_zero_exit,0.961993,0,249,0,72.305624
4463,100286,0,762867,13.145935,0.000000,5.004762,timeout,0.962898,0,250,0,72.289427
4464,100286,0,762867,13.145935,0.000000,0.021908,non_zero_exit,0.962687,0,250,0,72.273236
4465,100287,1,762867,13.146066,0.000131,2.031797,,0.962927,0,250,0,72.279445
4466,100287,0,762867,13.146066,0.000000,1.032017,,0.962942,0,250,0,72.285650
4467,100287,0,762867,13.146066,0.000000,0.031787,,0.962734,0,250,0,72.291853
4468,100287,0,762867,13.146066,0.000000,0.680594,,0.962671,0,250,0,72.298053
4469,100287,0,762867,13.146066,0.000000,1.031922,,0.962686,0,250,0,72.304251
4470,100287,0,762867,13.146066,0.000000,0.339412,,0.962547,0,250,0,72.310445
4471,100287,0,762867,13.146066,0.000000,0.024288,non_zero_exit,0.962337,0,250,0,72.294275
4472,100287,0,762867,13.146066,0.000000,0.025447,non_zero_exit,0.962128,0,250,0,72.278113
4473,100287,0,762867,13.146066,0.000000,0.893098,,0.962112,0,250,0,72.284309
4474,100287,0,762867,13.146066,0.000000,1.030165,,0.962127,0,250,0,72.290503
4475,100287,0,762867,13.146066,0.000000,0.028552,,0.961919,0,250,0,72.296693
4476,100287,0,762867,13.146066,0.000000,0.028806,,0.961710,0,250,0,72.302881
4477,100287,0,762867,13.146066,0.000000,1.027297,,0.961725,0,250,0,72.309067
4478,100287,0,762867,13.146066,0.000000,1.029958,,0.961740,0,250,0,72.315249
4479,100287,0,762867,13.146066,0.000000,0.024031,non_zero_exit,0.961531,0,250,0,72.299107
4480,100287,0,762867,13.146066,0.000000,0.040737,,0.961325,0,250,0,72.305289
4481,100287,0,762867,13.146066,0.000000,1.037724,,0.961342,0,250,0,72.311468
4482,100287,0,762867,13.146066,0.000000,1.026768,,0.961357,0,250,0,72.317644
4483,100287,0,762867,13.146066,0.000000,5.003568,timeout,0.962259,0,251,0,72.301517
4484,100287,0,762867,13.146066,0.000000,0.022282,non_zero_exit,0.962049,0,251,0,72.285396
4485,100287,0,762867,13.146066,0.000000,1.031365,,0.962064,0,251,0,72.291574
4486,100287,0,762867,13.146066,0.000000,4.237363,non_zero_exit,0.962794,0,251,0,72.275462
4487,100293,6,762867,13.146853,0.000787,0.033083,,0.962587,0,251,0,72.281640
4488,100293,0,762867,13.146853,0.000000,0.033484,,0.962380,0,251,0,72.287815
4489,100293,0,762867,13.146853,0.000000,0.037786,,0.962174,0,251,0,72.293987
4490,100293,0,762867,13.146853,0.000000,0.032650,,0.961967,0,251,0,72.300156
4491,100293,0,762867,13.146853,0.000000,1.036941,,0.961984,0,251,0,72.306322
4492,100293,0,762867,13.146853,0.000000,0.031376,,0.961777,0,251,0,72.312486
4493,100293,0,762867,13.146853,0.000000,1.032187,,0.961793,0,251,0,72.318647
4494,100293,0,762867,13.146853,0.000000,0.034963,,0.961586,0,251,0,72.324805
4495,100293,0,762867,13.146853,0.000000,5.004272,timeout,0.962486,0,252,0,72.308719
4496,100293,0,762867,13.146853,0.000000,5.007976,timeout,0.963385,0,253,0,72.292640
4497,100293,0,762867,13.146853,0.000000,0.023931,non_zero_exit,0.963176,0,253,0,72.276567
4498,100293,0,762867,13.146853,0.000000,0.534721,,0.963081,0,253,0,72.282729
4499,100293,0,762867,13.146853,0.000000,3.032312,,0.963541,0,253,0,72.288889
4500,100293,0,762867,13.146853,0.000000,0.548339,,0.963449,0,253,0,72.295046
4501,100293,0,762867,13.146853,0.000000,0.035415,,0.963243,0,253,0,72.301199
4502,100293,0,762867,13.146853,0.000000,1.029699,,0.963257,0,253,0,72.307351
4503,100293,0,762867,13.146853,0.000000,0.032251,,0.963051,0,253,0,72.313499
4504,100293,0,762867,13.146853,0.000000,1.028161,,0.963065,0,253,0,72.319645
4505,100293,0,762867,13.146853,0.000000,1.029765,,0.963080,0,253,0,72.325788
4506,100293,0,762867,13.146853,0.000000,0.027591,non_zero_exit,0.962872,0,253,0,72.309740
4507,100293,0,762867,13.146853,0.000000,2.033418,,0.963110,0,253,0,72.315883
4508,100293,0,762867,13.146853,0.000000,0.033697,,0.962904,0,253,0,72.322023
4509,100293,0,762867,13.146853,0.000000,0.029837,,0.962697,0,253,0,72.328160
4510,100293,0,762867,13.146853,0.000000,0.024127,non_zero_exit,0.962489,0,253,0,72.312126
4511,100293,0,762867,13.146853,0.000000,0.023563,non_zero_exit,0.962281,0,253,0,72.296099
4512,100293,0,762867,13.146853,0.000000,1.033795,,0.962296,0,253,0,72.302238
4513,100293,0,762867,13.146853,0.000000,0.021120,non_zero_exit,0.962088,0,253,0,72.286221
4514,100293,0,762867,13.146853,0.000000,1.030009,,0.962103,0,253,0,72.292359
4515,100293,0,762867,13.146853,0.000000,0.026015,non_zero_exit,0.961896,0,253,0,72.276351
4516,100293,0,762867,13.146853,0.000000,0.025345,non_zero_exit,0.961688,0,253,0,72.260350
4517,100293,0,762867,13.146853,0.000000,4.594620,,0.962492,0,253,0,72.266490
4518,100293,0,762867,13.146853,0.000000,1.030329,,0.962507,0,253,0,72.272627
4519,100293,0,762867,13.146853,0.000000,0.031007,,0.962301,0,253,0,72.278761
4520,100293,0,762867,13.146853,0.000000,5.004357,timeout,0.963195,0,254,0,72.262774
4521,100293,0,762867,13.146853,0.000000,3.028098,,0.963652,0,254,0,72.268908
4522,100293,0,762867,13.146853,0.000000,0.026517,,0.963445,0,254,0,72.275039
4523,100293,0,762867,13.146853,0.000000,0.022507,non_zero_exit,0.963237,0,254,0,72.259063
4524,100293,0,762867,13.146853,0.000000,5.004361,timeout,0.964130,0,255,0,72.243094
4525,100410,117,762867,13.162189,0.015337,2.654460,,0.964503,0,255,0,72.249227
4526,100410,0,762867,13.162189,0.000000,1.028913,,0.964518,0,255,0,72.255357
4527,100412,2,762867,13.162452,0.000262,0.023920,non_zero_exit,0.964310,0,255,0,72.239399
4528,100419,7,762867,13.163369,0.000918,0.029923,,0.964104,0,255,0,72.245529
4529,100419,0,762867,13.163369,0.000000,1.544487,,0.964232,0,255,0,72.251656
4530,100419,0,762867,13.163369,0.000000,0.024107,non_zero_exit,0.964024,0,255,0,72.235710
4531,100419,0,762867,13.163369,0.000000,5.005493,timeout,0.964916,0,256,0,72.219771
4532,100419,0,762867,13.163369,0.000000,0.030648,,0.964710,0,256,0,72.225899
4533,100419,0,762867,13.163369,0.000000,1.032637,,0.964725,0,256,0,72.232025
4534,100419,0,762867,13.163369,0.000000,0.021968,non_zero_exit,0.964517,0,256,0,72.216097
4535,100419,0,762867,13.163369,0.000000,0.029126,,0.964311,0,256,0,72.222222
4536,100419,0,762867,13.163369,0.000000,0.032941,,0.964106,0,256,0,72.228345
4537,100419,0,762867,13.163369,0.000000,1.028359,,0.964120,0,256,0,72.234465
4538,100419,0,762867,13.163369,0.000000,0.032520,,0.963914,0,256,0,72.240582
4539,100419,0,762867,13.163369,0.000000,0.026506,,0.963708,0,256,0,72.246696
4540,100419,0,762867,13.163369,0.000000,0.542261,,0.963615,0,256,0,72.252808
4541,100419,0,762867,13.163369,0.000000,1.031872,,0.963630,0,256,0,72.258917
4542,100419,0,762867,13.163369,0.000000,1.038980,,0.963647,0,256,0,72.265023
4543,100419,0,762867,13.163369,0.000000,0.026244,non_zero_exit,0.963440,0,256,0,72.249120
4544,100419,0,762867,13.163369,0.000000,0.024942,non_zero_exit,0.963234,0,256,0,72.233223
4545,100419,0,762867,13.163369,0.000000,0.023938,non_zero_exit,0.963027,0,256,0,72.217334
4546,100419,0,762867,13.163369,0.000000,0.023759,non_zero_exit,0.962821,0,256,0,72.201452
4547,100419,0,762867,13.163369,0.000000,1.032653,,0.962836,0,256,0,72.207564
4548,100419,0,762867,13.163369,0.000000,0.130007,,0.962653,0,256,0,72.213673
4549,100419,0,762867,13.163369,0.000000,1.036304,,0.962669,0,256,0,72.219780
4550,100419,0,762867,13.163369,0.000000,0.031189,,0.962465,0,256,0,72.225884
4551,100420,1,762867,13.163500,0.000131,1.030223,,0.962479,0,256,0,72.231986
4552,100420,0,762867,13.163500,0.000000,1.031568,,0.962495,0,256,0,72.238085
4553,100420,0,762867,13.163500,0.000000,1.041280,,0.962512,0,256,0,72.244181
4554,100420,0,762867,13.163500,0.000000,0.031468,,0.962308,0,256,0,72.250274
4555,100420,0,762867,13.163500,0.000000,2.529099,,0.962651,0,256,0,72.256365
4556,100420,0,762867,13.163500,0.000000,3.032144,,0.963106,0,256,0,72.262453
4557,100420,0,762867,13.163500,0.000000,0.023457,non_zero_exit,0.962899,0,256,0,72.246599
4558,100420,0,762867,13.163500,0.000000,0.024248,non_zero_exit,0.962694,0,256,0,72.230752
4559,100420,0,762867,13.163500,0.000000,3.032385,,0.963147,0,256,0,72.236842
4560,100420,0,762867,13.163500,0.000000,0.021938,non_zero_exit,0.962941,0,256,0,72.221004
4561,100420,0,762867,13.163500,0.000000,0.025673,,0.962736,0,256,0,72.227093
4562,100420,0,762867,13.163500,0.000000,1.933435,,0.962948,0,256,0,72.233180
4563,100420,0,762867,13.163500,0.000000,0.588518,,0.962866,0,256,0,72.239264
4564,100420,0,762867,13.163500,0.000000,2.033090,,0.963101,0,256,0,72.245345
4565,100420,0,762867,13.163500,0.000000,0.030970,,0.962897,0,256,0,72.251424
4566,100420,0,762867,13.163500,0.000000,0.118629,,0.962712,0,256,0,72.257499
4567,100420,0,762867,13.163500,0.000000,4.030666,,0.963383,0,256,0,72.263573
4568,100420,0,762867,13.163500,0.000000,1.035210,,0.963399,0,256,0,72.269643
4569,100420,0,762867,13.163500,0.000000,1.028052,,0.963413,0,256,0,72.275711
4570,100420,0,762867,13.163500,0.000000,0.028662,,0.963209,0,256,0,72.281776
4571,100420,0,762867,13.163500,0.000000,0.029668,,0.963004,0,256,0,72.287839
4572,100420,0,762867,13.163500,0.000000,1.033110,,0.963020,0,256,0,72.293899
4573,100420,0,762867,13.163500,0.000000,0.021364,non_zero_exit,0.962814,0,256,0,72.278094
4574,100420,0,762867,13.163500,0.000000,1.031842,,0.962829,0,256,0,72.284153
4575,100420,0,762867,13.163500,0.000000,1.030965,,0.962844,0,256,0,72.290210
4576,100420,0,762867,13.163500,0.000000,0.669914,,0.962780,0,256,0,72.296264
4577,100420,0,762867,13.163500,0.000000,0.034421,,0.962577,0,256,0,72.302315
4578,100420,0,762867,13.163500,0.000000,3.034698,,0.963030,0,256,0,72.308364
4579,100420,0,762867,13.163500,0.000000,0.026442,non_zero_exit,0.962825,0,256,0,72.292576
4580,100420,0,762867,13.163500,0.000000,0.033740,,0.962622,0,256,0,72.298625
4581,100502,82,762867,13.174249,0.010749,1.032119,,0.962638,0,256,0,72.304670
4582,100502,0,762867,13.174249,0.000000,3.045691,,0.963092,0,256,0,72.310714
4583,100502,0,762867,13.174249,0.000000,5.004231,timeout,0.963974,0,257,0,72.294939
4584,100502,0,762867,13.174249,0.000000,0.031965,,0.963770,0,257,0,72.300981
4585,100502,0,762867,13.174249,0.000000,0.031068,,0.963567,0,257,0,72.307021
4586,100502,0,762867,13.174249,0.000000,0.024858,non_zero_exit,0.963362,0,257,0,72.291258
4587,100502,0,762867,13.174249,0.000000,1.030391,,0.963377,0,257,0,72.297297
4588,100502,0,762867,13.174249,0.000000,0.026186,non_zero_exit,0.963173,0,257,0,72.281543
4589,100502,0,762867,13.174249,0.000000,0.029589,,0.962969,0,257,0,72.287582
4590,100508,6,762867,13.175036,0.000787,0.025172,non_zero_exit,0.962765,0,257,0,72.271836
4591,100509,1,762867,13.175167,0.000131,0.023322,non_zero_exit,0.962560,0,257,0,72.256098
4592,100511,2,762867,13.175429,0.000262,2.041617,,0.962795,0,257,0,72.262138
4593,100511,0,762867,13.175429,0.000000,0.021507,non_zero_exit,0.962591,0,257,0,72.246408
4594,100511,0,762867,13.175429,0.000000,0.030195,,0.962388,0,257,0,72.252448
4595,100511,0,762867,13.175429,0.000000,0.137225,,0.962208,0,257,0,72.258486
4596,100511,0,762867,13.175429,0.000000,4.037092,,0.962877,0,257,0,72.264520
4597,100511,0,762867,13.175429,0.000000,1.531796,,0.963001,0,257,0,72.270552
4598,100511,0,762867,13.175429,0.000000,0.028653,,0.962798,0,257,0,72.276582
4599,100515,4,762867,13.175953,0.000524,1.033274,,0.962813,0,257,0,72.282609
4600,100515,0,762867,13.175953,0.000000,0.039069,,0.962612,0,257,0,72.288633
4601,100515,0,762867,13.175953,0.000000,1.033241,,0.962627,0,257,0,72.294654
4602,100515,0,762867,13.175953,0.000000,3.047309,,0.963080,0,257,0,72.300673
4603,100516,1,762867,13.176084,0.000131,1.031193,,0.963095,0,257,0,72.306690
4604,100516,0,762867,13.176084,0.000000,4.027457,,0.963761,0,257,0,72.312704
4605,100516,0,762867,13.176084,0.000000,0.033289,,0.963559,0,257,0,72.318715
4606,100516,0,762867,13.176084,0.000000,1.029489,,0.963573,0,257,0,72.324723
4607,100516,0,762867,13.176084,0.000000,3.057070,,0.964027,0,257,0,72.330729
4608,100518,2,762867,13.176347,0.000262,1.032292,,0.964042,0,257,0,72.336732
4609,100518,0,762867,13.176347,0.000000,1.531137,,0.964165,0,257,0,72.342733
4610,100518,0,762867,13.176347,0.000000,2.728225,,0.964548,0,257,0,72.348731
4611,100518,0,762867,13.176347,0.000000,0.022553,non_zero_exit,0.964343,0,257,0,72.333044
4612,100518,0,762867,13.176347,0.000000,0.035749,,0.964142,0,257,0,72.339042
4613,100518,0,762867,13.176347,0.000000,1.028812,,0.964156,0,257,0,72.345037
4614,100518,0,762867,13.176347,0.000000,0.025481,non_zero_exit,0.963953,0,257,0,72.329361
4615,100518,0,762867,13.176347,0.000000,3.034858,,0.964401,0,257,0,72.335355
4616,100518,0,762867,13.176347,0.000000,1.034861,,0.964417,0,257,0,72.341347
4617,100518,0,762867,13.176347,0.000000,1.032034,,0.964431,0,257,0,72.347337
4618,100518,0,762867,13.176347,0.000000,5.008133,timeout,0.965307,0,258,0,72.331674
4619,100518,0,762867,13.176347,0.000000,1.031268,,0.965321,0,258,0,72.337662
4620,100518,0,762867,13.176347,0.000000,2.535000,,0.965661,0,258,0,72.343649
4621,100518,0,762867,13.176347,0.000000,0.025954,,0.965457,0,258,0,72.349632
4622,100518,0,762867,13.176347,0.000000,0.031883,non_zero_exit,0.965255,0,258,0,72.333982
4623,100518,0,762867,13.176347,0.000000,2.033667,,0.965486,0,258,0,72.339965
4624,100518,0,762867,13.176347,0.000000,1.526267,,0.965608,0,258,0,72.345946
4625,100518,0,762867,13.176347,0.000000,0.025149,,0.965404,0,258,0,72.351924
4626,100518,0,762867,13.176347,0.000000,3.033222,,0.965851,0,258,0,72.357899
4627,100518,0,762867,13.176347,0.000000,0.033345,,0.965650,0,258,0,72.363872
4628,100518,0,762867,13.176347,0.000000,0.028866,,0.965447,0,258,0,72.369842
4629,100518,0,762867,13.176347,0.000000,1.712181,,0.965609,0,258,0,72.375810
4630,100518,0,762867,13.176347,0.000000,1.033588,,0.965623,0,258,0,72.381775
4631,100518,0,762867,13.176347,0.000000,0.025614,non_zero_exit,0.965420,0,258,0,72.366149
4632,100530,12,762867,13.177920,0.001573,0.022872,,0.965217,0,258,0,72.372113
4633,100530,0,762867,13.177920,0.000000,0.034313,,0.965016,0,258,0,72.378075
4634,100530,0,762867,13.177920,0.000000,0.029358,,0.964814,0,258,0,72.384035
4635,100530,0,762867,13.177920,0.000000,2.032220,,0.965044,0,258,0,72.389991
4636,100532,2,762867,13.178182,0.000262,0.027438,,0.964842,0,258,0,72.395946
4637,100532,0,762867,13.178182,0.000000,1.028980,,0.964856,0,258,0,72.401897
4638,100532,0,762867,13.178182,0.000000,2.537313,,0.965195,0,258,0,72.407847
4639,100532,0,762867,13.178182,0.000000,0.031637,,0.964994,0,258,0,72.413793
4640,100532,0,762867,13.178182,0.000000,0.031865,,0.964793,0,258,0,72.419737
4641,100532,0,762867,13.178182,0.000000,0.038398,,0.964593,0,258,0,72.425679
4642,100532,0,762867,13.178182,0.000000,0.024182,,0.964391,0,258,0,72.431617
4643,100532,0,762867,13.178182,0.000000,0.033634,,0.964190,0,258,0,72.437554
4644,100532,0,762867,13.178182,0.000000,5.004372,timeout,0.965060,0,259,0,72.421959
4645,100532,0,762867,13.178182,0.000000,2.029519,,0.965289,0,259,0,72.427895
4646,100532,0,762867,13.178182,0.000000,0.026412,non_zero_exit,0.965087,0,259,0,72.412309
4647,100532,0,762867,13.178182,0.000000,0.705404,,0.965031,0,259,0,72.418244
4648,100532,0,762867,13.178182,0.000000,0.030326,,0.964830,0,259,0,72.424177
4649,100532,0,762867,13.178182,0.000000,5.007112,timeout,0.965699,0,260,0,72.408602
4650,100532,0,762867,13.178182,0.000000,0.022334,non_zero_exit,0.965497,0,260,0,72.393034
4651,100532,0,762867,13.178182,0.000000,1.034887,,0.965512,0,260,0,72.398968
4652,100532,0,762867,13.178182,0.000000,5.003673,timeout,0.966379,0,261,0,72.383409
4653,100532,0,762867,13.178182,0.000000,2.032700,,0.966609,0,261,0,72.389343
4654,100532,0,762867,13.178182,0.000000,0.025273,non_zero_exit,0.966406,0,261,0,72.373792
4655,100532,0,762867,13.178182,0.000000,1.032094,,0.966420,0,261,0,72.379725
4656,100532,0,762867,13.178182,0.000000,0.642697,non_zero_exit,0.966351,0,261,0,72.364183
4657,100539,7,762867,13.179099,0.000918,0.021181,non_zero_exit,0.966148,0,261,0,72.348647
4658,100539,0,762867,13.179099,0.000000,0.542360,,0.966057,0,261,0,72.354583
4659,100545,6,762867,13.179886,0.000787,0.032555,,0.965857,0,261,0,72.360515
4660,100545,0,762867,13.179886,0.000000,1.532794,,0.965978,0,261,0,72.366445
4661,100545,0,762867,13.179886,0.000000,1.032977,,0.965993,0,261,0,72.372372
4662,100545,0,762867,13.179886,0.000000,0.035215,non_zero_exit,0.965793,0,261,0,72.356852
4663,100545,0,762867,13.179886,0.000000,0.040807,,0.965595,0,261,0,72.362779
4664,100545,0,762867,13.179886,0.000000,1.030958,,0.965609,0,261,0,72.368703
4665,100545,0,762867,13.179886,0.000000,1.027370,,0.965622,0,261,0,72.374625
4666,100545,0,762867,13.179886,0.000000,0.031379,,0.965422,0,261,0,72.380544
4667,100545,0,762867,13.179886,0.000000,0.034532,,0.965222,0,261,0,72.386461
4668,100545,0,762867,13.179886,0.000000,0.024750,,0.965021,0,261,0,72.392375
4669,100545,0,762867,13.179886,0.000000,0.031546,,0.964821,0,261,0,72.398287
4670,100545,0,762867,13.179886,0.000000,0.032786,,0.964622,0,261,0,72.404196
4671,100545,0,762867,13.179886,0.000000,1.032453,non_zero_exit,0.964636,0,261,0,72.388699
4672,100546,1,762867,13.180017,0.000131,0.037265,,0.964438,0,261,0,72.394607
4673,100546,0,762867,13.180017,0.000000,0.031257,,0.964238,0,261,0,72.400513
4674,100546,0,762867,13.180017,0.000000,0.024649,non_zero_exit,0.964037,0,261,0,72.385027
4675,100546,0,762867,13.180017,0.000000,0.026430,,0.963837,0,261,0,72.390932
4676,100547,1,762867,13.180148,0.000131,4.039908,,0.964494,0,261,0,72.396836
4677,100547,0,762867,13.180148,0.000000,1.028381,,0.964508,0,261,0,72.402736
4678,100547,0,762867,13.180148,0.000000,1.652163,,0.964655,0,261,0,72.408634
4679,100547,0,762867,13.180148,0.000000,5.007976,timeout,0.965519,0,262,0,72.393162
4680,100547,0,762867,13.180148,0.000000,0.023990,non_zero_exit,0.965318,0,262,0,72.377697
4681,100547,0,762867,13.180148,0.000000,0.636380,,0.965247,0,262,0,72.383597
4682,100547,0,762867,13.180148,0.000000,0.022265,non_zero_exit,0.965046,0,262,0,72.368140
4683,100547,0,762867,13.180148,0.000000,0.034839,,0.964847,0,262,0,72.374039
4684,100547,0,762867,13.180148,0.000000,0.631036,non_zero_exit,0.964776,0,262,0,72.358591
4685,100547,0,762867,13.180148,0.000000,0.334304,,0.964642,0,262,0,72.364490
4686,100547,0,762867,13.180148,0.000000,0.024790,non_zero_exit,0.964441,0,262,0,72.349051
4687,100547,0,762867,13.180148,0.000000,0.035671,,0.964243,0,262,0,72.354949
4688,100547,0,762867,13.180148,0.000000,1.028917,,0.964257,0,262,0,72.360845
4689,100547,0,762867,13.180148,0.000000,0.031910,,0.964058,0,262,0,72.366738
4690,100547,0,762867,13.180148,0.000000,0.031484,,0.963859,0,262,0,72.372628
4691,100547,0,762867,13.180148,0.000000,0.031355,,0.963660,0,262,0,72.378517
4692,100547,0,762867,13.180148,0.000000,1.540109,,0.963783,0,262,0,72.384402
4693,100547,0,762867,13.180148,0.000000,0.024375,non_zero_exit,0.963583,0,262,0,72.368982
4694,100547,0,762867,13.180148,0.000000,0.021963,non_zero_exit,0.963383,0,262,0,72.353568
4695,100547,0,762867,13.180148,0.000000,0.023124,non_zero_exit,0.963182,0,262,0,72.338160
4696,100547,0,762867,13.180148,0.000000,0.033704,,0.962984,0,262,0,72.344049
4697,100547,0,762867,13.180148,0.000000,1.031090,,0.962999,0,262,0,72.349936
4698,100547,0,762867,13.180148,0.000000,0.522859,,0.962905,0,262,0,72.355820
4699,100547,0,762867,13.180148,0.000000,2.037459,,0.963134,0,262,0,72.361702
4700,100547,0,762867,13.180148,0.000000,0.024391,non_zero_exit,0.962934,0,262,0,72.346309
4701,100547,0,762867,13.180148,0.000000,0.021330,non_zero_exit,0.962734,0,262,0,72.330923
4702,100548,1,762867,13.180279,0.000131,0.025638,,0.962535,0,262,0,72.336806
4703,100548,0,762867,13.180279,0.000000,1.031698,,0.962549,0,262,0,72.342687
4704,100548,0,762867,13.180279,0.000000,2.045660,,0.962780,0,262,0,72.348565
4705,100548,0,762867,13.180279,0.000000,0.027732,,0.962581,0,262,0,72.354441
4706,100996,448,762867,13.239005,0.058726,1.048036,,0.962599,0,262,0,72.360314
4707,100996,0,762867,13.239005,0.000000,0.022881,non_zero_exit,0.962400,0,262,0,72.344945
4708,100996,0,762867,13.239005,0.000000,0.029465,,0.962201,0,262,0,72.350818
4709,100996,0,762867,13.239005,0.000000,0.029452,,0.962003,0,262,0,72.356688
4710,100996,0,762867,13.239005,0.000000,0.916692,,0.961994,0,262,0,72.362556
4711,100996,0,762867,13.239005,0.000000,0.030272,,0.961796,0,262,0,72.368421
4712,100996,0,762867,13.239005,0.000000,3.033593,,0.962236,0,262,0,72.374284
4713,100996,0,762867,13.239005,0.000000,2.033776,,0.962463,0,262,0,72.380144
4714,100996,0,762867,13.239005,0.000000,4.033389,,0.963114,0,262,0,72.386002
4715,100996,0,762867,13.239005,0.000000,1.028249,,0.963128,0,262,0,72.391858
4716,100996,0,762867,13.239005,0.000000,1.031895,,0.963143,0,262,0,72.397710
4717,100996,0,762867,13.239005,0.000000,0.032795,,0.962945,0,262,0,72.403561
4718,100996,0,762867,13.239005,0.000000,0.033130,,0.962748,0,262,0,72.409409
4719,100996,0,762867,13.239005,0.000000,0.025727,,0.962550,0,262,0,72.415254
4720,100996,0,762867,13.239005,0.000000,0.025836,non_zero_exit,0.962351,0,262,0,72.399915
4721,100996,0,762867,13.239005,0.000000,2.040540,,0.962580,0,262,0,72.405760
4722,100996,0,762867,13.239005,0.000000,5.003859,timeout,0.963435,0,263,0,72.390430
4723,100996,0,762867,13.239005,0.000000,0.033149,,0.963239,0,263,0,72.396274
4724,100996,0,762867,13.239005,0.000000,2.037719,,0.963466,0,263,0,72.402116
4725,100996,0,762867,13.239005,0.000000,1.036648,,0.963481,0,263,0,72.407956
4726,100999,3,762867,13.239398,0.000393,3.056709,,0.963924,0,263,0,72.413793
4727,100999,0,762867,13.239398,0.000000,5.004184,timeout,0.964779,0,264,0,72.398477
4728,100999,0,762867,13.239398,0.000000,0.026078,,0.964580,0,264,0,72.404314
4729,100999,0,762867,13.239398,0.000000,0.032495,,0.964383,0,264,0,72.410148
4730,100999,0,762867,13.239398,0.000000,0.020189,non_zero_exit,0.964184,0,264,0,72.394843
4731,100999,0,762867,13.239398,0.000000,0.021929,non_zero_exit,0.963985,0,264,0,72.379544
4732,100999,0,762867,13.239398,0.000000,0.022908,non_zero_exit,0.963786,0,264,0,72.364251
4733,100999,0,762867,13.239398,0.000000,1.035135,non_zero_exit,0.963801,0,264,0,72.348965
4734,100999,0,762867,13.239398,0.000000,5.004807,timeout,0.964654,0,265,0,72.333685
4735,100999,0,762867,13.239398,0.000000,0.036258,,0.964458,0,265,0,72.339527
4736,100999,0,762867,13.239398,0.000000,2.018985,,0.964681,0,265,0,72.345366
4737,100999,0,762867,13.239398,0.000000,0.030336,,0.964484,0,265,0,72.351203
4738,100999,0,762867,13.239398,0.000000,3.541041,,0.965027,0,265,0,72.357037
4739,100999,0,762867,13.239398,0.000000,0.026659,,0.964829,0,265,0,72.362869
4740,100999,0,762867,13.239398,0.000000,0.030330,,0.964632,0,265,0,72.368699
4741,100999,0,762867,13.239398,0.000000,1.031077,,0.964646,0,265,0,72.374526
4742,100999,0,762867,13.239398,0.000000,0.029974,,0.964449,0,265,0,72.380350
4743,101002,3,762867,13.239791,0.000393,0.027337,non_zero_exit,0.964252,0,265,0,72.365093
4744,101002,0,762867,13.239791,0.000000,0.030792,,0.964055,0,265,0,72.370917
4745,101004,2,762867,13.240054,0.000262,2.029339,,0.964279,0,265,0,72.376738
4746,101004,0,762867,13.240054,0.000000,0.044578,,0.964086,0,265,0,72.382557
4747,101004,0,762867,13.240054,0.000000,0.032571,,0.963889,0,265,0,72.388374
4748,101004,0,762867,13.240054,0.000000,3.032797,,0.964325,0,265,0,72.394188
4749,101004,0,762867,13.240054,0.000000,0.033031,,0.964129,0,265,0,72.400000
4750,101004,0,762867,13.240054,0.000000,3.039640,,0.964566,0,265,0,72.405809
4751,101004,0,762867,13.240054,0.000000,3.034343,,0.965001,0,265,0,72.411616
4752,101004,0,762867,13.240054,0.000000,0.029604,,0.964805,0,265,0,72.417421
4753,101004,0,762867,13.240054,0.000000,0.031732,,0.964608,0,265,0,72.423223
4754,101004,0,762867,13.240054,0.000000,1.028418,,0.964622,0,265,0,72.429022
4755,101004,0,762867,13.240054,0.000000,0.032198,,0.964426,0,265,0,72.434819
4756,101004,0,762867,13.240054,0.000000,1.030213,,0.964440,0,265,0,72.440614
4757,101004,0,762867,13.240054,0.000000,1.279413,,0.964506,0,265,0,72.446406
4758,101004,0,762867,13.240054,0.000000,1.034630,,0.964520,0,265,0,72.452196
4759,101004,0,762867,13.240054,0.000000,0.023769,non_zero_exit,0.964323,0,265,0,72.436975
4760,101004,0,762867,13.240054,0.000000,2.032867,,0.964547,0,265,0,72.442764
4761,101004,0,762867,13.240054,0.000000,1.030135,,0.964561,0,265,0,72.448551
4762,101004,0,762867,13.240054,0.000000,0.023928,non_zero_exit,0.964364,0,265,0,72.433340
4763,101004,0,762867,13.240054,0.000000,5.004008,timeout,0.965212,0,266,0,72.418136
4764,101004,0,762867,13.240054,0.000000,0.028130,,0.965015,0,266,0,72.423924
4765,101004,0,762867,13.240054,0.000000,1.033716,,0.965029,0,266,0,72.429710
4766,101004,0,762867,13.240054,0.000000,0.038825,,0.964835,0,266,0,72.435494
4767,101004,0,762867,13.240054,0.000000,3.033065,,0.965269,0,266,0,72.441275
4768,101004,0,762867,13.240054,0.000000,1.661834,,0.965415,0,266,0,72.447054
4769,101005,1,762867,13.240185,0.000131,0.027191,,0.965218,0,266,0,72.452830
4770,101005,0,762867,13.240185,0.000000,0.032385,,0.965023,0,266,0,72.458604
4771,101005,0,762867,13.240185,0.000000,0.028722,,0.964826,0,266,0,72.464376
4772,101005,0,762867,13.240185,0.000000,1.032764,,0.964841,0,266,0,72.470145
4773,101005,0,762867,13.240185,0.000000,1.036505,,0.964856,0,266,0,72.475911
4774,101005,0,762867,13.240185,0.000000,5.004004,timeout,0.965702,0,267,0,72.460733
4775,101005,0,762867,13.240185,0.000000,1.035932,,0.965716,0,267,0,72.466499
4776,101005,0,762867,13.240185,0.000000,0.021872,non_zero_exit,0.965519,0,267,0,72.451329
4777,101005,0,762867,13.240185,0.000000,0.025124,,0.965322,0,267,0,72.457095
4778,101005,0,762867,13.240185,0.000000,1.532294,,0.965440,0,267,0,72.462858
4779,101005,0,762867,13.240185,0.000000,0.023539,non_zero_exit,0.965243,0,267,0,72.447699
4780,101005,0,762867,13.240185,0.000000,0.531856,,0.965153,0,267,0,72.453462
4781,101005,0,762867,13.240185,0.000000,5.003501,timeout,0.965997,0,268,0,72.438310
4782,101005,0,762867,13.240185,0.000000,0.027207,,0.965801,0,268,0,72.444073
4783,101005,0,762867,13.240185,0.000000,3.031317,,0.966233,0,268,0,72.449833
4784,101005,0,762867,13.240185,0.000000,0.023855,non_zero_exit,0.966036,0,268,0,72.434692
4785,101005,0,762867,13.240185,0.000000,0.028455,,0.965840,0,268,0,72.440451
4786,101005,0,762867,13.240185,0.000000,0.027169,,0.965644,0,268,0,72.446208
4787,101005,0,762867,13.240185,0.000000,2.031430,,0.965866,0,268,0,72.451963
4788,101005,0,762867,13.240185,0.000000,0.032230,,0.965671,0,268,0,72.457716
4789,101005,0,762867,13.240185,0.000000,1.030879,,0.965685,0,268,0,72.463466
4790,101005,0,762867,13.240185,0.000000,5.004107,timeout,0.966528,0,269,0,72.448341
4791,101005,0,762867,13.240185,0.000000,0.029172,,0.966332,0,269,0,72.454090
4792,101005,0,762867,13.240185,0.000000,0.024288,non_zero_exit,0.966136,0,269,0,72.438974
4793,101005,0,762867,13.240185,0.000000,0.026384,,0.965940,0,269,0,72.444723
4794,101005,0,762867,13.240185,0.000000,1.030787,,0.965953,0,269,0,72.450469
4795,101005,0,762867,13.240185,0.000000,2.032043,,0.966176,0,269,0,72.456214
4796,101005,0,762867,13.240185,0.000000,5.004099,timeout,0.967017,0,270,0,72.441109
4797,101005,0,762867,13.240185,0.000000,5.004725,timeout,0.967859,0,271,0,72.426011
4798,101005,0,762867,13.240185,0.000000,2.034567,,0.968081,0,271,0,72.431757
4799,101005,0,762867,13.240185,0.000000,5.004220,timeout,0.968922,0,272,0,72.416667
4800,101005,0,762867,13.240185,0.000000,0.031645,,0.968727,0,272,0,72.422412
4801,101005,0,762867,13.240185,0.000000,2.035552,,0.968949,0,272,0,72.428155
4802,101005,0,762867,13.240185,0.000000,2.032348,,0.969170,0,272,0,72.433895
4803,101005,0,762867,13.240185,0.000000,0.029410,,0.968975,0,272,0,72.439634
4804,101005,0,762867,13.240185,0.000000,0.532264,,0.968884,0,272,0,72.445369
4805,101005,0,762867,13.240185,0.000000,2.539098,,0.969211,0,272,0,72.451103
4806,101005,0,762867,13.240185,0.000000,3.031616,,0.969640,0,272,0,72.456834
4807,101005,0,762867,13.240185,0.000000,0.021643,non_zero_exit,0.969442,0,272,0,72.441764
4808,101005,0,762867,13.240185,0.000000,0.029162,,0.969247,0,272,0,72.447494
4809,101005,0,762867,13.240185,0.000000,0.022298,non_zero_exit,0.969050,0,272,0,72.432432
4810,101005,0,762867,13.240185,0.000000,5.005389,timeout,0.969889,0,273,0,72.417377
4811,101005,0,762867,13.240185,0.000000,0.024705,non_zero_exit,0.969693,0,273,0,72.402328
4812,101005,0,762867,13.240185,0.000000,0.034772,,0.969498,0,273,0,72.408062
4813,101005,0,762867,13.240185,0.000000,1.029189,,0.969511,0,273,0,72.413793
4814,101005,0,762867,13.240185,0.000000,0.032847,,0.969316,0,273,0,72.419522
4815,101005,0,762867,13.240185,0.000000,1.030311,,0.969329,0,273,0,72.425249
4816,101005,0,762867,13.240185,0.000000,0.038265,,0.969136,0,273,0,72.430974
4817,101005,0,762867,13.240185,0.000000,0.025060,non_zero_exit,0.968940,0,273,0,72.415940
4818,101005,0,762867,13.240185,0.000000,1.034114,,0.968953,0,273,0,72.421664
4819,101005,0,762867,13.240185,0.000000,2.030456,,0.969173,0,273,0,72.427386
4820,101005,0,762867,13.240185,0.000000,0.027970,,0.968978,0,273,0,72.433105
4821,101005,0,762867,13.240185,0.000000,0.032782,,0.968784,0,273,0,72.438822
4822,101005,0,762867,13.240185,0.000000,0.033800,,0.968590,0,273,0,72.444537
4823,101005,0,762867,13.240185,0.000000,0.030193,,0.968396,0,273,0,72.450249
4824,101005,0,762867,13.240185,0.000000,0.026201,,0.968200,0,273,0,72.455959
4825,101018,13,762867,13.241889,0.001704,0.031000,non_zero_exit,0.968006,0,273,0,72.440945
4826,101030,12,762867,13.243462,0.001573,0.023793,,0.967811,0,273,0,72.446654
4827,101030,0,762867,13.243462,0.000000,0.029500,,0.967616,0,273,0,72.452361
4828,101030,0,762867,13.243462,0.000000,1.033157,,0.967630,0,273,0,72.458066
4829,101030,0,762867,13.243462,0.000000,0.030304,,0.967436,0,273,0,72.463768
4830,101030,0,762867,13.243462,0.000000,1.028505,,0.967448,0,273,0,72.469468
4831,101030,0,762867,13.243462,0.000000,0.032093,,0.967255,0,273,0,72.475166
4832,101030,0,762867,13.243462,0.000000,5.004659,timeout,0.968090,0,274,0,72.460170
4833,101030,0,762867,13.243462,0.000000,0.033373,,0.967897,0,274,0,72.465867
4834,101030,0,762867,13.243462,0.000000,0.031219,,0.967703,0,274,0,72.471562
4835,101030,0,762867,13.243462,0.000000,1.028123,,0.967716,0,274,0,72.477254
4836,101030,0,762867,13.243462,0.000000,1.030846,,0.967729,0,274,0,72.482944
4837,101032,2,762867,13.243724,0.000262,0.025113,non_zero_exit,0.967534,0,274,0,72.467962
4838,101032,0,762867,13.243724,0.000000,0.032591,,0.967341,0,274,0,72.473652
4839,101032,0,762867,13.243724,0.000000,5.004846,timeout,0.968175,0,275,0,72.458678
4840,101032,0,762867,13.243724,0.000000,2.031435,,0.968394,0,275,0,72.464367
4841,101032,0,762867,13.243724,0.000000,0.032721,,0.968201,0,275,0,72.470054
4842,101032,0,762867,13.243724,0.000000,0.024773,non_zero_exit,0.968006,0,275,0,72.455090
4843,101032,0,762867,13.243724,0.000000,0.031754,,0.967813,0,275,0,72.460776
4844,101032,0,762867,13.243724,0.000000,0.033981,,0.967620,0,275,0,72.466460
4845,101032,0,762867,13.243724,0.000000,0.025645,non_zero_exit,0.967426,0,275,0,72.451506
4846,101032,0,762867,13.243724,0.000000,0.032580,,0.967233,0,275,0,72.457190
4847,101032,0,762867,13.243724,0.000000,1.033571,,0.967247,0,275,0,72.462871
4848,101032,0,762867,13.243724,0.000000,1.029628,,0.967260,0,275,0,72.468550
4849,101032,0,762867,13.243724,0.000000,0.028676,,0.967066,0,275,0,72.474227
4850,101032,0,762867,13.243724,0.000000,0.024362,non_zero_exit,0.966872,0,275,0,72.459287
4851,101032,0,762867,13.243724,0.000000,0.035979,,0.966680,0,275,0,72.464963
4852,101033,1,762867,13.243855,0.000131,0.397353,,0.966563,0,275,0,72.470637
4853,101033,0,762867,13.243855,0.000000,0.034499,,0.966371,0,275,0,72.476308
4854,101033,0,762867,13.243855,0.000000,0.025642,non_zero_exit,0.966177,0,275,0,72.461380
4855,101033,0,762867,13.243855,0.000000,0.531236,,0.966087,0,275,0,72.467051
4856,101033,0,762867,13.243855,0.000000,1.496079,,0.966196,0,275,0,72.472720
4857,101041,8,762867,13.244904,0.001049,2.043162,,0.966418,0,275,0,72.478386
4858,101041,0,762867,13.244904,0.000000,3.540956,,0.966948,0,275,0,72.484050
4859,101041,0,762867,13.244904,0.000000,0.025470,,0.966754,0,275,0,72.489712
4860,101041,0,762867,13.244904,0.000000,0.032101,,0.966562,0,275,0,72.495371
4861,101041,0,762867,13.244904,0.000000,3.037887,non_zero_exit,0.966988,0,275,0,72.480461
4862,101041,0,762867,13.244904,0.000000,5.004060,timeout,0.967818,0,276,0,72.465556
4863,101041,0,762867,13.244904,0.000000,0.022941,non_zero_exit,0.967624,0,276,0,72.450658
4864,101041,0,762867,13.244904,0.000000,0.024145,non_zero_exit,0.967430,0,276,0,72.435766
4865,101041,0,762867,13.244904,0.000000,0.022745,non_zero_exit,0.967236,0,276,0,72.420880
4866,101041,0,762867,13.244904,0.000000,0.036294,,0.967045,0,276,0,72.426546
4867,101041,0,762867,13.244904,0.000000,5.006705,timeout,0.967874,0,277,0,72.411668
4868,101041,0,762867,13.244904,0.000000,0.023650,non_zero_exit,0.967680,0,277,0,72.396796
4869,101041,0,762867,13.244904,0.000000,2.028854,,0.967898,0,277,0,72.402464
4870,101041,0,762867,13.244904,0.000000,0.022979,non_zero_exit,0.967704,0,277,0,72.387600
4871,101041,0,762867,13.244904,0.000000,0.023527,non_zero_exit,0.967511,0,277,0,72.372742
4872,101041,0,762867,13.244904,0.000000,0.022787,non_zero_exit,0.967317,0,277,0,72.357890
4873,101041,0,762867,13.244904,0.000000,1.027531,,0.967329,0,277,0,72.363562
4874,101041,0,762867,13.244904,0.000000,0.035433,,0.967138,0,277,0,72.369231
4875,101041,0,762867,13.244904,0.000000,1.031506,,0.967151,0,277,0,72.374897
4876,101041,0,762867,13.244904,0.000000,1.031451,,0.967164,0,277,0,72.380562
4877,101041,0,762867,13.244904,0.000000,0.028393,,0.966972,0,277,0,72.386224
4878,101041,0,762867,13.244904,0.000000,0.060379,,0.966786,0,277,0,72.391884
4879,101041,0,762867,13.244904,0.000000,2.029924,,0.967004,0,277,0,72.397541
4880,101042,1,762867,13.245035,0.000131,1.030317,non_zero_exit,0.967017,0,277,0,72.382708
4881,101042,0,762867,13.245035,0.000000,0.029134,,0.966825,0,277,0,72.388365
4882,101042,0,762867,13.245035,0.000000,5.006913,timeout,0.967652,0,278,0,72.373541
4883,101042,0,762867,13.245035,0.000000,1.030470,,0.967665,0,278,0,72.379197
4884,101044,2,762867,13.245297,0.000262,0.029545,,0.967473,0,278,0,72.384852
4885,101044,0,762867,13.245297,0.000000,0.033507,,0.967282,0,278,0,72.390503
4886,101044,0,762867,13.245297,0.000000,0.023779,non_zero_exit,0.967089,0,278,0,72.375691
4887,101045,1,762867,13.245428,0.000131,0.031657,,0.966897,0,278,0,72.381342
4888,101045,0,762867,13.245428,0.000000,1.033072,,0.966911,0,278,0,72.386991
4889,101045,0,762867,13.245428,0.000000,1.057476,,0.966929,0,278,0,72.392638
4890,101045,0,762867,13.245428,0.000000,1.035358,,0.966943,0,278,0,72.398283
4891,101045,0,762867,13.245428,0.000000,0.025091,non_zero_exit,0.966751,0,278,0,72.383483
4892,101045,0,762867,13.245428,0.000000,2.030649,,0.966968,0,278,0,72.389127
4893,101045,0,762867,13.245428,0.000000,0.035268,,0.966778,0,278,0,72.394769
4894,101045,0,762867,13.245428,0.000000,2.030452,,0.966995,0,278,0,72.400409
4895,101045,0,762867,13.245428,0.000000,0.032512,,0.966804,0,278,0,72.406046
4896,101045,0,762867,13.245428,0.000000,1.030169,,0.966817,0,278,0,72.411681
4897,101045,0,762867,13.245428,0.000000,0.018085,non_zero_exit,0.966624,0,278,0,72.396897
4898,101045,0,762867,13.245428,0.000000,3.032828,,0.967045,0,278,0,72.402531
4899,101045,0,762867,13.245428,0.000000,0.033449,,0.966855,0,278,0,72.408163
4900,101045,0,762867,13.245428,0.000000,0.022769,non_zero_exit,0.966662,0,278,0,72.393389
4901,101046,1,762867,13.245559,0.000131,0.024080,non_zero_exit,0.966470,0,278,0,72.378621
4902,101046,0,762867,13.245559,0.000000,1.029201,,0.966483,0,278,0,72.384255
4903,101049,3,762867,13.245952,0.000393,0.022789,non_zero_exit,0.966290,0,278,0,72.369494
4904,101049,0,762867,13.245952,0.000000,1.028352,,0.966303,0,278,0,72.375127
4905,101049,0,762867,13.245952,0.000000,1.033035,,0.966317,0,278,0,72.380758
4906,101049,0,762867,13.245952,0.000000,5.004554,timeout,0.967139,0,279,0,72.366008
4907,101049,0,762867,13.245952,0.000000,2.024611,,0.967355,0,279,0,72.371638
4908,101049,0,762867,13.245952,0.000000,0.027021,non_zero_exit,0.967163,0,279,0,72.356895
4909,101049,0,762867,13.245952,0.000000,0.023832,non_zero_exit,0.966971,0,279,0,72.342159
4910,101049,0,762867,13.245952,0.000000,0.029174,,0.966780,0,279,0,72.347791
4911,101049,0,762867,13.245952,0.000000,0.029556,,0.966589,0,279,0,72.353420
4912,101049,0,762867,13.245952,0.000000,1.030218,,0.966602,0,279,0,72.359047
4913,101049,0,762867,13.245952,0.000000,3.031151,,0.967023,0,279,0,72.364672
4914,101065,16,762867,13.248050,0.002097,1.041541,,0.967038,0,279,0,72.370295
4915,101065,0,762867,13.248050,0.000000,0.023169,non_zero_exit,0.966846,0,279,0,72.355574
4916,101065,0,762867,13.248050,0.000000,0.031723,,0.966656,0,279,0,72.361196
4917,101065,0,762867,13.248050,0.000000,2.033609,,0.966872,0,279,0,72.366816
4918,101065,0,762867,13.248050,0.000000,0.024892,non_zero_exit,0.966681,0,279,0,72.352104
4919,101065,0,762867,13.248050,0.000000,1.030288,,0.966694,0,279,0,72.357724
4920,101065,0,762867,13.248050,0.000000,0.027779,,0.966503,0,279,0,72.363341
4921,101065,0,762867,13.248050,0.000000,3.084263,non_zero_exit,0.966933,0,279,0,72.348639
4922,101065,0,762867,13.248050,0.000000,0.030579,,0.966743,0,279,0,72.354256
4923,101065,0,762867,13.248050,0.000000,5.003325,timeout,0.967563,0,280,0,72.339561
4924,101065,0,762867,13.248050,0.000000,5.004781,timeout,0.968383,0,281,0,72.324873
4925,101065,0,762867,13.248050,0.000000,0.031458,,0.968193,0,281,0,72.330491
4926,101065,0,762867,13.248050,0.000000,1.035738,,0.968206,0,281,0,72.336107
4927,101069,4,762867,13.248574,0.000524,0.030103,,0.968016,0,281,0,72.341721
4928,101069,0,762867,13.248574,0.000000,5.003860,timeout,0.968835,0,282,0,72.327044
4929,101069,0,762867,13.248574,0.000000,1.028712,,0.968847,0,282,0,72.332657
4930,101069,0,762867,13.248574,0.000000,0.024199,,0.968655,0,282,0,72.338268
4931,101069,0,762867,13.248574,0.000000,1.028199,,0.968667,0,282,0,72.343877
4932,101069,0,762867,13.248574,0.000000,0.022575,non_zero_exit,0.968476,0,282,0,72.329211
4933,101069,0,762867,13.248574,0.000000,0.037153,,0.968287,0,282,0,72.334820
4934,101069,0,762867,13.248574,0.000000,4.030606,,0.968907,0,282,0,72.340426
4935,101069,0,762867,13.248574,0.000000,1.033705,,0.968920,0,282,0,72.346029
4936,101069,0,762867,13.248574,0.000000,0.047107,,0.968734,0,282,0,72.351631
4937,101069,0,762867,13.248574,0.000000,2.545982,non_zero_exit,0.969053,0,282,0,72.336979
4938,101069,0,762867,13.248574,0.000000,1.031547,,0.969066,0,282,0,72.342579
4939,101069,0,762867,13.248574,0.000000,0.029619,,0.968876,0,282,0,72.348178
4940,101069,0,762867,13.248574,0.000000,1.154484,,0.968913,0,282,0,72.353775
4941,101069,0,762867,13.248574,0.000000,0.029153,,0.968723,0,282,0,72.359369
4942,101069,0,762867,13.248574,0.000000,2.032840,,0.968938,0,282,0,72.364961
4943,101069,0,762867,13.248574,0.000000,0.036691,,0.968750,0,282,0,72.370550
4944,101228,159,762867,13.269417,0.020842,1.960816,,0.968950,0,282,0,72.376138
4945,101228,0,762867,13.269417,0.000000,5.004146,timeout,0.969766,0,283,0,72.361504
4946,101231,3,762867,13.269810,0.000393,0.022498,non_zero_exit,0.969575,0,283,0,72.346877
4947,101231,0,762867,13.269810,0.000000,0.535197,,0.969487,0,283,0,72.352466
4948,101231,0,762867,13.269810,0.000000,0.029540,,0.969297,0,283,0,72.358052
4949,101231,0,762867,13.269810,0.000000,1.029007,non_zero_exit,0.969309,0,283,0,72.343434
4950,101231,0,762867,13.269810,0.000000,5.004306,timeout,0.970124,0,284,0,72.328822
4951,101231,0,762867,13.269810,0.000000,0.021190,non_zero_exit,0.969932,0,284,0,72.314216
4952,101231,0,762867,13.269810,0.000000,3.040825,,0.970351,0,284,0,72.319806
4953,101231,0,762867,13.269810,0.000000,0.022240,non_zero_exit,0.970159,0,284,0,72.305208
4954,101231,0,762867,13.269810,0.000000,0.514499,,0.970067,0,284,0,72.310797
4955,101231,0,762867,13.269810,0.000000,0.031776,,0.969878,0,284,0,72.316384
4956,101231,0,762867,13.269810,0.000000,3.035961,,0.970295,0,284,0,72.321969
4957,101231,0,762867,13.269810,0.000000,0.028947,non_zero_exit,0.970105,0,284,0,72.307382
4958,101231,0,762867,13.269810,0.000000,0.030752,,0.969915,0,284,0,72.312966
4959,101231,0,762867,13.269810,0.000000,0.032829,,0.969726,0,284,0,72.318548
4960,101231,0,762867,13.269810,0.000000,0.021936,non_zero_exit,0.969535,0,284,0,72.303971
4961,101231,0,762867,13.269810,0.000000,0.036763,,0.969347,0,284,0,72.309553
4962,101231,0,762867,13.269810,0.000000,5.004188,timeout,0.970160,0,285,0,72.294983
4963,101231,0,762867,13.269810,0.000000,1.050596,,0.970177,0,285,0,72.300564
4964,101231,0,762867,13.269810,0.000000,1.029250,,0.970188,0,285,0,72.306143
4965,101231,0,762867,13.269810,0.000000,0.029999,,0.969999,0,285,0,72.311720
4966,101231,0,762867,13.269810,0.000000,1.031457,,0.970012,0,285,0,72.317294
4967,101234,3,762867,13.270203,0.000393,0.029962,,0.969822,0,285,0,72.322866
4968,101234,0,762867,13.270203,0.000000,0.025760,non_zero_exit,0.969632,0,285,0,72.308312
4969,101234,0,762867,13.270203,0.000000,5.004644,timeout,0.970444,0,286,0,72.293763
4970,101234,0,762867,13.270203,0.000000,1.530245,,0.970557,0,286,0,72.299336
4971,101234,0,762867,13.270203,0.000000,0.021522,non_zero_exit,0.970366,0,286,0,72.284795
4972,101234,0,762867,13.270203,0.000000,0.028993,,0.970177,0,286,0,72.290368
4973,101234,0,762867,13.270203,0.000000,0.032815,,0.969988,0,286,0,72.295939
4974,101234,0,762867,13.270203,0.000000,1.031725,,0.970001,0,286,0,72.301508
4975,101234,0,762867,13.270203,0.000000,2.028163,,0.970213,0,286,0,72.307074
4976,101234,0,762867,13.270203,0.000000,0.037250,,0.970026,0,286,0,72.312638
4977,101234,0,762867,13.270203,0.000000,0.037846,,0.969839,0,286,0,72.318200
4978,101234,0,762867,13.270203,0.000000,1.028687,,0.969850,0,286,0,72.323760
4979,101235,1,762867,13.270334,0.000131,0.022553,non_zero_exit,0.969660,0,286,0,72.309237
4980,101235,0,762867,13.270334,0.000000,1.028097,,0.969672,0,286,0,72.314796
4981,101235,0,762867,13.270334,0.000000,0.023038,non_zero_exit,0.969482,0,286,0,72.300281
4982,101235,0,762867,13.270334,0.000000,0.025910,non_zero_exit,0.969292,0,286,0,72.285772
4983,101235,0,762867,13.270334,0.000000,0.024053,non_zero_exit,0.969103,0,286,0,72.271268
4984,101235,0,762867,13.270334,0.000000,0.133699,,0.968935,0,286,0,72.276830
4985,101235,0,762867,13.270334,0.000000,2.033046,,0.969149,0,286,0,72.282391
4986,101235,0,762867,13.270334,0.000000,0.537155,,0.969062,0,286,0,72.287949
4987,101235,0,762867,13.270334,0.000000,0.022388,non_zero_exit,0.968872,0,286,0,72.273456
4988,101235,0,762867,13.270334,0.000000,1.030037,non_zero_exit,0.968885,0,286,0,72.258970
4989,101235,0,762867,13.270334,0.000000,3.429014,,0.969378,0,286,0,72.264529
4990,101235,0,762867,13.270334,0.000000,0.022426,non_zero_exit,0.969188,0,286,0,72.250050
4991,101235,0,762867,13.270334,0.000000,0.026458,,0.968999,0,286,0,72.255609
4992,101235,0,762867,13.270334,0.000000,1.028817,,0.969011,0,286,0,72.261166
4993,101235,0,762867,13.270334,0.000000,0.037698,,0.968824,0,286,0,72.266720
4994,101235,0,762867,13.270334,0.000000,5.003991,timeout,0.969632,0,287,0,72.252252
4995,101235,0,762867,13.270334,0.000000,2.038360,,0.969846,0,287,0,72.257806
4996,101235,0,762867,13.270334,0.000000,0.023739,non_zero_exit,0.969657,0,287,0,72.243346
4997,101235,0,762867,13.270334,0.000000,1.032527,,0.969669,0,287,0,72.248900
4998,101235,0,762867,13.270334,0.000000,4.042605,,0.970284,0,287,0,72.254451
4999,101235,0,762867,13.270334,0.000000,1.033627,,0.970297,0,287,0,72.260000
5000,101235,0,762867,13.270334,0.000000,5.003916,timeout,0.971103,0,288,0,72.245551
5001,101235,0,762867,13.270334,0.000000,1.032929,,0.971116,0,288,0,72.251100
5002,101235,0,762867,13.270334,0.000000,1.036367,,0.971129,0,288,0,72.256646
5003,101235,0,762867,13.270334,0.000000,0.031065,,0.970941,0,288,0,72.262190
5004,101235,0,762867,13.270334,0.000000,1.030070,,0.970953,0,288,0,72.267732
5005,101235,0,762867,13.270334,0.000000,1.032203,,0.970965,0,288,0,72.273272
5006,101235,0,762867,13.270334,0.000000,0.030535,,0.970777,0,288,0,72.278810
5007,101235,0,762867,13.270334,0.000000,1.029526,,0.970789,0,288,0,72.284345
5008,101235,0,762867,13.270334,0.000000,0.031721,,0.970601,0,288,0,72.289878
5009,101236,1,762867,13.270465,0.000131,0.035198,,0.970415,0,288,0,72.295409
5010,101236,0,762867,13.270465,0.000000,0.032339,,0.970227,0,288,0,72.300938
5011,101236,0,762867,13.270465,0.000000,0.025340,,0.970039,0,288,0,72.306464
5012,101236,0,762867,13.270465,0.000000,5.004519,timeout,0.970844,0,289,0,72.292041
5013,101236,0,762867,13.270465,0.000000,0.032009,non_zero_exit,0.970657,0,289,0,72.277623
5014,101236,0,762867,13.270465,0.000000,0.538369,,0.970570,0,289,0,72.283151
5015,101236,0,762867,13.270465,0.000000,2.036714,,0.970783,0,289,0,72.288676
5016,101236,0,762867,13.270465,0.000000,0.031171,,0.970596,0,289,0,72.294200
5017,101236,0,762867,13.270465,0.000000,1.030105,,0.970607,0,289,0,72.299721
5018,101236,0,762867,13.270465,0.000000,0.027807,,0.970420,0,289,0,72.305240
5019,101236,0,762867,13.270465,0.000000,0.027383,,0.970232,0,289,0,72.310757
5020,101236,0,762867,13.270465,0.000000,1.037429,,0.970245,0,289,0,72.316272
5021,101236,0,762867,13.270465,0.000000,1.137242,,0.970278,0,289,0,72.321784
5022,101236,0,762867,13.270465,0.000000,1.031932,,0.970291,0,289,0,72.327294
5023,101241,5,762867,13.271121,0.000655,5.082383,timeout,0.971109,0,290,0,72.312898
5024,101241,0,762867,13.271121,0.000000,0.333357,,0.970982,0,290,0,72.318408
5025,101241,0,762867,13.271121,0.000000,0.025165,,0.970794,0,290,0,72.323916
5026,101241,0,762867,13.271121,0.000000,0.021750,non_zero_exit,0.970605,0,290,0,72.309529
5027,101241,0,762867,13.271121,0.000000,5.005101,timeout,0.971408,0,291,0,72.295147
5028,101241,0,762867,13.271121,0.000000,1.031066,,0.971420,0,291,0,72.300656
5029,101241,0,762867,13.271121,0.000000,1.533370,,0.971531,0,291,0,72.306163
5030,101241,0,762867,13.271121,0.000000,1.030179,,0.971543,0,291,0,72.311668
5031,101241,0,762867,13.271121,0.000000,0.028085,,0.971355,0,291,0,72.317170
5032,101241,0,762867,13.271121,0.000000,2.034170,,0.971567,0,291,0,72.322670
5033,101241,0,762867,13.271121,0.000000,0.031300,,0.971380,0,291,0,72.328168
5034,101241,0,762867,13.271121,0.000000,0.028541,,0.971193,0,291,0,72.333664
5035,101241,0,762867,13.271121,0.000000,0.029345,,0.971006,0,291,0,72.339158
5036,101241,0,762867,13.271121,0.000000,2.039288,,0.971218,0,291,0,72.344650
5037,101241,0,762867,13.271121,0.000000,0.029749,,0.971031,0,291,0,72.350139
5038,101241,0,762867,13.271121,0.000000,0.526297,,0.970942,0,291,0,72.355626
5039,101241,0,762867,13.271121,0.000000,0.024053,non_zero_exit,0.970755,0,291,0,72.341270
5040,101274,33,762867,13.275446,0.004326,1.036479,non_zero_exit,0.970768,0,291,0,72.326919
5041,101274,0,762867,13.275446,0.000000,0.022099,non_zero_exit,0.970579,0,291,0,72.312574
5042,101274,0,762867,13.275446,0.000000,0.033550,,0.970394,0,291,0,72.318065
5043,101274,0,762867,13.275446,0.000000,0.028158,,0.970207,0,291,0,72.323553
5044,101274,0,762867,13.275446,0.000000,0.024843,non_zero_exit,0.970019,0,291,0,72.309217
5045,101274,0,762867,13.275446,0.000000,0.021284,non_zero_exit,0.969831,0,291,0,72.294887
5046,101274,0,762867,13.275446,0.000000,0.030864,,0.969645,0,291,0,72.300376
5047,101274,0,762867,13.275446,0.000000,0.023791,non_zero_exit,0.969458,0,291,0,72.286054
5048,101274,0,762867,13.275446,0.000000,0.021620,non_zero_exit,0.969270,0,291,0,72.271737
5049,101277,3,762867,13.275840,0.000393,5.003817,timeout,0.970069,0,292,0,72.257426
5050,101283,6,762867,13.276626,0.000787,1.036578,,0.970082,0,292,0,72.262918
5051,101283,0,762867,13.276626,0.000000,1.030916,,0.970094,0,292,0,72.268409
5052,101283,0,762867,13.276626,0.000000,0.382893,,0.969978,0,292,0,72.273897
5053,101283,0,762867,13.276626,0.000000,1.353159,,0.970054,0,292,0,72.279383
5054,101284,1,762867,13.276757,0.000131,0.023996,non_zero_exit,0.969867,0,292,0,72.265084
5055,101284,0,762867,13.276757,0.000000,0.033793,,0.969682,0,292,0,72.270570
5056,101284,0,762867,13.276757,0.000000,0.634967,non_zero_exit,0.969616,0,292,0,72.256278
5057,101284,0,762867,13.276757,0.000000,0.032552,,0.969430,0,292,0,72.261764
5058,101295,11,762867,13.278199,0.001442,0.044726,,0.969248,0,292,0,72.267246
5059,101295,0,762867,13.278199,0.000000,0.025262,non_zero_exit,0.969061,0,292,0,72.252964
5060,101295,0,762867,13.278199,0.000000,0.027524,,0.968875,0,292,0,72.258447
5061,101295,0,762867,13.278199,0.000000,4.032411,,0.969480,0,292,0,72.263927
5062,101295,0,762867,13.278199,0.000000,0.021490,non_zero_exit,0.969293,0,292,0,72.249654
5063,101295,0,762867,13.278199,0.000000,4.535860,,0.969997,0,292,0,72.255134
5064,101295,0,762867,13.278199,0.000000,0.047178,,0.969815,0,292,0,72.260612
5065,101295,0,762867,13.278199,0.000000,1.038370,,0.969829,0,292,0,72.266088
5066,101295,0,762867,13.278199,0.000000,4.042909,non_zero_exit,0.970435,0,292,0,72.251826
5067,101295,0,762867,13.278199,0.000000,0.028525,,0.970249,0,292,0,72.257301
5068,101295,0,762867,13.278199,0.000000,5.003748,timeout,0.971045,0,293,0,72.243046
5069,101295,0,762867,13.278199,0.000000,0.028129,,0.970859,0,293,0,72.248521
5070,101295,0,762867,13.278199,0.000000,0.025400,non_zero_exit,0.970672,0,293,0,72.234273
5071,101295,0,762867,13.278199,0.000000,0.017433,non_zero_exit,0.970485,0,293,0,72.220032
5072,101295,0,762867,13.278199,0.000000,2.027661,,0.970693,0,293,0,72.225508
5073,101295,0,762867,13.278199,0.000000,0.027133,non_zero_exit,0.970507,0,293,0,72.211273
5074,101295,0,762867,13.278199,0.000000,1.547432,,0.970621,0,293,0,72.216749
5075,101295,0,762867,13.278199,0.000000,0.127617,,0.970455,0,293,0,72.222222
5076,101295,0,762867,13.278199,0.000000,1.031036,,0.970466,0,293,0,72.227694
5077,101298,3,762867,13.278592,0.000393,1.049179,,0.970482,0,293,0,72.233163
5078,101298,0,762867,13.278592,0.000000,0.030543,,0.970297,0,293,0,72.238630
5079,101489,191,762867,13.303630,0.025037,1.267621,,0.970355,0,293,0,72.244094
5080,101489,0,762867,13.303630,0.000000,0.027710,,0.970170,0,293,0,72.249557
5081,101489,0,762867,13.303630,0.000000,0.025151,non_zero_exit,0.969984,0,293,0,72.235340
5082,101489,0,762867,13.303630,0.000000,0.426675,,0.969877,0,293,0,72.240803
5083,101489,0,762867,13.303630,0.000000,1.031749,,0.969889,0,293,0,72.246263
5084,101489,0,762867,13.303630,0.000000,0.021976,non_zero_exit,0.969703,0,293,0,72.232055
5085,101489,0,762867,13.303630,0.000000,1.028245,,0.969714,0,293,0,72.237515
5086,101489,0,762867,13.303630,0.000000,0.025983,non_zero_exit,0.969529,0,293,0,72.223314
5087,101489,0,762867,13.303630,0.000000,5.003882,timeout,0.970322,0,294,0,72.209119
5088,101489,0,762867,13.303630,0.000000,4.551461,,0.971025,0,294,0,72.214580
5089,101489,0,762867,13.303630,0.000000,0.027822,non_zero_exit,0.970840,0,294,0,72.200393
5090,101489,0,762867,13.303630,0.000000,5.004183,timeout,0.971632,0,295,0,72.186211
5091,101489,0,762867,13.303630,0.000000,0.027941,non_zero_exit,0.971447,0,295,0,72.172035
5092,101489,0,762867,13.303630,0.000000,0.590262,,0.971372,0,295,0,72.177499
5093,101489,0,762867,13.303630,0.000000,5.004240,timeout,0.972164,0,296,0,72.163329
5094,101490,1,762867,13.303761,0.000131,4.033273,,0.972765,0,296,0,72.168793
5095,101490,0,762867,13.303761,0.000000,1.029392,,0.972776,0,296,0,72.174254
5096,101491,1,762867,13.303892,0.000131,5.004238,timeout,0.973567,0,297,0,72.160094
5097,101491,0,762867,13.303892,0.000000,1.528544,,0.973676,0,297,0,72.165555
5098,101491,0,762867,13.303892,0.000000,0.024992,non_zero_exit,0.973490,0,297,0,72.151402
5099,101491,0,762867,13.303892,0.000000,1.034349,,0.973502,0,297,0,72.156863
5100,101491,0,762867,13.303892,0.000000,2.029275,,0.973709,0,297,0,72.162321
5101,101491,0,762867,13.303892,0.000000,0.031078,,0.973524,0,297,0,72.167777
5102,101491,0,762867,13.303892,0.000000,0.391298,,0.973410,0,297,0,72.173231
5103,101491,0,762867,13.303892,0.000000,1.031096,,0.973421,0,297,0,72.178683
5104,101491,0,762867,13.303892,0.000000,0.027111,,0.973236,0,297,0,72.184133
5105,101491,0,762867,13.303892,0.000000,1.039462,,0.973249,0,297,0,72.189581
5106,101491,0,762867,13.303892,0.000000,0.031043,,0.973064,0,297,0,72.195026
5107,101491,0,762867,13.303892,0.000000,0.039045,,0.972881,0,297,0,72.200470
5108,101491,0,762867,13.303892,0.000000,1.031102,,0.972893,0,297,0,72.205911
5109,101491,0,762867,13.303892,0.000000,0.026372,,0.972707,0,297,0,72.211350
5110,101491,0,762867,13.303892,0.000000,0.022449,non_zero_exit,0.972521,0,297,0,72.197222
5111,101492,1,762867,13.304023,0.000131,1.028067,,0.972532,0,297,0,72.202660
5112,101492,0,762867,13.304023,0.000000,0.035852,,0.972349,0,297,0,72.208097
5113,101492,0,762867,13.304023,0.000000,0.022926,non_zero_exit,0.972163,0,297,0,72.193977
5114,101492,0,762867,13.304023,0.000000,0.858553,,0.972141,0,297,0,72.199413
5115,101492,0,762867,13.304023,0.000000,1.031672,,0.972153,0,297,0,72.204848
5116,101492,0,762867,13.304023,0.000000,0.030422,,0.971969,0,297,0,72.210279
5117,101492,0,762867,13.304023,0.000000,1.831915,,0.972137,0,297,0,72.215709
5118,101492,0,762867,13.304023,0.000000,1.027994,,0.972148,0,297,0,72.221137
5119,101492,0,762867,13.304023,0.000000,5.003857,timeout,0.972935,0,298,0,72.207031
5120,101492,0,762867,13.304023,0.000000,3.035331,,0.973338,0,298,0,72.212459
5121,101506,14,762867,13.305858,0.001835,1.035586,,0.973350,0,298,0,72.217884
5122,101506,0,762867,13.305858,0.000000,0.024061,non_zero_exit,0.973165,0,298,0,72.203787
5123,101506,0,762867,13.305858,0.000000,5.004847,timeout,0.973952,0,299,0,72.189696
5124,101506,0,762867,13.305858,0.000000,5.004185,timeout,0.974738,0,300,0,72.175610
5125,101506,0,762867,13.305858,0.000000,1.036531,,0.974750,0,300,0,72.181038
5126,101506,0,762867,13.305858,0.000000,0.032964,,0.974566,0,300,0,72.186464
5127,101506,0,762867,13.305858,0.000000,3.031698,,0.974968,0,300,0,72.191888
5128,101506,0,762867,13.305858,0.000000,5.004762,timeout,0.975753,0,301,0,72.177812
5129,101506,0,762867,13.305858,0.000000,2.031907,,0.975959,0,301,0,72.183236
5130,101506,0,762867,13.305858,0.000000,1.033864,,0.975970,0,301,0,72.188657
5131,101506,0,762867,13.305858,0.000000,1.034942,,0.975982,0,301,0,72.194076
5132,101506,0,762867,13.305858,0.000000,5.004627,timeout,0.976767,0,302,0,72.180012
5133,101506,0,762867,13.305858,0.000000,0.022677,non_zero_exit,0.976581,0,302,0,72.165952
5134,101506,0,762867,13.305858,0.000000,0.030089,,0.976397,0,302,0,72.171373
5135,101506,0,762867,13.305858,0.000000,0.024246,non_zero_exit,0.976211,0,302,0,72.157321
5136,101506,0,762867,13.305858,0.000000,0.023904,non_zero_exit,0.976026,0,302,0,72.143274
5137,101506,0,762867,13.305858,0.000000,2.032617,,0.976231,0,302,0,72.148696
5138,101506,0,762867,13.305858,0.000000,1.031228,,0.976242,0,302,0,72.154116
5139,101506,0,762867,13.305858,0.000000,1.030437,,0.976253,0,302,0,72.159533
5140,101506,0,762867,13.305858,0.000000,0.022862,non_zero_exit,0.976067,0,302,0,72.145497
5141,101506,0,762867,13.305858,0.000000,0.029928,,0.975883,0,302,0,72.150914
5142,101506,0,762867,13.305858,0.000000,1.029736,,0.975894,0,302,0,72.156329
5143,101506,0,762867,13.305858,0.000000,1.034937,,0.975905,0,302,0,72.161742
5144,101506,0,762867,13.305858,0.000000,0.021898,non_zero_exit,0.975720,0,302,0,72.147716
5145,101506,0,762867,13.305858,0.000000,0.028893,,0.975536,0,302,0,72.153129
5146,101506,0,762867,13.305858,0.000000,3.032350,,0.975935,0,302,0,72.158539
5147,101506,0,762867,13.305858,0.000000,0.131562,,0.975771,0,302,0,72.163947
5148,101506,0,762867,13.305858,0.000000,0.032599,,0.975588,0,302,0,72.169353
5149,101506,0,762867,13.305858,0.000000,0.034506,,0.975405,0,302,0,72.174757
5150,101506,0,762867,13.305858,0.000000,0.032892,,0.975222,0,302,0,72.180159
5151,101506,0,762867,13.305858,0.000000,0.030513,,0.975039,0,302,0,72.185559
5152,101506,0,762867,13.305858,0.000000,1.029024,,0.975050,0,302,0,72.190957
5153,101506,0,762867,13.305858,0.000000,0.025629,non_zero_exit,0.974865,0,302,0,72.176950
5154,101508,2,762867,13.306120,0.000262,0.033768,,0.974683,0,302,0,72.182347
5155,101508,0,762867,13.306120,0.000000,1.033307,,0.974694,0,302,0,72.187742
5156,101508,0,762867,13.306120,0.000000,0.033630,,0.974512,0,302,0,72.193136
5157,101508,0,762867,13.306120,0.000000,0.031365,,0.974329,0,302,0,72.198527
5158,101509,1,762867,13.306251,0.000131,0.023247,non_zero_exit,0.974145,0,302,0,72.184532
5159,101524,15,762867,13.308218,0.001966,0.543870,,0.974061,0,302,0,72.189922
5160,101524,0,762867,13.308218,0.000000,1.031685,,0.974072,0,302,0,72.195311
5161,101524,0,762867,13.308218,0.000000,0.028799,,0.973889,0,302,0,72.200697
5162,101524,0,762867,13.308218,0.000000,0.025666,non_zero_exit,0.973706,0,302,0,72.186713
5163,101524,0,762867,13.308218,0.000000,0.028831,,0.973523,0,302,0,72.192099
5164,101524,0,762867,13.308218,0.000000,0.023766,non_zero_exit,0.973339,0,302,0,72.178122
5165,101533,9,762867,13.309397,0.001180,0.029765,non_zero_exit,0.973156,0,302,0,72.164150
5166,101533,0,762867,13.309397,0.000000,1.037558,,0.973168,0,302,0,72.169537
5167,101537,4,762867,13.309922,0.000524,0.024362,,0.972985,0,302,0,72.174923
5168,101537,0,762867,13.309922,0.000000,1.039325,,0.972998,0,302,0,72.180306
5169,101537,0,762867,13.309922,0.000000,1.028743,,0.973008,0,302,0,72.185687
5170,101537,0,762867,13.309922,0.000000,0.041853,,0.972828,0,302,0,72.191066
5171,101537,0,762867,13.309922,0.000000,1.031923,,0.972840,0,302,0,72.196442
5172,101537,0,762867,13.309922,0.000000,2.034361,,0.973045,0,302,0,72.201817
5173,101537,0,762867,13.309922,0.000000,1.029170,,0.973056,0,302,0,72.207190
5174,101537,0,762867,13.309922,0.000000,1.045667,,0.973070,0,302,0,72.212560
5175,101537,0,762867,13.309922,0.000000,5.007495,timeout,0.973849,0,303,0,72.198609
5176,101537,0,762867,13.309922,0.000000,1.028762,,0.973860,0,303,0,72.203979
5177,101537,0,762867,13.309922,0.000000,1.035752,,0.973872,0,303,0,72.209347
5178,101537,0,762867,13.309922,0.000000,1.031274,,0.973883,0,303,0,72.214713
5179,101537,0,762867,13.309922,0.000000,1.032939,,0.973894,0,303,0,72.220077
5180,101537,0,762867,13.309922,0.000000,0.030514,,0.973712,0,303,0,72.225439
5181,101537,0,762867,13.309922,0.000000,0.022020,non_zero_exit,0.973529,0,303,0,72.211501
5182,101537,0,762867,13.309922,0.000000,5.004222,timeout,0.974306,0,304,0,72.197569
5183,101537,0,762867,13.309922,0.000000,0.537354,,0.974222,0,304,0,72.202932
5184,101537,0,762867,13.309922,0.000000,0.030214,,0.974040,0,304,0,72.208293
5185,101537,0,762867,13.309922,0.000000,0.134207,,0.973878,0,304,0,72.213652
5186,101537,0,762867,13.309922,0.000000,1.039466,,0.973891,0,304,0,72.219009
5187,101537,0,762867,13.309922,0.000000,1.038406,,0.973903,0,304,0,72.224364
5188,101537,0,762867,13.309922,0.000000,0.026287,non_zero_exit,0.973721,0,304,0,72.210445
5189,101537,0,762867,13.309922,0.000000,1.036326,,0.973733,0,304,0,72.215800
5190,101537,0,762867,13.309922,0.000000,2.032199,,0.973936,0,304,0,72.221152
5191,101537,0,762867,13.309922,0.000000,5.006057,timeout,0.974713,0,305,0,72.207242
5192,101537,0,762867,13.309922,0.000000,0.030999,,0.974531,0,305,0,72.212594
5193,101537,0,762867,13.309922,0.000000,1.030226,,0.974542,0,305,0,72.217944
5194,101537,0,762867,13.309922,0.000000,0.021393,non_zero_exit,0.974359,0,305,0,72.204042
5195,101537,0,762867,13.309922,0.000000,0.023334,non_zero_exit,0.974176,0,305,0,72.190146
5196,101537,0,762867,13.309922,0.000000,0.031559,,0.973994,0,305,0,72.195497
5197,101538,1,762867,13.310053,0.000131,5.003820,timeout,0.974769,0,306,0,72.181608
5198,101538,0,762867,13.310053,0.000000,1.028283,,0.974780,0,306,0,72.186959
5199,101538,0,762867,13.310053,0.000000,0.034916,,0.974599,0,306,0,72.192308
5200,101538,0,762867,13.310053,0.000000,0.026122,,0.974417,0,306,0,72.197654
5201,101538,0,762867,13.310053,0.000000,1.025683,,0.974427,0,306,0,72.202999
5202,101538,0,762867,13.310053,0.000000,0.033939,,0.974246,0,306,0,72.208341
5203,101542,4,762867,13.310577,0.000524,0.021275,non_zero_exit,0.974063,0,306,0,72.194466
5204,101542,0,762867,13.310577,0.000000,0.030225,,0.973881,0,306,0,72.199808
5205,101542,0,762867,13.310577,0.000000,0.538423,non_zero_exit,0.973798,0,306,0,72.185939
5206,101542,0,762867,13.310577,0.000000,0.033595,,0.973617,0,306,0,72.191281
5207,101542,0,762867,13.310577,0.000000,0.025746,non_zero_exit,0.973435,0,306,0,72.177419
5208,101542,0,762867,13.310577,0.000000,0.030574,,0.973254,0,306,0,72.182761
5209,101545,3,762867,13.310970,0.000393,0.032456,,0.973074,0,306,0,72.188100
5210,101545,0,762867,13.310970,0.000000,1.029917,,0.973084,0,306,0,72.193437
5211,101545,0,762867,13.310970,0.000000,0.031555,,0.972904,0,306,0,72.198772
5212,101554,9,762867,13.312150,0.001180,5.027241,timeout,0.973682,0,307,0,72.184922
5213,101554,0,762867,13.312150,0.000000,0.717757,,0.973632,0,307,0,72.190257
5214,101554,0,762867,13.312150,0.000000,1.031384,,0.973643,0,307,0,72.195590
5215,101554,0,762867,13.312150,0.000000,0.025393,,0.973462,0,307,0,72.200920
5216,101555,1,762867,13.312281,0.000131,0.024218,non_zero_exit,0.973280,0,307,0,72.187081
5217,101555,0,762867,13.312281,0.000000,0.033149,,0.973100,0,307,0,72.192411
5218,101555,0,762867,13.312281,0.000000,0.035574,,0.972920,0,307,0,72.197739
5219,101555,0,762867,13.312281,0.000000,2.034097,,0.973123,0,307,0,72.203065
5220,101555,0,762867,13.312281,0.000000,0.030190,,0.972943,0,307,0,72.208389
5221,101555,0,762867,13.312281,0.000000,1.030597,,0.972954,0,307,0,72.213711
5222,101555,0,762867,13.312281,0.000000,0.027604,,0.972773,0,307,0,72.219031
5223,101555,0,762867,13.312281,0.000000,0.023241,non_zero_exit,0.972591,0,307,0,72.205207
5224,101555,0,762867,13.312281,0.000000,0.235997,,0.972450,0,307,0,72.210526
5225,101555,0,762867,13.312281,0.000000,1.031339,,0.972461,0,307,0,72.215844
5226,101555,0,762867,13.312281,0.000000,1.028552,,0.972472,0,307,0,72.221159
5227,101555,0,762867,13.312281,0.000000,3.041473,,0.972868,0,307,0,72.226473
5228,101555,0,762867,13.312281,0.000000,1.027342,,0.972878,0,307,0,72.231784
5229,101555,0,762867,13.312281,0.000000,0.028442,,0.972698,0,307,0,72.237094
5230,101555,0,762867,13.312281,0.000000,1.717369,,0.972840,0,307,0,72.242401
5231,101555,0,762867,13.312281,0.000000,0.032078,,0.972660,0,307,0,72.247706
5232,101555,0,762867,13.312281,0.000000,3.030469,,0.973053,0,307,0,72.253010
5233,101555,0,762867,13.312281,0.000000,0.026204,non_zero_exit,0.972872,0,307,0,72.239205
5234,101555,0,762867,13.312281,0.000000,0.029132,,0.972692,0,307,0,72.244508
5235,101557,2,762867,13.312543,0.000262,0.987304,,0.972695,0,307,0,72.249809
5236,101557,0,762867,13.312543,0.000000,0.023748,non_zero_exit,0.972514,0,307,0,72.236013
5237,101557,0,762867,13.312543,0.000000,0.029631,,0.972334,0,307,0,72.241313
5238,101557,0,762867,13.312543,0.000000,1.029598,,0.972345,0,307,0,72.246612
5239,101557,0,762867,13.312543,0.000000,2.030554,,0.972547,0,307,0,72.251908
5240,101557,0,762867,13.312543,0.000000,0.024582,non_zero_exit,0.972366,0,307,0,72.238122
5241,101557,0,762867,13.312543,0.000000,0.023981,non_zero_exit,0.972185,0,307,0,72.224342
5242,101557,0,762867,13.312543,0.000000,0.023702,non_zero_exit,0.972004,0,307,0,72.210566
5243,101557,0,762867,13.312543,0.000000,1.030489,,0.972015,0,307,0,72.215866
5244,101557,0,762867,13.312543,0.000000,0.530591,non_zero_exit,0.971931,0,307,0,72.202097
5245,101557,0,762867,13.312543,0.000000,3.029992,,0.972323,0,307,0,72.207396
5246,101557,0,762867,13.312543,0.000000,0.022105,non_zero_exit,0.972142,0,307,0,72.193634
5247,101557,0,762867,13.312543,0.000000,0.021525,non_zero_exit,0.971961,0,307,0,72.179878
5248,101557,0,762867,13.312543,0.000000,3.027534,,0.972353,0,307,0,72.185178
5249,101557,0,762867,13.312543,0.000000,0.021249,non_zero_exit,0.972171,0,307,0,72.171429
5250,101557,0,762867,13.312543,0.000000,0.024493,non_zero_exit,0.971991,0,307,0,72.157684
5251,101557,0,762867,13.312543,0.000000,1.033631,,0.972003,0,307,0,72.162986
5252,101557,0,762867,13.312543,0.000000,0.030203,,0.971823,0,307,0,72.168285
5253,101557,0,762867,13.312543,0.000000,0.022998,non_zero_exit,0.971643,0,307,0,72.154549
5254,101569,12,762867,13.314116,0.001573,2.013302,,0.971841,0,307,0,72.159848
5255,101569,0,762867,13.314116,0.000000,0.030941,,0.971662,0,307,0,72.165145
5256,101569,0,762867,13.314116,0.000000,1.039788,,0.971675,0,307,0,72.170439
5257,101569,0,762867,13.314116,0.000000,1.028990,non_zero_exit,0.971686,0,307,0,72.156714
5258,101569,0,762867,13.314116,0.000000,0.122609,,0.971524,0,307,0,72.162008
5259,101569,0,762867,13.314116,0.000000,0.029128,,0.971345,0,307,0,72.167300
5260,101569,0,762867,13.314116,0.000000,5.004072,timeout,0.972112,0,308,0,72.153583
5261,101569,0,762867,13.314116,0.000000,0.029431,,0.971933,0,308,0,72.158875
5262,101569,0,762867,13.314116,0.000000,0.029881,,0.971754,0,308,0,72.164165
5263,101569,0,762867,13.314116,0.000000,2.041189,,0.971957,0,308,0,72.169453
5264,101569,0,762867,13.314116,0.000000,1.028026,,0.971967,0,308,0,72.174739
5265,101570,1,762867,13.314247,0.000131,1.031569,non_zero_exit,0.971979,0,308,0,72.161033
5266,101571,1,762867,13.314379,0.000131,0.023003,,0.971799,0,308,0,72.166319
5267,101571,0,762867,13.314379,0.000000,0.023811,non_zero_exit,0.971619,0,308,0,72.152620
5268,101571,0,762867,13.314379,0.000000,0.033860,,0.971441,0,308,0,72.157905
5269,101646,75,762867,13.324210,0.009831,0.141228,,0.971283,0,308,0,72.163188
5270,101646,0,762867,13.324210,0.000000,0.021791,non_zero_exit,0.971103,0,308,0,72.149497
5271,101646,0,762867,13.324210,0.000000,0.023190,non_zero_exit,0.970923,0,308,0,72.135812
5272,101646,0,762867,13.324210,0.000000,0.028778,,0.970745,0,308,0,72.141096
5273,101673,27,762867,13.327749,0.003539,0.024475,,0.970565,0,308,0,72.146378
5274,101673,0,762867,13.327749,0.000000,0.033628,,0.970387,0,308,0,72.151659
5275,101673,0,762867,13.327749,0.000000,0.029260,,0.970209,0,308,0,72.156937
5276,101674,1,762867,13.327880,0.000131,0.029768,,0.970031,0,308,0,72.162213
5277,101674,0,762867,13.327880,0.000000,1.032468,,0.970043,0,308,0,72.167488
5278,101674,0,762867,13.327880,0.000000,1.032201,,0.970054,0,308,0,72.172760
5279,101674,0,762867,13.327880,0.000000,5.005253,timeout,0.970819,0,309,0,72.159091
5280,101674,0,762867,13.327880,0.000000,0.022498,non_zero_exit,0.970639,0,309,0,72.145427
5281,101674,0,762867,13.327880,0.000000,2.029754,,0.970840,0,309,0,72.150700
5282,101674,0,762867,13.327880,0.000000,5.004582,timeout,0.971603,0,310,0,72.137043
5283,101674,0,762867,13.327880,0.000000,0.030025,,0.971425,0,310,0,72.142316
5284,101674,0,762867,13.327880,0.000000,1.030117,,0.971436,0,310,0,72.147588
5285,101674,0,762867,13.327880,0.000000,1.030023,,0.971447,0,310,0,72.152857
5286,101674,0,762867,13.327880,0.000000,1.532486,,0.971553,0,310,0,72.158124
5287,101674,0,762867,13.327880,0.000000,0.024457,non_zero_exit,0.971374,0,310,0,72.144478
5288,101674,0,762867,13.327880,0.000000,0.040544,,0.971198,0,310,0,72.149745
5289,101684,10,762867,13.329191,0.001311,0.644392,,0.971136,0,310,0,72.155009
5290,101684,0,762867,13.329191,0.000000,0.033022,,0.970959,0,310,0,72.160272
5291,101684,0,762867,13.329191,0.000000,1.037056,,0.970972,0,310,0,72.165533
5292,101687,3,762867,13.329584,0.000393,0.028667,non_zero_exit,0.970794,0,310,0,72.151899
5293,101687,0,762867,13.329584,0.000000,4.035049,,0.971372,0,310,0,72.157159
5294,101687,0,762867,13.329584,0.000000,0.024025,non_zero_exit,0.971193,0,310,0,72.143532
5295,101687,0,762867,13.329584,0.000000,0.027974,,0.971015,0,310,0,72.148792
5296,101687,0,762867,13.329584,0.000000,0.032471,,0.970838,0,310,0,72.154049
5297,101687,0,762867,13.329584,0.000000,0.692555,,0.970786,0,310,0,72.159305
5298,101687,0,762867,13.329584,0.000000,1.028517,,0.970797,0,310,0,72.164559
5299,101687,0,762867,13.329584,0.000000,0.032405,,0.970620,0,310,0,72.169811
5300,101687,0,762867,13.329584,0.000000,1.036364,,0.970632,0,310,0,72.175061
5301,101687,0,762867,13.329584,0.000000,1.027390,,0.970643,0,310,0,72.180309
5302,101687,0,762867,13.329584,0.000000,0.029355,,0.970465,0,310,0,72.185555
5303,101687,0,762867,13.329584,0.000000,0.025501,,0.970287,0,310,0,72.190799
5304,101688,1,762867,13.329715,0.000131,0.023970,non_zero_exit,0.970109,0,310,0,72.177191
5305,101693,5,762867,13.330371,0.000655,1.037094,,0.970121,0,310,0,72.182435
5306,101693,0,762867,13.330371,0.000000,0.024921,non_zero_exit,0.969943,0,310,0,72.168834
5307,101693,0,762867,13.330371,0.000000,1.037187,,0.969956,0,310,0,72.174077
5308,101693,0,762867,13.330371,0.000000,0.030180,,0.969779,0,310,0,72.179318
5309,101693,0,762867,13.330371,0.000000,0.948050,,0.969775,0,310,0,72.184557
5310,101693,0,762867,13.330371,0.000000,2.031900,,0.969975,0,310,0,72.189795
5311,101693,0,762867,13.330371,0.000000,1.038285,,0.969988,0,310,0,72.195030
5312,101693,0,762867,13.330371,0.000000,0.039102,,0.969812,0,310,0,72.200264
5313,101693,0,762867,13.330371,0.000000,1.028672,,0.969823,0,310,0,72.205495
5314,101693,0,762867,13.330371,0.000000,0.031750,,0.969647,0,310,0,72.210724
5315,101693,0,762867,13.330371,0.000000,0.028375,,0.969470,0,310,0,72.215952
5316,101693,0,762867,13.330371,0.000000,0.026279,non_zero_exit,0.969292,0,310,0,72.202370
5317,101694,1,762867,13.330502,0.000131,1.144593,,0.969325,0,310,0,72.207597
5318,101694,0,762867,13.330502,0.000000,1.032874,,0.969337,0,310,0,72.212822
5319,101694,0,762867,13.330502,0.000000,0.028478,,0.969160,0,310,0,72.218045
5320,101694,0,762867,13.330502,0.000000,0.030328,,0.968984,0,310,0,72.223266
5321,101695,1,762867,13.330633,0.000131,0.027828,non_zero_exit,0.968807,0,310,0,72.209696
5322,101695,0,762867,13.330633,0.000000,0.046369,,0.968634,0,310,0,72.214916
5323,101695,0,762867,13.330633,0.000000,1.030170,,0.968645,0,310,0,72.220135
5324,101695,0,762867,13.330633,0.000000,3.039865,,0.969034,0,310,0,72.225352
5325,101695,0,762867,13.330633,0.000000,0.025325,,0.968857,0,310,0,72.230567
5326,101695,0,762867,13.330633,0.000000,0.033388,,0.968682,0,310,0,72.235780
5327,101695,0,762867,13.330633,0.000000,0.023891,non_zero_exit,0.968504,0,310,0,72.222222
5328,101695,0,762867,13.330633,0.000000,0.023574,non_zero_exit,0.968327,0,310,0,72.208670
5329,101695,0,762867,13.330633,0.000000,0.031070,,0.968151,0,310,0,72.213884
5330,101695,0,762867,13.330633,0.000000,1.030483,,0.968163,0,310,0,72.219096
5331,101695,0,762867,13.330633,0.000000,0.031809,,0.967987,0,310,0,72.224306
5332,101695,0,762867,13.330633,0.000000,0.022123,non_zero_exit,0.967810,0,310,0,72.210763
5333,101698,3,762867,13.331026,0.000393,3.034349,,0.968197,0,310,0,72.215973
5334,101698,0,762867,13.331026,0.000000,1.442348,,0.968286,0,310,0,72.221181
5335,101698,0,762867,13.331026,0.000000,2.034915,,0.968486,0,310,0,72.226387
5336,101698,0,762867,13.331026,0.000000,0.021124,non_zero_exit,0.968309,0,310,0,72.212854
5337,101698,0,762867,13.331026,0.000000,0.028803,,0.968133,0,310,0,72.218059
5338,101698,0,762867,13.331026,0.000000,0.023520,non_zero_exit,0.967956,0,310,0,72.204533
5339,101698,0,762867,13.331026,0.000000,2.835618,,0.968305,0,310,0,72.209738
5340,101698,0,762867,13.331026,0.000000,0.022448,non_zero_exit,0.968128,0,310,0,72.196218
5341,101698,0,762867,13.331026,0.000000,0.031605,,0.967953,0,310,0,72.201423
5342,101698,0,762867,13.331026,0.000000,0.024209,non_zero_exit,0.967776,0,310,0,72.187909
5343,101698,0,762867,13.331026,0.000000,2.034252,,0.967976,0,310,0,72.193114
5344,101698,0,762867,13.331026,0.000000,0.533830,,0.967895,0,310,0,72.198316
5345,101698,0,762867,13.331026,0.000000,0.022881,non_zero_exit,0.967718,0,310,0,72.184811
5346,101701,3,762867,13.331420,0.000393,1.006648,,0.967725,0,310,0,72.190013
5347,101701,0,762867,13.331420,0.000000,0.032981,,0.967550,0,310,0,72.195213
5348,101701,0,762867,13.331420,0.000000,1.538561,,0.967657,0,310,0,72.200411
5349,101701,0,762867,13.331420,0.000000,0.022456,non_zero_exit,0.967480,0,310,0,72.186916
5350,101701,0,762867,13.331420,0.000000,0.031062,,0.967305,0,310,0,72.192114
5351,101701,0,762867,13.331420,0.000000,0.023951,non_zero_exit,0.967129,0,310,0,72.178625
5352,101701,0,762867,13.331420,0.000000,1.029107,,0.967141,0,310,0,72.183822
5353,101701,0,762867,13.331420,0.000000,0.030230,,0.966966,0,310,0,72.189018
5354,101701,0,762867,13.331420,0.000000,2.029927,,0.967164,0,310,0,72.194211
5355,101701,0,762867,13.331420,0.000000,0.024612,non_zero_exit,0.966988,0,310,0,72.180732
5356,101701,0,762867,13.331420,0.000000,1.030366,,0.967000,0,310,0,72.185925
5357,101701,0,762867,13.331420,0.000000,0.029841,,0.966825,0,310,0,72.191116
5358,101701,0,762867,13.331420,0.000000,2.028967,non_zero_exit,0.967023,0,310,0,72.177645
5359,101701,0,762867,13.331420,0.000000,0.032812,,0.966849,0,310,0,72.182836
5360,101701,0,762867,13.331420,0.000000,0.026848,,0.966674,0,310,0,72.188025
5361,101701,0,762867,13.331420,0.000000,1.031439,non_zero_exit,0.966686,0,310,0,72.174562
5362,101701,0,762867,13.331420,0.000000,5.003672,timeout,0.967439,0,311,0,72.161104
5363,101701,0,762867,13.331420,0.000000,5.004768,timeout,0.968191,0,312,0,72.147651
5364,101701,0,762867,13.331420,0.000000,1.036105,,0.968204,0,312,0,72.152842
5365,101701,0,762867,13.331420,0.000000,1.038009,,0.968217,0,312,0,72.158032
5366,101702,1,762867,13.331551,0.000131,1.028389,,0.968228,0,312,0,72.163220
5367,101702,0,762867,13.331551,0.000000,0.032214,,0.968054,0,312,0,72.168405
5368,101702,0,762867,13.331551,0.000000,0.021316,non_zero_exit,0.967877,0,312,0,72.154964
5369,101702,0,762867,13.331551,0.000000,0.335497,,0.967760,0,312,0,72.160149
5370,101707,5,762867,13.332206,0.000655,0.028926,,0.967585,0,312,0,72.165332
5371,101707,0,762867,13.332206,0.000000,1.030138,,0.967597,0,312,0,72.170514
5372,101707,0,762867,13.332206,0.000000,1.029434,,0.967608,0,312,0,72.175693
5373,101707,0,762867,13.332206,0.000000,0.033751,,0.967434,0,312,0,72.180871
5374,101707,0,762867,13.332206,0.000000,0.029142,,0.967260,0,312,0,72.186047
5375,101707,0,762867,13.332206,0.000000,0.022894,non_zero_exit,0.967084,0,312,0,72.172619
5376,101707,0,762867,13.332206,0.000000,1.036529,,0.967097,0,312,0,72.177794
5377,101707,0,762867,13.332206,0.000000,0.025349,non_zero_exit,0.966922,0,312,0,72.164373
5378,101707,0,762867,13.332206,0.000000,1.030619,,0.966934,0,312,0,72.169548
5379,101707,0,762867,13.332206,0.000000,0.036026,,0.966761,0,312,0,72.174721
5380,101707,0,762867,13.332206,0.000000,1.030458,,0.966773,0,312,0,72.179892
5381,101707,0,762867,13.332206,0.000000,0.028092,,0.966598,0,312,0,72.185061
5382,101707,0,762867,13.332206,0.000000,0.022563,non_zero_exit,0.966423,0,312,0,72.171651
5383,101708,1,762867,13.332337,0.000131,3.038052,non_zero_exit,0.966808,0,312,0,72.158247
5384,101717,9,762867,13.333517,0.001180,2.032547,,0.967005,0,312,0,72.163417
5385,101717,0,762867,13.333517,0.000000,5.004292,timeout,0.967755,0,313,0,72.150019
5386,101721,4,762867,13.334041,0.000524,0.934076,,0.967749,0,313,0,72.155188
5387,101721,0,762867,13.334041,0.000000,0.030730,,0.967575,0,313,0,72.160356
5388,101726,5,762867,13.334697,0.000655,5.008015,timeout,0.968325,0,314,0,72.146966
5389,101726,0,762867,13.334697,0.000000,3.034399,,0.968708,0,314,0,72.152134
5390,101726,0,762867,13.334697,0.000000,1.036753,,0.968721,0,314,0,72.157299
5391,101727,1,762867,13.334828,0.000131,1.029230,,0.968732,0,314,0,72.162463
5392,101727,0,762867,13.334828,0.000000,2.539100,,0.969023,0,314,0,72.167625
5393,101727,0,762867,13.334828,0.000000,0.025742,,0.968848,0,314,0,72.172785
5394,101727,0,762867,13.334828,0.000000,2.032323,,0.969045,0,314,0,72.177943
5395,101727,0,762867,13.334828,0.000000,0.033695,,0.968872,0,314,0,72.183099
5396,101727,0,762867,13.334828,0.000000,0.028358,,0.968698,0,314,0,72.188253
5397,101727,0,762867,13.334828,0.000000,3.029627,,0.969079,0,314,0,72.193405
5398,101727,0,762867,13.334828,0.000000,0.030082,,0.968905,0,314,0,72.198555
5399,101727,0,762867,13.334828,0.000000,0.029085,,0.968731,0,314,0,72.203704
5400,101727,0,762867,13.334828,0.000000,0.033456,,0.968558,0,314,0,72.208850
5401,101727,0,762867,13.334828,0.000000,1.033789,,0.968570,0,314,0,72.213995
5402,101727,0,762867,13.334828,0.000000,0.030300,,0.968397,0,314,0,72.219138
5403,101727,0,762867,13.334828,0.000000,5.004657,timeout,0.969144,0,315,0,72.205774
5404,101727,0,762867,13.334828,0.000000,0.030903,,0.968970,0,315,0,72.210916
5405,101727,0,762867,13.334828,0.000000,1.028947,,0.968981,0,315,0,72.216056
5406,101727,0,762867,13.334828,0.000000,3.037187,,0.969364,0,315,0,72.221195
5407,101727,0,762867,13.334828,0.000000,0.032788,,0.969190,0,315,0,72.226331
5408,101728,1,762867,13.334959,0.000131,1.030766,,0.969202,0,315,0,72.231466
5409,101728,0,762867,13.334959,0.000000,0.032104,,0.969029,0,315,0,72.236599
5410,101728,0,762867,13.334959,0.000000,1.531367,,0.969133,0,315,0,72.241730
5411,101728,0,762867,13.334959,0.000000,0.029031,,0.968959,0,315,0,72.246859
5412,101728,0,762867,13.334959,0.000000,0.031707,,0.968786,0,315,0,72.251986
5413,101728,0,762867,13.334959,0.000000,0.032363,,0.968613,0,315,0,72.257111
5414,101728,0,762867,13.334959,0.000000,0.034358,,0.968440,0,315,0,72.262235
5415,101728,0,762867,13.334959,0.000000,0.029083,,0.968267,0,315,0,72.267356
5416,101728,0,762867,13.334959,0.000000,1.037556,,0.968280,0,315,0,72.272476
5417,101728,0,762867,13.334959,0.000000,0.231009,,0.968143,0,315,0,72.277593
5418,101728,0,762867,13.334959,0.000000,0.027027,,0.967970,0,315,0,72.282709
5419,101728,0,762867,13.334959,0.000000,0.032843,,0.967797,0,315,0,72.287823
5420,101728,0,762867,13.334959,0.000000,0.026574,non_zero_exit,0.967624,0,315,0,72.274488
5421,101728,0,762867,13.334959,0.000000,1.532547,,0.967728,0,315,0,72.279602
5422,101728,0,762867,13.334959,0.000000,1.029804,,0.967739,0,315,0,72.284713
5423,101728,0,762867,13.334959,0.000000,0.030743,,0.967566,0,315,0,72.289823
5424,101728,0,762867,13.334959,0.000000,1.032078,,0.967578,0,315,0,72.294931
5425,101728,0,762867,13.334959,0.000000,1.032414,,0.967590,0,315,0,72.300037
5426,101728,0,762867,13.334959,0.000000,0.363443,,0.967479,0,315,0,72.305141
5427,101728,0,762867,13.334959,0.000000,2.234243,,0.967712,0,315,0,72.310243
5428,101728,0,762867,13.334959,0.000000,0.030462,,0.967540,0,315,0,72.315344
5429,101728,0,762867,13.334959,0.000000,0.022628,non_zero_exit,0.967366,0,315,0,72.302026
5430,101728,0,762867,13.334959,0.000000,0.027850,,0.967193,0,315,0,72.307126
5431,101728,0,762867,13.334959,0.000000,0.036433,,0.967021,0,315,0,72.312224
5432,101728,0,762867,13.334959,0.000000,1.028508,,0.967033,0,315,0,72.317320
5433,101728,0,762867,13.334959,0.000000,0.029829,,0.966860,0,315,0,72.322414
5434,101728,0,762867,13.334959,0.000000,0.024542,,0.966687,0,315,0,72.327507
5435,101728,0,762867,13.334959,0.000000,1.030201,,0.966699,0,315,0,72.332597
5436,101729,1,762867,13.335090,0.000131,2.035487,,0.966895,0,315,0,72.337686
5437,101730,1,762867,13.335221,0.000131,0.024164,non_zero_exit,0.966722,0,315,0,72.324384
5438,101730,0,762867,13.335221,0.000000,0.030899,,0.966550,0,315,0,72.329472
5439,101730,0,762867,13.335221,0.000000,3.035492,,0.966930,0,315,0,72.334559
5440,101730,0,762867,13.335221,0.000000,0.024385,,0.966757,0,315,0,72.339643
5441,101730,0,762867,13.335221,0.000000,1.029921,,0.966768,0,315,0,72.344726
5442,101730,0,762867,13.335221,0.000000,3.129266,,0.967166,0,315,0,72.349807
5443,101730,0,762867,13.335221,0.000000,3.038066,,0.967546,0,315,0,72.354886
5444,101730,0,762867,13.335221,0.000000,0.021026,non_zero_exit,0.967372,0,315,0,72.341598
5445,101730,0,762867,13.335221,0.000000,0.024331,non_zero_exit,0.967199,0,315,0,72.328314
5446,101730,0,762867,13.335221,0.000000,1.036714,,0.967212,0,315,0,72.333395
5447,101730,0,762867,13.335221,0.000000,0.027329,,0.967039,0,315,0,72.338473
5448,101730,0,762867,13.335221,0.000000,2.034415,,0.967235,0,315,0,72.343549
5449,101730,0,762867,13.335221,0.000000,3.036463,non_zero_exit,0.967615,0,315,0,72.330275
5450,101730,0,762867,13.335221,0.000000,1.041254,,0.967628,0,315,0,72.335351
5451,101731,1,762867,13.335352,0.000131,0.023111,non_zero_exit,0.967455,0,315,0,72.322084
5452,101731,0,762867,13.335352,0.000000,0.887941,,0.967441,0,315,0,72.327159
5453,101731,0,762867,13.335352,0.000000,1.037460,,0.967453,0,315,0,72.332233
5454,101731,0,762867,13.335352,0.000000,0.022228,non_zero_exit,0.967280,0,315,0,72.318973
5455,101731,0,762867,13.335352,0.000000,2.029030,,0.967475,0,315,0,72.324047
5456,101731,0,762867,13.335352,0.000000,1.037620,,0.967488,0,315,0,72.329119
5457,101731,0,762867,13.335352,0.000000,3.037206,,0.967867,0,315,0,72.334188
5458,101731,0,762867,13.335352,0.000000,3.031372,,0.968245,0,315,0,72.339256
5459,101731,0,762867,13.335352,0.000000,1.030479,,0.968256,0,315,0,72.344322
5460,101731,0,762867,13.335352,0.000000,2.314745,,0.968503,0,315,0,72.349387
5461,101731,0,762867,13.335352,0.000000,0.032310,,0.968331,0,315,0,72.354449
5462,101731,0,762867,13.335352,0.000000,0.029811,,0.968160,0,315,0,72.359509
5463,101731,0,762867,13.335352,0.000000,0.031670,,0.967988,0,315,0,72.364568
5464,101731,0,762867,13.335352,0.000000,0.026806,non_zero_exit,0.967816,0,315,0,72.351327
5465,101731,0,762867,13.335352,0.000000,1.037051,,0.967829,0,315,0,72.356385
5466,101731,0,762867,13.335352,0.000000,0.020819,non_zero_exit,0.967655,0,315,0,72.343150
5467,101731,0,762867,13.335352,0.000000,2.032830,,0.967850,0,315,0,72.348208
5468,101731,0,762867,13.335352,0.000000,0.025926,non_zero_exit,0.967678,0,315,0,72.334979
5469,101731,0,762867,13.335352,0.000000,1.029434,,0.967689,0,315,0,72.340037
5470,101731,0,762867,13.335352,0.000000,2.532306,,0.967975,0,315,0,72.345092
5471,101731,0,762867,13.335352,0.000000,0.026285,,0.967803,0,315,0,72.350146
5472,101731,0,762867,13.335352,0.000000,5.004138,timeout,0.968541,0,316,0,72.336927
5473,101732,1,762867,13.335483,0.000131,0.035300,,0.968370,0,316,0,72.341980
5474,101732,0,762867,13.335483,0.000000,1.902565,,0.968541,0,316,0,72.347032
5475,101732,0,762867,13.335483,0.000000,0.028140,,0.968369,0,316,0,72.352082
5476,101732,0,762867,13.335483,0.000000,2.027944,,0.968563,0,316,0,72.357130
5477,101732,0,762867,13.335483,0.000000,1.532747,non_zero_exit,0.968666,0,316,0,72.343921
5478,101732,0,762867,13.335483,0.000000,0.027843,,0.968494,0,316,0,72.348969
5479,101732,0,762867,13.335483,0.000000,0.032715,,0.968323,0,316,0,72.354015
5480,101732,0,762867,13.335483,0.000000,1.031441,,0.968335,0,316,0,72.359059
5481,101732,0,762867,13.335483,0.000000,4.533709,,0.968985,0,316,0,72.364101
5482,101739,7,762867,13.336401,0.000918,0.036683,,0.968815,0,316,0,72.369141
5483,101739,0,762867,13.336401,0.000000,1.030102,,0.968826,0,316,0,72.374179
5484,101739,0,762867,13.336401,0.000000,0.030405,,0.968655,0,316,0,72.379216
5485,101739,0,762867,13.336401,0.000000,0.022485,non_zero_exit,0.968483,0,316,0,72.366023
5486,101739,0,762867,13.336401,0.000000,0.023650,non_zero_exit,0.968310,0,316,0,72.352834
5487,101739,0,762867,13.336401,0.000000,5.005449,timeout,0.969046,0,317,0,72.339650
5488,101739,0,762867,13.336401,0.000000,0.028833,,0.968875,0,317,0,72.344689
5489,101749,10,762867,13.337712,0.001311,0.331958,,0.968759,0,317,0,72.349727
5490,101749,0,762867,13.337712,0.000000,0.027019,,0.968587,0,317,0,72.354762
5491,101749,0,762867,13.337712,0.000000,2.031638,,0.968781,0,317,0,72.359796
5492,101749,0,762867,13.337712,0.000000,5.007156,timeout,0.969516,0,318,0,72.346623
5493,101749,0,762867,13.337712,0.000000,1.036683,,0.969528,0,318,0,72.351656
5494,101749,0,762867,13.337712,0.000000,1.033070,,0.969540,0,318,0,72.356688
5495,101749,0,762867,13.337712,0.000000,0.023646,non_zero_exit,0.969368,0,318,0,72.343523
5496,101749,0,762867,13.337712,0.000000,2.029060,,0.969560,0,318,0,72.348554
5497,101749,0,762867,13.337712,0.000000,1.033158,,0.969572,0,318,0,72.353583
5498,101750,1,762867,13.337843,0.000131,1.033886,,0.969584,0,318,0,72.358611
5499,101750,0,762867,13.337843,0.000000,0.033351,,0.969413,0,318,0,72.363636
5500,101750,0,762867,13.337843,0.000000,1.730957,,0.969552,0,318,0,72.368660
5501,101750,0,762867,13.337843,0.000000,0.022368,non_zero_exit,0.969380,0,318,0,72.355507
5502,101750,0,762867,13.337843,0.000000,0.024595,non_zero_exit,0.969208,0,318,0,72.342359
5503,101750,0,762867,13.337843,0.000000,1.031157,,0.969219,0,318,0,72.347384
5504,101814,64,762867,13.346232,0.008389,0.026070,,0.969048,0,318,0,72.352407
5505,101814,0,762867,13.346232,0.000000,0.022181,non_zero_exit,0.968876,0,318,0,72.339266
5506,101814,0,762867,13.346232,0.000000,3.035315,,0.969251,0,318,0,72.344289
5507,101814,0,762867,13.346232,0.000000,0.030219,,0.969081,0,318,0,72.349310
5508,101814,0,762867,13.346232,0.000000,0.032326,,0.968911,0,318,0,72.354329
5509,101814,0,762867,13.346232,0.000000,1.040685,,0.968924,0,318,0,72.359347
5510,101814,0,762867,13.346232,0.000000,0.024151,non_zero_exit,0.968752,0,318,0,72.346217
5511,101814,0,762867,13.346232,0.000000,0.021696,,0.968580,0,318,0,72.351234
5512,101814,0,762867,13.346232,0.000000,0.021500,non_zero_exit,0.968409,0,318,0,72.338110
5513,101814,0,762867,13.346232,0.000000,0.024126,non_zero_exit,0.968237,0,318,0,72.324991
5514,101814,0,762867,13.346232,0.000000,1.030265,non_zero_exit,0.968249,0,318,0,72.311877
5515,101814,0,762867,13.346232,0.000000,1.030290,,0.968260,0,318,0,72.316896
5516,102038,224,762867,13.375595,0.029363,1.370119,,0.968333,0,318,0,72.321914
5517,102038,0,762867,13.375595,0.000000,1.033667,,0.968345,0,318,0,72.326930
5518,102038,0,762867,13.375595,0.000000,0.027271,,0.968174,0,318,0,72.331944
5519,102038,0,762867,13.375595,0.000000,3.034324,,0.968548,0,318,0,72.336957
5520,102038,0,762867,13.375595,0.000000,5.003880,timeout,0.969279,0,319,0,72.323854
5521,102038,0,762867,13.375595,0.000000,4.039423,,0.969835,0,319,0,72.328866
5522,102038,0,762867,13.375595,0.000000,0.027671,,0.969665,0,319,0,72.333877
5523,102038,0,762867,13.375595,0.000000,1.133061,,0.969694,0,319,0,72.338885
5524,102038,0,762867,13.375595,0.000000,3.031406,,0.970067,0,319,0,72.343891
5525,102038,0,762867,13.375595,0.000000,1.035555,,0.970079,0,319,0,72.348896
5526,102038,0,762867,13.375595,0.000000,2.039785,,0.970273,0,319,0,72.353899
5527,102038,0,762867,13.375595,0.000000,0.036153,,0.970104,0,319,0,72.358900
5528,102038,0,762867,13.375595,0.000000,0.042853,,0.969936,0,319,0,72.363899
5529,102038,0,762867,13.375595,0.000000,0.024546,non_zero_exit,0.969765,0,319,0,72.350814
5530,102038,0,762867,13.375595,0.000000,0.032187,,0.969596,0,319,0,72.355813
5531,102038,0,762867,13.375595,0.000000,0.027540,,0.969425,0,319,0,72.360810
5532,102038,0,762867,13.375595,0.000000,0.023228,non_zero_exit,0.969254,0,319,0,72.347732
5533,102038,0,762867,13.375595,0.000000,0.030197,,0.969085,0,319,0,72.352729
5534,102038,0,762867,13.375595,0.000000,2.026527,,0.969276,0,319,0,72.357724
5535,102038,0,762867,13.375595,0.000000,2.032669,,0.969468,0,319,0,72.362717
5536,102038,0,762867,13.375595,0.000000,3.034348,,0.969841,0,319,0,72.367708
5537,102038,0,762867,13.375595,0.000000,0.022147,non_zero_exit,0.969670,0,319,0,72.354641
5538,102038,0,762867,13.375595,0.000000,1.035356,,0.969681,0,319,0,72.359632
5539,102038,0,762867,13.375595,0.000000,0.031831,,0.969512,0,319,0,72.364621
5540,102038,0,762867,13.375595,0.000000,0.036677,,0.969344,0,319,0,72.369608
5541,102038,0,762867,13.375595,0.000000,0.031895,,0.969175,0,319,0,72.374594
5542,102038,0,762867,13.375595,0.000000,1.030536,,0.969186,0,319,0,72.379578
5543,102038,0,762867,13.375595,0.000000,1.030171,,0.969197,0,319,0,72.384560
5544,102038,0,762867,13.375595,0.000000,1.032143,,0.969208,0,319,0,72.389540
5545,102038,0,762867,13.375595,0.000000,5.007907,timeout,0.969936,0,320,0,72.376488
5546,102038,0,762867,13.375595,0.000000,0.029127,,0.969767,0,320,0,72.381467
5547,102038,0,762867,13.375595,0.000000,2.035167,,0.969959,0,320,0,72.386446
5548,102038,0,762867,13.375595,0.000000,1.031412,,0.969970,0,320,0,72.391422
5549,102038,0,762867,13.375595,0.000000,5.004307,timeout,0.970697,0,321,0,72.378378
5550,102038,0,762867,13.375595,0.000000,0.717910,,0.970651,0,321,0,72.383354
5551,102038,0,762867,13.375595,0.000000,1.031167,,0.970662,0,321,0,72.388329
5552,102038,0,762867,13.375595,0.000000,0.032664,,0.970493,0,321,0,72.393301
5553,102038,0,762867,13.375595,0.000000,0.022359,non_zero_exit,0.970322,0,321,0,72.380266
5554,102038,0,762867,13.375595,0.000000,0.030889,,0.970153,0,321,0,72.385239
5555,102038,0,762867,13.375595,0.000000,3.030333,non_zero_exit,0.970524,0,321,0,72.372210
5556,102038,0,762867,13.375595,0.000000,0.033918,,0.970356,0,321,0,72.377182
5557,102038,0,762867,13.375595,0.000000,0.022915,non_zero_exit,0.970185,0,321,0,72.364160
5558,102038,0,762867,13.375595,0.000000,1.031687,,0.970196,0,321,0,72.369131
5559,102038,0,762867,13.375595,0.000000,0.030373,,0.970027,0,321,0,72.374101
5560,102038,0,762867,13.375595,0.000000,2.032812,,0.970218,0,321,0,72.379069
5561,102038,0,762867,13.375595,0.000000,0.027688,,0.970049,0,321,0,72.384035
5562,102038,0,762867,13.375595,0.000000,1.027955,,0.970059,0,321,0,72.388999
5563,102038,0,762867,13.375595,0.000000,0.031379,,0.969890,0,321,0,72.393961
5564,102038,0,762867,13.375595,0.000000,1.030746,,0.969901,0,321,0,72.398922
5565,102038,0,762867,13.375595,0.000000,1.033822,non_zero_exit,0.969913,0,321,0,72.385914
5566,102038,0,762867,13.375595,0.000000,0.529630,,0.969834,0,321,0,72.390875
5567,102038,0,762867,13.375595,0.000000,0.021964,non_zero_exit,0.969664,0,321,0,72.377874
5568,102038,0,762867,13.375595,0.000000,4.031741,,0.970213,0,321,0,72.382834
5569,102038,0,762867,13.375595,0.000000,0.030975,,0.970045,0,321,0,72.387792
5570,102038,0,762867,13.375595,0.000000,1.027016,,0.970055,0,321,0,72.392748
5571,102038,0,762867,13.375595,0.000000,0.027835,non_zero_exit,0.969886,0,321,0,72.379756
5572,102038,0,762867,13.375595,0.000000,0.028536,,0.969717,0,321,0,72.384712
5573,102038,0,762867,13.375595,0.000000,0.039933,,0.969550,0,321,0,72.389666
5574,102038,0,762867,13.375595,0.000000,5.004482,timeout,0.970274,0,322,0,72.376682
5575,102038,0,762867,13.375595,0.000000,1.035143,,0.970286,0,322,0,72.381636
5576,102038,0,762867,13.375595,0.000000,1.029473,,0.970296,0,322,0,72.386588
5577,102038,0,762867,13.375595,0.000000,1.033643,,0.970308,0,322,0,72.391538
5578,102039,1,762867,13.375726,0.000131,0.021849,non_zero_exit,0.970138,0,322,0,72.378562
5579,102039,0,762867,13.375726,0.000000,0.032803,,0.969970,0,322,0,72.383513
5580,102039,0,762867,13.375726,0.000000,1.031486,,0.969981,0,322,0,72.388461
5581,102039,0,762867,13.375726,0.000000,2.034094,,0.970171,0,322,0,72.393407
5582,102039,0,762867,13.375726,0.000000,0.031363,,0.970003,0,322,0,72.398352
5583,102039,0,762867,13.375726,0.000000,0.031307,,0.969835,0,322,0,72.403295
5584,102039,0,762867,13.375726,0.000000,0.030412,,0.969667,0,322,0,72.408236
5585,102042,3,762867,13.376119,0.000393,1.048026,,0.969681,0,322,0,72.413176
5586,102042,0,762867,13.376119,0.000000,1.033768,non_zero_exit,0.969692,0,322,0,72.400215
5587,102042,0,762867,13.376119,0.000000,3.026812,,0.970060,0,322,0,72.405154
5588,102042,0,762867,13.376119,0.000000,1.030726,,0.970071,0,322,0,72.410091
5589,102042,0,762867,13.376119,0.000000,1.032129,,0.970082,0,322,0,72.415027
5590,102042,0,762867,13.376119,0.000000,1.033737,,0.970094,0,322,0,72.419961
5591,102042,0,762867,13.376119,0.000000,0.023828,non_zero_exit,0.969925,0,322,0,72.407010
5592,102042,0,762867,13.376119,0.000000,2.029480,,0.970114,0,322,0,72.411944
5593,102042,0,762867,13.376119,0.000000,0.033106,,0.969946,0,322,0,72.416875
5594,102042,0,762867,13.376119,0.000000,0.025162,non_zero_exit,0.969778,0,322,0,72.403932
5595,102042,0,762867,13.376119,0.000000,0.026654,non_zero_exit,0.969609,0,322,0,72.390994
5596,102042,0,762867,13.376119,0.000000,0.030311,,0.969441,0,322,0,72.395926
5597,102042,0,762867,13.376119,0.000000,2.046054,,0.969634,0,322,0,72.400857
5598,102042,0,762867,13.376119,0.000000,1.030823,,0.969645,0,322,0,72.405787
5599,102042,0,762867,13.376119,0.000000,0.028417,,0.969476,0,322,0,72.410714
5600,102042,0,762867,13.376119,0.000000,0.021113,non_zero_exit,0.969307,0,322,0,72.397786
5601,102042,0,762867,13.376119,0.000000,2.535318,non_zero_exit,0.969587,0,322,0,72.384863
5602,102042,0,762867,13.376119,0.000000,0.022431,non_zero_exit,0.969418,0,322,0,72.371944
5603,102051,9,762867,13.377299,0.001180,0.025541,non_zero_exit,0.969249,0,322,0,72.359029
5604,102051,0,762867,13.377299,0.000000,0.024381,,0.969081,0,322,0,72.363961
5605,102051,0,762867,13.377299,0.000000,0.025986,non_zero_exit,0.968912,0,322,0,72.351052
5606,102051,0,762867,13.377299,0.000000,1.030368,,0.968923,0,322,0,72.355984
5607,102051,0,762867,13.377299,0.000000,0.533921,,0.968846,0,322,0,72.360913
5608,102051,0,762867,13.377299,0.000000,0.030382,,0.968678,0,322,0,72.365841
5609,102051,0,762867,13.377299,0.000000,1.028274,,0.968689,0,322,0,72.370766
5610,102051,0,762867,13.377299,0.000000,1.033166,,0.968701,0,322,0,72.375691
5611,102051,0,762867,13.377299,0.000000,3.037717,,0.969069,0,322,0,72.380613
5612,102051,0,762867,13.377299,0.000000,0.022531,non_zero_exit,0.968901,0,322,0,72.367718
5613,102051,0,762867,13.377299,0.000000,0.021821,non_zero_exit,0.968732,0,322,0,72.354827
5614,102051,0,762867,13.377299,0.000000,0.030371,,0.968565,0,322,0,72.359751
5615,102051,0,762867,13.377299,0.000000,0.525353,,0.968486,0,322,0,72.364672
5616,102051,0,762867,13.377299,0.000000,0.030041,,0.968319,0,322,0,72.369592
5617,102051,0,762867,13.377299,0.000000,0.028181,,0.968151,0,322,0,72.374511
5618,102051,0,762867,13.377299,0.000000,0.023250,non_zero_exit,0.967983,0,322,0,72.361630
5619,102051,0,762867,13.377299,0.000000,0.022179,non_zero_exit,0.967815,0,322,0,72.348754
5620,102051,0,762867,13.377299,0.000000,1.040045,,0.967828,0,322,0,72.353674
5621,102051,0,762867,13.377299,0.000000,3.030684,,0.968195,0,322,0,72.358591
5622,102058,7,762867,13.378217,0.000918,4.889522,,0.968892,0,322,0,72.363507
5623,102058,0,762867,13.378217,0.000000,3.036540,,0.969260,0,322,0,72.368421
5624,102058,0,762867,13.378217,0.000000,0.029556,,0.969093,0,322,0,72.373333
5625,102058,0,762867,13.378217,0.000000,1.033236,,0.969104,0,322,0,72.378244
5626,102058,0,762867,13.378217,0.000000,1.031459,,0.969115,0,322,0,72.383153
5627,102058,0,762867,13.378217,0.000000,1.039410,,0.969128,0,322,0,72.388060
5628,102058,0,762867,13.378217,0.000000,0.028932,non_zero_exit,0.968961,0,322,0,72.375200
5629,102058,0,762867,13.378217,0.000000,0.024505,non_zero_exit,0.968793,0,322,0,72.362345
5630,102058,0,762867,13.378217,0.000000,2.032932,,0.968982,0,322,0,72.367253
5631,102058,0,762867,13.378217,0.000000,0.030865,,0.968815,0,322,0,72.372159
5632,102058,0,762867,13.378217,0.000000,1.033494,,0.968827,0,322,0,72.377064
5633,102058,0,762867,13.378217,0.000000,0.030434,,0.968660,0,322,0,72.381967
5634,102058,0,762867,13.378217,0.000000,0.534042,,0.968583,0,322,0,72.386868
5635,102058,0,762867,13.378217,0.000000,0.025492,non_zero_exit,0.968416,0,322,0,72.374024
5636,102058,0,762867,13.378217,0.000000,5.003758,timeout,0.969132,0,323,0,72.361185
5637,102058,0,762867,13.378217,0.000000,3.037596,,0.969499,0,323,0,72.366087
5638,102058,0,762867,13.378217,0.000000,0.031207,non_zero_exit,0.969332,0,323,0,72.353254
5639,102058,0,762867,13.378217,0.000000,1.030999,,0.969343,0,323,0,72.358156
5640,102058,0,762867,13.378217,0.000000,5.004636,timeout,0.970058,0,324,0,72.345329
5641,102058,0,762867,13.378217,0.000000,0.034086,,0.969893,0,324,0,72.350230
5642,102058,0,762867,13.378217,0.000000,0.128083,,0.969743,0,324,0,72.355130
5643,102058,0,762867,13.378217,0.000000,2.028685,non_zero_exit,0.969931,0,324,0,72.342310
5644,102058,0,762867,13.378217,0.000000,0.022735,non_zero_exit,0.969763,0,324,0,72.329495
5645,102058,0,762867,13.378217,0.000000,0.021223,non_zero_exit,0.969595,0,324,0,72.316684
5646,102060,2,762867,13.378479,0.000262,0.022035,non_zero_exit,0.969427,0,324,0,72.303878
5647,102060,0,762867,13.378479,0.000000,1.036684,,0.969439,0,324,0,72.308782
5648,102060,0,762867,13.378479,0.000000,0.022027,non_zero_exit,0.969272,0,324,0,72.295982
5649,102060,0,762867,13.378479,0.000000,0.031220,,0.969106,0,324,0,72.300885
5650,102060,0,762867,13.378479,0.000000,1.030205,,0.969116,0,324,0,72.305787
5651,102060,0,762867,13.378479,0.000000,0.039725,,0.968952,0,324,0,72.310686
5652,102060,0,762867,13.378479,0.000000,1.027973,,0.968962,0,324,0,72.315585
5653,102060,0,762867,13.378479,0.000000,0.035415,,0.968797,0,324,0,72.320481
5654,102060,0,762867,13.378479,0.000000,1.031379,,0.968808,0,324,0,72.325376
5655,102060,0,762867,13.378479,0.000000,0.035296,,0.968643,0,324,0,72.330269
5656,102060,0,762867,13.378479,0.000000,0.023846,non_zero_exit,0.968476,0,324,0,72.317483
5657,102060,0,762867,13.378479,0.000000,1.046331,,0.968490,0,324,0,72.322375
5658,102060,0,762867,13.378479,0.000000,0.032675,,0.968325,0,324,0,72.327266
5659,102060,0,762867,13.378479,0.000000,0.029586,,0.968159,0,324,0,72.332155
5660,102060,0,762867,13.378479,0.000000,0.023634,non_zero_exit,0.967992,0,324,0,72.319378
5661,102060,0,762867,13.378479,0.000000,3.524153,,0.968443,0,324,0,72.324267
5662,102060,0,762867,13.378479,0.000000,0.021812,non_zero_exit,0.968276,0,324,0,72.311496
5663,102060,0,762867,13.378479,0.000000,0.029858,,0.968111,0,324,0,72.316384
5664,102061,1,762867,13.378610,0.000131,0.023725,non_zero_exit,0.967944,0,324,0,72.303619
5665,102061,0,762867,13.378610,0.000000,5.004602,timeout,0.968656,0,325,0,72.290858
5666,102061,0,762867,13.378610,0.000000,0.027061,non_zero_exit,0.968490,0,325,0,72.278101
5667,102061,0,762867,13.378610,0.000000,1.035045,,0.968502,0,325,0,72.282992
5668,102061,0,762867,13.378610,0.000000,0.024281,non_zero_exit,0.968335,0,325,0,72.270242
5669,102061,0,762867,13.378610,0.000000,1.033097,,0.968347,0,325,0,72.275132
5670,102061,0,762867,13.378610,0.000000,2.032577,,0.968534,0,325,0,72.280021
5671,102061,0,762867,13.378610,0.000000,2.034461,,0.968722,0,325,0,72.284908
5672,102061,0,762867,13.378610,0.000000,2.234558,,0.968945,0,325,0,72.289794
5673,102061,0,762867,13.378610,0.000000,0.024373,,0.968779,0,325,0,72.294677
5674,102061,0,762867,13.378610,0.000000,0.021601,non_zero_exit,0.968612,0,325,0,72.281938
5675,102061,0,762867,13.378610,0.000000,2.539932,,0.968889,0,325,0,72.286822
5676,102061,0,762867,13.378610,0.000000,0.027555,,0.968723,0,325,0,72.291703
5677,102064,3,762867,13.379003,0.000393,1.029101,,0.968734,0,325,0,72.296583
5678,102064,0,762867,13.379003,0.000000,0.030266,,0.968569,0,325,0,72.301462
5679,102064,0,762867,13.379003,0.000000,0.022288,non_zero_exit,0.968402,0,325,0,72.288732
5680,102064,0,762867,13.379003,0.000000,0.034034,,0.968237,0,325,0,72.293610
5681,102064,0,762867,13.379003,0.000000,1.532541,,0.968337,0,325,0,72.298486
5682,102064,0,762867,13.379003,0.000000,5.006589,timeout,0.969047,0,326,0,72.285765
5683,102064,0,762867,13.379003,0.000000,5.004857,timeout,0.969757,0,327,0,72.273047
5684,102064,0,762867,13.379003,0.000000,0.022492,non_zero_exit,0.969591,0,327,0,72.260334
5685,102064,0,762867,13.379003,0.000000,0.033061,,0.969426,0,327,0,72.265213
5686,102064,0,762867,13.379003,0.000000,0.028884,,0.969261,0,327,0,72.270090
5687,102064,0,762867,13.379003,0.000000,1.032305,,0.969272,0,327,0,72.274965
5688,102064,0,762867,13.379003,0.000000,2.042272,,0.969460,0,327,0,72.279838
5689,102064,0,762867,13.379003,0.000000,1.036348,,0.969472,0,327,0,72.284710
5690,102064,0,762867,13.379003,0.000000,1.027626,,0.969482,0,327,0,72.289580
5691,102064,0,762867,13.379003,0.000000,3.041172,,0.969846,0,327,0,72.294448
5692,102064,0,762867,13.379003,0.000000,2.532559,,0.970121,0,327,0,72.299315
5693,102064,0,762867,13.379003,0.000000,2.051124,,0.970311,0,327,0,72.304180
5694,102064,0,762867,13.379003,0.000000,0.026894,non_zero_exit,0.970145,0,327,0,72.291484
5695,102064,0,762867,13.379003,0.000000,0.036661,,0.969981,0,327,0,72.296348
5696,102064,0,762867,13.379003,0.000000,0.534375,,0.969905,0,327,0,72.301211
5697,102064,0,762867,13.379003,0.000000,0.024655,non_zero_exit,0.969739,0,327,0,72.288522
5698,102064,0,762867,13.379003,0.000000,0.030501,,0.969574,0,327,0,72.293385
5699,102064,0,762867,13.379003,0.000000,0.439242,,0.969481,0,327,0,72.298246
5700,102064,0,762867,13.379003,0.000000,5.003515,timeout,0.970188,0,328,0,72.285564
5701,102064,0,762867,13.379003,0.000000,0.033237,,0.970024,0,328,0,72.290424
5702,102064,0,762867,13.379003,0.000000,0.330414,,0.969912,0,328,0,72.295283
5703,102064,0,762867,13.379003,0.000000,0.131792,,0.969765,0,328,0,72.300140
5704,102064,0,762867,13.379003,0.000000,5.004401,timeout,0.970472,0,329,0,72.287467
5705,102064,0,762867,13.379003,0.000000,1.031975,,0.970483,0,329,0,72.292324
5706,102064,0,762867,13.379003,0.000000,0.025513,,0.970317,0,329,0,72.297179
5707,102064,0,762867,13.379003,0.000000,1.031248,,0.970328,0,329,0,72.302032
5708,102064,0,762867,13.379003,0.000000,0.031620,,0.970164,0,329,0,72.306884
5709,102064,0,762867,13.379003,0.000000,0.031430,,0.969999,0,329,0,72.311734
5710,102064,0,762867,13.379003,0.000000,0.974328,,0.970000,0,329,0,72.316582
5711,102064,0,762867,13.379003,0.000000,0.029466,,0.969835,0,329,0,72.321429
5712,102064,0,762867,13.379003,0.000000,1.029894,,0.969846,0,329,0,72.326273
5713,102064,0,762867,13.379003,0.000000,1.038516,,0.969858,0,329,0,72.331117
5714,102064,0,762867,13.379003,0.000000,0.029983,,0.969694,0,329,0,72.335958
5715,102064,0,762867,13.379003,0.000000,0.031705,,0.969529,0,329,0,72.340798
5716,102064,0,762867,13.379003,0.000000,0.034840,,0.969366,0,329,0,72.345636
5717,102064,0,762867,13.379003,0.000000,3.032696,,0.969727,0,329,0,72.350472
5718,102064,0,762867,13.379003,0.000000,1.031314,,0.969738,0,329,0,72.355307
5719,102069,5,762867,13.379659,0.000655,0.027764,non_zero_exit,0.969573,0,329,0,72.342657
5720,102069,0,762867,13.379659,0.000000,0.537851,,0.969497,0,329,0,72.347492
5721,102069,0,762867,13.379659,0.000000,3.532210,non_zero_exit,0.969945,0,329,0,72.334848
5722,102069,0,762867,13.379659,0.000000,1.029534,,0.969956,0,329,0,72.339682
5723,102069,0,762867,13.379659,0.000000,0.029223,,0.969791,0,329,0,72.344514
5724,102069,0,762867,13.379659,0.000000,1.032724,,0.969802,0,329,0,72.349345
5725,102069,0,762867,13.379659,0.000000,0.022066,non_zero_exit,0.969637,0,329,0,72.336710
5726,102070,1,762867,13.379790,0.000131,0.024329,non_zero_exit,0.969472,0,329,0,72.324079
5727,102070,0,762867,13.379790,0.000000,2.531725,,0.969744,0,329,0,72.328911
5728,102070,0,762867,13.379790,0.000000,0.032279,,0.969581,0,329,0,72.333741
5729,102070,0,762867,13.379790,0.000000,5.004251,timeout,0.970285,0,330,0,72.321117
5730,102070,0,762867,13.379790,0.000000,1.036503,,0.970297,0,330,0,72.325947
5731,102070,0,762867,13.379790,0.000000,1.030884,,0.970307,0,330,0,72.330775
5732,102070,0,762867,13.379790,0.000000,0.024122,non_zero_exit,0.970142,0,330,0,72.318158
5733,102070,0,762867,13.379790,0.000000,3.035016,,0.970502,0,330,0,72.322986
5734,102073,3,762867,13.380183,0.000393,2.040651,,0.970689,0,330,0,72.327812
5735,102073,0,762867,13.380183,0.000000,1.030747,,0.970699,0,330,0,72.332636
5736,102074,1,762867,13.380314,0.000131,0.021500,non_zero_exit,0.970534,0,330,0,72.320028
5737,102074,0,762867,13.380314,0.000000,0.227908,,0.970404,0,330,0,72.324852
5738,102074,0,762867,13.380314,0.000000,2.532027,,0.970676,0,330,0,72.329674
5739,102074,0,762867,13.380314,0.000000,0.024117,non_zero_exit,0.970512,0,330,0,72.317073
5740,102074,0,762867,13.380314,0.000000,1.031109,,0.970522,0,330,0,72.321895
5741,102074,0,762867,13.380314,0.000000,0.034254,,0.970359,0,330,0,72.326715
5742,102074,0,762867,13.380314,0.000000,3.041654,,0.970720,0,330,0,72.331534
5743,102074,0,762867,13.380314,0.000000,5.004643,timeout,0.971422,0,331,0,72.318942
5744,102074,0,762867,13.380314,0.000000,3.028904,,0.971780,0,331,0,72.323760
5745,102074,0,762867,13.380314,0.000000,1.032080,,0.971791,0,331,0,72.328576
5746,102074,0,762867,13.380314,0.000000,1.030088,,0.971801,0,331,0,72.333391
5747,102074,0,762867,13.380314,0.000000,1.029407,,0.971811,0,331,0,72.338205
5748,102118,44,762867,13.386082,0.005768,1.031697,,0.971821,0,331,0,72.343016
5749,102118,0,762867,13.386082,0.000000,0.028188,,0.971657,0,331,0,72.347826
5750,102118,0,762867,13.386082,0.000000,0.039634,,0.971495,0,331,0,72.352634
5751,102118,0,762867,13.386082,0.000000,0.029221,,0.971331,0,331,0,72.357441
5752,102118,0,762867,13.386082,0.000000,0.022691,non_zero_exit,0.971166,0,331,0,72.344864
5753,102118,0,762867,13.386082,0.000000,1.031622,,0.971177,0,331,0,72.349670
5754,102118,0,762867,13.386082,0.000000,0.130617,,0.971031,0,331,0,72.354474
5755,102118,0,762867,13.386082,0.000000,0.029433,,0.970867,0,331,0,72.359277
5756,102118,0,762867,13.386082,0.000000,0.031964,,0.970704,0,331,0,72.364079
5757,102118,0,762867,13.386082,0.000000,1.028510,,0.970714,0,331,0,72.368878
5758,102118,0,762867,13.386082,0.000000,5.007792,timeout,0.971415,0,332,0,72.356312
5759,102118,0,762867,13.386082,0.000000,0.028796,,0.971252,0,332,0,72.361111
5760,102118,0,762867,13.386082,0.000000,1.029902,,0.971262,0,332,0,72.365909
5761,102118,0,762867,13.386082,0.000000,1.031508,,0.971272,0,332,0,72.370705
5762,102118,0,762867,13.386082,0.000000,1.029619,,0.971282,0,332,0,72.375499
5763,102119,1,762867,13.386213,0.000131,0.024333,,0.971118,0,332,0,72.380291
5764,102119,0,762867,13.386213,0.000000,3.034594,,0.971476,0,332,0,72.385082
5765,102119,0,762867,13.386213,0.000000,5.004732,timeout,0.972175,0,333,0,72.372529
5766,102119,0,762867,13.386213,0.000000,0.022345,non_zero_exit,0.972011,0,333,0,72.359979
5767,102119,0,762867,13.386213,0.000000,2.030891,,0.972194,0,333,0,72.364771
5768,102119,0,762867,13.386213,0.000000,0.028524,,0.972031,0,333,0,72.369561
5769,102119,0,762867,13.386213,0.000000,0.542223,,0.971956,0,333,0,72.374350
5770,102119,0,762867,13.386213,0.000000,1.029530,,0.971966,0,333,0,72.379137
5771,102120,1,762867,13.386344,0.000131,0.835883,,0.971943,0,333,0,72.383922
5772,102120,0,762867,13.386344,0.000000,0.032331,,0.971780,0,333,0,72.388706
5773,102120,0,762867,13.386344,0.000000,0.021689,non_zero_exit,0.971615,0,333,0,72.376169
5774,102120,0,762867,13.386344,0.000000,0.022454,non_zero_exit,0.971451,0,333,0,72.363636
5775,102120,0,762867,13.386344,0.000000,1.039046,non_zero_exit,0.971463,0,333,0,72.351108
5776,102120,0,762867,13.386344,0.000000,1.038081,,0.971474,0,333,0,72.355894
5777,102135,15,762867,13.388310,0.001966,2.037884,,0.971659,0,333,0,72.360678
5778,102135,0,762867,13.388310,0.000000,1.147840,,0.971689,0,333,0,72.365461
5779,102135,0,762867,13.388310,0.000000,0.025189,non_zero_exit,0.971525,0,333,0,72.352941
5780,102135,0,762867,13.388310,0.000000,3.032697,,0.971882,0,333,0,72.357724
5781,102135,0,762867,13.388310,0.000000,0.023662,non_zero_exit,0.971718,0,333,0,72.345209
5782,102135,0,762867,13.388310,0.000000,1.000594,,0.971723,0,333,0,72.349991
5783,102135,0,762867,13.388310,0.000000,0.032851,,0.971561,0,333,0,72.354772
5784,102135,0,762867,13.388310,0.000000,1.037583,,0.971572,0,333,0,72.359551
5785,102135,0,762867,13.388310,0.000000,2.037241,,0.971756,0,333,0,72.364328
5786,102135,0,762867,13.388310,0.000000,0.031785,,0.971594,0,333,0,72.369103
5787,102135,0,762867,13.388310,0.000000,0.026573,non_zero_exit,0.971431,0,333,0,72.356600
5788,102135,0,762867,13.388310,0.000000,1.032166,,0.971441,0,333,0,72.361375
5789,102135,0,762867,13.388310,0.000000,5.003977,timeout,0.972138,0,334,0,72.348877
5790,102135,0,762867,13.388310,0.000000,1.028628,,0.972147,0,334,0,72.353652
5791,102135,0,762867,13.388310,0.000000,1.028041,,0.972157,0,334,0,72.358425
5792,102135,0,762867,13.388310,0.000000,3.534718,,0.972599,0,334,0,72.363197
5793,102135,0,762867,13.388310,0.000000,0.021809,non_zero_exit,0.972435,0,334,0,72.350708
5794,102135,0,762867,13.388310,0.000000,0.035483,,0.972274,0,334,0,72.355479
5795,102135,0,762867,13.388310,0.000000,3.029834,,0.972629,0,334,0,72.360248
5796,102135,0,762867,13.388310,0.000000,0.031655,,0.972466,0,334,0,72.365016
5797,102135,0,762867,13.388310,0.000000,1.030588,,0.972476,0,334,0,72.369783
5798,102135,0,762867,13.388310,0.000000,1.029447,,0.972486,0,334,0,72.374547
5799,102135,0,762867,13.388310,0.000000,0.022260,non_zero_exit,0.972322,0,334,0,72.362069
5800,102135,0,762867,13.388310,0.000000,3.030558,,0.972677,0,334,0,72.366833
5801,102135,0,762867,13.388310,0.000000,1.030371,,0.972687,0,334,0,72.371596
5802,102135,0,762867,13.388310,0.000000,5.003644,timeout,0.973382,0,335,0,72.359125
5803,102135,0,762867,13.388310,0.000000,0.021990,non_zero_exit,0.973218,0,335,0,72.346657
5804,102135,0,762867,13.388310,0.000000,0.031747,,0.973055,0,335,0,72.351421
5805,102135,0,762867,13.388310,0.000000,1.029489,,0.973065,0,335,0,72.356183
5806,102135,0,762867,13.388310,0.000000,1.026603,,0.973074,0,335,0,72.360944
5807,102135,0,762867,13.388310,0.000000,1.529154,,0.973170,0,335,0,72.365702
5808,102135,0,762867,13.388310,0.000000,1.031324,,0.973180,0,335,0,72.370460
5809,102135,0,762867,13.388310,0.000000,1.537671,,0.973277,0,335,0,72.375215
5810,102135,0,762867,13.388310,0.000000,1.028131,,0.973287,0,335,0,72.379969
5811,102135,0,762867,13.388310,0.000000,1.029737,,0.973297,0,335,0,72.384721
5812,102135,0,762867,13.388310,0.000000,5.004317,timeout,0.973990,0,336,0,72.372269
5813,102135,0,762867,13.388310,0.000000,2.537105,,0.974259,0,336,0,72.377021
5814,102135,0,762867,13.388310,0.000000,0.024731,non_zero_exit,0.974096,0,336,0,72.364574
5815,102135,0,762867,13.388310,0.000000,0.023746,non_zero_exit,0.973932,0,336,0,72.352132
5816,102135,0,762867,13.388310,0.000000,3.037944,,0.974287,0,336,0,72.356885
5817,102135,0,762867,13.388310,0.000000,0.033970,,0.974125,0,336,0,72.361636
5818,102161,26,762867,13.391718,0.003408,3.039695,,0.974480,0,336,0,72.366386
5819,102161,0,762867,13.391718,0.000000,1.029938,,0.974490,0,336,0,72.371134
5820,102161,0,762867,13.391718,0.000000,0.032160,,0.974328,0,336,0,72.375880
5821,102161,0,762867,13.391718,0.000000,1.034768,,0.974338,0,336,0,72.380625
5822,102161,0,762867,13.391718,0.000000,0.023384,non_zero_exit,0.974175,0,336,0,72.368195
5823,102161,0,762867,13.391718,0.000000,0.025654,,0.974012,0,336,0,72.372940
5824,102161,0,762867,13.391718,0.000000,0.739144,,0.973972,0,336,0,72.377682
5825,102161,0,762867,13.391718,0.000000,0.030101,,0.973810,0,336,0,72.382424
5826,102161,0,762867,13.391718,0.000000,0.032092,,0.973648,0,336,0,72.387163
5827,102161,0,762867,13.391718,0.000000,0.023524,non_zero_exit,0.973485,0,336,0,72.374743
5828,102163,2,762867,13.391981,0.000262,0.032170,,0.973324,0,336,0,72.379482
5829,102163,0,762867,13.391981,0.000000,5.004102,timeout,0.974015,0,337,0,72.367067
5830,102163,0,762867,13.391981,0.000000,0.031846,,0.973853,0,337,0,72.371806
5831,102167,4,762867,13.392505,0.000524,0.024851,non_zero_exit,0.973691,0,337,0,72.359396
5832,102169,2,762867,13.392767,0.000262,0.029636,,0.973529,0,337,0,72.364135
5833,102169,0,762867,13.392767,0.000000,0.026037,non_zero_exit,0.973367,0,337,0,72.351731
5834,102169,0,762867,13.392767,0.000000,0.036147,,0.973206,0,337,0,72.356470
5835,102169,0,762867,13.392767,0.000000,1.035632,,0.973217,0,337,0,72.361206
5836,102169,0,762867,13.392767,0.000000,1.035286,,0.973227,0,337,0,72.365941
5837,102169,0,762867,13.392767,0.000000,0.025579,non_zero_exit,0.973065,0,337,0,72.353546
5838,102169,0,762867,13.392767,0.000000,0.023719,non_zero_exit,0.972902,0,337,0,72.341154
5839,102169,0,762867,13.392767,0.000000,1.030751,,0.972912,0,337,0,72.345890
5840,102169,0,762867,13.392767,0.000000,0.024745,non_zero_exit,0.972750,0,337,0,72.333505
5841,102169,0,762867,13.392767,0.000000,0.534074,,0.972675,0,337,0,72.338240
5842,102169,0,762867,13.392767,0.000000,0.032921,,0.972514,0,337,0,72.342974
5843,102169,0,762867,13.392767,0.000000,3.033689,,0.972867,0,337,0,72.347707
5844,102169,0,762867,13.392767,0.000000,0.026494,non_zero_exit,0.972705,0,337,0,72.335329
5845,102169,0,762867,13.392767,0.000000,0.021782,non_zero_exit,0.972542,0,337,0,72.322956
5846,102169,0,762867,13.392767,0.000000,0.029027,,0.972381,0,337,0,72.327689
5847,102169,0,762867,13.392767,0.000000,1.034954,,0.972391,0,337,0,72.332421
5848,102169,0,762867,13.392767,0.000000,1.038716,,0.972403,0,337,0,72.337152
5849,102169,0,762867,13.392767,0.000000,0.027450,non_zero_exit,0.972241,0,337,0,72.324786
5850,102169,0,762867,13.392767,0.000000,0.058225,,0.972085,0,337,0,72.329516
5851,102169,0,762867,13.392767,0.000000,0.028276,,0.971924,0,337,0,72.334245
5852,102169,0,762867,13.392767,0.000000,1.035668,non_zero_exit,0.971935,0,337,0,72.321886
5853,102169,0,762867,13.392767,0.000000,0.022674,non_zero_exit,0.971772,0,337,0,72.309532
5854,102169,0,762867,13.392767,0.000000,0.034126,,0.971612,0,337,0,72.314261
5855,102169,0,762867,13.392767,0.000000,5.004605,timeout,0.972301,0,338,0,72.301913
5856,102169,0,762867,13.392767,0.000000,1.544844,,0.972399,0,338,0,72.306642
5857,102169,0,762867,13.392767,0.000000,0.021751,non_zero_exit,0.972236,0,338,0,72.294298
5858,102169,0,762867,13.392767,0.000000,1.034098,,0.972247,0,338,0,72.299027
5859,102169,0,762867,13.392767,0.000000,1.028625,,0.972257,0,338,0,72.303754
5860,102172,3,762867,13.393160,0.000393,1.042569,,0.972269,0,338,0,72.308480
5861,102172,0,762867,13.393160,0.000000,0.022023,non_zero_exit,0.972107,0,338,0,72.296145
5862,102172,0,762867,13.393160,0.000000,0.021801,non_zero_exit,0.971944,0,338,0,72.283814
5863,102173,1,762867,13.393291,0.000131,0.023027,non_zero_exit,0.971783,0,338,0,72.271487
5864,102173,0,762867,13.393291,0.000000,0.021653,non_zero_exit,0.971621,0,338,0,72.259165
5865,102173,0,762867,13.393291,0.000000,1.034855,,0.971631,0,338,0,72.263894
5866,102173,0,762867,13.393291,0.000000,2.029425,,0.971812,0,338,0,72.268621
5867,102173,0,762867,13.393291,0.000000,0.023014,non_zero_exit,0.971650,0,338,0,72.256305
5868,102173,0,762867,13.393291,0.000000,0.021682,non_zero_exit,0.971488,0,338,0,72.243994
5869,102173,0,762867,13.393291,0.000000,0.034728,,0.971329,0,338,0,72.248722
5870,102173,0,762867,13.393291,0.000000,0.023220,non_zero_exit,0.971167,0,338,0,72.236416
5871,102173,0,762867,13.393291,0.000000,1.035251,,0.971178,0,338,0,72.241144
5872,102173,0,762867,13.393291,0.000000,0.025374,,0.971017,0,338,0,72.245871
5873,102180,7,762867,13.394209,0.000918,5.084242,timeout,0.971717,0,339,0,72.233572
5874,102180,0,762867,13.394209,0.000000,0.024618,non_zero_exit,0.971556,0,339,0,72.221277
5875,102180,0,762867,13.394209,0.000000,0.022696,,0.971395,0,339,0,72.226004
5876,102180,0,762867,13.394209,0.000000,0.024596,non_zero_exit,0.971233,0,339,0,72.213714
5877,102180,0,762867,13.394209,0.000000,0.938227,,0.971228,0,339,0,72.218442
5878,102180,0,762867,13.394209,0.000000,1.030463,,0.971238,0,339,0,72.223167
5879,102180,0,762867,13.394209,0.000000,1.037162,,0.971249,0,339,0,72.227891
5880,102180,0,762867,13.394209,0.000000,1.028676,,0.971259,0,339,0,72.232614
5881,102180,0,762867,13.394209,0.000000,1.028338,,0.971269,0,339,0,72.237334
5882,102180,0,762867,13.394209,0.000000,0.028553,,0.971108,0,339,0,72.242053
5883,102180,0,762867,13.394209,0.000000,0.028839,,0.970948,0,339,0,72.246771
5884,102180,0,762867,13.394209,0.000000,1.038752,,0.970960,0,339,0,72.251487
5885,102192,12,762867,13.395782,0.001573,0.133014,,0.970817,0,339,0,72.256201
5886,102195,3,762867,13.396175,0.000393,5.003835,timeout,0.971502,0,340,0,72.243927
5887,102195,0,762867,13.396175,0.000000,0.024500,non_zero_exit,0.971342,0,340,0,72.231658
5888,102195,0,762867,13.396175,0.000000,0.029897,,0.971182,0,340,0,72.236373
5889,102195,0,762867,13.396175,0.000000,0.021665,non_zero_exit,0.971020,0,340,0,72.224109
5890,102195,0,762867,13.396175,0.000000,1.034495,non_zero_exit,0.971031,0,340,0,72.211849
5891,102195,0,762867,13.396175,0.000000,0.030371,,0.970872,0,340,0,72.216565
5892,102195,0,762867,13.396175,0.000000,0.022872,non_zero_exit,0.970711,0,340,0,72.204310
5893,102195,0,762867,13.396175,0.000000,0.031570,,0.970551,0,340,0,72.209026
5894,102195,0,762867,13.396175,0.000000,0.031279,,0.970392,0,340,0,72.213740
5895,102195,0,762867,13.396175,0.000000,0.027212,,0.970232,0,340,0,72.218453
5896,102195,0,762867,13.396175,0.000000,0.022712,non_zero_exit,0.970071,0,340,0,72.206207
5897,102195,0,762867,13.396175,0.000000,0.031001,,0.969912,0,340,0,72.210919
5898,102195,0,762867,13.396175,0.000000,0.023775,non_zero_exit,0.969752,0,340,0,72.198678
5899,102195,0,762867,13.396175,0.000000,3.040359,,0.970103,0,340,0,72.203390
5900,102195,0,762867,13.396175,0.000000,0.035488,,0.969944,0,340,0,72.208100
5901,102195,0,762867,13.396175,0.000000,0.034025,,0.969786,0,340,0,72.212809
5902,102212,17,762867,13.398404,0.002228,0.030440,,0.969627,0,340,0,72.217517
5903,102213,1,762867,13.398535,0.000131,0.024207,non_zero_exit,0.969467,0,340,0,72.205285
5904,102213,0,762867,13.398535,0.000000,0.035393,,0.969308,0,340,0,72.209992
5905,102213,0,762867,13.398535,0.000000,0.029175,,0.969149,0,340,0,72.214697
5906,102213,0,762867,13.398535,0.000000,1.039501,,0.969161,0,340,0,72.219401
5907,102213,0,762867,13.398535,0.000000,2.029261,,0.969341,0,340,0,72.224103
5908,102213,0,762867,13.398535,0.000000,0.022442,non_zero_exit,0.969180,0,340,0,72.211880
5909,102213,0,762867,13.398535,0.000000,0.043276,non_zero_exit,0.969024,0,340,0,72.199662
5910,102213,0,762867,13.398535,0.000000,5.004833,timeout,0.969706,0,341,0,72.187447
5911,102213,0,762867,13.398535,0.000000,0.023171,non_zero_exit,0.969546,0,341,0,72.175237
5912,102213,0,762867,13.398535,0.000000,1.038836,,0.969558,0,341,0,72.179942
5913,102213,0,762867,13.398535,0.000000,3.032591,,0.969907,0,341,0,72.184647
5914,102213,0,762867,13.398535,0.000000,0.030657,,0.969748,0,341,0,72.189349
5915,102213,0,762867,13.398535,0.000000,2.032672,,0.969928,0,341,0,72.194050
5916,102213,0,762867,13.398535,0.000000,0.024914,non_zero_exit,0.969768,0,341,0,72.181849
5917,102213,0,762867,13.398535,0.000000,1.441146,,0.969848,0,341,0,72.186550
5918,102213,0,762867,13.398535,0.000000,0.028563,non_zero_exit,0.969689,0,341,0,72.174354
5919,102213,0,762867,13.398535,0.000000,0.024527,non_zero_exit,0.969529,0,341,0,72.162162
5920,102213,0,762867,13.398535,0.000000,2.030694,,0.969708,0,341,0,72.166864
5921,102213,0,762867,13.398535,0.000000,3.037602,,0.970057,0,341,0,72.171564
5922,102214,1,762867,13.398666,0.000131,1.035893,,0.970068,0,341,0,72.176262
5923,102214,0,762867,13.398666,0.000000,2.034445,,0.970248,0,341,0,72.180959
5924,102215,1,762867,13.398797,0.000131,0.029649,,0.970089,0,341,0,72.185654
5925,102215,0,762867,13.398797,0.000000,1.036391,,0.970101,0,341,0,72.190348
5926,102215,0,762867,13.398797,0.000000,1.032888,,0.970111,0,341,0,72.195040
5927,102215,0,762867,13.398797,0.000000,1.037641,,0.970123,0,341,0,72.199730
5928,102215,0,762867,13.398797,0.000000,0.027918,,0.969964,0,341,0,72.204419
5929,102215,0,762867,13.398797,0.000000,3.033058,,0.970312,0,341,0,72.209106
5930,102215,0,762867,13.398797,0.000000,3.031722,,0.970659,0,341,0,72.213792
5931,102215,0,762867,13.398797,0.000000,0.028686,,0.970500,0,341,0,72.218476
5932,102215,0,762867,13.398797,0.000000,1.533908,non_zero_exit,0.970595,0,341,0,72.206304
5933,102215,0,762867,13.398797,0.000000,3.036119,,0.970943,0,341,0,72.210988
5934,102215,0,762867,13.398797,0.000000,1.033038,,0.970954,0,341,0,72.215670
5935,102215,0,762867,13.398797,0.000000,1.034760,,0.970965,0,341,0,72.220350
5936,102217,2,762867,13.399059,0.000262,1.029557,,0.970974,0,341,0,72.225029
5937,102217,0,762867,13.399059,0.000000,0.031262,,0.970816,0,341,0,72.229707
5938,102217,0,762867,13.399059,0.000000,0.021556,non_zero_exit,0.970656,0,341,0,72.217545
5939,102217,0,762867,13.399059,0.000000,0.023394,non_zero_exit,0.970497,0,341,0,72.205387
5940,102217,0,762867,13.399059,0.000000,0.331401,,0.970389,0,341,0,72.210066
5941,102217,0,762867,13.399059,0.000000,4.031011,,0.970904,0,341,0,72.214743
5942,102217,0,762867,13.399059,0.000000,1.030360,,0.970914,0,341,0,72.219418
5943,102218,1,762867,13.399190,0.000131,0.024161,non_zero_exit,0.970755,0,341,0,72.207268
5944,102218,0,762867,13.399190,0.000000,0.023751,non_zero_exit,0.970596,0,341,0,72.195122
5945,102218,0,762867,13.399190,0.000000,0.023913,non_zero_exit,0.970437,0,341,0,72.182980
5946,102218,0,762867,13.399190,0.000000,0.032085,,0.970279,0,341,0,72.187658
5947,102220,2,762867,13.399452,0.000262,5.007931,timeout,0.970958,0,342,0,72.175521
5948,102220,0,762867,13.399452,0.000000,1.031587,,0.970968,0,342,0,72.180198
5949,102220,0,762867,13.399452,0.000000,1.030339,,0.970978,0,342,0,72.184874
5950,102220,0,762867,13.399452,0.000000,3.046903,,0.971327,0,342,0,72.189548
5951,102220,0,762867,13.399452,0.000000,2.029044,,0.971504,0,342,0,72.194220
5952,102220,0,762867,13.399452,0.000000,1.029850,,0.971514,0,342,0,72.198891
5953,102220,0,762867,13.399452,0.000000,3.032427,,0.971860,0,342,0,72.203561
5954,102220,0,762867,13.399452,0.000000,0.027872,,0.971702,0,342,0,72.208228
5955,102220,0,762867,13.399452,0.000000,1.037595,,0.971713,0,342,0,72.212895
5956,102220,0,762867,13.399452,0.000000,0.021067,non_zero_exit,0.971553,0,342,0,72.200772
5957,102220,0,762867,13.399452,0.000000,5.006953,timeout,0.972231,0,343,0,72.188654
5958,102220,0,762867,13.399452,0.000000,1.030583,,0.972240,0,343,0,72.193321
5959,102220,0,762867,13.399452,0.000000,0.021729,,0.972081,0,343,0,72.197987
5960,102220,0,762867,13.399452,0.000000,5.003816,timeout,0.972757,0,344,0,72.185875
5961,102220,0,762867,13.399452,0.000000,1.538538,,0.972852,0,344,0,72.190540
5962,102220,0,762867,13.399452,0.000000,1.033582,,0.972862,0,344,0,72.195204
5963,102220,0,762867,13.399452,0.000000,0.021316,non_zero_exit,0.972703,0,344,0,72.183099
5964,102220,0,762867,13.399452,0.000000,0.025551,non_zero_exit,0.972544,0,344,0,72.170997
5965,102220,0,762867,13.399452,0.000000,0.026090,non_zero_exit,0.972385,0,344,0,72.158900
5966,102220,0,762867,13.399452,0.000000,1.037773,,0.972396,0,344,0,72.163566
5967,102220,0,762867,13.399452,0.000000,0.137177,,0.972256,0,344,0,72.168231
5968,102220,0,762867,13.399452,0.000000,0.030179,,0.972099,0,344,0,72.172893
5969,102220,0,762867,13.399452,0.000000,0.047468,,0.971944,0,344,0,72.177554
5970,102220,0,762867,13.399452,0.000000,0.037613,,0.971787,0,344,0,72.182214
5971,102222,2,762867,13.399714,0.000262,0.027428,,0.971629,0,344,0,72.186872
5972,102222,0,762867,13.399714,0.000000,1.031512,,0.971639,0,344,0,72.191529
5973,102222,0,762867,13.399714,0.000000,0.033341,,0.971482,0,344,0,72.196183
5974,102222,0,762867,13.399714,0.000000,0.038222,,0.971326,0,344,0,72.200837
5975,102222,0,762867,13.399714,0.000000,0.035042,,0.971169,0,344,0,72.205489
5976,102222,0,762867,13.399714,0.000000,0.033803,,0.971012,0,344,0,72.210139
5977,102222,0,762867,13.399714,0.000000,0.041566,,0.970857,0,344,0,72.214788
5978,102222,0,762867,13.399714,0.000000,1.033505,,0.970867,0,344,0,72.219435
5979,102227,5,762867,13.400370,0.000655,0.029760,non_zero_exit,0.970710,0,344,0,72.207358
5980,102227,0,762867,13.400370,0.000000,0.041043,,0.970555,0,344,0,72.212005
5981,102245,18,762867,13.402729,0.002360,5.024252,timeout,0.971232,0,345,0,72.199933
5982,102245,0,762867,13.402729,0.000000,1.030703,,0.971242,0,345,0,72.204580
5983,102247,2,762867,13.402992,0.000262,3.035587,,0.971587,0,345,0,72.209225
5984,102248,1,762867,13.403123,0.000131,1.034880,,0.971598,0,345,0,72.213868
5985,102248,0,762867,13.403123,0.000000,1.032994,,0.971608,0,345,0,72.218510
5986,102248,0,762867,13.403123,0.000000,0.026896,non_zero_exit,0.971450,0,345,0,72.206447
5987,102248,0,762867,13.403123,0.000000,0.027832,,0.971293,0,345,0,72.211089
5988,102248,0,762867,13.403123,0.000000,0.026770,,0.971135,0,345,0,72.215729
5989,102248,0,762867,13.403123,0.000000,0.032126,,0.970978,0,345,0,72.220367
5990,102248,0,762867,13.403123,0.000000,0.031210,,0.970821,0,345,0,72.225004
5991,102248,0,762867,13.403123,0.000000,0.028491,,0.970664,0,345,0,72.229640
5992,102248,0,762867,13.403123,0.000000,1.034295,,0.970675,0,345,0,72.234273
5993,102248,0,762867,13.403123,0.000000,3.035850,,0.971019,0,345,0,72.238906
5994,102250,2,762867,13.403385,0.000262,0.026439,non_zero_exit,0.970862,0,345,0,72.226856
5995,102250,0,762867,13.403385,0.000000,0.031456,,0.970705,0,345,0,72.231488
5996,102250,0,762867,13.403385,0.000000,0.027210,non_zero_exit,0.970548,0,345,0,72.219443
5997,102250,0,762867,13.403385,0.000000,0.023282,non_zero_exit,0.970390,0,345,0,72.207402
5998,102250,0,762867,13.403385,0.000000,0.029934,,0.970233,0,345,0,72.212035
5999,102250,0,762867,13.403385,0.000000,0.029209,,0.970076,0,345,0,72.216667
6000,102251,1,762867,13.403516,0.000131,0.023099,non_zero_exit,0.969918,0,345,0,72.204633
6001,102251,0,762867,13.403516,0.000000,5.003889,timeout,0.970590,0,346,0,72.192602
6002,102251,0,762867,13.403516,0.000000,1.036458,,0.970601,0,346,0,72.197235
6003,102251,0,762867,13.403516,0.000000,2.029830,,0.970778,0,346,0,72.201865
6004,102251,0,762867,13.403516,0.000000,1.031749,,0.970788,0,346,0,72.206495
6005,102254,3,762867,13.403909,0.000393,5.004385,timeout,0.971459,0,347,0,72.194472
6006,102254,0,762867,13.403909,0.000000,1.032315,,0.971470,0,347,0,72.199101
6007,102254,0,762867,13.403909,0.000000,5.004002,timeout,0.972141,0,348,0,72.187084
6008,102254,0,762867,13.403909,0.000000,0.029503,,0.971984,0,348,0,72.191712
6009,102254,0,762867,13.403909,0.000000,0.023232,non_zero_exit,0.971826,0,348,0,72.179700
6010,102254,0,762867,13.403909,0.000000,0.037010,,0.971671,0,348,0,72.184329
6011,102254,0,762867,13.403909,0.000000,1.832819,,0.971814,0,348,0,72.188955
6012,102254,0,762867,13.403909,0.000000,1.035099,,0.971824,0,348,0,72.193581
6013,102254,0,762867,13.403909,0.000000,2.031166,,0.972000,0,348,0,72.198204
6014,102254,0,762867,13.403909,0.000000,0.035761,,0.971845,0,348,0,72.202826
6015,102254,0,762867,13.403909,0.000000,3.035702,,0.972188,0,348,0,72.207447
6016,102254,0,762867,13.403909,0.000000,0.020952,non_zero_exit,0.972030,0,348,0,72.195446
6017,102254,0,762867,13.403909,0.000000,1.037589,,0.972041,0,348,0,72.200066
6018,102254,0,762867,13.403909,0.000000,0.036799,,0.971885,0,348,0,72.204685
6019,102254,0,762867,13.403909,0.000000,1.033438,,0.971895,0,348,0,72.209302
6020,102254,0,762867,13.403909,0.000000,2.731401,,0.972188,0,348,0,72.213918
6021,102254,0,762867,13.403909,0.000000,5.004420,timeout,0.972857,0,349,0,72.201926
6022,102254,0,762867,13.403909,0.000000,1.030455,,0.972867,0,349,0,72.206542
6023,102254,0,762867,13.403909,0.000000,0.031051,,0.972711,0,349,0,72.211155
6024,102254,0,762867,13.403909,0.000000,4.031741,,0.973218,0,349,0,72.215768
6025,102254,0,762867,13.403909,0.000000,1.029138,,0.973228,0,349,0,72.220378
6026,102254,0,762867,13.403909,0.000000,3.032561,,0.973569,0,349,0,72.224988
6027,102254,0,762867,13.403909,0.000000,0.024515,,0.973412,0,349,0,72.229595
6028,102254,0,762867,13.403909,0.000000,0.492607,non_zero_exit,0.973332,0,349,0,72.217615
6029,102254,0,762867,13.403909,0.000000,1.031902,,0.973342,0,349,0,72.222222
6030,102254,0,762867,13.403909,0.000000,2.422347,,0.973582,0,349,0,72.226828
6031,102254,0,762867,13.403909,0.000000,1.034790,,0.973592,0,349,0,72.231432
6032,102254,0,762867,13.403909,0.000000,0.024592,non_zero_exit,0.973435,0,349,0,72.219460
6033,102254,0,762867,13.403909,0.000000,1.036193,non_zero_exit,0.973445,0,349,0,72.207491
6034,102254,0,762867,13.403909,0.000000,1.035859,,0.973456,0,349,0,72.212096
6035,102254,0,762867,13.403909,0.000000,0.029607,,0.973299,0,349,0,72.216700
6036,102254,0,762867,13.403909,0.000000,0.030535,,0.973143,0,349,0,72.221302
6037,102254,0,762867,13.403909,0.000000,0.025599,,0.972986,0,349,0,72.225903
6038,102254,0,762867,13.403909,0.000000,0.034640,,0.972831,0,349,0,72.230502
6039,102254,0,762867,13.403909,0.000000,0.030210,,0.972675,0,349,0,72.235099
6040,102254,0,762867,13.403909,0.000000,0.026258,,0.972518,0,349,0,72.239695
6041,102254,0,762867,13.403909,0.000000,4.035307,,0.973025,0,349,0,72.244290
6042,102254,0,762867,13.403909,0.000000,1.035846,,0.973035,0,349,0,72.248883
6043,102254,0,762867,13.403909,0.000000,0.533981,,0.972963,0,349,0,72.253475
6044,102254,0,762867,13.403909,0.000000,0.030746,,0.972807,0,349,0,72.258065
6045,102254,0,762867,13.403909,0.000000,0.025801,,0.972650,0,349,0,72.262653
6046,102254,0,762867,13.403909,0.000000,0.027822,,0.972494,0,349,0,72.267240
6047,102254,0,762867,13.403909,0.000000,0.025974,non_zero_exit,0.972337,0,349,0,72.255291
6048,102254,0,762867,13.403909,0.000000,1.030296,,0.972347,0,349,0,72.259878
6049,102254,0,762867,13.403909,0.000000,0.022882,non_zero_exit,0.972190,0,349,0,72.247934
6050,102254,0,762867,13.403909,0.000000,0.029993,,0.972034,0,349,0,72.252520
6051,102254,0,762867,13.403909,0.000000,0.023771,non_zero_exit,0.971878,0,349,0,72.240582
6052,102254,0,762867,13.403909,0.000000,1.032150,,0.971888,0,349,0,72.245168
6053,102254,0,762867,13.403909,0.000000,0.023412,non_zero_exit,0.971731,0,349,0,72.233234
6054,102254,0,762867,13.403909,0.000000,1.031136,,0.971741,0,349,0,72.237820
6055,102254,0,762867,13.403909,0.000000,2.039401,,0.971917,0,349,0,72.242404
6056,102254,0,762867,13.403909,0.000000,0.936019,,0.971911,0,349,0,72.246987
6057,102254,0,762867,13.403909,0.000000,0.026417,non_zero_exit,0.971755,0,349,0,72.235061
6058,102254,0,762867,13.403909,0.000000,0.029776,,0.971600,0,349,0,72.239644
6059,102254,0,762867,13.403909,0.000000,0.134037,,0.971461,0,349,0,72.244224
6060,102254,0,762867,13.403909,0.000000,1.030065,,0.971471,0,349,0,72.248804
6061,102254,0,762867,13.403909,0.000000,0.022314,non_zero_exit,0.971314,0,349,0,72.236886
6062,102254,0,762867,13.403909,0.000000,0.022914,non_zero_exit,0.971158,0,349,0,72.224971
6063,102254,0,762867,13.403909,0.000000,0.022152,non_zero_exit,0.971002,0,349,0,72.213061
6064,102254,0,762867,13.403909,0.000000,2.030689,,0.971176,0,349,0,72.217642
6065,102254,0,762867,13.403909,0.000000,1.032552,,0.971186,0,349,0,72.222222
6066,102254,0,762867,13.403909,0.000000,0.030445,,0.971031,0,349,0,72.226801
6067,102256,2,762867,13.404171,0.000262,1.044321,,0.971043,0,349,0,72.231378
6068,102256,0,762867,13.404171,0.000000,0.024876,non_zero_exit,0.970888,0,349,0,72.219476
6069,102256,0,762867,13.404171,0.000000,1.028872,,0.970897,0,349,0,72.224053
6070,102256,0,762867,13.404171,0.000000,1.536575,,0.970990,0,349,0,72.228628
6071,102256,0,762867,13.404171,0.000000,0.021965,non_zero_exit,0.970834,0,349,0,72.216733
6072,102256,0,762867,13.404171,0.000000,2.033151,,0.971009,0,349,0,72.221307
6073,102256,0,762867,13.404171,0.000000,0.023576,,0.970853,0,349,0,72.225881
6074,102256,0,762867,13.404171,0.000000,0.031296,,0.970698,0,349,0,72.230453
6075,102256,0,762867,13.404171,0.000000,0.022970,non_zero_exit,0.970542,0,349,0,72.218565
6076,102256,0,762867,13.404171,0.000000,0.022624,non_zero_exit,0.970386,0,349,0,72.206681
6077,102256,0,762867,13.404171,0.000000,2.030730,,0.970561,0,349,0,72.211254
6078,102256,0,762867,13.404171,0.000000,1.032039,,0.970571,0,349,0,72.215825
6079,102260,4,762867,13.404696,0.000524,0.021993,non_zero_exit,0.970415,0,349,0,72.203947
6080,102260,0,762867,13.404696,0.000000,2.183370,,0.970614,0,349,0,72.208518
6081,102260,0,762867,13.404696,0.000000,1.029432,,0.970624,0,349,0,72.213088
6082,102260,0,762867,13.404696,0.000000,1.030564,,0.970634,0,349,0,72.217656
6083,102260,0,762867,13.404696,0.000000,0.030951,,0.970479,0,349,0,72.222222
6084,102260,0,762867,13.404696,0.000000,0.029233,,0.970325,0,349,0,72.226787
6085,102260,0,762867,13.404696,0.000000,0.030259,,0.970170,0,349,0,72.231351
6086,102260,0,762867,13.404696,0.000000,0.034079,,0.970016,0,349,0,72.235913
6087,102260,0,762867,13.404696,0.000000,0.032829,,0.969862,0,349,0,72.240473
6088,102260,0,762867,13.404696,0.000000,0.032784,,0.969709,0,349,0,72.245032
6089,102260,0,762867,13.404696,0.000000,0.029686,,0.969554,0,349,0,72.249589
6090,102260,0,762867,13.404696,0.000000,1.034299,,0.969565,0,349,0,72.254145
6091,102260,0,762867,13.404696,0.000000,0.233641,,0.969444,0,349,0,72.258700
6092,102260,0,762867,13.404696,0.000000,5.081433,timeout,0.970119,0,350,0,72.246841
6093,102260,0,762867,13.404696,0.000000,0.028594,,0.969964,0,350,0,72.251395
6094,102260,0,762867,13.404696,0.000000,0.027019,,0.969810,0,350,0,72.255947
6095,102260,0,762867,13.404696,0.000000,0.230515,,0.969688,0,350,0,72.260499
6096,102260,0,762867,13.404696,0.000000,3.040816,,0.970028,0,350,0,72.265048
6097,102260,0,762867,13.404696,0.000000,0.022886,non_zero_exit,0.969873,0,350,0,72.253198
6098,102260,0,762867,13.404696,0.000000,0.029365,,0.969719,0,350,0,72.257747
6099,102260,0,762867,13.404696,0.000000,1.528769,,0.969810,0,350,0,72.262295
6100,102260,0,762867,13.404696,0.000000,0.031504,,0.969656,0,350,0,72.266842
6101,102260,0,762867,13.404696,0.000000,0.033113,,0.969503,0,350,0,72.271386
6102,102261,1,762867,13.404827,0.000131,1.169494,,0.969536,0,350,0,72.275930
6103,102261,0,762867,13.404827,0.000000,2.533072,,0.969792,0,350,0,72.280472
6104,102261,0,762867,13.404827,0.000000,0.033431,,0.969639,0,350,0,72.285012
6105,102261,0,762867,13.404827,0.000000,1.038707,,0.969650,0,350,0,72.289551
6106,102261,0,762867,13.404827,0.000000,0.029987,,0.969496,0,350,0,72.294089
6107,102261,0,762867,13.404827,0.000000,0.536962,,0.969425,0,350,0,72.298625
6108,102261,0,762867,13.404827,0.000000,5.007870,timeout,0.970086,0,351,0,72.286790
6109,102261,0,762867,13.404827,0.000000,0.031700,,0.969933,0,351,0,72.291326
6110,102261,0,762867,13.404827,0.000000,0.031347,,0.969779,0,351,0,72.295860
6111,102261,0,762867,13.404827,0.000000,0.027790,non_zero_exit,0.969625,0,351,0,72.284031
6112,102261,0,762867,13.404827,0.000000,0.031502,,0.969471,0,351,0,72.288565
6113,102261,0,762867,13.404827,0.000000,0.024627,non_zero_exit,0.969317,0,351,0,72.276742
6114,102261,0,762867,13.404827,0.000000,0.832361,,0.969295,0,351,0,72.281276
6115,102261,0,762867,13.404827,0.000000,0.024021,,0.969140,0,351,0,72.285808
6116,102261,0,762867,13.404827,0.000000,1.036285,,0.969151,0,351,0,72.290338
6117,102261,0,762867,13.404827,0.000000,0.023896,non_zero_exit,0.968996,0,351,0,72.278522
6118,102261,0,762867,13.404827,0.000000,2.033169,,0.969170,0,351,0,72.283053
6119,102261,0,762867,13.404827,0.000000,0.130766,,0.969033,0,351,0,72.287582
6120,102261,0,762867,13.404827,0.000000,0.036581,,0.968881,0,351,0,72.292109
6121,102261,0,762867,13.404827,0.000000,0.022264,non_zero_exit,0.968726,0,351,0,72.280301
6122,102261,0,762867,13.404827,0.000000,0.030123,,0.968573,0,351,0,72.284828
6123,102261,0,762867,13.404827,0.000000,0.025426,,0.968419,0,351,0,72.289353
6124,102261,0,762867,13.404827,0.000000,0.025746,,0.968265,0,351,0,72.293878
6125,102261,0,762867,13.404827,0.000000,1.029776,,0.968275,0,351,0,72.298400
6126,102261,0,762867,13.404827,0.000000,1.031654,,0.968286,0,351,0,72.302921
6127,102262,1,762867,13.404958,0.000131,0.527211,,0.968214,0,351,0,72.307441
6128,102262,0,762867,13.404958,0.000000,0.030743,,0.968061,0,351,0,72.311960
6129,102262,0,762867,13.404958,0.000000,5.003544,timeout,0.968719,0,352,0,72.300163
6130,102262,0,762867,13.404958,0.000000,1.034606,,0.968730,0,352,0,72.304681
6131,102262,0,762867,13.404958,0.000000,0.035003,,0.968577,0,352,0,72.309198
6132,102262,0,762867,13.404958,0.000000,5.004230,timeout,0.969235,0,353,0,72.297407
6133,102262,0,762867,13.404958,0.000000,0.128181,,0.969098,0,353,0,72.301924
6134,102262,0,762867,13.404958,0.000000,0.029595,,0.968945,0,353,0,72.306438
6135,102262,0,762867,13.404958,0.000000,0.021971,non_zero_exit,0.968791,0,353,0,72.294654
6136,102262,0,762867,13.404958,0.000000,1.030257,,0.968801,0,353,0,72.299169
6137,102262,0,762867,13.404958,0.000000,2.039419,,0.968975,0,353,0,72.303682
6138,102262,0,762867,13.404958,0.000000,0.023561,non_zero_exit,0.968821,0,353,0,72.291904
6139,102262,0,762867,13.404958,0.000000,0.037299,,0.968670,0,353,0,72.296417
6140,102262,0,762867,13.404958,0.000000,5.003883,timeout,0.969327,0,354,0,72.284644
6141,102272,10,762867,13.406269,0.001311,1.541754,,0.969420,0,354,0,72.289157
6142,102272,0,762867,13.406269,0.000000,5.007890,timeout,0.970077,0,355,0,72.277389
6143,102272,0,762867,13.406269,0.000000,0.131767,,0.969941,0,355,0,72.281901
6144,102272,0,762867,13.406269,0.000000,0.021729,non_zero_exit,0.969787,0,355,0,72.270138
6145,102272,0,762867,13.406269,0.000000,1.033698,,0.969797,0,355,0,72.274650
6146,102272,0,762867,13.406269,0.000000,1.032278,,0.969807,0,355,0,72.279161
6147,102272,0,762867,13.406269,0.000000,1.032235,,0.969817,0,355,0,72.283669
6148,102273,1,762867,13.406400,0.000131,0.336345,,0.969714,0,355,0,72.288177
6149,102273,0,762867,13.406400,0.000000,3.031612,,0.970050,0,355,0,72.292683
6150,102273,0,762867,13.406400,0.000000,2.031828,,0.970222,0,355,0,72.297187
6151,102273,0,762867,13.406400,0.000000,5.005716,timeout,0.970878,0,356,0,72.285436
6152,102273,0,762867,13.406400,0.000000,2.536777,,0.971133,0,356,0,72.289940
6153,102273,0,762867,13.406400,0.000000,0.021655,non_zero_exit,0.970978,0,356,0,72.278193
6154,102273,0,762867,13.406400,0.000000,0.021546,non_zero_exit,0.970824,0,356,0,72.266450
6155,102273,0,762867,13.406400,0.000000,0.036168,,0.970672,0,356,0,72.270955
6156,102273,0,762867,13.406400,0.000000,2.034519,non_zero_exit,0.970845,0,356,0,72.259217
6157,102273,0,762867,13.406400,0.000000,0.538841,,0.970775,0,356,0,72.263722
6158,102273,0,762867,13.406400,0.000000,0.024868,,0.970621,0,356,0,72.268225
6159,102273,0,762867,13.406400,0.000000,0.026875,non_zero_exit,0.970468,0,356,0,72.256494
6160,102274,1,762867,13.406531,0.000131,0.021553,non_zero_exit,0.970314,0,356,0,72.244765
6161,102274,0,762867,13.406531,0.000000,0.022553,non_zero_exit,0.970160,0,356,0,72.233041
6162,102274,0,762867,13.406531,0.000000,0.023815,non_zero_exit,0.970007,0,356,0,72.221321
6163,102274,0,762867,13.406531,0.000000,0.030297,,0.969854,0,356,0,72.225827
6164,102274,0,762867,13.406531,0.000000,1.032327,,0.969864,0,356,0,72.230333
6165,102274,0,762867,13.406531,0.000000,0.031125,,0.969712,0,356,0,72.234836
6166,102274,0,762867,13.406531,0.000000,0.132621,,0.969576,0,356,0,72.239338
6167,102274,0,762867,13.406531,0.000000,0.028584,,0.969424,0,356,0,72.243839
6168,102274,0,762867,13.406531,0.000000,0.025045,,0.969271,0,356,0,72.248338
6169,102274,0,762867,13.406531,0.000000,0.028128,,0.969118,0,356,0,72.252836
6170,102274,0,762867,13.406531,0.000000,0.028485,,0.968966,0,356,0,72.257333
6171,102274,0,762867,13.406531,0.000000,0.030530,,0.968814,0,356,0,72.261828
6172,102274,0,762867,13.406531,0.000000,0.027036,,0.968661,0,356,0,72.266321
6173,102274,0,762867,13.406531,0.000000,0.033747,,0.968510,0,356,0,72.270813
6174,102274,0,762867,13.406531,0.000000,1.029082,,0.968520,0,356,0,72.275304
6175,102274,0,762867,13.406531,0.000000,1.026059,,0.968529,0,356,0,72.279793
6176,102274,0,762867,13.406531,0.000000,0.024211,non_zero_exit,0.968376,0,356,0,72.268091
6177,102274,0,762867,13.406531,0.000000,1.031298,,0.968386,0,356,0,72.272580
6178,102274,0,762867,13.406531,0.000000,0.026172,non_zero_exit,0.968234,0,356,0,72.260884
6179,102274,0,762867,13.406531,0.000000,1.032615,,0.968244,0,356,0,72.265372
6180,102274,0,762867,13.406531,0.000000,0.029301,,0.968092,0,356,0,72.269859
6181,102274,0,762867,13.406531,0.000000,0.033097,,0.967941,0,356,0,72.274345
6182,102274,0,762867,13.406531,0.000000,0.023550,non_zero_exit,0.967788,0,356,0,72.262656
6183,102274,0,762867,13.406531,0.000000,0.021930,non_zero_exit,0.967635,0,356,0,72.250970
6184,102274,0,762867,13.406531,0.000000,0.025158,,0.967483,0,356,0,72.255457
6185,102274,0,762867,13.406531,0.000000,0.024148,non_zero_exit,0.967330,0,356,0,72.243776
6186,102274,0,762867,13.406531,0.000000,0.022177,non_zero_exit,0.967178,0,356,0,72.232100
6187,102274,0,762867,13.406531,0.000000,1.031437,,0.967188,0,356,0,72.236587
6188,102274,0,762867,13.406531,0.000000,1.031206,,0.967198,0,356,0,72.241073
6189,102274,0,762867,13.406531,0.000000,0.031275,,0.967047,0,356,0,72.245557
6190,102274,0,762867,13.406531,0.000000,1.034529,,0.967058,0,356,0,72.250040
6191,102275,1,762867,13.406662,0.000131,1.035846,,0.967069,0,356,0,72.254522
6192,102275,0,762867,13.406662,0.000000,1.029939,,0.967079,0,356,0,72.259002
6193,102275,0,762867,13.406662,0.000000,0.035162,,0.966929,0,356,0,72.263481
6194,102275,0,762867,13.406662,0.000000,0.029356,,0.966778,0,356,0,72.267958
6195,102275,0,762867,13.406662,0.000000,1.039375,,0.966789,0,356,0,72.272434
6196,102275,0,762867,13.406662,0.000000,1.034592,,0.966800,0,356,0,72.276908
6197,102275,0,762867,13.406662,0.000000,0.033737,,0.966650,0,356,0,72.281381
6198,102276,1,762867,13.406793,0.000131,0.030832,,0.966499,0,356,0,72.285853
6199,102276,0,762867,13.406793,0.000000,0.027982,non_zero_exit,0.966347,0,356,0,72.274194
6200,102276,0,762867,13.406793,0.000000,1.030806,,0.966358,0,356,0,72.278665
6201,102276,0,762867,13.406793,0.000000,0.031391,,0.966207,0,356,0,72.283134
6202,102276,0,762867,13.406793,0.000000,1.039292,,0.966219,0,356,0,72.287603
6203,102276,0,762867,13.406793,0.000000,0.031606,,0.966068,0,356,0,72.292070
6204,102276,0,762867,13.406793,0.000000,0.028818,,0.965917,0,356,0,72.296535
6205,102276,0,762867,13.406793,0.000000,3.032845,,0.966250,0,356,0,72.300999
6206,102276,0,762867,13.406793,0.000000,0.028372,non_zero_exit,0.966099,0,356,0,72.289351
6207,102276,0,762867,13.406793,0.000000,0.032665,,0.965949,0,356,0,72.293814
6208,102276,0,762867,13.406793,0.000000,0.031286,,0.965798,0,356,0,72.298277
6209,102280,4,762867,13.407317,0.000524,0.042436,,0.965649,0,356,0,72.302738
6210,102280,0,762867,13.407317,0.000000,2.031480,,0.965821,0,356,0,72.307197
6211,102280,0,762867,13.407317,0.000000,5.005530,timeout,0.966471,0,357,0,72.295557
6212,102281,1,762867,13.407448,0.000131,0.023237,non_zero_exit,0.966320,0,357,0,72.283921
6213,102281,0,762867,13.407448,0.000000,1.032314,,0.966330,0,357,0,72.288381
6214,102281,0,762867,13.407448,0.000000,1.040771,,0.966342,0,357,0,72.292840
6215,102281,0,762867,13.407448,0.000000,0.026305,,0.966191,0,357,0,72.297297
6216,102281,0,762867,13.407448,0.000000,0.024473,non_zero_exit,0.966039,0,357,0,72.285668
6217,102281,0,762867,13.407448,0.000000,0.031553,,0.965889,0,357,0,72.290125
6218,102281,0,762867,13.407448,0.000000,0.029372,,0.965739,0,357,0,72.294581
6219,102281,0,762867,13.407448,0.000000,0.029274,,0.965588,0,357,0,72.299035
6220,102282,1,762867,13.407580,0.000131,0.026041,,0.965437,0,357,0,72.303488
6221,102282,0,762867,13.407580,0.000000,0.032103,,0.965287,0,357,0,72.307940
6222,102282,0,762867,13.407580,0.000000,0.540186,,0.965219,0,357,0,72.312390
6223,102282,0,762867,13.407580,0.000000,1.032962,,0.965230,0,357,0,72.316838
6224,102282,0,762867,13.407580,0.000000,2.028116,,0.965400,0,357,0,72.321285
6225,102282,0,762867,13.407580,0.000000,1.031576,,0.965411,0,357,0,72.325731
6226,102282,0,762867,13.407580,0.000000,1.027627,,0.965421,0,357,0,72.330175
6227,102282,0,762867,13.407580,0.000000,5.005427,timeout,0.966070,0,358,0,72.318561
6228,102282,0,762867,13.407580,0.000000,0.020813,non_zero_exit,0.965918,0,358,0,72.306951
6229,102282,0,762867,13.407580,0.000000,0.021554,non_zero_exit,0.965766,0,358,0,72.295345
6230,102282,0,762867,13.407580,0.000000,0.028392,,0.965616,0,358,0,72.299791
6231,102282,0,762867,13.407580,0.000000,0.025954,non_zero_exit,0.965465,0,358,0,72.288190
6232,102282,0,762867,13.407580,0.000000,0.021518,non_zero_exit,0.965314,0,358,0,72.276592
6233,102282,0,762867,13.407580,0.000000,0.022471,non_zero_exit,0.965162,0,358,0,72.264998
6234,102282,0,762867,13.407580,0.000000,1.029383,,0.965173,0,358,0,72.269447
6235,102282,0,762867,13.407580,0.000000,2.046081,,0.965346,0,358,0,72.273894
6236,102282,0,762867,13.407580,0.000000,2.031850,,0.965517,0,358,0,72.278339
6237,102282,0,762867,13.407580,0.000000,3.038347,,0.965849,0,358,0,72.282783
6238,102282,0,762867,13.407580,0.000000,0.023419,non_zero_exit,0.965698,0,358,0,72.271197
6239,102282,0,762867,13.407580,0.000000,0.035591,,0.965549,0,358,0,72.275641
6240,102282,0,762867,13.407580,0.000000,0.025014,,0.965398,0,358,0,72.280083
6241,102282,0,762867,13.407580,0.000000,1.034924,,0.965410,0,358,0,72.284524
6242,102282,0,762867,13.407580,0.000000,1.532436,,0.965500,0,358,0,72.288964
6243,102282,0,762867,13.407580,0.000000,1.032432,,0.965511,0,358,0,72.293402
6244,102282,0,762867,13.407580,0.000000,3.030369,,0.965842,0,358,0,72.297838
6245,102282,0,762867,13.407580,0.000000,1.031065,,0.965852,0,358,0,72.302273
6246,102282,0,762867,13.407580,0.000000,2.029619,,0.966022,0,358,0,72.306707
6247,102282,0,762867,13.407580,0.000000,0.021512,non_zero_exit,0.965871,0,358,0,72.295134
6248,102282,0,762867,13.407580,0.000000,3.033811,,0.966202,0,358,0,72.299568
6249,102282,0,762867,13.407580,0.000000,0.024250,non_zero_exit,0.966052,0,358,0,72.288000
6250,102282,0,762867,13.407580,0.000000,1.034221,,0.966062,0,358,0,72.292433
6251,102282,0,762867,13.407580,0.000000,0.120479,,0.965927,0,358,0,72.296865
6252,102282,0,762867,13.407580,0.000000,5.005606,timeout,0.966573,0,359,0,72.285303
6253,102282,0,762867,13.407580,0.000000,3.031898,non_zero_exit,0.966903,0,359,0,72.273745
6254,102282,0,762867,13.407580,0.000000,1.031758,,0.966914,0,359,0,72.278177
6255,102282,0,762867,13.407580,0.000000,2.033453,,0.967084,0,359,0,72.282609
6256,102282,0,762867,13.407580,0.000000,5.008021,timeout,0.967730,0,360,0,72.271056
6257,102282,0,762867,13.407580,0.000000,5.004177,timeout,0.968375,0,361,0,72.259508
6258,102282,0,762867,13.407580,0.000000,1.539863,,0.968466,0,361,0,72.263940
6259,102282,0,762867,13.407580,0.000000,5.004731,timeout,0.969111,0,362,0,72.252396
6260,102282,0,762867,13.407580,0.000000,5.003852,timeout,0.969756,0,363,0,72.240856
6261,102282,0,762867,13.407580,0.000000,1.029792,,0.969765,0,363,0,72.245289
6262,102282,0,762867,13.407580,0.000000,1.034436,,0.969776,0,363,0,72.249721
6263,102282,0,762867,13.407580,0.000000,0.035955,,0.969626,0,363,0,72.254151
6264,102282,0,762867,13.407580,0.000000,0.033109,,0.969477,0,363,0,72.258579
6265,102282,0,762867,13.407580,0.000000,5.007881,timeout,0.970121,0,364,0,72.247048
6266,102287,5,762867,13.408235,0.000655,0.037089,,0.969973,0,364,0,72.251476
6267,102287,0,762867,13.408235,0.000000,0.031044,,0.969823,0,364,0,72.255903
6268,102287,0,762867,13.408235,0.000000,2.032205,,0.969992,0,364,0,72.260329
6269,102287,0,762867,13.408235,0.000000,0.804188,,0.969966,0,364,0,72.264753
6270,102287,0,762867,13.408235,0.000000,1.044357,,0.969978,0,364,0,72.269176
6271,102287,0,762867,13.408235,0.000000,0.021760,non_zero_exit,0.969827,0,364,0,72.257653
6272,102287,0,762867,13.408235,0.000000,0.033848,,0.969677,0,364,0,72.262076
6273,102287,0,762867,13.408235,0.000000,0.023759,non_zero_exit,0.969527,0,364,0,72.250558
6274,102287,0,762867,13.408235,0.000000,0.026170,non_zero_exit,0.969376,0,364,0,72.239044
6275,102287,0,762867,13.408235,0.000000,0.031253,,0.969227,0,364,0,72.243467
6276,102287,0,762867,13.408235,0.000000,1.029899,,0.969236,0,364,0,72.247889
6277,102320,33,762867,13.412561,0.004326,3.039761,,0.969566,0,364,0,72.252310
6278,102320,0,762867,13.412561,0.000000,1.027401,,0.969575,0,364,0,72.256729
6279,102320,0,762867,13.412561,0.000000,0.027771,,0.969425,0,364,0,72.261146
6280,102320,0,762867,13.412561,0.000000,1.030674,,0.969435,0,364,0,72.265563
6281,102333,13,762867,13.414265,0.001704,1.032521,,0.969445,0,364,0,72.269978
6282,102333,0,762867,13.414265,0.000000,0.030300,,0.969296,0,364,0,72.274391
6283,102333,0,762867,13.414265,0.000000,0.041613,,0.969148,0,364,0,72.278803
6284,102333,0,762867,13.414265,0.000000,0.028265,,0.968998,0,364,0,72.283214
6285,102333,0,762867,13.414265,0.000000,1.031974,,0.969008,0,364,0,72.287623
6286,102333,0,762867,13.414265,0.000000,3.036912,non_zero_exit,0.969337,0,364,0,72.276125
6287,102333,0,762867,13.414265,0.000000,0.031254,,0.969188,0,364,0,72.280534
6288,102333,0,762867,13.414265,0.000000,3.039147,,0.969517,0,364,0,72.284942
6289,102333,0,762867,13.414265,0.000000,1.033992,,0.969528,0,364,0,72.289348
6290,102333,0,762867,13.414265,0.000000,0.030600,,0.969378,0,364,0,72.293753
6291,102333,0,762867,13.414265,0.000000,0.028006,,0.969229,0,364,0,72.298156
6292,102333,0,762867,13.414265,0.000000,2.535443,,0.969478,0,364,0,72.302558
6293,102333,0,762867,13.414265,0.000000,0.135454,,0.969345,0,364,0,72.306959
6294,102345,12,762867,13.415838,0.001573,5.004432,timeout,0.969986,0,365,0,72.295473
6295,102345,0,762867,13.415838,0.000000,1.032352,,0.969996,0,365,0,72.299873
6296,102345,0,762867,13.415838,0.000000,0.529472,,0.969926,0,365,0,72.304272
6297,102345,0,762867,13.415838,0.000000,1.033931,,0.969936,0,365,0,72.308669
6298,102345,0,762867,13.415838,0.000000,0.031439,,0.969787,0,365,0,72.313066
6299,102349,4,762867,13.416362,0.000524,0.025986,,0.969637,0,365,0,72.317460
6300,102349,0,762867,13.416362,0.000000,0.022425,non_zero_exit,0.969487,0,365,0,72.305983
6301,102349,0,762867,13.416362,0.000000,0.022325,non_zero_exit,0.969337,0,365,0,72.294510
6302,102349,0,762867,13.416362,0.000000,0.017481,non_zero_exit,0.969186,0,365,0,72.283040
6303,102349,0,762867,13.416362,0.000000,0.023827,non_zero_exit,0.969036,0,365,0,72.271574
6304,102349,0,762867,13.416362,0.000000,1.032763,,0.969046,0,365,0,72.275971
6305,102350,1,762867,13.416493,0.000131,1.035602,,0.969056,0,365,0,72.280368
6306,102350,0,762867,13.416493,0.000000,1.030565,non_zero_exit,0.969066,0,365,0,72.268908
6307,102350,0,762867,13.416493,0.000000,1.035254,,0.969077,0,365,0,72.273304
6308,102350,0,762867,13.416493,0.000000,1.028229,,0.969086,0,365,0,72.277699
6309,102350,0,762867,13.416493,0.000000,0.029820,,0.968937,0,365,0,72.282092
6310,102350,0,762867,13.416493,0.000000,0.021352,non_zero_exit,0.968787,0,365,0,72.270639
6311,102350,0,762867,13.416493,0.000000,0.963355,,0.968786,0,365,0,72.275032
6312,102350,0,762867,13.416493,0.000000,0.024289,non_zero_exit,0.968637,0,365,0,72.263583
6313,102350,0,762867,13.416493,0.000000,0.127559,,0.968503,0,365,0,72.267976
6314,102350,0,762867,13.416493,0.000000,0.025768,non_zero_exit,0.968354,0,365,0,72.256532
6315,102350,0,762867,13.416493,0.000000,0.022658,non_zero_exit,0.968204,0,365,0,72.245092
6316,102350,0,762867,13.416493,0.000000,0.026459,non_zero_exit,0.968055,0,365,0,72.233655
6317,102350,0,762867,13.416493,0.000000,1.029734,,0.968065,0,365,0,72.238050
6318,102350,0,762867,13.416493,0.000000,2.029780,,0.968233,0,365,0,72.242443
6319,102350,0,762867,13.416493,0.000000,3.033725,,0.968560,0,365,0,72.246835
6320,102350,0,762867,13.416493,0.000000,4.532175,,0.969124,0,365,0,72.251226
6321,102350,0,762867,13.416493,0.000000,1.032130,non_zero_exit,0.969134,0,365,0,72.239798
6322,102350,0,762867,13.416493,0.000000,0.874838,,0.969119,0,365,0,72.244188
6323,102350,0,762867,13.416493,0.000000,1.031145,,0.969129,0,365,0,72.248577
6324,102350,0,762867,13.416493,0.000000,0.031978,,0.968980,0,365,0,72.252964
6325,102350,0,762867,13.416493,0.000000,0.034271,,0.968833,0,365,0,72.257351
6326,102350,0,762867,13.416493,0.000000,0.033220,,0.968685,0,365,0,72.261735
6327,102350,0,762867,13.416493,0.000000,1.032335,,0.968695,0,365,0,72.266119
6328,102350,0,762867,13.416493,0.000000,0.026480,non_zero_exit,0.968546,0,365,0,72.254701
6329,102350,0,762867,13.416493,0.000000,1.030008,,0.968556,0,365,0,72.259084
6330,102350,0,762867,13.416493,0.000000,2.039586,,0.968725,0,365,0,72.263465
6331,102350,0,762867,13.416493,0.000000,0.022140,non_zero_exit,0.968575,0,365,0,72.252053
6332,102350,0,762867,13.416493,0.000000,0.022412,non_zero_exit,0.968426,0,365,0,72.240644
6333,102350,0,762867,13.416493,0.000000,1.532467,,0.968515,0,365,0,72.245027
6334,102350,0,762867,13.416493,0.000000,5.004770,timeout,0.969152,0,366,0,72.233623
6335,102350,0,762867,13.416493,0.000000,5.004853,timeout,0.969789,0,367,0,72.222222
6336,102350,0,762867,13.416493,0.000000,0.022628,non_zero_exit,0.969640,0,367,0,72.210825
6337,102350,0,762867,13.416493,0.000000,1.195192,non_zero_exit,0.969675,0,367,0,72.199432
6338,102350,0,762867,13.416493,0.000000,1.034086,,0.969685,0,367,0,72.203818
6339,102350,0,762867,13.416493,0.000000,2.034637,,0.969853,0,367,0,72.208202
6340,102350,0,762867,13.416493,0.000000,0.021623,,0.969704,0,367,0,72.212585
6341,102350,0,762867,13.416493,0.000000,0.029961,,0.969556,0,367,0,72.216966
6342,102350,0,762867,13.416493,0.000000,0.022375,non_zero_exit,0.969406,0,367,0,72.205581
6343,102350,0,762867,13.416493,0.000000,1.030414,,0.969416,0,367,0,72.209962
6344,102350,0,762867,13.416493,0.000000,0.023036,non_zero_exit,0.969267,0,367,0,72.198582
6345,102350,0,762867,13.416493,0.000000,3.033825,,0.969592,0,367,0,72.202962
6346,102350,0,762867,13.416493,0.000000,0.024135,,0.969443,0,367,0,72.207342
6347,102350,0,762867,13.416493,0.000000,0.024985,non_zero_exit,0.969294,0,367,0,72.195967
6348,102350,0,762867,13.416493,0.000000,0.530573,,0.969225,0,367,0,72.200347
6349,102350,0,762867,13.416493,0.000000,1.031430,,0.969235,0,367,0,72.204724
6350,102350,0,762867,13.416493,0.000000,0.032524,,0.969087,0,367,0,72.209101
6351,102350,0,762867,13.416493,0.000000,1.031536,,0.969097,0,367,0,72.213476
6352,102350,0,762867,13.416493,0.000000,0.033317,,0.968950,0,367,0,72.217850
6353,102350,0,762867,13.416493,0.000000,2.031089,,0.969117,0,367,0,72.222222
6354,102350,0,762867,13.416493,0.000000,0.021449,non_zero_exit,0.968968,0,367,0,72.210858
6355,102350,0,762867,13.416493,0.000000,1.030977,,0.968978,0,367,0,72.215230
6356,102350,0,762867,13.416493,0.000000,0.029702,,0.968830,0,367,0,72.219600
6357,102350,0,762867,13.416493,0.000000,0.038382,,0.968684,0,367,0,72.223970
6358,102350,0,762867,13.416493,0.000000,0.023737,non_zero_exit,0.968535,0,367,0,72.212612
6359,102350,0,762867,13.416493,0.000000,0.031038,,0.968388,0,367,0,72.216981
6360,102350,0,762867,13.416493,0.000000,2.335690,non_zero_exit,0.968603,0,367,0,72.205628
6361,102350,0,762867,13.416493,0.000000,0.031721,,0.968455,0,367,0,72.209997
6362,102350,0,762867,13.416493,0.000000,1.040962,,0.968467,0,367,0,72.214364
6363,102350,0,762867,13.416493,0.000000,0.032707,,0.968320,0,367,0,72.218730
6364,102350,0,762867,13.416493,0.000000,0.026200,non_zero_exit,0.968172,0,367,0,72.207384
6365,102350,0,762867,13.416493,0.000000,0.026628,non_zero_exit,0.968024,0,367,0,72.196041
6366,102350,0,762867,13.416493,0.000000,0.025573,,0.967876,0,367,0,72.200408
6367,102350,0,762867,13.416493,0.000000,0.536884,,0.967808,0,367,0,72.204774
6368,102350,0,762867,13.416493,0.000000,0.026203,non_zero_exit,0.967660,0,367,0,72.193437
6369,102350,0,762867,13.416493,0.000000,1.039438,,0.967672,0,367,0,72.197802
6370,102350,0,762867,13.416493,0.000000,1.536860,,0.967761,0,367,0,72.202166
6371,102350,0,762867,13.416493,0.000000,0.535980,,0.967693,0,367,0,72.206529
6372,102350,0,762867,13.416493,0.000000,0.023002,non_zero_exit,0.967545,0,367,0,72.195198
6373,102350,0,762867,13.416493,0.000000,0.025370,non_zero_exit,0.967397,0,367,0,72.183872
6374,102350,0,762867,13.416493,0.000000,0.023313,non_zero_exit,0.967249,0,367,0,72.172549
6375,102350,0,762867,13.416493,0.000000,1.539818,,0.967339,0,367,0,72.176913
6376,102350,0,762867,13.416493,0.000000,1.028635,,0.967348,0,367,0,72.181276
6377,102350,0,762867,13.416493,0.000000,4.527226,,0.967907,0,367,0,72.185638
6378,102350,0,762867,13.416493,0.000000,0.022609,non_zero_exit,0.967758,0,367,0,72.174322
6379,102350,0,762867,13.416493,0.000000,2.035460,,0.967926,0,367,0,72.178683
6380,102350,0,762867,13.416493,0.000000,0.028839,,0.967779,0,367,0,72.183043
6381,102350,0,762867,13.416493,0.000000,3.035516,,0.968103,0,367,0,72.187402
6382,102350,0,762867,13.416493,0.000000,2.033055,,0.968269,0,367,0,72.191759
6383,102350,0,762867,13.416493,0.000000,3.030759,,0.968592,0,367,0,72.196115
6384,102350,0,762867,13.416493,0.000000,0.033942,,0.968446,0,367,0,72.200470
6385,102350,0,762867,13.416493,0.000000,1.032629,,0.968456,0,367,0,72.204823
6386,102356,6,762867,13.417280,0.000787,1.033346,,0.968466,0,367,0,72.209175
6387,102356,0,762867,13.417280,0.000000,0.031030,,0.968320,0,367,0,72.213525
6388,102357,1,762867,13.417411,0.000131,0.146743,,0.968191,0,367,0,72.217874
6389,102357,0,762867,13.417411,0.000000,0.025071,non_zero_exit,0.968043,0,367,0,72.206573
6390,102358,1,762867,13.417542,0.000131,5.008909,timeout,0.968676,0,368,0,72.195275
6391,102358,0,762867,13.417542,0.000000,2.029204,,0.968842,0,368,0,72.199625
6392,102358,0,762867,13.417542,0.000000,2.032453,,0.969008,0,368,0,72.203973
6393,102358,0,762867,13.417542,0.000000,0.022492,non_zero_exit,0.968860,0,368,0,72.192681
6394,102358,0,762867,13.417542,0.000000,0.027455,,0.968713,0,368,0,72.197029
6395,102358,0,762867,13.417542,0.000000,3.030586,,0.969035,0,368,0,72.201376
6396,102358,0,762867,13.417542,0.000000,0.034467,,0.968889,0,368,0,72.205721
6397,102358,0,762867,13.417542,0.000000,0.028479,,0.968742,0,368,0,72.210066
6398,102359,1,762867,13.417673,0.000131,4.032635,,0.969221,0,368,0,72.214409
6399,102359,0,762867,13.417673,0.000000,0.034208,,0.969075,0,368,0,72.218750
6400,102359,0,762867,13.417673,0.000000,1.039493,,0.969086,0,368,0,72.223090
6401,102359,0,762867,13.417673,0.000000,0.325459,,0.968985,0,368,0,72.227429
6402,102359,0,762867,13.417673,0.000000,0.228663,,0.968870,0,368,0,72.231766
6403,102359,0,762867,13.417673,0.000000,0.026165,non_zero_exit,0.968722,0,368,0,72.220487
6404,102359,0,762867,13.417673,0.000000,0.022223,non_zero_exit,0.968575,0,368,0,72.209212
6405,102359,0,762867,13.417673,0.000000,0.024088,non_zero_exit,0.968427,0,368,0,72.197939
6406,102359,0,762867,13.417673,0.000000,3.394016,,0.968806,0,368,0,72.202279
6407,102359,0,762867,13.417673,0.000000,0.028065,,0.968659,0,368,0,72.206617
6408,102359,0,762867,13.417673,0.000000,0.021975,non_zero_exit,0.968511,0,368,0,72.195350
6409,102359,0,762867,13.417673,0.000000,1.037962,,0.968522,0,368,0,72.199688
6410,102371,12,762867,13.419246,0.001573,0.129239,non_zero_exit,0.968391,0,368,0,72.188426
6411,102371,0,762867,13.419246,0.000000,0.032031,,0.968245,0,368,0,72.192764
6412,102371,0,762867,13.419246,0.000000,1.030517,,0.968255,0,368,0,72.197100
6413,102371,0,762867,13.419246,0.000000,2.030656,,0.968420,0,368,0,72.201434
6414,102371,0,762867,13.419246,0.000000,1.135388,,0.968446,0,368,0,72.205768
6415,102371,0,762867,13.419246,0.000000,0.025028,non_zero_exit,0.968299,0,368,0,72.194514
6416,102371,0,762867,13.419246,0.000000,2.369459,,0.968518,0,368,0,72.198847
6417,102377,6,762867,13.420033,0.000787,0.030050,,0.968372,0,368,0,72.203179
6418,102377,0,762867,13.420033,0.000000,0.024420,non_zero_exit,0.968224,0,368,0,72.191930
6419,102377,0,762867,13.420033,0.000000,1.031728,,0.968234,0,368,0,72.196262
6420,102377,0,762867,13.420033,0.000000,0.024914,non_zero_exit,0.968087,0,368,0,72.185018
6421,102377,0,762867,13.420033,0.000000,1.030564,,0.968097,0,368,0,72.189349
6422,102378,1,762867,13.420164,0.000131,0.023470,non_zero_exit,0.967950,0,368,0,72.178110
6423,102378,0,762867,13.420164,0.000000,1.036107,,0.967961,0,368,0,72.182441
6424,102380,2,762867,13.420426,0.000262,0.549384,non_zero_exit,0.967896,0,368,0,72.171206
6425,102380,0,762867,13.420426,0.000000,5.007493,timeout,0.968524,0,369,0,72.159975
6426,102380,0,762867,13.420426,0.000000,0.031928,,0.968378,0,369,0,72.164307
6427,102380,0,762867,13.420426,0.000000,1.033446,,0.968389,0,369,0,72.168637
6428,102380,0,762867,13.420426,0.000000,0.028816,,0.968242,0,369,0,72.172966
6429,102380,0,762867,13.420426,0.000000,1.472173,,0.968321,0,369,0,72.177294
6430,102380,0,762867,13.420426,0.000000,1.037168,,0.968332,0,369,0,72.181620
6431,102380,0,762867,13.420426,0.000000,0.023223,non_zero_exit,0.968185,0,369,0,72.170398
6432,102381,1,762867,13.420557,0.000131,0.026925,,0.968038,0,369,0,72.174724
6433,102381,0,762867,13.420557,0.000000,0.034019,,0.967893,0,369,0,72.179049
6434,102383,2,762867,13.420819,0.000262,0.029024,,0.967747,0,369,0,72.183372
6435,102383,0,762867,13.420819,0.000000,5.081337,timeout,0.968386,0,370,0,72.172157
6436,102383,0,762867,13.420819,0.000000,0.021333,,0.968239,0,370,0,72.176480
6437,102383,0,762867,13.420819,0.000000,0.023945,non_zero_exit,0.968093,0,370,0,72.165269
6438,102383,0,762867,13.420819,0.000000,0.030783,,0.967947,0,370,0,72.169592
6439,102383,0,762867,13.420819,0.000000,0.031972,,0.967802,0,370,0,72.173913
6440,102383,0,762867,13.420819,0.000000,0.029113,,0.967656,0,370,0,72.178233
6441,102383,0,762867,13.420819,0.000000,1.028487,,0.967665,0,370,0,72.182552
6442,102383,0,762867,13.420819,0.000000,0.026691,,0.967519,0,370,0,72.186869
6443,102383,0,762867,13.420819,0.000000,5.003927,timeout,0.968146,0,371,0,72.175667
6444,102383,0,762867,13.420819,0.000000,0.031535,non_zero_exit,0.968000,0,371,0,72.164469
6445,102383,0,762867,13.420819,0.000000,1.029139,,0.968010,0,371,0,72.168787
6446,102388,5,762867,13.421475,0.000655,0.025784,non_zero_exit,0.967864,0,371,0,72.157593
6447,102388,0,762867,13.421475,0.000000,0.031492,,0.967718,0,371,0,72.161911
6448,102388,0,762867,13.421475,0.000000,1.031081,,0.967728,0,371,0,72.166227
6449,102388,0,762867,13.421475,0.000000,1.029315,,0.967738,0,371,0,72.170543
6450,102388,0,762867,13.421475,0.000000,2.191326,,0.967928,0,371,0,72.174857
6451,102388,0,762867,13.421475,0.000000,0.022055,non_zero_exit,0.967781,0,371,0,72.163670
6452,102388,0,762867,13.421475,0.000000,0.038987,,0.967637,0,371,0,72.167984
6453,102396,8,762867,13.422523,0.001049,0.536798,,0.967570,0,371,0,72.172296
6454,102396,0,762867,13.422523,0.000000,1.030353,,0.967580,0,371,0,72.176607
6455,102396,0,762867,13.422523,0.000000,0.022925,non_zero_exit,0.967434,0,371,0,72.165428
6456,102396,0,762867,13.422523,0.000000,1.032145,,0.967444,0,371,0,72.169738
6457,102396,0,762867,13.422523,0.000000,1.028815,non_zero_exit,0.967453,0,371,0,72.158563
6458,102396,0,762867,13.422523,0.000000,0.025155,non_zero_exit,0.967307,0,371,0,72.147391
6459,102396,0,762867,13.422523,0.000000,1.033639,,0.967318,0,371,0,72.151703
6460,102396,0,762867,13.422523,0.000000,1.038330,,0.967329,0,371,0,72.156013
6461,102396,0,762867,13.422523,0.000000,0.023384,non_zero_exit,0.967182,0,371,0,72.144847
6462,102396,0,762867,13.422523,0.000000,0.026323,non_zero_exit,0.967037,0,371,0,72.133684
6463,102396,0,762867,13.422523,0.000000,1.031336,,0.967047,0,371,0,72.137995
6464,102396,0,762867,13.422523,0.000000,1.037132,,0.967058,0,371,0,72.142305
6465,102396,0,762867,13.422523,0.000000,0.029368,,0.966913,0,371,0,72.146613
6466,102396,0,762867,13.422523,0.000000,0.040899,,0.966769,0,371,0,72.150920
6467,102396,0,762867,13.422523,0.000000,0.030666,,0.966625,0,371,0,72.155226
6468,102396,0,762867,13.422523,0.000000,0.030505,,0.966480,0,371,0,72.159530
6469,102396,0,762867,13.422523,0.000000,1.030579,,0.966490,0,371,0,72.163833
6470,102396,0,762867,13.422523,0.000000,2.030587,,0.966654,0,371,0,72.168135
6471,102396,0,762867,13.422523,0.000000,0.031410,,0.966510,0,371,0,72.172435
6472,102397,1,762867,13.422654,0.000131,1.031153,,0.966520,0,371,0,72.176734
6473,102397,0,762867,13.422654,0.000000,0.022872,non_zero_exit,0.966374,0,371,0,72.165585
6474,102397,0,762867,13.422654,0.000000,0.033672,,0.966230,0,371,0,72.169884
6475,102397,0,762867,13.422654,0.000000,0.533766,,0.966163,0,371,0,72.174182
6476,102397,0,762867,13.422654,0.000000,0.021590,non_zero_exit,0.966017,0,371,0,72.163038
6477,102397,0,762867,13.422654,0.000000,1.033031,,0.966028,0,371,0,72.167336
6478,102397,0,762867,13.422654,0.000000,0.023246,non_zero_exit,0.965882,0,371,0,72.156197
6479,102397,0,762867,13.422654,0.000000,2.032078,,0.966047,0,371,0,72.160494
6480,102397,0,762867,13.422654,0.000000,0.036182,,0.965903,0,371,0,72.164789
6481,102397,0,762867,13.422654,0.000000,0.031665,,0.965759,0,371,0,72.169084
6482,102397,0,762867,13.422654,0.000000,0.026169,,0.965614,0,371,0,72.173377
6483,102397,0,762867,13.422654,0.000000,0.031213,non_zero_exit,0.965470,0,371,0,72.162246
6484,102397,0,762867,13.422654,0.000000,1.030484,,0.965480,0,371,0,72.166538
6485,102397,0,762867,13.422654,0.000000,0.033008,,0.965336,0,371,0,72.170829
6486,102397,0,762867,13.422654,0.000000,1.036465,,0.965347,0,371,0,72.175119
6487,102407,10,762867,13.423965,0.001311,0.029418,,0.965203,0,371,0,72.179408
6488,102407,0,762867,13.423965,0.000000,0.989479,,0.965207,0,371,0,72.183695
6489,102407,0,762867,13.423965,0.000000,0.037820,,0.965064,0,371,0,72.187982
6490,102407,0,762867,13.423965,0.000000,0.033801,,0.964921,0,371,0,72.192266
6491,102407,0,762867,13.423965,0.000000,0.025238,,0.964776,0,371,0,72.196550
6492,102407,0,762867,13.423965,0.000000,0.430235,,0.964693,0,371,0,72.200832
6493,102407,0,762867,13.423965,0.000000,0.033557,,0.964550,0,371,0,72.205112
6494,102407,0,762867,13.423965,0.000000,0.034233,,0.964407,0,371,0,72.209392
6495,102407,0,762867,13.423965,0.000000,2.434097,,0.964633,0,371,0,72.213670
6496,102407,0,762867,13.423965,0.000000,0.029211,,0.964489,0,371,0,72.217947
6497,102407,0,762867,13.423965,0.000000,1.039274,,0.964501,0,371,0,72.222222
6498,102407,0,762867,13.423965,0.000000,0.024323,non_zero_exit,0.964356,0,371,0,72.211109
6499,102407,0,762867,13.423965,0.000000,1.031834,,0.964366,0,371,0,72.215385
6500,102407,0,762867,13.423965,0.000000,1.029587,,0.964376,0,371,0,72.219659
6501,102407,0,762867,13.423965,0.000000,5.004664,timeout,0.964998,0,372,0,72.208551
6502,102407,0,762867,13.423965,0.000000,0.021596,non_zero_exit,0.964853,0,372,0,72.197447
6503,102408,1,762867,13.424096,0.000131,0.028586,,0.964709,0,372,0,72.201722
6504,102408,0,762867,13.424096,0.000000,1.032809,non_zero_exit,0.964719,0,372,0,72.190623
6505,102408,0,762867,13.424096,0.000000,0.029216,,0.964575,0,372,0,72.194897
6506,102408,0,762867,13.424096,0.000000,1.037154,,0.964587,0,372,0,72.199170
6507,102408,0,762867,13.424096,0.000000,0.026143,,0.964442,0,372,0,72.203442
6508,102408,0,762867,13.424096,0.000000,1.035583,,0.964453,0,372,0,72.207712
6509,102408,0,762867,13.424096,0.000000,3.405989,,0.964828,0,372,0,72.211982
6510,102408,0,762867,13.424096,0.000000,0.028884,,0.964685,0,372,0,72.216249
6511,102408,0,762867,13.424096,0.000000,2.030522,non_zero_exit,0.964848,0,372,0,72.205160
6512,102408,0,762867,13.424096,0.000000,0.916563,,0.964841,0,372,0,72.209427
6513,102408,0,762867,13.424096,0.000000,1.037957,,0.964852,0,372,0,72.213694
6514,102408,0,762867,13.424096,0.000000,0.040559,,0.964710,0,372,0,72.217959
6515,102408,0,762867,13.424096,0.000000,1.027689,,0.964720,0,372,0,72.222222
6516,102408,0,762867,13.424096,0.000000,3.031541,,0.965037,0,372,0,72.226485
6517,102408,0,762867,13.424096,0.000000,0.031349,,0.964894,0,372,0,72.230746
6518,102408,0,762867,13.424096,0.000000,0.025589,non_zero_exit,0.964750,0,372,0,72.219666
6519,102408,0,762867,13.424096,0.000000,2.032465,,0.964913,0,372,0,72.223926
6520,102408,0,762867,13.424096,0.000000,0.030027,,0.964770,0,372,0,72.228186
6521,102408,0,762867,13.424096,0.000000,0.028115,,0.964626,0,372,0,72.232444
6522,102408,0,762867,13.424096,0.000000,0.032441,,0.964484,0,372,0,72.236701
6523,102408,0,762867,13.424096,0.000000,0.034226,,0.964341,0,372,0,72.240956
6524,102408,0,762867,13.424096,0.000000,1.027528,,0.964351,0,372,0,72.245211
6525,102408,0,762867,13.424096,0.000000,0.030666,,0.964208,0,372,0,72.249464
6526,102408,0,762867,13.424096,0.000000,0.827363,,0.964187,0,372,0,72.253715
6527,102408,0,762867,13.424096,0.000000,0.022034,non_zero_exit,0.964042,0,372,0,72.242647
6528,102408,0,762867,13.424096,0.000000,0.028817,,0.963899,0,372,0,72.246898
6529,102408,0,762867,13.424096,0.000000,0.027456,,0.963756,0,372,0,72.251149
6530,102408,0,762867,13.424096,0.000000,0.025897,,0.963612,0,372,0,72.255397
6531,102409,1,762867,13.424227,0.000131,1.032321,,0.963623,0,372,0,72.259645
6532,102409,0,762867,13.424227,0.000000,0.029564,,0.963480,0,372,0,72.263891
6533,102409,0,762867,13.424227,0.000000,0.131181,,0.963352,0,372,0,72.268136
6534,102409,0,762867,13.424227,0.000000,1.029446,,0.963362,0,372,0,72.272379
6535,102410,1,762867,13.424358,0.000131,1.035575,,0.963373,0,372,0,72.276622
6536,102410,0,762867,13.424358,0.000000,1.030508,,0.963384,0,372,0,72.280863
6537,102410,0,762867,13.424358,0.000000,0.031276,,0.963241,0,372,0,72.285102
6538,102410,0,762867,13.424358,0.000000,0.533171,,0.963175,0,372,0,72.289341
6539,102410,0,762867,13.424358,0.000000,0.031641,,0.963033,0,372,0,72.293578
6540,102410,0,762867,13.424358,0.000000,1.032778,,0.963043,0,372,0,72.297814
6541,102410,0,762867,13.424358,0.000000,0.026472,,0.962900,0,372,0,72.302048
6542,102410,0,762867,13.424358,0.000000,0.021727,non_zero_exit,0.962756,0,372,0,72.290998
6543,102410,0,762867,13.424358,0.000000,3.028765,,0.963072,0,372,0,72.295232
6544,102410,0,762867,13.424358,0.000000,2.032332,,0.963236,0,372,0,72.299465
6545,102410,0,762867,13.424358,0.000000,0.026298,,0.963092,0,372,0,72.303697
6546,102410,0,762867,13.424358,0.000000,1.029493,,0.963103,0,372,0,72.307927
6547,102410,0,762867,13.424358,0.000000,0.031625,,0.962960,0,372,0,72.312156
6548,102410,0,762867,13.424358,0.000000,0.030387,,0.962818,0,372,0,72.316384
6549,102410,0,762867,13.424358,0.000000,0.027764,non_zero_exit,0.962675,0,372,0,72.305344
6550,102410,0,762867,13.424358,0.000000,1.027947,,0.962685,0,372,0,72.309571
6551,102410,0,762867,13.424358,0.000000,1.027020,,0.962695,0,372,0,72.313797
6552,102410,0,762867,13.424358,0.000000,1.031966,,0.962706,0,372,0,72.318022
6553,102410,0,762867,13.424358,0.000000,0.033446,,0.962564,0,372,0,72.322246
6554,102410,0,762867,13.424358,0.000000,1.031229,,0.962574,0,372,0,72.326468
6555,102410,0,762867,13.424358,0.000000,1.035268,,0.962585,0,372,0,72.330689
6556,102410,0,762867,13.424358,0.000000,1.038673,,0.962597,0,372,0,72.334909
6557,102410,0,762867,13.424358,0.000000,1.032343,,0.962608,0,372,0,72.339128
6558,102410,0,762867,13.424358,0.000000,0.031792,,0.962466,0,372,0,72.343345
6559,102410,0,762867,13.424358,0.000000,0.031601,,0.962324,0,372,0,72.347561
6560,102410,0,762867,13.424358,0.000000,2.182465,non_zero_exit,0.962510,0,372,0,72.336534
6561,102410,0,762867,13.424358,0.000000,1.032324,non_zero_exit,0.962520,0,372,0,72.325511
6562,102410,0,762867,13.424358,0.000000,0.036766,,0.962379,0,372,0,72.329727
6563,102410,0,762867,13.424358,0.000000,0.030904,,0.962237,0,372,0,72.333943
6564,102425,15,762867,13.426325,0.001966,0.033856,,0.962096,0,372,0,72.338157
6565,102425,0,762867,13.426325,0.000000,0.026752,non_zero_exit,0.961954,0,372,0,72.327140
6566,102425,0,762867,13.426325,0.000000,0.024252,,0.961811,0,372,0,72.331354
6567,102425,0,762867,13.426325,0.000000,0.022529,non_zero_exit,0.961668,0,372,0,72.320341
6568,102425,0,762867,13.426325,0.000000,1.032152,,0.961678,0,372,0,72.324555
6569,102426,1,762867,13.426456,0.000131,0.030366,,0.961537,0,372,0,72.328767
6570,102427,1,762867,13.426587,0.000131,0.025606,non_zero_exit,0.961394,0,372,0,72.317760
6571,102427,0,762867,13.426587,0.000000,0.029103,,0.961252,0,372,0,72.321972
6572,102427,0,762867,13.426587,0.000000,2.040657,,0.961417,0,372,0,72.326183
6573,102427,0,762867,13.426587,0.000000,3.539530,,0.961809,0,372,0,72.330392
6574,102453,26,762867,13.429995,0.003408,0.034019,,0.961668,0,372,0,72.334601
6575,102453,0,762867,13.429995,0.000000,0.784588,,0.961641,0,372,0,72.338808
6576,102454,1,762867,13.430126,0.000131,0.024395,non_zero_exit,0.961498,0,372,0,72.327809
6577,102454,0,762867,13.430126,0.000000,1.031201,,0.961509,0,372,0,72.332016
6578,102454,0,762867,13.430126,0.000000,0.031537,,0.961367,0,372,0,72.336221
6579,102454,0,762867,13.430126,0.000000,0.031731,,0.961226,0,372,0,72.340426
6580,102454,0,762867,13.430126,0.000000,0.024526,non_zero_exit,0.961084,0,372,0,72.329433
6581,102454,0,762867,13.430126,0.000000,0.537060,,0.961019,0,372,0,72.333637
6582,102454,0,762867,13.430126,0.000000,0.027294,,0.960878,0,372,0,72.337840
6583,102454,0,762867,13.430126,0.000000,0.023721,non_zero_exit,0.960735,0,372,0,72.326853
6584,102454,0,762867,13.430126,0.000000,0.027809,,0.960594,0,372,0,72.331055
6585,102456,2,762867,13.430388,0.000262,0.022276,non_zero_exit,0.960451,0,372,0,72.320073
6586,102456,0,762867,13.430388,0.000000,0.130764,,0.960325,0,372,0,72.324275
6587,102456,0,762867,13.430388,0.000000,1.032128,,0.960336,0,372,0,72.328476
6588,102456,0,762867,13.430388,0.000000,0.027759,non_zero_exit,0.960195,0,372,0,72.317499
6589,102456,0,762867,13.430388,0.000000,0.032539,,0.960054,0,372,0,72.321700
6590,102456,0,762867,13.430388,0.000000,0.433442,,0.959974,0,372,0,72.325899
6591,102456,0,762867,13.430388,0.000000,1.033897,,0.959985,0,372,0,72.330097
6592,102456,0,762867,13.430388,0.000000,0.025272,,0.959843,0,372,0,72.334294
6593,102460,4,762867,13.430913,0.000524,5.004082,timeout,0.960457,0,373,0,72.323324
6594,102460,0,762867,13.430913,0.000000,0.032773,,0.960316,0,373,0,72.327521
6595,102460,0,762867,13.430913,0.000000,5.004073,timeout,0.960929,0,374,0,72.316555
6596,102460,0,762867,13.430913,0.000000,0.023977,non_zero_exit,0.960787,0,374,0,72.305593
6597,102460,0,762867,13.430913,0.000000,1.034401,,0.960798,0,374,0,72.309791
6598,102460,0,762867,13.430913,0.000000,2.028116,,0.960960,0,374,0,72.313987
6599,102460,0,762867,13.430913,0.000000,1.033145,,0.960971,0,374,0,72.318182
6600,102460,0,762867,13.430913,0.000000,0.021008,non_zero_exit,0.960828,0,374,0,72.307226
6601,102460,0,762867,13.430913,0.000000,4.032026,,0.961294,0,374,0,72.311421
6602,102460,0,762867,13.430913,0.000000,1.027366,,0.961304,0,374,0,72.315614
6603,102460,0,762867,13.430913,0.000000,0.030716,,0.961163,0,374,0,72.319806
6604,102460,0,762867,13.430913,0.000000,1.036781,,0.961174,0,374,0,72.323997
6605,102460,0,762867,13.430913,0.000000,2.029593,,0.961336,0,374,0,72.328186
6606,102461,1,762867,13.431044,0.000131,0.032181,,0.961195,0,374,0,72.332375
6607,102461,0,762867,13.431044,0.000000,0.036645,,0.961055,0,374,0,72.336562
6608,102461,0,762867,13.431044,0.000000,0.030888,,0.960915,0,374,0,72.340747
6609,102461,0,762867,13.431044,0.000000,1.029186,,0.960925,0,374,0,72.344932
6610,102463,2,762867,13.431306,0.000262,0.025021,,0.960783,0,374,0,72.349115
6611,102463,0,762867,13.431306,0.000000,1.031421,,0.960794,0,374,0,72.353297
6612,102463,0,762867,13.431306,0.000000,3.030490,,0.961107,0,374,0,72.357478
6613,102463,0,762867,13.431306,0.000000,0.030022,,0.960966,0,374,0,72.361657
6614,102463,0,762867,13.431306,0.000000,0.036195,,0.960826,0,374,0,72.365835
6615,102463,0,762867,13.431306,0.000000,0.027064,non_zero_exit,0.960685,0,374,0,72.354897
6616,102463,0,762867,13.431306,0.000000,0.023775,non_zero_exit,0.960544,0,374,0,72.343963
6617,102463,0,762867,13.431306,0.000000,3.033048,,0.960857,0,374,0,72.348141
6618,102463,0,762867,13.431306,0.000000,0.031769,,0.960717,0,374,0,72.352319
6619,102463,0,762867,13.431306,0.000000,5.004315,timeout,0.961327,0,375,0,72.341390
6620,102463,0,762867,13.431306,0.000000,0.030516,,0.961187,0,375,0,72.345567
6621,102463,0,762867,13.431306,0.000000,1.534894,,0.961273,0,375,0,72.349743
6622,102463,0,762867,13.431306,0.000000,5.004077,timeout,0.961884,0,376,0,72.338819
6623,102463,0,762867,13.431306,0.000000,0.022415,non_zero_exit,0.961742,0,376,0,72.327899
6624,102463,0,762867,13.431306,0.000000,0.029130,,0.961601,0,376,0,72.332075
6625,102463,0,762867,13.431306,0.000000,0.039706,,0.961462,0,376,0,72.336251
6626,102463,0,762867,13.431306,0.000000,0.024239,non_zero_exit,0.961321,0,376,0,72.325336
6627,102463,0,762867,13.431306,0.000000,0.025508,non_zero_exit,0.961179,0,376,0,72.314424
6628,102463,0,762867,13.431306,0.000000,1.031476,,0.961190,0,376,0,72.318600
6629,102463,0,762867,13.431306,0.000000,0.132308,,0.961065,0,376,0,72.322775
6630,102463,0,762867,13.431306,0.000000,0.026537,non_zero_exit,0.960924,0,376,0,72.311868
6631,102463,0,762867,13.431306,0.000000,2.028933,,0.961085,0,376,0,72.316043
6632,102463,0,762867,13.431306,0.000000,0.027745,,0.960944,0,376,0,72.320217
6633,102463,0,762867,13.431306,0.000000,0.337441,,0.960850,0,376,0,72.324390
6634,102463,0,762867,13.431306,0.000000,0.032795,,0.960711,0,376,0,72.328561
6635,102463,0,762867,13.431306,0.000000,0.536195,,0.960647,0,376,0,72.332731
6636,102463,0,762867,13.431306,0.000000,0.031472,,0.960507,0,376,0,72.336899
6637,102463,0,762867,13.431306,0.000000,0.023813,non_zero_exit,0.960365,0,376,0,72.326002
6638,102463,0,762867,13.431306,0.000000,1.029075,,0.960376,0,376,0,72.330170
6639,102463,0,762867,13.431306,0.000000,3.037593,non_zero_exit,0.960689,0,376,0,72.319277
6640,102463,0,762867,13.431306,0.000000,0.020514,non_zero_exit,0.960547,0,376,0,72.308387
6641,102463,0,762867,13.431306,0.000000,0.030540,,0.960407,0,376,0,72.312556
6642,102463,0,762867,13.431306,0.000000,0.530864,,0.960342,0,376,0,72.316724
6643,102463,0,762867,13.431306,0.000000,0.032498,,0.960203,0,376,0,72.320891
6644,102463,0,762867,13.431306,0.000000,1.027402,,0.960213,0,376,0,72.325056
6645,102463,0,762867,13.431306,0.000000,0.023371,non_zero_exit,0.960072,0,376,0,72.314174
6646,102463,0,762867,13.431306,0.000000,2.026743,,0.960232,0,376,0,72.318339
6647,102463,0,762867,13.431306,0.000000,1.031192,,0.960243,0,376,0,72.322503
6648,102463,0,762867,13.431306,0.000000,0.025060,non_zero_exit,0.960102,0,376,0,72.311626
6649,102463,0,762867,13.431306,0.000000,0.432510,,0.960023,0,376,0,72.315789
6650,102463,0,762867,13.431306,0.000000,1.032197,,0.960034,0,376,0,72.319952
6651,102465,2,762867,13.431568,0.000262,1.031974,,0.960045,0,376,0,72.324113
6652,102466,1,762867,13.431699,0.000131,0.233262,,0.959936,0,376,0,72.328273
6653,102466,0,762867,13.431699,0.000000,0.030813,,0.959796,0,376,0,72.332432
6654,102466,0,762867,13.431699,0.000000,0.030140,,0.959656,0,376,0,72.336589
6655,102466,0,762867,13.431699,0.000000,0.029496,non_zero_exit,0.959516,0,376,0,72.325721
6656,102466,0,762867,13.431699,0.000000,0.033942,,0.959377,0,376,0,72.329878
6657,102466,0,762867,13.431699,0.000000,0.029335,,0.959238,0,376,0,72.334034
6658,102466,0,762867,13.431699,0.000000,2.044091,,0.959401,0,376,0,72.338189
6659,102466,0,762867,13.431699,0.000000,0.028555,,0.959261,0,376,0,72.342342
6660,102466,0,762867,13.431699,0.000000,1.030070,,0.959271,0,376,0,72.346495
6661,102466,0,762867,13.431699,0.000000,0.022432,non_zero_exit,0.959131,0,376,0,72.335635
6662,102466,0,762867,13.431699,0.000000,2.038873,,0.959293,0,376,0,72.339787
6663,102466,0,762867,13.431699,0.000000,0.029414,,0.959153,0,376,0,72.343938
6664,102466,0,762867,13.431699,0.000000,1.030525,,0.959164,0,376,0,72.348087
6665,102466,0,762867,13.431699,0.000000,2.037696,,0.959326,0,376,0,72.352235
6666,102466,0,762867,13.431699,0.000000,0.023581,non_zero_exit,0.959186,0,376,0,72.341383
6667,102466,0,762867,13.431699,0.000000,1.030861,,0.959196,0,376,0,72.345531
6668,102466,0,762867,13.431699,0.000000,0.030714,,0.959057,0,376,0,72.349678
6669,102466,0,762867,13.431699,0.000000,0.024987,non_zero_exit,0.958917,0,376,0,72.338831
6670,102466,0,762867,13.431699,0.000000,1.032820,non_zero_exit,0.958928,0,376,0,72.327987
6671,102466,0,762867,13.431699,0.000000,3.034498,,0.959239,0,376,0,72.332134
6672,102466,0,762867,13.431699,0.000000,0.025132,non_zero_exit,0.959099,0,376,0,72.321295
6673,102466,0,762867,13.431699,0.000000,0.024543,non_zero_exit,0.958959,0,376,0,72.310458
6674,102466,0,762867,13.431699,0.000000,0.025219,non_zero_exit,0.958819,0,376,0,72.299625
6675,102466,0,762867,13.431699,0.000000,0.031458,,0.958680,0,376,0,72.303775
6676,102466,0,762867,13.431699,0.000000,0.022942,non_zero_exit,0.958540,0,376,0,72.292946
6677,102466,0,762867,13.431699,0.000000,2.028407,,0.958700,0,376,0,72.297095
6678,102466,0,762867,13.431699,0.000000,0.029959,,0.958561,0,376,0,72.301243
6679,102466,0,762867,13.431699,0.000000,0.037822,,0.958424,0,376,0,72.305389
6680,102466,0,762867,13.431699,0.000000,2.035228,,0.958585,0,376,0,72.309535
6681,102466,0,762867,13.431699,0.000000,0.029429,,0.958446,0,376,0,72.313679
6682,102466,0,762867,13.431699,0.000000,1.033595,,0.958457,0,376,0,72.317821
6683,102466,0,762867,13.431699,0.000000,1.243010,,0.958499,0,376,0,72.321963
6684,102466,0,762867,13.431699,0.000000,0.023609,non_zero_exit,0.958360,0,376,0,72.311144
6685,102466,0,762867,13.431699,0.000000,1.029697,,0.958370,0,376,0,72.315286
6686,102466,0,762867,13.431699,0.000000,0.031341,,0.958232,0,376,0,72.319426
6687,102466,0,762867,13.431699,0.000000,0.028131,,0.958093,0,376,0,72.323565
6688,102466,0,762867,13.431699,0.000000,0.021969,non_zero_exit,0.957953,0,376,0,72.312752
6689,102466,0,762867,13.431699,0.000000,0.131065,,0.957829,0,376,0,72.316891
6690,102466,0,762867,13.431699,0.000000,0.027633,non_zero_exit,0.957690,0,376,0,72.306083
6691,102466,0,762867,13.431699,0.000000,1.031955,,0.957701,0,376,0,72.310221
6692,102466,0,762867,13.431699,0.000000,0.921522,,0.957696,0,376,0,72.314358
6693,102466,0,762867,13.431699,0.000000,1.037635,,0.957708,0,376,0,72.318494
6694,102518,52,762867,13.438515,0.006816,0.042843,,0.957571,0,376,0,72.322629
6695,102518,0,762867,13.438515,0.000000,0.034395,non_zero_exit,0.957433,0,376,0,72.311828
6696,102518,0,762867,13.438515,0.000000,0.023068,non_zero_exit,0.957294,0,376,0,72.301030
6697,102519,1,762867,13.438647,0.000131,1.029471,,0.957304,0,376,0,72.305166
6698,102519,0,762867,13.438647,0.000000,2.027086,,0.957464,0,376,0,72.309300
6699,102519,0,762867,13.438647,0.000000,0.024397,non_zero_exit,0.957325,0,376,0,72.298507
6700,102521,2,762867,13.438909,0.000262,1.032867,,0.957336,0,376,0,72.302641
6701,102521,0,762867,13.438909,0.000000,1.032736,,0.957347,0,376,0,72.306774
6702,102521,0,762867,13.438909,0.000000,1.028230,,0.957358,0,376,0,72.310906
6703,102521,0,762867,13.438909,0.000000,1.036805,,0.957370,0,376,0,72.315036
6704,102521,0,762867,13.438909,0.000000,5.004227,timeout,0.957973,0,377,0,72.304251
6705,102521,0,762867,13.438909,0.000000,1.034567,,0.957985,0,377,0,72.308381
6706,102521,0,762867,13.438909,0.000000,1.030982,,0.957996,0,377,0,72.312509
6707,102522,1,762867,13.439040,0.000131,1.035951,,0.958007,0,377,0,72.316637
6708,102522,0,762867,13.439040,0.000000,0.021161,non_zero_exit,0.957868,0,377,0,72.305858
6709,102522,0,762867,13.439040,0.000000,2.027415,,0.958027,0,377,0,72.309985
6710,102522,0,762867,13.439040,0.000000,0.024195,non_zero_exit,0.957888,0,377,0,72.299210
6711,102522,0,762867,13.439040,0.000000,0.033896,non_zero_exit,0.957750,0,377,0,72.288439
6712,102522,0,762867,13.439040,0.000000,0.032099,,0.957612,0,377,0,72.292567
6713,102522,0,762867,13.439040,0.000000,1.028148,,0.957623,0,377,0,72.296693
6714,102524,2,762867,13.439302,0.000262,5.083423,timeout,0.958237,0,378,0,72.285927
6715,102524,0,762867,13.439302,0.000000,0.029728,,0.958099,0,378,0,72.290054
6716,102524,0,762867,13.439302,0.000000,3.036728,,0.958408,0,378,0,72.294179
6717,102524,0,762867,13.439302,0.000000,0.034547,,0.958271,0,378,0,72.298303
6718,102524,0,762867,13.439302,0.000000,0.032520,,0.958133,0,378,0,72.302426
6719,102524,0,762867,13.439302,0.000000,0.023376,non_zero_exit,0.957994,0,378,0,72.291667
6720,102524,0,762867,13.439302,0.000000,1.028745,non_zero_exit,0.958005,0,378,0,72.280911
6721,102524,0,762867,13.439302,0.000000,0.128669,,0.957881,0,378,0,72.285034
6722,102524,0,762867,13.439302,0.000000,0.029512,,0.957743,0,378,0,72.289157
6723,102524,0,762867,13.439302,0.000000,0.028052,,0.957605,0,378,0,72.293278
6724,102524,0,762867,13.439302,0.000000,0.029671,,0.957467,0,378,0,72.297398
6725,102524,0,762867,13.439302,0.000000,1.027816,,0.957477,0,378,0,72.301517
6726,102524,0,762867,13.439302,0.000000,0.034264,,0.957340,0,378,0,72.305634
6727,102524,0,762867,13.439302,0.000000,5.004007,timeout,0.957942,0,379,0,72.294887
6728,102524,0,762867,13.439302,0.000000,2.035742,,0.958102,0,379,0,72.299004
6729,102525,1,762867,13.439433,0.000131,0.029735,,0.957964,0,379,0,72.303120
6730,102525,0,762867,13.439433,0.000000,0.030228,,0.957826,0,379,0,72.307235
6731,102525,0,762867,13.439433,0.000000,5.003659,timeout,0.958427,0,380,0,72.296494
6732,102525,0,762867,13.439433,0.000000,0.030818,,0.958289,0,380,0,72.300609
6733,102525,0,762867,13.439433,0.000000,0.781451,,0.958263,0,380,0,72.304722
6734,102525,0,762867,13.439433,0.000000,2.278708,,0.958459,0,380,0,72.308834
6735,102525,0,762867,13.439433,0.000000,1.027852,,0.958469,0,380,0,72.312945
6736,102525,0,762867,13.439433,0.000000,0.022642,non_zero_exit,0.958330,0,380,0,72.302212
6737,102525,0,762867,13.439433,0.000000,1.030067,,0.958341,0,380,0,72.306322
6738,102525,0,762867,13.439433,0.000000,1.028749,,0.958351,0,380,0,72.310432
6739,102525,0,762867,13.439433,0.000000,1.030521,,0.958362,0,380,0,72.314540
6740,102525,0,762867,13.439433,0.000000,1.031043,,0.958373,0,380,0,72.318647
6741,102542,17,762867,13.441662,0.002228,1.032203,,0.958384,0,380,0,72.322753
6742,102542,0,762867,13.441662,0.000000,0.024913,non_zero_exit,0.958245,0,380,0,72.312027
6743,102542,0,762867,13.441662,0.000000,0.029823,,0.958108,0,380,0,72.316133
6744,102542,0,762867,13.441662,0.000000,0.038954,,0.957972,0,380,0,72.320237
6745,102542,0,762867,13.441662,0.000000,0.032559,,0.957834,0,380,0,72.324340
6746,102542,0,762867,13.441662,0.000000,0.031600,,0.957697,0,380,0,72.328442
6747,102542,0,762867,13.441662,0.000000,1.140040,,0.957724,0,380,0,72.332543
6748,102542,0,762867,13.441662,0.000000,2.038871,,0.957884,0,380,0,72.336642
6749,102542,0,762867,13.441662,0.000000,1.028737,,0.957895,0,380,0,72.340741
6750,102542,0,762867,13.441662,0.000000,0.027804,,0.957757,0,380,0,72.344838
6751,102542,0,762867,13.441662,0.000000,1.026989,,0.957767,0,380,0,72.348934
6752,102542,0,762867,13.441662,0.000000,0.033844,,0.957630,0,380,0,72.353028
6753,102542,0,762867,13.441662,0.000000,1.334132,,0.957686,0,380,0,72.357122
6754,102542,0,762867,13.441662,0.000000,1.032388,,0.957697,0,380,0,72.361214
6755,102542,0,762867,13.441662,0.000000,0.056170,,0.957564,0,380,0,72.365305
6756,102542,0,762867,13.441662,0.000000,0.032421,,0.957427,0,380,0,72.369395
6757,102542,0,762867,13.441662,0.000000,0.021216,non_zero_exit,0.957288,0,380,0,72.358686
6758,102542,0,762867,13.441662,0.000000,0.031226,,0.957151,0,380,0,72.362776
6759,102542,0,762867,13.441662,0.000000,0.024058,non_zero_exit,0.957013,0,380,0,72.352071
6760,102542,0,762867,13.441662,0.000000,0.021621,non_zero_exit,0.956875,0,380,0,72.341370
6761,102542,0,762867,13.441662,0.000000,0.533337,,0.956812,0,380,0,72.345460
6762,102542,0,762867,13.441662,0.000000,1.034796,,0.956824,0,380,0,72.349549
6763,102542,0,762867,13.441662,0.000000,1.031177,,0.956835,0,380,0,72.353637
6764,102543,1,762867,13.441793,0.000131,0.337646,,0.956743,0,380,0,72.357724
6765,102543,0,762867,13.441793,0.000000,0.022873,non_zero_exit,0.956605,0,380,0,72.347029
6766,102543,0,762867,13.441793,0.000000,0.032412,,0.956469,0,380,0,72.351116
6767,102543,0,762867,13.441793,0.000000,0.029723,,0.956332,0,380,0,72.355201
6768,102543,0,762867,13.441793,0.000000,1.031216,,0.956343,0,380,0,72.359285
6769,102543,0,762867,13.441793,0.000000,0.022942,non_zero_exit,0.956205,0,380,0,72.348597
6770,102543,0,762867,13.441793,0.000000,0.538971,,0.956143,0,380,0,72.352681
6771,102543,0,762867,13.441793,0.000000,0.029819,,0.956007,0,380,0,72.356763
6772,102543,0,762867,13.441793,0.000000,0.024810,non_zero_exit,0.955869,0,380,0,72.346080
6773,102543,0,762867,13.441793,0.000000,0.029253,,0.955732,0,380,0,72.350162
6774,102543,0,762867,13.441793,0.000000,1.031311,,0.955743,0,380,0,72.354244
6775,102544,1,762867,13.441924,0.000131,3.737074,,0.956154,0,380,0,72.358323
6776,102544,0,762867,13.441924,0.000000,3.041315,,0.956462,0,380,0,72.362402
6777,102544,0,762867,13.441924,0.000000,0.027167,,0.956324,0,380,0,72.366480
6778,102544,0,762867,13.441924,0.000000,0.031170,,0.956188,0,380,0,72.370556
6779,102544,0,762867,13.441924,0.000000,2.037969,,0.956348,0,380,0,72.374631
6780,102544,0,762867,13.441924,0.000000,1.030169,,0.956358,0,380,0,72.378705
6781,102544,0,762867,13.441924,0.000000,2.342423,,0.956563,0,380,0,72.382778
6782,102544,0,762867,13.441924,0.000000,0.539440,,0.956501,0,380,0,72.386849
6783,102544,0,762867,13.441924,0.000000,3.029011,,0.956807,0,380,0,72.390920
6784,102544,0,762867,13.441924,0.000000,1.039875,,0.956819,0,380,0,72.394989
6785,102544,0,762867,13.441924,0.000000,0.937217,,0.956816,0,380,0,72.399057
6786,102544,0,762867,13.441924,0.000000,0.036580,,0.956681,0,380,0,72.403124
6787,102544,0,762867,13.441924,0.000000,0.023303,non_zero_exit,0.956543,0,380,0,72.392457
6788,102544,0,762867,13.441924,0.000000,0.024393,non_zero_exit,0.956406,0,380,0,72.381794
6789,102544,0,762867,13.441924,0.000000,0.029464,,0.956269,0,380,0,72.385862
6790,102544,0,762867,13.441924,0.000000,0.024009,non_zero_exit,0.956132,0,380,0,72.375202
6791,102544,0,762867,13.441924,0.000000,2.037187,,0.956291,0,380,0,72.379270
6792,102544,0,762867,13.441924,0.000000,0.024087,non_zero_exit,0.956154,0,380,0,72.368615
6793,102544,0,762867,13.441924,0.000000,0.031496,,0.956018,0,380,0,72.372682
6794,102544,0,762867,13.441924,0.000000,0.029279,,0.955881,0,380,0,72.376748
6795,102544,0,762867,13.441924,0.000000,0.032232,,0.955746,0,380,0,72.380812
6796,102544,0,762867,13.441924,0.000000,0.029631,,0.955609,0,380,0,72.384876
6797,102544,0,762867,13.441924,0.000000,0.030381,,0.955473,0,380,0,72.388938
6798,102544,0,762867,13.441924,0.000000,0.022034,non_zero_exit,0.955336,0,380,0,72.378291
6799,102544,0,762867,13.441924,0.000000,2.029350,,0.955494,0,380,0,72.382353
6800,102544,0,762867,13.441924,0.000000,3.034311,,0.955799,0,380,0,72.386414
6801,102544,0,762867,13.441924,0.000000,0.029117,,0.955663,0,380,0,72.390473
6802,102544,0,762867,13.441924,0.000000,2.032959,,0.955822,0,380,0,72.394532
6803,102544,0,762867,13.441924,0.000000,3.033651,,0.956127,0,380,0,72.398589
6804,102544,0,762867,13.441924,0.000000,0.021800,non_zero_exit,0.955990,0,380,0,72.387950
6805,102544,0,762867,13.441924,0.000000,3.876111,,0.956419,0,380,0,72.392007
6806,102544,0,762867,13.441924,0.000000,1.029171,,0.956429,0,380,0,72.396063
6807,102544,0,762867,13.441924,0.000000,0.023240,non_zero_exit,0.956292,0,380,0,72.385429
6808,102544,0,762867,13.441924,0.000000,1.027054,,0.956303,0,380,0,72.389485
6809,102544,0,762867,13.441924,0.000000,0.031523,,0.956167,0,380,0,72.393539
6810,102544,0,762867,13.441924,0.000000,0.031168,,0.956031,0,380,0,72.397592
6811,102544,0,762867,13.441924,0.000000,0.031388,,0.955895,0,380,0,72.401644
6812,102544,0,762867,13.441924,0.000000,2.537852,,0.956128,0,380,0,72.405695
6813,102544,0,762867,13.441924,0.000000,0.031795,,0.955992,0,380,0,72.409745
6814,102544,0,762867,13.441924,0.000000,0.031636,,0.955856,0,380,0,72.413793
6815,102557,13,762867,13.443628,0.001704,0.030788,,0.955721,0,380,0,72.417840
6816,102557,0,762867,13.443628,0.000000,1.032816,,0.955732,0,380,0,72.421886
6817,102557,0,762867,13.443628,0.000000,1.029217,,0.955743,0,380,0,72.425931
6818,102557,0,762867,13.443628,0.000000,0.027403,,0.955607,0,380,0,72.429975
6819,102557,0,762867,13.443628,0.000000,0.034872,,0.955472,0,380,0,72.434018
6820,102557,0,762867,13.443628,0.000000,4.531606,,0.955996,0,380,0,72.438059
6821,102557,0,762867,13.443628,0.000000,3.037271,,0.956301,0,380,0,72.442099
6822,102557,0,762867,13.443628,0.000000,1.029123,,0.956312,0,380,0,72.446138
6823,102557,0,762867,13.443628,0.000000,1.030382,,0.956322,0,380,0,72.450176
6824,102557,0,762867,13.443628,0.000000,1.032704,,0.956334,0,380,0,72.454212
6825,102557,0,762867,13.443628,0.000000,1.033118,,0.956345,0,380,0,72.458248
6826,102557,0,762867,13.443628,0.000000,1.028898,,0.956355,0,380,0,72.462282
6827,102557,0,762867,13.443628,0.000000,1.028787,,0.956366,0,380,0,72.466315
6828,102557,0,762867,13.443628,0.000000,0.028755,,0.956230,0,380,0,72.470347
6829,102557,0,762867,13.443628,0.000000,1.030268,,0.956241,0,380,0,72.474378
6830,102557,0,762867,13.443628,0.000000,1.027649,,0.956252,0,380,0,72.478407
6831,102557,0,762867,13.443628,0.000000,1.029501,,0.956262,0,380,0,72.482436
6832,102557,0,762867,13.443628,0.000000,1.033310,,0.956274,0,380,0,72.486463
6833,102557,0,762867,13.443628,0.000000,0.029897,,0.956138,0,380,0,72.490489
6834,102557,0,762867,13.443628,0.000000,2.030526,,0.956295,0,380,0,72.494514
6835,102557,0,762867,13.443628,0.000000,1.531942,,0.956379,0,380,0,72.498537
6836,102557,0,762867,13.443628,0.000000,1.037720,,0.956391,0,380,0,72.502560
6837,102557,0,762867,13.443628,0.000000,1.026564,non_zero_exit,0.956402,0,380,0,72.491957
6838,102557,0,762867,13.443628,0.000000,1.027322,,0.956412,0,380,0,72.495979
6839,102557,0,762867,13.443628,0.000000,0.031859,,0.956277,0,380,0,72.500000
6840,102557,0,762867,13.443628,0.000000,0.534356,,0.956215,0,380,0,72.504020
6841,102557,0,762867,13.443628,0.000000,0.025158,,0.956079,0,380,0,72.508039
6842,102557,0,762867,13.443628,0.000000,1.030322,,0.956090,0,380,0,72.512056
6843,102557,0,762867,13.443628,0.000000,0.030474,,0.955955,0,380,0,72.516072
6844,102557,0,762867,13.443628,0.000000,0.030170,,0.955819,0,380,0,72.520088
6845,102557,0,762867,13.443628,0.000000,0.129614,,0.955699,0,380,0,72.524102
6846,102557,0,762867,13.443628,0.000000,5.007843,timeout,0.956290,0,381,0,72.513510
6847,102557,0,762867,13.443628,0.000000,0.024175,,0.956154,0,381,0,72.517523
6848,102557,0,762867,13.443628,0.000000,0.024565,non_zero_exit,0.956018,0,381,0,72.506935
6849,102557,0,762867,13.443628,0.000000,0.033649,,0.955884,0,381,0,72.510949
6850,102557,0,762867,13.443628,0.000000,0.027854,,0.955748,0,381,0,72.514961
6851,102557,0,762867,13.443628,0.000000,0.044055,,0.955615,0,381,0,72.518973
6852,102557,0,762867,13.443628,0.000000,2.224906,,0.955800,0,381,0,72.522983
6853,102557,0,762867,13.443628,0.000000,5.003938,timeout,0.956391,0,382,0,72.512402
6854,102572,15,762867,13.445594,0.001966,5.004344,timeout,0.956982,0,383,0,72.501823
6855,102572,0,762867,13.445594,0.000000,1.032270,,0.956993,0,383,0,72.505834
6856,102572,0,762867,13.445594,0.000000,0.038351,,0.956859,0,383,0,72.509844
6857,102572,0,762867,13.445594,0.000000,2.642873,,0.957104,0,383,0,72.513852
6858,102572,0,762867,13.445594,0.000000,0.034898,,0.956970,0,383,0,72.517860
6859,102572,0,762867,13.445594,0.000000,1.025462,,0.956980,0,383,0,72.521866
6860,102572,0,762867,13.445594,0.000000,2.829455,,0.957253,0,383,0,72.525871
6861,102572,0,762867,13.445594,0.000000,0.030010,,0.957118,0,383,0,72.529875
6862,102572,0,762867,13.445594,0.000000,0.033660,,0.956983,0,383,0,72.533877
6863,102572,0,762867,13.445594,0.000000,0.030599,,0.956848,0,383,0,72.537879
6864,102572,0,762867,13.445594,0.000000,0.527092,non_zero_exit,0.956786,0,383,0,72.527312
6865,102572,0,762867,13.445594,0.000000,4.036459,,0.957234,0,383,0,72.531314
6866,102572,0,762867,13.445594,0.000000,0.025256,non_zero_exit,0.957098,0,383,0,72.520751
6867,102572,0,762867,13.445594,0.000000,0.030342,,0.956963,0,383,0,72.524752
6868,102572,0,762867,13.445594,0.000000,2.537640,,0.957194,0,383,0,72.528752
6869,102572,0,762867,13.445594,0.000000,0.023360,non_zero_exit,0.957058,0,383,0,72.518195
6870,102572,0,762867,13.445594,0.000000,1.035373,non_zero_exit,0.957069,0,383,0,72.507641
6871,102572,0,762867,13.445594,0.000000,3.034695,,0.957371,0,383,0,72.511641
6872,102572,0,762867,13.445594,0.000000,0.021616,non_zero_exit,0.957235,0,383,0,72.501091
6873,102572,0,762867,13.445594,0.000000,0.030099,,0.957100,0,383,0,72.505092
6874,102572,0,762867,13.445594,0.000000,3.036446,,0.957403,0,383,0,72.509091
6875,102572,0,762867,13.445594,0.000000,1.029212,,0.957413,0,383,0,72.513089
6876,102572,0,762867,13.445594,0.000000,0.030659,,0.957279,0,383,0,72.517086
6877,102572,0,762867,13.445594,0.000000,1.033448,,0.957290,0,383,0,72.521082
6878,102572,0,762867,13.445594,0.000000,0.037631,non_zero_exit,0.957156,0,383,0,72.510539
6879,102572,0,762867,13.445594,0.000000,0.033335,,0.957022,0,383,0,72.514535
6880,102572,0,762867,13.445594,0.000000,0.028862,,0.956887,0,383,0,72.518529
6881,102572,0,762867,13.445594,0.000000,0.023096,non_zero_exit,0.956751,0,383,0,72.507992
6882,102572,0,762867,13.445594,0.000000,1.028752,,0.956762,0,383,0,72.511986
6883,102572,0,762867,13.445594,0.000000,0.041171,,0.956629,0,383,0,72.515979
6884,102572,0,762867,13.445594,0.000000,0.031965,,0.956494,0,383,0,72.519971
6885,102572,0,762867,13.445594,0.000000,1.028710,,0.956505,0,383,0,72.523962
6886,102572,0,762867,13.445594,0.000000,0.033335,,0.956371,0,383,0,72.527951
6887,102572,0,762867,13.445594,0.000000,0.024143,non_zero_exit,0.956235,0,383,0,72.517422
6888,102572,0,762867,13.445594,0.000000,2.033416,,0.956392,0,383,0,72.521411
6889,102572,0,762867,13.445594,0.000000,0.023901,non_zero_exit,0.956256,0,383,0,72.510885
6890,102572,0,762867,13.445594,0.000000,0.024424,non_zero_exit,0.956121,0,383,0,72.500363
6891,102572,0,762867,13.445594,0.000000,1.027540,,0.956131,0,383,0,72.504353
6892,102572,0,762867,13.445594,0.000000,5.003229,timeout,0.956719,0,384,0,72.493834
6893,102572,0,762867,13.445594,0.000000,0.531996,,0.956657,0,384,0,72.497824
6894,102572,0,762867,13.445594,0.000000,1.031235,,0.956668,0,384,0,72.501813
6895,102572,0,762867,13.445594,0.000000,1.033018,,0.956679,0,384,0,72.505800
6896,102572,0,762867,13.445594,0.000000,1.031342,,0.956690,0,384,0,72.509787
6897,102572,0,762867,13.445594,0.000000,3.034828,,0.956991,0,384,0,72.513772
6898,102572,0,762867,13.445594,0.000000,2.539031,,0.957220,0,384,0,72.517756
6899,102572,0,762867,13.445594,0.000000,1.533665,,0.957304,0,384,0,72.521739
6900,102572,0,762867,13.445594,0.000000,1.031636,,0.957315,0,384,0,72.525721
6901,102573,1,762867,13.445725,0.000131,1.029444,,0.957325,0,384,0,72.529702
6902,102573,0,762867,13.445725,0.000000,0.027704,,0.957190,0,384,0,72.533681
6903,102573,0,762867,13.445725,0.000000,0.037015,,0.957057,0,384,0,72.537659
6904,102573,0,762867,13.445725,0.000000,1.032062,,0.957068,0,384,0,72.541636
6905,102573,0,762867,13.445725,0.000000,3.030300,,0.957368,0,384,0,72.545613
6906,102573,0,762867,13.445725,0.000000,0.022227,non_zero_exit,0.957233,0,384,0,72.535109
6907,102573,0,762867,13.445725,0.000000,0.022246,non_zero_exit,0.957097,0,384,0,72.524609
6908,102574,1,762867,13.445856,0.000131,5.095092,timeout,0.957696,0,385,0,72.514112
6909,102574,0,762867,13.445856,0.000000,0.024433,non_zero_exit,0.957561,0,385,0,72.503618
6910,102574,0,762867,13.445856,0.000000,2.539380,,0.957790,0,385,0,72.507597
6911,102574,0,762867,13.445856,0.000000,3.036827,,0.958091,0,385,0,72.511574
6912,102574,0,762867,13.445856,0.000000,0.033607,,0.957957,0,385,0,72.515550
6913,102574,0,762867,13.445856,0.000000,2.145773,,0.958129,0,385,0,72.519526
6914,102574,0,762867,13.445856,0.000000,0.033314,,0.957995,0,385,0,72.523500
6915,102575,1,762867,13.445987,0.000131,0.021737,non_zero_exit,0.957860,0,385,0,72.513013
6916,102575,0,762867,13.445987,0.000000,0.029869,,0.957726,0,385,0,72.516987
6917,102575,0,762867,13.445987,0.000000,5.003636,timeout,0.958311,0,386,0,72.506505
6918,102575,0,762867,13.445987,0.000000,0.021941,non_zero_exit,0.958175,0,386,0,72.496025
6919,102575,0,762867,13.445987,0.000000,0.029446,,0.958041,0,386,0,72.500000
6920,102575,0,762867,13.445987,0.000000,0.023673,non_zero_exit,0.957906,0,386,0,72.489525
6921,102575,0,762867,13.445987,0.000000,0.029474,,0.957772,0,386,0,72.493499
6922,102575,0,762867,13.445987,0.000000,1.025410,non_zero_exit,0.957782,0,386,0,72.483028
6923,102575,0,762867,13.445987,0.000000,0.031219,,0.957648,0,386,0,72.487002
6924,102575,0,762867,13.445987,0.000000,0.020869,non_zero_exit,0.957513,0,386,0,72.476534
6925,102575,0,762867,13.445987,0.000000,0.022694,non_zero_exit,0.957378,0,386,0,72.466070
6926,102575,0,762867,13.445987,0.000000,0.030420,,0.957244,0,386,0,72.470045
6927,102575,0,762867,13.445987,0.000000,1.034281,,0.957255,0,386,0,72.474018
6928,102575,0,762867,13.445987,0.000000,5.004205,timeout,0.957839,0,387,0,72.463559
6929,102575,0,762867,13.445987,0.000000,0.029617,,0.957705,0,387,0,72.467532
6930,102575,0,762867,13.445987,0.000000,2.031758,,0.957860,0,387,0,72.471505
6931,102575,0,762867,13.445987,0.000000,3.028995,,0.958159,0,387,0,72.475476
6932,102575,0,762867,13.445987,0.000000,3.033052,,0.958458,0,387,0,72.479446
6933,102602,27,762867,13.449527,0.003539,2.038484,,0.958614,0,387,0,72.483415
6934,102602,0,762867,13.449527,0.000000,1.033976,,0.958625,0,387,0,72.487383
6935,102602,0,762867,13.449527,0.000000,0.036478,,0.958492,0,387,0,72.491349
6936,102602,0,762867,13.449527,0.000000,0.028404,non_zero_exit,0.958358,0,387,0,72.480900
6937,102602,0,762867,13.449527,0.000000,3.039610,,0.958658,0,387,0,72.484866
6938,102602,0,762867,13.449527,0.000000,0.031210,,0.958524,0,387,0,72.488831
6939,102602,0,762867,13.449527,0.000000,0.024627,non_zero_exit,0.958389,0,387,0,72.478386
6940,102602,0,762867,13.449527,0.000000,1.030823,,0.958400,0,387,0,72.482351
6941,102602,0,762867,13.449527,0.000000,1.035495,,0.958411,0,387,0,72.486315
6942,102602,0,762867,13.449527,0.000000,1.030618,,0.958421,0,387,0,72.490278
6943,102602,0,762867,13.449527,0.000000,1.033113,,0.958432,0,387,0,72.494240
6944,102602,0,762867,13.449527,0.000000,0.030806,,0.958299,0,387,0,72.498200
6945,102602,0,762867,13.449527,0.000000,1.029040,,0.958309,0,387,0,72.502160
6946,102602,0,762867,13.449527,0.000000,0.028649,,0.958175,0,387,0,72.506118
6947,102602,0,762867,13.449527,0.000000,0.023835,non_zero_exit,0.958040,0,387,0,72.495682
6948,102602,0,762867,13.449527,0.000000,2.029414,,0.958195,0,387,0,72.499640
6949,102602,0,762867,13.449527,0.000000,5.004668,timeout,0.958777,0,388,0,72.489209
6950,102602,0,762867,13.449527,0.000000,0.031529,,0.958643,0,388,0,72.493166
6951,102605,3,762867,13.449920,0.000393,0.024548,,0.958509,0,388,0,72.497123
6952,102605,0,762867,13.449920,0.000000,2.024623,,0.958662,0,388,0,72.501079
6953,102605,0,762867,13.449920,0.000000,4.029374,,0.959104,0,388,0,72.505033
6954,102605,0,762867,13.449920,0.000000,1.034256,,0.959115,0,388,0,72.508986
6955,102605,0,762867,13.449920,0.000000,0.027647,,0.958981,0,388,0,72.512938
6956,102605,0,762867,13.449920,0.000000,0.021783,non_zero_exit,0.958846,0,388,0,72.502515
6957,102605,0,762867,13.449920,0.000000,0.035304,,0.958713,0,388,0,72.506467
6958,102605,0,762867,13.449920,0.000000,0.021403,non_zero_exit,0.958579,0,388,0,72.496048
6959,102605,0,762867,13.449920,0.000000,0.434522,,0.958503,0,388,0,72.500000
6960,102605,0,762867,13.449920,0.000000,0.033334,,0.958371,0,388,0,72.503951
6961,102605,0,762867,13.449920,0.000000,2.034170,non_zero_exit,0.958525,0,388,0,72.493536
6962,102605,0,762867,13.449920,0.000000,4.734366,,0.959067,0,388,0,72.497487
6963,102605,0,762867,13.449920,0.000000,0.028710,,0.958934,0,388,0,72.501436
6964,102605,0,762867,13.449920,0.000000,0.029049,,0.958800,0,388,0,72.505384
6965,102607,2,762867,13.450182,0.000262,0.137374,,0.958682,0,388,0,72.509331
6966,102607,0,762867,13.450182,0.000000,0.021832,non_zero_exit,0.958548,0,388,0,72.498923
6967,102607,0,762867,13.450182,0.000000,0.023590,non_zero_exit,0.958414,0,388,0,72.488519
6968,102607,0,762867,13.450182,0.000000,1.038776,,0.958425,0,388,0,72.492467
6969,102607,0,762867,13.450182,0.000000,0.030158,,0.958292,0,388,0,72.496413
6970,102607,0,762867,13.450182,0.000000,0.026288,,0.958158,0,388,0,72.500359
6971,102607,0,762867,13.450182,0.000000,4.425458,,0.958656,0,388,0,72.504303
6972,102607,0,762867,13.450182,0.000000,0.024154,non_zero_exit,0.958522,0,388,0,72.493905
6973,102607,0,762867,13.450182,0.000000,0.021835,non_zero_exit,0.958387,0,388,0,72.483510
6974,102607,0,762867,13.450182,0.000000,1.029326,,0.958397,0,388,0,72.487455
6975,102607,0,762867,13.450182,0.000000,3.030807,,0.958695,0,388,0,72.491399
6976,102607,0,762867,13.450182,0.000000,4.045225,,0.959137,0,388,0,72.495342
6977,102607,0,762867,13.450182,0.000000,1.031305,,0.959147,0,388,0,72.499283
6978,102607,0,762867,13.450182,0.000000,1.030051,,0.959157,0,388,0,72.503224
6979,102607,0,762867,13.450182,0.000000,0.027631,,0.959024,0,388,0,72.507163
6980,102607,0,762867,13.450182,0.000000,5.003136,timeout,0.959603,0,389,0,72.496777
6981,102607,0,762867,13.450182,0.000000,0.035202,,0.959471,0,389,0,72.500716
6982,102607,0,762867,13.450182,0.000000,1.026049,,0.959480,0,389,0,72.504654
6983,102607,0,762867,13.450182,0.000000,1.044909,,0.959493,0,389,0,72.508591
6984,102607,0,762867,13.450182,0.000000,0.030021,,0.959360,0,389,0,72.512527
6985,102607,0,762867,13.450182,0.000000,0.024807,non_zero_exit,0.959226,0,389,0,72.502147
6986,102607,0,762867,13.450182,0.000000,1.028780,,0.959236,0,389,0,72.506083
6987,102607,0,762867,13.450182,0.000000,1.032980,,0.959246,0,389,0,72.510017
6988,102607,0,762867,13.450182,0.000000,1.028857,,0.959256,0,389,0,72.513950
6989,102607,0,762867,13.450182,0.000000,0.034983,,0.959124,0,389,0,72.517883
6990,102607,0,762867,13.450182,0.000000,5.004021,timeout,0.959703,0,390,0,72.507510
6991,102607,0,762867,13.450182,0.000000,1.532110,,0.959785,0,390,0,72.511442
6992,102607,0,762867,13.450182,0.000000,0.025953,,0.959651,0,390,0,72.515373
6993,102607,0,762867,13.450182,0.000000,0.027131,,0.959518,0,390,0,72.519302
6994,102607,0,762867,13.450182,0.000000,0.436059,,0.959443,0,390,0,72.523231
6995,102607,0,762867,13.450182,0.000000,3.039291,,0.959740,0,390,0,72.527158
6996,102607,0,762867,13.450182,0.000000,3.039105,,0.960037,0,390,0,72.531085
6997,102607,0,762867,13.450182,0.000000,0.029326,,0.959904,0,390,0,72.535010
6998,102607,0,762867,13.450182,0.000000,1.038528,,0.959916,0,390,0,72.538934
6999,102607,0,762867,13.450182,0.000000,2.030674,,0.960068,0,390,0,72.542857
7000,102607,0,762867,13.450182,0.000000,0.022578,non_zero_exit,0.959935,0,390,0,72.532495
7001,102607,0,762867,13.450182,0.000000,1.032605,,0.959945,0,390,0,72.536418
7002,102607,0,762867,13.450182,0.000000,5.004437,timeout,0.960522,0,391,0,72.526060
7003,102607,0,762867,13.450182,0.000000,1.029385,,0.960532,0,391,0,72.529983
7004,102607,0,762867,13.450182,0.000000,0.023935,non_zero_exit,0.960399,0,391,0,72.519629
7005,102607,0,762867,13.450182,0.000000,0.022697,non_zero_exit,0.960265,0,391,0,72.509278
7006,102607,0,762867,13.450182,0.000000,5.003521,timeout,0.960842,0,392,0,72.498930
7007,102607,0,762867,13.450182,0.000000,0.022077,non_zero_exit,0.960708,0,392,0,72.488584
7008,102607,0,762867,13.450182,0.000000,0.024879,non_zero_exit,0.960574,0,392,0,72.478242
7009,102607,0,762867,13.450182,0.000000,5.005511,timeout,0.961151,0,393,0,72.467903
7010,102607,0,762867,13.450182,0.000000,0.024722,non_zero_exit,0.961018,0,393,0,72.457567
7011,102607,0,762867,13.450182,0.000000,0.021460,non_zero_exit,0.960884,0,393,0,72.447233
7012,102607,0,762867,13.450182,0.000000,1.028268,,0.960893,0,393,0,72.451162
7013,102607,0,762867,13.450182,0.000000,0.023028,non_zero_exit,0.960760,0,393,0,72.440833
7014,102607,0,762867,13.450182,0.000000,0.039516,,0.960628,0,393,0,72.444761
7015,102607,0,762867,13.450182,0.000000,1.332055,,0.960681,0,393,0,72.448689
7016,102607,0,762867,13.450182,0.000000,0.029296,,0.960549,0,393,0,72.452615
7017,102607,0,762867,13.450182,0.000000,1.033695,,0.960559,0,393,0,72.456540
7018,102607,0,762867,13.450182,0.000000,1.030943,,0.960569,0,393,0,72.460464
7019,102607,0,762867,13.450182,0.000000,1.031193,,0.960579,0,393,0,72.464387
7020,102607,0,762867,13.450182,0.000000,0.535834,non_zero_exit,0.960519,0,393,0,72.454066
7021,102607,0,762867,13.450182,0.000000,3.035034,,0.960814,0,393,0,72.457989
7022,102607,0,762867,13.450182,0.000000,1.034842,,0.960825,0,393,0,72.461911
7023,102607,0,762867,13.450182,0.000000,0.027738,,0.960692,0,393,0,72.465831
7024,102607,0,762867,13.450182,0.000000,1.027491,,0.960701,0,393,0,72.469751
7025,102607,0,762867,13.450182,0.000000,0.019666,non_zero_exit,0.960567,0,393,0,72.459436
7026,102607,0,762867,13.450182,0.000000,2.341143,,0.960764,0,393,0,72.463356
7027,102607,0,762867,13.450182,0.000000,5.007394,timeout,0.961340,0,394,0,72.453045
7028,102608,1,762867,13.450313,0.000131,0.021180,non_zero_exit,0.961206,0,394,0,72.442737
7029,102608,0,762867,13.450313,0.000000,0.131096,,0.961088,0,394,0,72.446657
7030,102608,0,762867,13.450313,0.000000,1.036763,,0.961098,0,394,0,72.450576
7031,102609,1,762867,13.450444,0.000131,0.032268,,0.960966,0,394,0,72.454494
7032,102609,0,762867,13.450444,0.000000,0.032167,,0.960834,0,394,0,72.458410
7033,102609,0,762867,13.450444,0.000000,1.035022,,0.960845,0,394,0,72.462326
7034,102609,0,762867,13.450444,0.000000,2.355320,,0.961043,0,394,0,72.466240
7035,102609,0,762867,13.450444,0.000000,0.032599,,0.960911,0,394,0,72.470153
7036,102609,0,762867,13.450444,0.000000,2.029307,,0.961063,0,394,0,72.474066
7037,102609,0,762867,13.450444,0.000000,0.032329,,0.960931,0,394,0,72.477977
7038,102609,0,762867,13.450444,0.000000,3.042344,,0.961227,0,394,0,72.481887
7039,102609,0,762867,13.450444,0.000000,0.028902,,0.961094,0,394,0,72.485795
7040,102609,0,762867,13.450444,0.000000,1.030158,,0.961104,0,394,0,72.489703
7041,102609,0,762867,13.450444,0.000000,0.029713,,0.960972,0,394,0,72.493610
7042,102609,0,762867,13.450444,0.000000,0.021975,non_zero_exit,0.960838,0,394,0,72.483317
7043,102609,0,762867,13.450444,0.000000,0.034588,,0.960707,0,394,0,72.487223
7044,102609,0,762867,13.450444,0.000000,2.045919,,0.960861,0,394,0,72.491128
7045,102609,0,762867,13.450444,0.000000,1.034094,non_zero_exit,0.960871,0,394,0,72.480840
7046,102609,0,762867,13.450444,0.000000,0.022878,non_zero_exit,0.960738,0,394,0,72.470555
7047,102609,0,762867,13.450444,0.000000,1.029891,,0.960748,0,394,0,72.474461
7048,102609,0,762867,13.450444,0.000000,0.025085,non_zero_exit,0.960615,0,394,0,72.464179
7049,103316,707,762867,13.543121,0.092677,0.748337,,0.960585,0,394,0,72.468085
7050,103316,0,762867,13.543121,0.000000,1.029087,,0.960595,0,394,0,72.471990
7051,103316,0,762867,13.543121,0.000000,0.023787,non_zero_exit,0.960462,0,394,0,72.461713
7052,103316,0,762867,13.543121,0.000000,0.590273,non_zero_exit,0.960410,0,394,0,72.451439
7053,103316,0,762867,13.543121,0.000000,0.031972,,0.960278,0,394,0,72.455344
7054,103316,0,762867,13.543121,0.000000,0.028449,,0.960146,0,394,0,72.459249
7055,103316,0,762867,13.543121,0.000000,1.033571,non_zero_exit,0.960156,0,394,0,72.448980
7056,103316,0,762867,13.543121,0.000000,0.029512,,0.960025,0,394,0,72.452884
7057,103316,0,762867,13.543121,0.000000,0.023381,non_zero_exit,0.959892,0,394,0,72.442618
7058,103316,0,762867,13.543121,0.000000,1.028684,,0.959902,0,394,0,72.446522
7059,103316,0,762867,13.543121,0.000000,0.023926,non_zero_exit,0.959769,0,394,0,72.436261
7060,103318,2,762867,13.543383,0.000262,1.034833,,0.959780,0,394,0,72.440164
7061,103318,0,762867,13.543383,0.000000,0.033231,,0.959648,0,394,0,72.444067
7062,103318,0,762867,13.543383,0.000000,1.028290,,0.959658,0,394,0,72.447968
7063,103318,0,762867,13.543383,0.000000,1.032715,,0.959668,0,394,0,72.451869
7064,103319,1,762867,13.543514,0.000131,1.030282,non_zero_exit,0.959678,0,394,0,72.441614
7065,103319,0,762867,13.543514,0.000000,0.037344,,0.959548,0,394,0,72.445514
7066,103319,0,762867,13.543514,0.000000,3.919431,,0.959967,0,394,0,72.449413
7067,103319,0,762867,13.543514,0.000000,2.534267,,0.960189,0,394,0,72.453311
7068,103319,0,762867,13.543514,0.000000,0.023875,non_zero_exit,0.960057,0,394,0,72.443061
7069,103319,0,762867,13.543514,0.000000,3.028229,,0.960350,0,394,0,72.446959
7070,103319,0,762867,13.543514,0.000000,1.030955,,0.960360,0,394,0,72.450856
7071,103320,1,762867,13.543645,0.000131,5.077947,timeout,0.960942,0,395,0,72.440611
7072,103321,1,762867,13.543776,0.000131,0.049003,,0.960813,0,395,0,72.444507
7073,103321,0,762867,13.543776,0.000000,0.027255,,0.960681,0,395,0,72.448403
7074,103321,0,762867,13.543776,0.000000,3.033471,,0.960974,0,395,0,72.452297
7075,103321,0,762867,13.543776,0.000000,1.050655,,0.960987,0,395,0,72.456190
7076,103332,11,762867,13.545218,0.001442,1.034066,,0.960997,0,395,0,72.460082
7077,103332,0,762867,13.545218,0.000000,1.533438,,0.961078,0,395,0,72.463973
7078,103332,0,762867,13.545218,0.000000,5.003962,timeout,0.961649,0,396,0,72.453736
7079,103332,0,762867,13.545218,0.000000,1.028842,,0.961658,0,396,0,72.457627
7080,103332,0,762867,13.545218,0.000000,0.033057,,0.961527,0,396,0,72.461517
7081,103332,0,762867,13.545218,0.000000,0.535917,,0.961467,0,396,0,72.465405
7082,103332,0,762867,13.545218,0.000000,0.024460,non_zero_exit,0.961335,0,396,0,72.455174
7083,103332,0,762867,13.545218,0.000000,0.031268,,0.961204,0,396,0,72.459063
7084,103332,0,762867,13.545218,0.000000,2.033032,,0.961355,0,396,0,72.462950
7085,103332,0,762867,13.545218,0.000000,0.023109,non_zero_exit,0.961222,0,396,0,72.452724
7086,103332,0,762867,13.545218,0.000000,1.033383,,0.961233,0,396,0,72.456611
7087,103332,0,762867,13.545218,0.000000,2.030595,,0.961383,0,396,0,72.460497
7088,103332,0,762867,13.545218,0.000000,0.032835,,0.961252,0,396,0,72.464381
7089,103332,0,762867,13.545218,0.000000,0.027099,,0.961121,0,396,0,72.468265
7090,103332,0,762867,13.545218,0.000000,5.004628,timeout,0.961691,0,397,0,72.458045
7091,103332,0,762867,13.545218,0.000000,0.035049,,0.961560,0,397,0,72.461929
7092,103332,0,762867,13.545218,0.000000,0.534531,,0.961500,0,397,0,72.465811
7093,103332,0,762867,13.545218,0.000000,1.030725,,0.961510,0,397,0,72.469693
7094,103332,0,762867,13.545218,0.000000,2.029998,,0.961660,0,397,0,72.473573
7095,103332,0,762867,13.545218,0.000000,0.034482,,0.961530,0,397,0,72.477452
7096,103332,0,762867,13.545218,0.000000,0.029652,,0.961398,0,397,0,72.481330
7097,103332,0,762867,13.545218,0.000000,0.023646,non_zero_exit,0.961266,0,397,0,72.471119
7098,103332,0,762867,13.545218,0.000000,0.028815,non_zero_exit,0.961135,0,397,0,72.460910
7099,103332,0,762867,13.545218,0.000000,0.022954,non_zero_exit,0.961003,0,397,0,72.450704
7100,103332,0,762867,13.545218,0.000000,2.033916,,0.961154,0,397,0,72.454584
7101,103332,0,762867,13.545218,0.000000,0.534527,,0.961094,0,397,0,72.458462
7102,103332,0,762867,13.545218,0.000000,2.030743,,0.961244,0,397,0,72.462340
7103,103332,0,762867,13.545218,0.000000,0.024821,non_zero_exit,0.961113,0,397,0,72.452140
7104,103332,0,762867,13.545218,0.000000,0.032596,,0.960982,0,397,0,72.456017
7105,103332,0,762867,13.545218,0.000000,0.732961,non_zero_exit,0.960950,0,397,0,72.445820
7106,103332,0,762867,13.545218,0.000000,0.025440,non_zero_exit,0.960818,0,397,0,72.435627
7107,103332,0,762867,13.545218,0.000000,3.030839,,0.961109,0,397,0,72.439505
7108,103332,0,762867,13.545218,0.000000,0.023578,non_zero_exit,0.960978,0,397,0,72.429315
7109,103332,0,762867,13.545218,0.000000,1.031879,,0.960988,0,397,0,72.433193
7110,103332,0,762867,13.545218,0.000000,1.029734,,0.960997,0,397,0,72.437069
7111,103332,0,762867,13.545218,0.000000,0.026465,non_zero_exit,0.960866,0,397,0,72.426884
7112,103332,0,762867,13.545218,0.000000,1.032043,,0.960876,0,397,0,72.430761
7113,103332,0,762867,13.545218,0.000000,1.136365,,0.960900,0,397,0,72.434636
7114,103332,0,762867,13.545218,0.000000,5.007890,timeout,0.961469,0,398,0,72.424455
7115,103332,0,762867,13.545218,0.000000,3.037219,,0.961761,0,398,0,72.428331
7116,103332,0,762867,13.545218,0.000000,1.529676,,0.961841,0,398,0,72.432205
7117,103332,0,762867,13.545218,0.000000,0.022736,non_zero_exit,0.961709,0,398,0,72.422029
7118,103332,0,762867,13.545218,0.000000,1.035970,,0.961719,0,398,0,72.425903
7119,103332,0,762867,13.545218,0.000000,0.029181,,0.961588,0,398,0,72.429775
7120,103332,0,762867,13.545218,0.000000,0.029446,,0.961457,0,398,0,72.433647
7121,103332,0,762867,13.545218,0.000000,1.031164,,0.961467,0,398,0,72.437518
7122,103350,18,762867,13.547578,0.002360,0.028404,non_zero_exit,0.961336,0,398,0,72.427348
7123,103350,0,762867,13.547578,0.000000,5.008038,timeout,0.961904,0,399,0,72.417181
7124,103350,0,762867,13.547578,0.000000,0.021157,non_zero_exit,0.961772,0,399,0,72.407018
7125,103350,0,762867,13.547578,0.000000,2.030877,,0.961922,0,399,0,72.410890
7126,103350,0,762867,13.547578,0.000000,0.028713,,0.961791,0,399,0,72.414761
7127,103350,0,762867,13.547578,0.000000,5.003955,timeout,0.962358,0,400,0,72.404602
7128,103350,0,762867,13.547578,0.000000,0.030754,,0.962228,0,400,0,72.408472
7129,103350,0,762867,13.547578,0.000000,0.030098,,0.962097,0,400,0,72.412342
7130,103350,0,762867,13.547578,0.000000,0.324904,,0.962008,0,400,0,72.416211
7131,103350,0,762867,13.547578,0.000000,0.027934,,0.961877,0,400,0,72.420079
7132,103350,0,762867,13.547578,0.000000,0.068332,,0.961751,0,400,0,72.423945
7133,103351,1,762867,13.547709,0.000131,2.033376,,0.961902,0,400,0,72.427810
7134,103351,0,762867,13.547709,0.000000,1.035263,,0.961912,0,400,0,72.431675
7135,103351,0,762867,13.547709,0.000000,0.029419,,0.961781,0,400,0,72.435538
7136,103351,0,762867,13.547709,0.000000,0.022154,non_zero_exit,0.961650,0,400,0,72.425389
7137,103351,0,762867,13.547709,0.000000,5.007709,timeout,0.962216,0,401,0,72.415242
7138,103351,0,762867,13.547709,0.000000,0.030318,,0.962086,0,401,0,72.419106
7139,103352,1,762867,13.547840,0.000131,0.033303,non_zero_exit,0.961956,0,401,0,72.408964
7140,103352,0,762867,13.547840,0.000000,0.025486,non_zero_exit,0.961825,0,401,0,72.398824
7141,103352,0,762867,13.547840,0.000000,0.042433,,0.961696,0,401,0,72.402688
7142,103365,13,762867,13.549544,0.001704,1.030545,,0.961706,0,401,0,72.406552
7143,103365,0,762867,13.549544,0.000000,0.022800,non_zero_exit,0.961574,0,401,0,72.396417
7144,103365,0,762867,13.549544,0.000000,1.036614,,0.961585,0,401,0,72.400280
7145,103382,17,762867,13.551772,0.002228,1.028291,,0.961594,0,401,0,72.404142
7146,103382,0,762867,13.551772,0.000000,1.536946,,0.961674,0,401,0,72.408003
7147,103382,0,762867,13.551772,0.000000,3.041096,,0.961965,0,401,0,72.411863
7148,103382,0,762867,13.551772,0.000000,3.530914,,0.962325,0,401,0,72.415722
7149,103382,0,762867,13.551772,0.000000,0.032006,,0.962195,0,401,0,72.419580
7150,103382,0,762867,13.551772,0.000000,2.656887,,0.962432,0,401,0,72.423437
7151,103382,0,762867,13.551772,0.000000,1.032112,,0.962441,0,401,0,72.427293
7152,103382,0,762867,13.551772,0.000000,1.027627,,0.962450,0,401,0,72.431148
7153,103382,0,762867,13.551772,0.000000,0.031192,,0.962320,0,401,0,72.435001
7154,103382,0,762867,13.551772,0.000000,1.033442,,0.962330,0,401,0,72.438854
7155,103382,0,762867,13.551772,0.000000,3.031403,,0.962619,0,401,0,72.442705
7156,103382,0,762867,13.551772,0.000000,0.033812,,0.962490,0,401,0,72.446556
7157,103382,0,762867,13.551772,0.000000,0.032216,,0.962360,0,401,0,72.450405
7158,103382,0,762867,13.551772,0.000000,2.028202,,0.962508,0,401,0,72.454253
7159,103382,0,762867,13.551772,0.000000,0.028626,,0.962378,0,401,0,72.458101
7160,103382,0,762867,13.551772,0.000000,0.024489,non_zero_exit,0.962247,0,401,0,72.447982
7161,103382,0,762867,13.551772,0.000000,0.044228,,0.962119,0,401,0,72.451829
7162,103382,0,762867,13.551772,0.000000,5.004845,timeout,0.962683,0,402,0,72.441714
7163,103382,0,762867,13.551772,0.000000,0.034930,,0.962554,0,402,0,72.445561
7164,103382,0,762867,13.551772,0.000000,1.032509,,0.962564,0,402,0,72.449407
7165,103382,0,762867,13.551772,0.000000,1.029753,,0.962573,0,402,0,72.453251
7166,103382,0,762867,13.551772,0.000000,0.022991,non_zero_exit,0.962442,0,402,0,72.443142
7167,103383,1,762867,13.551904,0.000131,3.034259,,0.962731,0,402,0,72.446987
7168,103383,0,762867,13.551904,0.000000,0.022761,,0.962600,0,402,0,72.450830
7169,103383,0,762867,13.551904,0.000000,0.032635,,0.962470,0,402,0,72.454672
7170,103383,0,762867,13.551904,0.000000,0.038072,,0.962341,0,402,0,72.458513
7171,103383,0,762867,13.551904,0.000000,0.021379,non_zero_exit,0.962210,0,402,0,72.448410
7172,103383,0,762867,13.551904,0.000000,0.032017,,0.962080,0,402,0,72.452251
7173,103640,257,762867,13.585592,0.033689,5.022162,timeout,0.962646,0,403,0,72.442152
7174,103640,0,762867,13.585592,0.000000,0.028905,,0.962516,0,403,0,72.445993
7175,103640,0,762867,13.585592,0.000000,0.026560,,0.962386,0,403,0,72.449833
7176,103640,0,762867,13.585592,0.000000,0.028881,,0.962256,0,403,0,72.453671
7177,103640,0,762867,13.585592,0.000000,0.021007,non_zero_exit,0.962124,0,403,0,72.443578
7178,103640,0,762867,13.585592,0.000000,0.029253,,0.961994,0,403,0,72.447416
7179,103640,0,762867,13.585592,0.000000,0.029900,,0.961865,0,403,0,72.451253
7180,103640,0,762867,13.585592,0.000000,0.029973,,0.961735,0,403,0,72.455090
7181,103640,0,762867,13.585592,0.000000,0.021629,non_zero_exit,0.961604,0,403,0,72.445001
7182,103640,0,762867,13.585592,0.000000,0.022032,non_zero_exit,0.961473,0,403,0,72.434916
7183,103640,0,762867,13.585592,0.000000,0.024175,non_zero_exit,0.961343,0,403,0,72.424833
7184,103640,0,762867,13.585592,0.000000,0.025764,non_zero_exit,0.961213,0,403,0,72.414753
7185,103640,0,762867,13.585592,0.000000,1.034568,,0.961223,0,403,0,72.418592
7186,103640,0,762867,13.585592,0.000000,0.026217,non_zero_exit,0.961093,0,403,0,72.408515
7187,103640,0,762867,13.585592,0.000000,1.031372,,0.961102,0,403,0,72.412354
7188,103640,0,762867,13.585592,0.000000,0.032341,,0.960973,0,403,0,72.416191
7189,103640,0,762867,13.585592,0.000000,0.021517,non_zero_exit,0.960843,0,403,0,72.406120
7190,103640,0,762867,13.585592,0.000000,5.003469,timeout,0.961405,0,404,0,72.396051
7191,103640,0,762867,13.585592,0.000000,1.031392,,0.961414,0,404,0,72.399889
7192,103640,0,762867,13.585592,0.000000,0.028702,,0.961285,0,404,0,72.403726
7193,103640,0,762867,13.585592,0.000000,0.021370,non_zero_exit,0.961154,0,404,0,72.393661
7194,103640,0,762867,13.585592,0.000000,1.030028,,0.961164,0,404,0,72.397498
7195,103640,0,762867,13.585592,0.000000,3.040311,,0.961453,0,404,0,72.401334
7196,103640,0,762867,13.585592,0.000000,1.040126,,0.961464,0,404,0,72.405169
7197,103640,0,762867,13.585592,0.000000,5.004078,timeout,0.962025,0,405,0,72.395110
7198,103640,0,762867,13.585592,0.000000,0.281326,,0.961931,0,405,0,72.398944
7199,103640,0,762867,13.585592,0.000000,0.133102,,0.961816,0,405,0,72.402778
7200,103640,0,762867,13.585592,0.000000,0.021693,non_zero_exit,0.961685,0,405,0,72.392723
7201,103640,0,762867,13.585592,0.000000,0.036196,,0.961556,0,405,0,72.396557
7202,103640,0,762867,13.585592,0.000000,0.029215,,0.961427,0,405,0,72.400389
7203,103640,0,762867,13.585592,0.000000,0.024037,non_zero_exit,0.961297,0,405,0,72.390339
7204,103640,0,762867,13.585592,0.000000,0.029478,,0.961168,0,405,0,72.394171
7205,103640,0,762867,13.585592,0.000000,0.032027,,0.961039,0,405,0,72.398002
7206,103640,0,762867,13.585592,0.000000,0.130073,,0.960923,0,405,0,72.401832
7207,103640,0,762867,13.585592,0.000000,1.029219,,0.960933,0,405,0,72.405660
7208,103640,0,762867,13.585592,0.000000,0.023501,non_zero_exit,0.960803,0,405,0,72.395617
7209,103640,0,762867,13.585592,0.000000,0.022441,non_zero_exit,0.960673,0,405,0,72.385576
7210,103640,0,762867,13.585592,0.000000,2.046692,,0.960823,0,405,0,72.389405
7211,103640,0,762867,13.585592,0.000000,0.030188,,0.960694,0,405,0,72.393233
7212,103640,0,762867,13.585592,0.000000,1.028724,,0.960704,0,405,0,72.397061
7213,103643,3,762867,13.585985,0.000393,0.021844,non_zero_exit,0.960573,0,405,0,72.387025
7214,103643,0,762867,13.585985,0.000000,0.022317,non_zero_exit,0.960443,0,405,0,72.376992
7215,103643,0,762867,13.585985,0.000000,1.735361,,0.960551,0,405,0,72.380820
7216,103643,0,762867,13.585985,0.000000,1.034334,,0.960561,0,405,0,72.384647
7217,103643,0,762867,13.585985,0.000000,1.033257,non_zero_exit,0.960571,0,405,0,72.374619
7218,103647,4,762867,13.586510,0.000524,0.023523,non_zero_exit,0.960441,0,405,0,72.364593
7219,103647,0,762867,13.586510,0.000000,0.035558,,0.960313,0,405,0,72.368421
7220,103647,0,762867,13.586510,0.000000,1.034883,,0.960324,0,405,0,72.372248
7221,103647,0,762867,13.586510,0.000000,1.029027,,0.960333,0,405,0,72.376073
7222,103647,0,762867,13.586510,0.000000,1.033236,,0.960343,0,405,0,72.379898
7223,103647,0,762867,13.586510,0.000000,5.003286,timeout,0.960903,0,406,0,72.369878
7224,103647,0,762867,13.586510,0.000000,0.031223,,0.960774,0,406,0,72.373702
7225,103647,0,762867,13.586510,0.000000,0.035508,non_zero_exit,0.960646,0,406,0,72.363687
7226,103647,0,762867,13.586510,0.000000,3.035666,,0.960933,0,406,0,72.367511
7227,103647,0,762867,13.586510,0.000000,0.037678,,0.960805,0,406,0,72.371334
7228,103647,0,762867,13.586510,0.000000,3.035105,,0.961092,0,406,0,72.375156
7229,103647,0,762867,13.586510,0.000000,0.029107,,0.960964,0,406,0,72.378976
7230,103647,0,762867,13.586510,0.000000,0.029661,,0.960835,0,406,0,72.382796
7231,103647,0,762867,13.586510,0.000000,0.031817,,0.960706,0,406,0,72.386615
7232,103647,0,762867,13.586510,0.000000,0.029100,,0.960577,0,406,0,72.390433
7233,103647,0,762867,13.586510,0.000000,1.045443,,0.960589,0,406,0,72.394249
7234,103647,0,762867,13.586510,0.000000,1.028463,,0.960599,0,406,0,72.398065
7235,103647,0,762867,13.586510,0.000000,0.028021,,0.960470,0,406,0,72.401879
7236,103647,0,762867,13.586510,0.000000,1.134227,,0.960494,0,406,0,72.405693
7237,103647,0,762867,13.586510,0.000000,0.028406,non_zero_exit,0.960365,0,406,0,72.395689
7238,103647,0,762867,13.586510,0.000000,1.031963,,0.960375,0,406,0,72.399503
7239,103647,0,762867,13.586510,0.000000,1.032434,,0.960385,0,406,0,72.403315
7240,103647,0,762867,13.586510,0.000000,0.035612,non_zero_exit,0.960257,0,406,0,72.393316
7241,103647,0,762867,13.586510,0.000000,1.526486,,0.960335,0,406,0,72.397128
7242,103647,0,762867,13.586510,0.000000,0.024720,non_zero_exit,0.960206,0,406,0,72.387132
7243,103647,0,762867,13.586510,0.000000,0.030629,,0.960078,0,406,0,72.390944
7244,103647,0,762867,13.586510,0.000000,0.023685,non_zero_exit,0.959948,0,406,0,72.380952
7245,103647,0,762867,13.586510,0.000000,1.033584,,0.959959,0,406,0,72.384764
7246,103647,0,762867,13.586510,0.000000,2.042667,,0.960108,0,406,0,72.388575
7247,103647,0,762867,13.586510,0.000000,0.027622,,0.959979,0,406,0,72.392384
7248,103647,0,762867,13.586510,0.000000,1.029559,,0.959989,0,406,0,72.396193
7249,103647,0,762867,13.586510,0.000000,0.020970,non_zero_exit,0.959859,0,406,0,72.386207
7250,103647,0,762867,13.586510,0.000000,2.530995,,0.960076,0,406,0,72.390015
7251,103647,0,762867,13.586510,0.000000,0.038567,,0.959949,0,406,0,72.393822
7252,103647,0,762867,13.586510,0.000000,1.030758,,0.959959,0,406,0,72.397629
7253,103647,0,762867,13.586510,0.000000,0.030465,,0.959831,0,406,0,72.401434
7254,103647,0,762867,13.586510,0.000000,1.030109,,0.959840,0,406,0,72.405238
7255,103647,0,762867,13.586510,0.000000,5.004892,timeout,0.960398,0,407,0,72.395259
7256,103647,0,762867,13.586510,0.000000,0.038036,,0.960271,0,407,0,72.399063
7257,103647,0,762867,13.586510,0.000000,0.032371,,0.960143,0,407,0,72.402866
7258,103647,0,762867,13.586510,0.000000,0.028555,,0.960015,0,407,0,72.406668
7259,103647,0,762867,13.586510,0.000000,0.023016,non_zero_exit,0.959886,0,407,0,72.396694
7260,103647,0,762867,13.586510,0.000000,1.026126,,0.959895,0,407,0,72.400496
7261,103647,0,762867,13.586510,0.000000,1.032658,,0.959905,0,407,0,72.404296
7262,103647,0,762867,13.586510,0.000000,1.529449,,0.959983,0,407,0,72.408096
7263,103647,0,762867,13.586510,0.000000,0.031286,,0.959855,0,407,0,72.411894
7264,103647,0,762867,13.586510,0.000000,0.033244,,0.959728,0,407,0,72.415692
7265,103647,0,762867,13.586510,0.000000,0.028916,,0.959600,0,407,0,72.419488
7266,103647,0,762867,13.586510,0.000000,0.030647,,0.959472,0,407,0,72.423283
7267,103647,0,762867,13.586510,0.000000,0.021293,non_zero_exit,0.959343,0,407,0,72.413319
7268,103647,0,762867,13.586510,0.000000,3.041018,,0.959629,0,407,0,72.417114
7269,103647,0,762867,13.586510,0.000000,3.036141,,0.959915,0,407,0,72.420908
7270,103647,0,762867,13.586510,0.000000,5.004050,timeout,0.960471,0,408,0,72.410948
7271,103647,0,762867,13.586510,0.000000,1.031543,,0.960481,0,408,0,72.414741
7272,103647,0,762867,13.586510,0.000000,3.032430,,0.960766,0,408,0,72.418534
7273,103649,2,762867,13.586772,0.000262,0.022452,non_zero_exit,0.960637,0,408,0,72.408578
7274,103649,0,762867,13.586772,0.000000,2.034919,,0.960784,0,408,0,72.412371
7275,103649,0,762867,13.586772,0.000000,0.026522,,0.960656,0,408,0,72.416163
7276,103649,0,762867,13.586772,0.000000,0.029576,,0.960528,0,408,0,72.419953
7277,103649,0,762867,13.586772,0.000000,1.028624,,0.960537,0,408,0,72.423743
7278,103649,0,762867,13.586772,0.000000,3.033227,,0.960822,0,408,0,72.427531
7279,103649,0,762867,13.586772,0.000000,0.539907,,0.960764,0,408,0,72.431319
7280,103649,0,762867,13.586772,0.000000,0.030684,,0.960636,0,408,0,72.435105
7281,103649,0,762867,13.586772,0.000000,1.033674,,0.960646,0,408,0,72.438890
7282,103649,0,762867,13.586772,0.000000,0.028942,,0.960519,0,408,0,72.442675
7283,103649,0,762867,13.586772,0.000000,1.531702,,0.960597,0,408,0,72.446458
7284,103649,0,762867,13.586772,0.000000,0.034625,,0.960470,0,408,0,72.450240
7285,103649,0,762867,13.586772,0.000000,1.030415,,0.960479,0,408,0,72.454021
7286,103649,0,762867,13.586772,0.000000,0.025767,non_zero_exit,0.960351,0,408,0,72.444078
7287,103649,0,762867,13.586772,0.000000,5.004289,timeout,0.960906,0,409,0,72.434138
7288,103649,0,762867,13.586772,0.000000,1.032723,,0.960916,0,409,0,72.437920
7289,103649,0,762867,13.586772,0.000000,0.033317,,0.960789,0,409,0,72.441701
7290,103649,0,762867,13.586772,0.000000,1.032694,,0.960799,0,409,0,72.445481
7291,103649,0,762867,13.586772,0.000000,0.028335,non_zero_exit,0.960671,0,409,0,72.435546
7292,103649,0,762867,13.586772,0.000000,0.031477,,0.960543,0,409,0,72.439325
7293,103649,0,762867,13.586772,0.000000,1.032344,,0.960553,0,409,0,72.443104
7294,103656,7,762867,13.587690,0.000918,0.035818,,0.960426,0,409,0,72.446881
7295,103656,0,762867,13.587690,0.000000,5.003318,timeout,0.960980,0,410,0,72.436952
7296,103656,0,762867,13.587690,0.000000,2.049230,,0.961130,0,410,0,72.440729
7297,103656,0,762867,13.587690,0.000000,2.032712,,0.961276,0,410,0,72.444505
7298,103656,0,762867,13.587690,0.000000,1.025701,,0.961285,0,410,0,72.448281
7299,103656,0,762867,13.587690,0.000000,1.054223,,0.961298,0,410,0,72.452055
7300,103656,0,762867,13.587690,0.000000,0.032587,,0.961171,0,410,0,72.455828
7301,103656,0,762867,13.587690,0.000000,0.032423,,0.961044,0,410,0,72.459600
7302,103656,0,762867,13.587690,0.000000,0.031481,,0.960916,0,410,0,72.463371
7303,103658,2,762867,13.587952,0.000262,0.029783,,0.960789,0,410,0,72.467141
7304,103658,0,762867,13.587952,0.000000,1.029283,,0.960798,0,410,0,72.470910
7305,103658,0,762867,13.587952,0.000000,2.031036,,0.960945,0,410,0,72.474678
7306,103658,0,762867,13.587952,0.000000,0.023948,non_zero_exit,0.960816,0,410,0,72.464760
7307,103658,0,762867,13.587952,0.000000,5.007887,timeout,0.961370,0,411,0,72.454844
7308,103658,0,762867,13.587952,0.000000,0.022470,non_zero_exit,0.961242,0,411,0,72.444931
7309,103658,0,762867,13.587952,0.000000,0.022418,non_zero_exit,0.961113,0,411,0,72.435021
7310,103666,8,762867,13.589000,0.001049,0.029031,,0.960986,0,411,0,72.438791
7311,103666,0,762867,13.589000,0.000000,0.023838,non_zero_exit,0.960858,0,411,0,72.428884
7312,103666,0,762867,13.589000,0.000000,0.030160,,0.960730,0,411,0,72.432654
7313,103669,3,762867,13.589394,0.000393,4.534981,,0.961219,0,411,0,72.436423
7314,103669,0,762867,13.589394,0.000000,1.031976,,0.961229,0,411,0,72.440191
7315,103669,0,762867,13.589394,0.000000,0.022403,non_zero_exit,0.961100,0,411,0,72.430290
7316,103669,0,762867,13.589394,0.000000,3.032928,,0.961384,0,411,0,72.434058
7317,103669,0,762867,13.589394,0.000000,0.125748,,0.961269,0,411,0,72.437825
7318,103674,5,762867,13.590049,0.000655,5.004424,timeout,0.961822,0,412,0,72.427927
7319,103674,0,762867,13.590049,0.000000,0.641009,,0.961778,0,412,0,72.431694
7320,103674,0,762867,13.590049,0.000000,0.030330,,0.961651,0,412,0,72.435460
7321,103674,0,762867,13.590049,0.000000,0.530521,,0.961592,0,412,0,72.439224
7322,103674,0,762867,13.590049,0.000000,5.004426,timeout,0.962144,0,413,0,72.429332
7323,103676,2,762867,13.590311,0.000262,5.008515,timeout,0.962696,0,414,0,72.419443
7324,103676,0,762867,13.590311,0.000000,1.025481,non_zero_exit,0.962705,0,414,0,72.409556
7325,103676,0,762867,13.590311,0.000000,0.024388,non_zero_exit,0.962577,0,414,0,72.399672
7326,103676,0,762867,13.590311,0.000000,1.543779,,0.962656,0,414,0,72.403439
7327,103676,0,762867,13.590311,0.000000,1.038272,,0.962667,0,414,0,72.407205
7328,103676,0,762867,13.590311,0.000000,1.030392,,0.962676,0,414,0,72.410970
7329,103676,0,762867,13.590311,0.000000,1.036371,,0.962686,0,414,0,72.414734
7330,103676,0,762867,13.590311,0.000000,4.035228,,0.963105,0,414,0,72.418497
7331,103676,0,762867,13.590311,0.000000,3.033998,,0.963387,0,414,0,72.422259
7332,103679,3,762867,13.590705,0.000393,2.694914,non_zero_exit,0.963624,0,414,0,72.412382
7333,103679,0,762867,13.590705,0.000000,0.024481,non_zero_exit,0.963495,0,414,0,72.402509
7334,103679,0,762867,13.590705,0.000000,0.026866,non_zero_exit,0.963368,0,414,0,72.392638
7335,103679,0,762867,13.590705,0.000000,1.233721,,0.963405,0,414,0,72.396401
7336,103679,0,762867,13.590705,0.000000,1.033264,,0.963414,0,414,0,72.400164
7337,103679,0,762867,13.590705,0.000000,2.528854,,0.963628,0,414,0,72.403925
7338,103679,0,762867,13.590705,0.000000,3.035526,non_zero_exit,0.963910,0,414,0,72.394059
7339,103679,0,762867,13.590705,0.000000,1.031868,,0.963919,0,414,0,72.397820
7340,103679,0,762867,13.590705,0.000000,0.028585,non_zero_exit,0.963792,0,414,0,72.387958
7341,103679,0,762867,13.590705,0.000000,1.032079,,0.963801,0,414,0,72.391719
7342,103679,0,762867,13.590705,0.000000,0.030742,,0.963674,0,414,0,72.395479
7343,103679,0,762867,13.590705,0.000000,1.028656,,0.963683,0,414,0,72.399237
7344,103679,0,762867,13.590705,0.000000,0.052567,,0.963559,0,414,0,72.402995
7345,103679,0,762867,13.590705,0.000000,2.027669,,0.963704,0,414,0,72.406752
7346,103679,0,762867,13.590705,0.000000,3.035694,,0.963986,0,414,0,72.410508
7347,103679,0,762867,13.590705,0.000000,1.027327,,0.963994,0,414,0,72.414262
7348,103679,0,762867,13.590705,0.000000,1.321848,,0.964043,0,414,0,72.418016
7349,103679,0,762867,13.590705,0.000000,1.034856,,0.964053,0,414,0,72.421769
7350,103679,0,762867,13.590705,0.000000,1.031715,,0.964062,0,414,0,72.425520
7351,103679,0,762867,13.590705,0.000000,1.028433,,0.964070,0,414,0,72.429271
7352,103679,0,762867,13.590705,0.000000,0.024338,non_zero_exit,0.963943,0,414,0,72.419421
7353,103679,0,762867,13.590705,0.000000,0.030206,,0.963816,0,414,0,72.423171
7354,103679,0,762867,13.590705,0.000000,0.031259,,0.963689,0,414,0,72.426920
7355,103679,0,762867,13.590705,0.000000,5.005423,timeout,0.964238,0,415,0,72.417074
7356,103679,0,762867,13.590705,0.000000,0.030686,,0.964111,0,415,0,72.420824
7357,103679,0,762867,13.590705,0.000000,0.019130,non_zero_exit,0.963983,0,415,0,72.410981
7358,103679,0,762867,13.590705,0.000000,1.038322,,0.963993,0,415,0,72.414730
7359,103679,0,762867,13.590705,0.000000,0.036702,,0.963867,0,415,0,72.418478
7360,103679,0,762867,13.590705,0.000000,0.026500,non_zero_exit,0.963740,0,415,0,72.408640
7361,103679,0,762867,13.590705,0.000000,1.036517,,0.963750,0,415,0,72.412388
7362,103679,0,762867,13.590705,0.000000,1.030109,,0.963759,0,415,0,72.416135
7363,103679,0,762867,13.590705,0.000000,5.004051,timeout,0.964307,0,416,0,72.406301
7364,103679,0,762867,13.590705,0.000000,3.030715,,0.964588,0,416,0,72.410048
7365,103680,1,762867,13.590836,0.000131,1.040898,,0.964598,0,416,0,72.413793
7366,103680,0,762867,13.590836,0.000000,0.031482,,0.964472,0,416,0,72.417538
7367,103680,0,762867,13.590836,0.000000,0.029446,,0.964345,0,416,0,72.421281
7368,103680,0,762867,13.590836,0.000000,0.035395,,0.964219,0,416,0,72.425024
7369,103680,0,762867,13.590836,0.000000,3.037793,,0.964500,0,416,0,72.428765
7370,103680,0,762867,13.590836,0.000000,0.031657,,0.964373,0,416,0,72.432506
7371,103680,0,762867,13.590836,0.000000,0.031510,,0.964247,0,416,0,72.436245
7372,103680,0,762867,13.590836,0.000000,1.036057,,0.964257,0,416,0,72.439984
7373,103680,0,762867,13.590836,0.000000,0.029820,,0.964130,0,416,0,72.443721
7374,103686,6,762867,13.591622,0.000787,3.037650,,0.964411,0,416,0,72.447458
7375,103686,0,762867,13.591622,0.000000,2.032705,,0.964556,0,416,0,72.451193
7376,103686,0,762867,13.591622,0.000000,3.030057,,0.964836,0,416,0,72.454927
7377,103687,1,762867,13.591753,0.000131,0.024436,non_zero_exit,0.964708,0,416,0,72.445107
7378,103687,0,762867,13.591753,0.000000,0.023628,non_zero_exit,0.964581,0,416,0,72.435289
7379,103687,0,762867,13.591753,0.000000,0.030993,,0.964454,0,416,0,72.439024
7380,103687,0,762867,13.591753,0.000000,1.032459,,0.964464,0,416,0,72.442758
7381,103687,0,762867,13.591753,0.000000,2.046352,,0.964610,0,416,0,72.446491
7382,103687,0,762867,13.591753,0.000000,3.039132,,0.964891,0,416,0,72.450223
7383,103687,0,762867,13.591753,0.000000,2.032514,,0.965036,0,416,0,72.453954
7384,103687,0,762867,13.591753,0.000000,2.034433,,0.965181,0,416,0,72.457684
7385,103687,0,762867,13.591753,0.000000,0.033545,,0.965054,0,416,0,72.461413
7386,103687,0,762867,13.591753,0.000000,1.031007,,0.965063,0,416,0,72.465141
7387,103687,0,762867,13.591753,0.000000,0.031360,,0.964937,0,416,0,72.468868
7388,103687,0,762867,13.591753,0.000000,0.023669,non_zero_exit,0.964810,0,416,0,72.459061
7389,103687,0,762867,13.591753,0.000000,0.031651,,0.964683,0,416,0,72.462788
7390,103687,0,762867,13.591753,0.000000,0.021988,non_zero_exit,0.964556,0,416,0,72.452983
7391,103687,0,762867,13.591753,0.000000,0.024833,,0.964429,0,416,0,72.456710
7392,103687,0,762867,13.591753,0.000000,0.034664,,0.964303,0,416,0,72.460436
7393,103687,0,762867,13.591753,0.000000,0.021631,non_zero_exit,0.964175,0,416,0,72.450636
7394,103687,0,762867,13.591753,0.000000,1.032499,,0.964185,0,416,0,72.454361
7395,103687,0,762867,13.591753,0.000000,3.035912,,0.964465,0,416,0,72.458085
7396,103687,0,762867,13.591753,0.000000,0.030574,,0.964339,0,416,0,72.461809
7397,103687,0,762867,13.591753,0.000000,1.029822,,0.964347,0,416,0,72.465531
7398,103687,0,762867,13.591753,0.000000,0.027627,,0.964221,0,416,0,72.469253
7399,103687,0,762867,13.591753,0.000000,0.025055,non_zero_exit,0.964094,0,416,0,72.459459
7400,103687,0,762867,13.591753,0.000000,0.029843,,0.963968,0,416,0,72.463181
7401,103688,1,762867,13.591884,0.000131,0.020562,non_zero_exit,0.963840,0,416,0,72.453391
7402,103688,0,762867,13.591884,0.000000,0.025371,non_zero_exit,0.963713,0,416,0,72.443604
7403,103688,0,762867,13.591884,0.000000,2.031271,,0.963858,0,416,0,72.447326
7404,103688,0,762867,13.591884,0.000000,0.032403,,0.963732,0,416,0,72.451047
7405,103688,0,762867,13.591884,0.000000,2.520092,,0.963942,0,416,0,72.454766
7406,103688,0,762867,13.591884,0.000000,1.030182,,0.963951,0,416,0,72.458485
7407,103688,0,762867,13.591884,0.000000,0.021316,non_zero_exit,0.963824,0,416,0,72.448704
7408,103688,0,762867,13.591884,0.000000,2.025393,,0.963967,0,416,0,72.452423
7409,103688,0,762867,13.591884,0.000000,0.022729,non_zero_exit,0.963840,0,416,0,72.442645
7410,103688,0,762867,13.591884,0.000000,0.767922,,0.963813,0,416,0,72.446364
7411,103688,0,762867,13.591884,0.000000,0.029957,,0.963687,0,416,0,72.450081
7412,103689,1,762867,13.592015,0.000131,1.030695,,0.963697,0,416,0,72.453797
7413,103689,0,762867,13.592015,0.000000,0.022495,non_zero_exit,0.963570,0,416,0,72.444025
7414,103689,0,762867,13.592015,0.000000,0.025945,non_zero_exit,0.963443,0,416,0,72.434255
7415,103696,7,762867,13.592933,0.000918,0.029686,,0.963317,0,416,0,72.437972
7416,103696,0,762867,13.592933,0.000000,5.004696,timeout,0.963862,0,417,0,72.428205
7417,103697,1,762867,13.593064,0.000131,0.021785,non_zero_exit,0.963735,0,417,0,72.418442
7418,103697,0,762867,13.593064,0.000000,0.024026,non_zero_exit,0.963608,0,417,0,72.408680
7419,103697,0,762867,13.593064,0.000000,0.026886,non_zero_exit,0.963482,0,417,0,72.398922
7420,103697,0,762867,13.593064,0.000000,1.031923,,0.963491,0,417,0,72.402641
7421,103697,0,762867,13.593064,0.000000,2.533662,,0.963703,0,417,0,72.406359
7422,103697,0,762867,13.593064,0.000000,0.039160,,0.963578,0,417,0,72.410077
7423,103697,0,762867,13.593064,0.000000,2.033456,non_zero_exit,0.963723,0,417,0,72.400323
7424,103697,0,762867,13.593064,0.000000,5.004021,timeout,0.964267,0,418,0,72.390572
7425,103697,0,762867,13.593064,0.000000,3.036746,,0.964546,0,418,0,72.394290
7426,103697,0,762867,13.593064,0.000000,0.026597,non_zero_exit,0.964419,0,418,0,72.384543
7427,103697,0,762867,13.593064,0.000000,0.023774,non_zero_exit,0.964293,0,418,0,72.374798
7428,103697,0,762867,13.593064,0.000000,1.530345,,0.964369,0,418,0,72.378517
7429,103697,0,762867,13.593064,0.000000,0.029718,,0.964243,0,418,0,72.382234
7430,103697,0,762867,13.593064,0.000000,5.004678,timeout,0.964787,0,419,0,72.372494
7431,103697,0,762867,13.593064,0.000000,0.021370,non_zero_exit,0.964660,0,419,0,72.362756
7432,103697,0,762867,13.593064,0.000000,0.026935,,0.964534,0,419,0,72.366474
7433,103697,0,762867,13.593064,0.000000,0.031005,,0.964408,0,419,0,72.370191
7434,103697,0,762867,13.593064,0.000000,0.997986,,0.964413,0,419,0,72.373907
7435,103697,0,762867,13.593064,0.000000,1.033651,,0.964422,0,419,0,72.377622
7436,103697,0,762867,13.593064,0.000000,0.026504,,0.964296,0,419,0,72.381337
7437,103697,0,762867,13.593064,0.000000,0.034034,,0.964171,0,419,0,72.385050
7438,103697,0,762867,13.593064,0.000000,5.004219,timeout,0.964714,0,420,0,72.375319
7439,103697,0,762867,13.593064,0.000000,1.033554,,0.964723,0,420,0,72.379032
7440,103697,0,762867,13.593064,0.000000,0.032865,,0.964598,0,420,0,72.382744
7441,103697,0,762867,13.593064,0.000000,0.028956,,0.964472,0,420,0,72.386455
7442,103697,0,762867,13.593064,0.000000,1.032554,,0.964481,0,420,0,72.390165
7443,103697,0,762867,13.593064,0.000000,0.027577,,0.964356,0,420,0,72.393874
7444,103697,0,762867,13.593064,0.000000,3.036892,,0.964634,0,420,0,72.397582
7445,103697,0,762867,13.593064,0.000000,0.024472,non_zero_exit,0.964508,0,420,0,72.387859
7446,103697,0,762867,13.593064,0.000000,1.037090,,0.964517,0,420,0,72.391567
7447,103697,0,762867,13.593064,0.000000,2.528515,,0.964727,0,420,0,72.395274
7448,103697,0,762867,13.593064,0.000000,5.004673,timeout,0.965270,0,421,0,72.385555
7449,103697,0,762867,13.593064,0.000000,0.034047,,0.965145,0,421,0,72.389262
7450,103697,0,762867,13.593064,0.000000,0.022392,non_zero_exit,0.965018,0,421,0,72.379546
7451,103697,0,762867,13.593064,0.000000,5.003165,timeout,0.965560,0,422,0,72.369834
7452,103697,0,762867,13.593064,0.000000,1.032861,,0.965569,0,422,0,72.373541
7453,103698,1,762867,13.593195,0.000131,0.133283,,0.965458,0,422,0,72.377247
7454,103698,0,762867,13.593195,0.000000,0.024116,non_zero_exit,0.965331,0,422,0,72.367539
7455,103698,0,762867,13.593195,0.000000,1.030741,,0.965340,0,422,0,72.371245
7456,103698,0,762867,13.593195,0.000000,1.029474,,0.965349,0,422,0,72.374950
7457,103698,0,762867,13.593195,0.000000,0.024803,,0.965223,0,422,0,72.378654
7458,103698,0,762867,13.593195,0.000000,1.029817,non_zero_exit,0.965231,0,422,0,72.368950
7459,103698,0,762867,13.593195,0.000000,0.027558,,0.965105,0,422,0,72.372654
7460,103698,0,762867,13.593195,0.000000,0.027961,,0.964980,0,422,0,72.376357
7461,103698,0,762867,13.593195,0.000000,0.032704,,0.964855,0,422,0,72.380059
7462,103698,0,762867,13.593195,0.000000,0.030172,,0.964730,0,422,0,72.383760
7463,103698,0,762867,13.593195,0.000000,0.033393,,0.964605,0,422,0,72.387460
7464,103698,0,762867,13.593195,0.000000,0.031767,,0.964480,0,422,0,72.391159
7465,103698,0,762867,13.593195,0.000000,0.023098,non_zero_exit,0.964354,0,422,0,72.381463
7466,103698,0,762867,13.593195,0.000000,0.036819,,0.964230,0,422,0,72.385161
7467,103698,0,762867,13.593195,0.000000,0.024138,non_zero_exit,0.964104,0,422,0,72.375469
7468,103698,0,762867,13.593195,0.000000,0.023541,non_zero_exit,0.963978,0,422,0,72.365779
7469,103698,0,762867,13.593195,0.000000,2.031637,,0.964121,0,422,0,72.369478
7470,103698,0,762867,13.593195,0.000000,3.034454,,0.964398,0,422,0,72.373176
7471,103698,0,762867,13.593195,0.000000,2.539366,,0.964609,0,422,0,72.376874
7472,103698,0,762867,13.593195,0.000000,0.024846,non_zero_exit,0.964483,0,422,0,72.367189
7473,103698,0,762867,13.593195,0.000000,0.029661,,0.964358,0,422,0,72.370886
7474,103705,7,762867,13.594113,0.000918,1.033560,,0.964367,0,422,0,72.374582
7475,103705,0,762867,13.594113,0.000000,0.031313,,0.964242,0,422,0,72.378277
7476,103705,0,762867,13.594113,0.000000,0.030776,,0.964117,0,422,0,72.381971
7477,103705,0,762867,13.594113,0.000000,0.026022,,0.963992,0,422,0,72.385665
7478,103705,0,762867,13.594113,0.000000,0.023648,non_zero_exit,0.963866,0,422,0,72.375986
7479,103705,0,762867,13.594113,0.000000,1.532143,,0.963942,0,422,0,72.379679
7480,103705,0,762867,13.594113,0.000000,0.030466,,0.963817,0,422,0,72.383371
7481,103708,3,762867,13.594506,0.000393,3.039497,non_zero_exit,0.964095,0,422,0,72.373697
7482,103708,0,762867,13.594506,0.000000,0.030947,,0.963970,0,422,0,72.377389
7483,103708,0,762867,13.594506,0.000000,0.021638,non_zero_exit,0.963844,0,422,0,72.367718
7484,103708,0,762867,13.594506,0.000000,4.030645,,0.964254,0,422,0,72.371409
7485,103708,0,762867,13.594506,0.000000,0.020808,non_zero_exit,0.964128,0,422,0,72.361742
7486,103712,4,762867,13.595030,0.000524,0.022093,non_zero_exit,0.964002,0,422,0,72.352077
7487,103712,0,762867,13.595030,0.000000,0.021424,non_zero_exit,0.963876,0,422,0,72.342415
7488,103712,0,762867,13.595030,0.000000,0.031636,,0.963752,0,422,0,72.346108
7489,103712,0,762867,13.595030,0.000000,1.031275,,0.963761,0,422,0,72.349800
7490,103712,0,762867,13.595030,0.000000,0.025651,non_zero_exit,0.963636,0,422,0,72.340142
7491,103712,0,762867,13.595030,0.000000,0.026507,non_zero_exit,0.963510,0,422,0,72.330486
7492,103712,0,762867,13.595030,0.000000,1.004575,,0.963516,0,422,0,72.334179
7493,103712,0,762867,13.595030,0.000000,0.027694,,0.963391,0,422,0,72.337870
7494,103712,0,762867,13.595030,0.000000,1.030385,,0.963400,0,422,0,72.341561
7495,103712,0,762867,13.595030,0.000000,0.030445,non_zero_exit,0.963276,0,422,0,72.331910
7496,103712,0,762867,13.595030,0.000000,5.004492,timeout,0.963815,0,423,0,72.322262
7497,103712,0,762867,13.595030,0.000000,1.034720,,0.963824,0,423,0,72.325954
7498,103712,0,762867,13.595030,0.000000,1.530027,,0.963900,0,423,0,72.329644
7499,103712,0,762867,13.595030,0.000000,1.030388,,0.963908,0,423,0,72.333333
7500,103712,0,762867,13.595030,0.000000,0.540230,,0.963852,0,423,0,72.337022
7501,103712,0,762867,13.595030,0.000000,4.040093,,0.964262,0,423,0,72.340709
7502,103712,0,762867,13.595030,0.000000,0.025720,non_zero_exit,0.964137,0,423,0,72.331068
7503,103712,0,762867,13.595030,0.000000,0.030513,,0.964012,0,423,0,72.334755
7504,103712,0,762867,13.595030,0.000000,0.029287,,0.963888,0,423,0,72.338441
7505,103712,0,762867,13.595030,0.000000,0.022897,non_zero_exit,0.963763,0,423,0,72.328804
7506,103712,0,762867,13.595030,0.000000,5.004703,timeout,0.964301,0,424,0,72.319169
7507,103712,0,762867,13.595030,0.000000,0.030607,,0.964177,0,424,0,72.322856
7508,103712,0,762867,13.595030,0.000000,2.535064,,0.964386,0,424,0,72.326541
7509,103712,0,762867,13.595030,0.000000,2.422736,,0.964580,0,424,0,72.330226
7510,103712,0,762867,13.595030,0.000000,0.022806,non_zero_exit,0.964455,0,424,0,72.320596
7511,103712,0,762867,13.595030,0.000000,0.031572,,0.964330,0,424,0,72.324281
7512,103712,0,762867,13.595030,0.000000,0.534416,,0.964273,0,424,0,72.327965
7513,103712,0,762867,13.595030,0.000000,0.034685,,0.964149,0,424,0,72.331648
7514,103712,0,762867,13.595030,0.000000,1.033008,,0.964159,0,424,0,72.335329
7515,103712,0,762867,13.595030,0.000000,0.526306,,0.964100,0,424,0,72.339010
7516,103712,0,762867,13.595030,0.000000,1.465831,,0.964167,0,424,0,72.342690
7517,103712,0,762867,13.595030,0.000000,2.031947,,0.964309,0,424,0,72.346369
7518,103713,1,762867,13.595161,0.000131,0.024072,non_zero_exit,0.964184,0,424,0,72.336747
7519,103713,0,762867,13.595161,0.000000,1.029742,,0.964193,0,424,0,72.340426
7520,103713,0,762867,13.595161,0.000000,5.003809,timeout,0.964730,0,425,0,72.330807
7521,103713,0,762867,13.595161,0.000000,1.530378,,0.964805,0,425,0,72.334486
7522,103713,0,762867,13.595161,0.000000,3.028105,,0.965079,0,425,0,72.338163
7523,103713,0,762867,13.595161,0.000000,1.038832,,0.965089,0,425,0,72.341839
7524,103713,0,762867,13.595161,0.000000,3.033087,,0.965364,0,425,0,72.345515
7525,103713,0,762867,13.595161,0.000000,1.031429,,0.965373,0,425,0,72.349189
7526,103713,0,762867,13.595161,0.000000,0.032460,,0.965249,0,425,0,72.352863
7527,103715,2,762867,13.595424,0.000262,0.532417,,0.965191,0,425,0,72.356536
7528,103715,0,762867,13.595424,0.000000,4.037279,,0.965599,0,425,0,72.360207
7529,103715,0,762867,13.595424,0.000000,5.003698,timeout,0.966136,0,426,0,72.350598
7530,103715,0,762867,13.595424,0.000000,5.004288,timeout,0.966672,0,427,0,72.340991
7531,103715,0,762867,13.595424,0.000000,1.032258,,0.966680,0,427,0,72.344663
7532,103715,0,762867,13.595424,0.000000,0.032623,,0.966556,0,427,0,72.348334
7533,103715,0,762867,13.595424,0.000000,1.044552,,0.966567,0,427,0,72.352004
7534,103715,0,762867,13.595424,0.000000,3.038992,non_zero_exit,0.966842,0,427,0,72.342402
7535,103715,0,762867,13.595424,0.000000,0.023715,non_zero_exit,0.966717,0,427,0,72.332803
7536,103715,0,762867,13.595424,0.000000,0.025050,non_zero_exit,0.966592,0,427,0,72.323206
7537,103715,0,762867,13.595424,0.000000,1.034860,,0.966601,0,427,0,72.326877
7538,103715,0,762867,13.595424,0.000000,0.034228,,0.966477,0,427,0,72.330548
7539,103715,0,762867,13.595424,0.000000,0.024941,,0.966352,0,427,0,72.334218
7540,103715,0,762867,13.595424,0.000000,0.027764,non_zero_exit,0.966228,0,427,0,72.324625
7541,103715,0,762867,13.595424,0.000000,0.031196,,0.966104,0,427,0,72.328295
7542,103715,0,762867,13.595424,0.000000,1.036669,,0.966113,0,427,0,72.331963
7543,103715,0,762867,13.595424,0.000000,5.004187,timeout,0.966648,0,428,0,72.322375
7544,103715,0,762867,13.595424,0.000000,3.035318,,0.966923,0,428,0,72.326044
7545,103715,0,762867,13.595424,0.000000,1.033918,non_zero_exit,0.966932,0,428,0,72.316459
7546,103715,0,762867,13.595424,0.000000,1.032121,,0.966940,0,428,0,72.320127
7547,103715,0,762867,13.595424,0.000000,0.022986,non_zero_exit,0.966815,0,428,0,72.310546
7548,103715,0,762867,13.595424,0.000000,1.033425,,0.966824,0,428,0,72.314214
7549,103715,0,762867,13.595424,0.000000,1.026202,,0.966832,0,428,0,72.317881
7550,103715,0,762867,13.595424,0.000000,1.029348,,0.966840,0,428,0,72.321547
7551,103715,0,762867,13.595424,0.000000,1.030915,,0.966849,0,428,0,72.325212
7552,103715,0,762867,13.595424,0.000000,3.638466,,0.967202,0,428,0,72.328876
7553,103715,0,762867,13.595424,0.000000,0.023145,non_zero_exit,0.967077,0,428,0,72.319301
7554,103718,3,762867,13.595817,0.000393,0.033776,,0.966954,0,428,0,72.322965
7555,103718,0,762867,13.595817,0.000000,3.030614,,0.967227,0,428,0,72.326628
7556,103718,0,762867,13.595817,0.000000,2.034028,,0.967368,0,428,0,72.330290
7557,103718,0,762867,13.595817,0.000000,0.036345,,0.967245,0,428,0,72.333951
7558,103718,0,762867,13.595817,0.000000,0.032273,,0.967121,0,428,0,72.337611
7559,103718,0,762867,13.595817,0.000000,0.662349,,0.967081,0,428,0,72.341270
7560,103720,2,762867,13.596079,0.000262,0.133537,,0.966971,0,428,0,72.344928
7561,103720,0,762867,13.596079,0.000000,4.541282,,0.967443,0,428,0,72.348585
7562,103721,1,762867,13.596210,0.000131,0.028989,,0.967319,0,428,0,72.352241
7563,103721,0,762867,13.596210,0.000000,1.028880,,0.967327,0,428,0,72.355896
7564,103788,67,762867,13.604993,0.008783,1.036757,non_zero_exit,0.967337,0,428,0,72.346332
7565,103788,0,762867,13.604993,0.000000,3.031401,,0.967609,0,428,0,72.349987
7566,103788,0,762867,13.604993,0.000000,1.031998,,0.967618,0,428,0,72.353641
7567,103790,2,762867,13.605255,0.000262,0.022413,non_zero_exit,0.967493,0,428,0,72.344080
7568,103790,0,762867,13.605255,0.000000,5.006902,timeout,0.968027,0,429,0,72.334522
7569,103790,0,762867,13.605255,0.000000,3.033223,,0.968299,0,429,0,72.338177
7570,103790,0,762867,13.605255,0.000000,0.041912,non_zero_exit,0.968177,0,429,0,72.328622
7571,103790,0,762867,13.605255,0.000000,1.035914,,0.968186,0,429,0,72.332277
7572,103790,0,762867,13.605255,0.000000,0.031838,,0.968062,0,429,0,72.335930
7573,103790,0,762867,13.605255,0.000000,2.049499,,0.968205,0,429,0,72.339583
7574,103790,0,762867,13.605255,0.000000,3.035398,,0.968478,0,429,0,72.343234
7575,103790,0,762867,13.605255,0.000000,3.034113,,0.968751,0,429,0,72.346885
7576,103790,0,762867,13.605255,0.000000,3.026829,,0.969022,0,429,0,72.350535
7577,103790,0,762867,13.605255,0.000000,0.037474,,0.968899,0,429,0,72.354183
7578,103790,0,762867,13.605255,0.000000,1.034325,,0.968908,0,429,0,72.357831
7579,103790,0,762867,13.605255,0.000000,1.286742,non_zero_exit,0.968950,0,429,0,72.348285
7580,103790,0,762867,13.605255,0.000000,1.030072,,0.968958,0,429,0,72.351932
7581,103791,1,762867,13.605386,0.000131,1.038274,,0.968967,0,429,0,72.355579
7582,103791,0,762867,13.605386,0.000000,1.030329,,0.968975,0,429,0,72.359225
7583,103791,0,762867,13.605386,0.000000,1.030135,,0.968983,0,429,0,72.362869
7584,103791,0,762867,13.605386,0.000000,4.025959,,0.969386,0,429,0,72.366513
7585,103791,0,762867,13.605386,0.000000,2.540828,,0.969594,0,429,0,72.370156
7586,103791,0,762867,13.605386,0.000000,3.031936,,0.969865,0,429,0,72.373797
7587,103791,0,762867,13.605386,0.000000,2.028652,,0.970005,0,429,0,72.377438
7588,103791,0,762867,13.605386,0.000000,0.030489,,0.969881,0,429,0,72.381078
7589,103791,0,762867,13.605386,0.000000,0.033216,,0.969758,0,429,0,72.384717
7590,103791,0,762867,13.605386,0.000000,0.026117,,0.969633,0,429,0,72.388355
7591,103791,0,762867,13.605386,0.000000,0.024282,non_zero_exit,0.969509,0,429,0,72.378820
7592,103791,0,762867,13.605386,0.000000,0.021239,non_zero_exit,0.969384,0,429,0,72.369288
7593,103791,0,762867,13.605386,0.000000,0.136990,non_zero_exit,0.969274,0,429,0,72.359758
7594,103791,0,762867,13.605386,0.000000,0.025334,non_zero_exit,0.969150,0,429,0,72.350230
7595,103791,0,762867,13.605386,0.000000,0.023316,non_zero_exit,0.969026,0,429,0,72.340706
7596,103791,0,762867,13.605386,0.000000,0.034807,,0.968903,0,429,0,72.344346
7597,103791,0,762867,13.605386,0.000000,0.023074,non_zero_exit,0.968778,0,429,0,72.334825
7598,103791,0,762867,13.605386,0.000000,1.031168,,0.968786,0,429,0,72.338466
7599,103791,0,762867,13.605386,0.000000,1.028319,,0.968794,0,429,0,72.342105
7600,103791,0,762867,13.605386,0.000000,1.032938,,0.968803,0,429,0,72.345744
7601,103791,0,762867,13.605386,0.000000,0.086551,,0.968687,0,429,0,72.349382
7602,103791,0,762867,13.605386,0.000000,0.037039,,0.968564,0,429,0,72.353019
7603,103791,0,762867,13.605386,0.000000,0.034590,,0.968441,0,429,0,72.356654
7604,103791,0,762867,13.605386,0.000000,2.108474,,0.968591,0,429,0,72.360289
7605,103791,0,762867,13.605386,0.000000,3.029056,,0.968862,0,429,0,72.363923
7606,103791,0,762867,13.605386,0.000000,0.033056,,0.968739,0,429,0,72.367556
7607,103791,0,762867,13.605386,0.000000,0.024595,non_zero_exit,0.968615,0,429,0,72.358044
7608,103791,0,762867,13.605386,0.000000,0.032996,,0.968492,0,429,0,72.361677
7609,103791,0,762867,13.605386,0.000000,0.032504,,0.968369,0,429,0,72.365309
7610,103791,0,762867,13.605386,0.000000,0.032268,,0.968246,0,429,0,72.368940
7611,103791,0,762867,13.605386,0.000000,1.037172,,0.968255,0,429,0,72.372570
7612,103791,0,762867,13.605386,0.000000,0.030091,,0.968132,0,429,0,72.376199
7613,103792,1,762867,13.605517,0.000131,5.005647,timeout,0.968662,0,430,0,72.366693
7614,103792,0,762867,13.605517,0.000000,0.021315,non_zero_exit,0.968538,0,430,0,72.357190
7615,103792,0,762867,13.605517,0.000000,0.032060,,0.968415,0,430,0,72.360819
7616,103792,0,762867,13.605517,0.000000,0.024930,non_zero_exit,0.968291,0,430,0,72.351319
7617,103798,6,762867,13.606304,0.000787,1.028108,,0.968299,0,430,0,72.354949
7618,103798,0,762867,13.606304,0.000000,0.024294,non_zero_exit,0.968175,0,430,0,72.345452
7619,103798,0,762867,13.606304,0.000000,2.540336,,0.968381,0,430,0,72.349081
7620,103798,0,762867,13.606304,0.000000,0.017639,non_zero_exit,0.968256,0,430,0,72.339588
7621,103798,0,762867,13.606304,0.000000,0.029127,,0.968133,0,430,0,72.343217
7622,103798,0,762867,13.606304,0.000000,0.024263,non_zero_exit,0.968009,0,430,0,72.333727
7623,103798,0,762867,13.606304,0.000000,0.032052,,0.967886,0,430,0,72.337356
7624,103798,0,762867,13.606304,0.000000,4.036706,,0.968289,0,430,0,72.340984
7625,103798,0,762867,13.606304,0.000000,0.034153,,0.968166,0,430,0,72.344611
7626,103798,0,762867,13.606304,0.000000,0.033799,,0.968044,0,430,0,72.348237
7627,103798,0,762867,13.606304,0.000000,3.038422,,0.968315,0,430,0,72.351862
7628,103798,0,762867,13.606304,0.000000,1.035102,,0.968324,0,430,0,72.355486
7629,103798,0,762867,13.606304,0.000000,0.022014,non_zero_exit,0.968200,0,430,0,72.346003
7630,103798,0,762867,13.606304,0.000000,0.021288,non_zero_exit,0.968076,0,430,0,72.336522
7631,103798,0,762867,13.606304,0.000000,0.031698,non_zero_exit,0.967953,0,430,0,72.327044
7632,103798,0,762867,13.606304,0.000000,0.022821,non_zero_exit,0.967829,0,430,0,72.317568
7633,103798,0,762867,13.606304,0.000000,0.032038,,0.967707,0,430,0,72.321195
7634,103798,0,762867,13.606304,0.000000,0.032157,non_zero_exit,0.967584,0,430,0,72.311722
7635,103833,35,762867,13.610892,0.004588,1.035446,,0.967593,0,430,0,72.315348
7636,103833,0,762867,13.610892,0.000000,2.026216,,0.967732,0,430,0,72.318973
7637,103833,0,762867,13.610892,0.000000,2.032142,,0.967871,0,430,0,72.322598
7638,103833,0,762867,13.610892,0.000000,0.021808,non_zero_exit,0.967747,0,430,0,72.313130
7639,103833,0,762867,13.610892,0.000000,0.030099,non_zero_exit,0.967625,0,430,0,72.303665
7640,103833,0,762867,13.610892,0.000000,1.031305,non_zero_exit,0.967633,0,430,0,72.294202
7641,103833,0,762867,13.610892,0.000000,4.033920,,0.968034,0,430,0,72.297828
7642,103833,0,762867,13.610892,0.000000,1.034501,,0.968043,0,430,0,72.301452
7643,103833,0,762867,13.610892,0.000000,2.028783,,0.968182,0,430,0,72.305076
7644,103833,0,762867,13.610892,0.000000,5.004672,timeout,0.968710,0,431,0,72.295618
7645,103833,0,762867,13.610892,0.000000,0.034691,,0.968588,0,431,0,72.299241
7646,103833,0,762867,13.610892,0.000000,0.028184,,0.968465,0,431,0,72.302864
7647,103833,0,762867,13.610892,0.000000,1.033167,,0.968473,0,431,0,72.306485
7648,103856,23,762867,13.613906,0.003015,5.016691,timeout,0.969002,0,432,0,72.297032
7649,103856,0,762867,13.613906,0.000000,3.029966,,0.969272,0,432,0,72.300654
7650,103856,0,762867,13.613906,0.000000,3.035596,,0.969542,0,432,0,72.304274
7651,103867,11,762867,13.615348,0.001442,1.033300,,0.969550,0,432,0,72.307893
7652,103867,0,762867,13.615348,0.000000,1.035295,,0.969559,0,432,0,72.311512
7653,103867,0,762867,13.615348,0.000000,3.034605,,0.969828,0,432,0,72.315129
7654,103867,0,762867,13.615348,0.000000,0.034641,,0.969706,0,432,0,72.318746
7655,103867,0,762867,13.615348,0.000000,0.023147,non_zero_exit,0.969583,0,432,0,72.309300
7656,103867,0,762867,13.615348,0.000000,0.038917,,0.969461,0,432,0,72.312916
7657,103867,0,762867,13.615348,0.000000,1.029419,,0.969469,0,432,0,72.316532
7658,103867,0,762867,13.615348,0.000000,0.031050,,0.969346,0,432,0,72.320146
7659,103867,0,762867,13.615348,0.000000,0.029954,,0.969224,0,432,0,72.323760
7660,103867,0,762867,13.615348,0.000000,0.021314,non_zero_exit,0.969100,0,432,0,72.314319
7661,103867,0,762867,13.615348,0.000000,0.026830,,0.968977,0,432,0,72.317933
7662,103867,0,762867,13.615348,0.000000,0.027277,non_zero_exit,0.968854,0,432,0,72.308495
7663,103867,0,762867,13.615348,0.000000,0.034866,,0.968732,0,432,0,72.312109
7664,103867,0,762867,13.615348,0.000000,5.092098,timeout,0.969270,0,433,0,72.302674
7665,103867,0,762867,13.615348,0.000000,0.032534,,0.969148,0,433,0,72.306288
7666,103867,0,762867,13.615348,0.000000,1.030499,,0.969156,0,433,0,72.309900
7667,103867,0,762867,13.615348,0.000000,0.028660,,0.969033,0,433,0,72.313511
7668,103867,0,762867,13.615348,0.000000,0.022026,non_zero_exit,0.968910,0,433,0,72.304081
7669,103867,0,762867,13.615348,0.000000,3.534668,,0.969244,0,433,0,72.307692
7670,103867,0,762867,13.615348,0.000000,1.035092,,0.969253,0,433,0,72.311302
7671,103867,0,762867,13.615348,0.000000,1.031600,,0.969261,0,433,0,72.314911
7672,103867,0,762867,13.615348,0.000000,1.035283,,0.969270,0,433,0,72.318519
7673,103867,0,762867,13.615348,0.000000,1.029548,,0.969278,0,433,0,72.322127
7674,103867,0,762867,13.615348,0.000000,1.037557,,0.969287,0,433,0,72.325733
7675,103867,0,762867,13.615348,0.000000,0.021840,non_zero_exit,0.969163,0,433,0,72.316311
7676,103867,0,762867,13.615348,0.000000,0.030612,,0.969041,0,433,0,72.319917
7677,103867,0,762867,13.615348,0.000000,1.032864,,0.969049,0,433,0,72.323522
7678,103867,0,762867,13.615348,0.000000,1.027736,,0.969057,0,433,0,72.327126
7679,103867,0,762867,13.615348,0.000000,1.040498,,0.969066,0,433,0,72.330729
7680,103867,0,762867,13.615348,0.000000,0.033304,,0.968944,0,433,0,72.334331
7681,103867,0,762867,13.615348,0.000000,1.539639,,0.969019,0,433,0,72.337933
7682,103867,0,762867,13.615348,0.000000,1.031837,,0.969027,0,433,0,72.341533
7683,103867,0,762867,13.615348,0.000000,0.022239,non_zero_exit,0.968904,0,433,0,72.332119
7684,103867,0,762867,13.615348,0.000000,0.033770,non_zero_exit,0.968782,0,433,0,72.322707
7685,103867,0,762867,13.615348,0.000000,0.028588,,0.968660,0,433,0,72.326308
7686,103867,0,762867,13.615348,0.000000,5.003040,timeout,0.969184,0,434,0,72.316899
7687,103867,0,762867,13.615348,0.000000,1.031996,,0.969193,0,434,0,72.320499
7688,103867,0,762867,13.615348,0.000000,1.030630,,0.969201,0,434,0,72.324099
7689,103867,0,762867,13.615348,0.000000,1.032655,,0.969209,0,434,0,72.327698
7690,103870,3,762867,13.615742,0.000393,0.028122,,0.969086,0,434,0,72.331296
7691,103870,0,762867,13.615742,0.000000,0.028435,non_zero_exit,0.968964,0,434,0,72.321893
7692,103870,0,762867,13.615742,0.000000,0.023795,non_zero_exit,0.968841,0,434,0,72.312492
7693,103870,0,762867,13.615742,0.000000,2.123027,,0.968991,0,434,0,72.316090
7694,103870,0,762867,13.615742,0.000000,0.025097,non_zero_exit,0.968869,0,434,0,72.306693
7695,103870,0,762867,13.615742,0.000000,0.026310,non_zero_exit,0.968746,0,434,0,72.297297
7696,103870,0,762867,13.615742,0.000000,0.346816,,0.968665,0,434,0,72.300896
7697,103870,0,762867,13.615742,0.000000,1.033414,,0.968674,0,434,0,72.304495
7698,103870,0,762867,13.615742,0.000000,5.004288,timeout,0.969198,0,435,0,72.295103
7699,103870,0,762867,13.615742,0.000000,5.003640,timeout,0.969722,0,436,0,72.285714
7700,103870,0,762867,13.615742,0.000000,0.023395,non_zero_exit,0.969599,0,436,0,72.276328
7701,103870,0,762867,13.615742,0.000000,0.032037,,0.969477,0,436,0,72.279927
7702,103870,0,762867,13.615742,0.000000,1.033480,,0.969486,0,436,0,72.283526
7703,103870,0,762867,13.615742,0.000000,0.024774,non_zero_exit,0.969363,0,436,0,72.274143
7704,103870,0,762867,13.615742,0.000000,0.027943,,0.969241,0,436,0,72.277742
7705,103870,0,762867,13.615742,0.000000,0.039503,,0.969120,0,436,0,72.281339
7706,103871,1,762867,13.615873,0.000131,1.036246,,0.969129,0,436,0,72.284936
7707,103871,0,762867,13.615873,0.000000,0.034337,,0.969008,0,436,0,72.288531
7708,103871,0,762867,13.615873,0.000000,1.028810,,0.969015,0,436,0,72.292126
7709,103871,0,762867,13.615873,0.000000,0.025282,non_zero_exit,0.968893,0,436,0,72.282750
7710,103871,0,762867,13.615873,0.000000,0.530192,,0.968836,0,436,0,72.286344
7711,103871,0,762867,13.615873,0.000000,1.031595,,0.968844,0,436,0,72.289938
7712,103871,0,762867,13.615873,0.000000,1.035778,,0.968853,0,436,0,72.293530
7713,103871,0,762867,13.615873,0.000000,0.032201,,0.968731,0,436,0,72.297122
7714,103871,0,762867,13.615873,0.000000,0.024611,non_zero_exit,0.968609,0,436,0,72.287751
7715,103871,0,762867,13.615873,0.000000,0.030733,,0.968487,0,436,0,72.291343
7716,103872,1,762867,13.616004,0.000131,1.534841,,0.968561,0,436,0,72.294933
7717,103872,0,762867,13.616004,0.000000,1.032859,,0.968569,0,436,0,72.298523
7718,103872,0,762867,13.616004,0.000000,0.031366,,0.968448,0,436,0,72.302112
7719,103872,0,762867,13.616004,0.000000,0.032251,,0.968326,0,436,0,72.305699
7720,103872,0,762867,13.616004,0.000000,0.022087,non_zero_exit,0.968204,0,436,0,72.296335
7721,103872,0,762867,13.616004,0.000000,0.029112,,0.968082,0,436,0,72.299922
7722,103872,0,762867,13.616004,0.000000,0.021108,non_zero_exit,0.967960,0,436,0,72.290561
7723,103872,0,762867,13.616004,0.000000,0.029272,,0.967838,0,436,0,72.294148
7724,103872,0,762867,13.616004,0.000000,3.033653,,0.968106,0,436,0,72.297735
7725,103872,0,762867,13.616004,0.000000,0.031991,,0.967984,0,436,0,72.301320
7726,103872,0,762867,13.616004,0.000000,1.033417,,0.967993,0,436,0,72.304905
7727,103872,0,762867,13.616004,0.000000,3.043516,,0.968261,0,436,0,72.308489
7728,103872,0,762867,13.616004,0.000000,0.027140,,0.968140,0,436,0,72.312071
7729,103872,0,762867,13.616004,0.000000,2.614200,,0.968353,0,436,0,72.315653
7730,103872,0,762867,13.616004,0.000000,5.007914,timeout,0.968875,0,437,0,72.306299
7731,103872,0,762867,13.616004,0.000000,1.029671,,0.968883,0,437,0,72.309881
7732,103872,0,762867,13.616004,0.000000,0.032807,,0.968762,0,437,0,72.313462
7733,103872,0,762867,13.616004,0.000000,3.030607,,0.969029,0,437,0,72.317042
7734,103872,0,762867,13.616004,0.000000,1.030293,,0.969037,0,437,0,72.320621
7735,103872,0,762867,13.616004,0.000000,0.024564,non_zero_exit,0.968914,0,437,0,72.311272
7736,103872,0,762867,13.616004,0.000000,0.031748,,0.968793,0,437,0,72.314851
7737,103872,0,762867,13.616004,0.000000,0.023096,non_zero_exit,0.968671,0,437,0,72.305505
7738,103872,0,762867,13.616004,0.000000,0.030786,,0.968550,0,437,0,72.309084
7739,103872,0,762867,13.616004,0.000000,0.026758,non_zero_exit,0.968428,0,437,0,72.299742
7740,103872,0,762867,13.616004,0.000000,1.038433,,0.968437,0,437,0,72.303320
7741,103872,0,762867,13.616004,0.000000,1.531175,,0.968510,0,437,0,72.306897
7742,103872,0,762867,13.616004,0.000000,0.030229,,0.968389,0,437,0,72.310474
7743,103872,0,762867,13.616004,0.000000,1.029372,,0.968397,0,437,0,72.314050
7744,103872,0,762867,13.616004,0.000000,0.033626,,0.968276,0,437,0,72.317624
7745,103872,0,762867,13.616004,0.000000,0.027042,non_zero_exit,0.968154,0,437,0,72.308288
7746,103872,0,762867,13.616004,0.000000,0.034101,,0.968034,0,437,0,72.311863
7747,103872,0,762867,13.616004,0.000000,0.032252,non_zero_exit,0.967913,0,437,0,72.302530
7748,103872,0,762867,13.616004,0.000000,0.033919,,0.967793,0,437,0,72.306104
7749,103872,0,762867,13.616004,0.000000,0.024887,non_zero_exit,0.967671,0,437,0,72.296774
7750,103872,0,762867,13.616004,0.000000,0.030501,,0.967550,0,437,0,72.300348
7751,103872,0,762867,13.616004,0.000000,2.530981,,0.967752,0,437,0,72.303922
7752,103872,0,762867,13.616004,0.000000,0.022451,non_zero_exit,0.967630,0,437,0,72.294596
7753,103872,0,762867,13.616004,0.000000,3.033796,,0.967896,0,437,0,72.298169
7754,103872,0,762867,13.616004,0.000000,0.024927,non_zero_exit,0.967775,0,437,0,72.288846
7755,103873,1,762867,13.616135,0.000131,0.025873,,0.967653,0,437,0,72.292419
7756,103873,0,762867,13.616135,0.000000,0.023126,non_zero_exit,0.967531,0,437,0,72.283099
7757,103873,0,762867,13.616135,0.000000,0.024058,non_zero_exit,0.967410,0,437,0,72.273782
7758,103873,0,762867,13.616135,0.000000,0.022011,non_zero_exit,0.967288,0,437,0,72.264467
7759,103873,0,762867,13.616135,0.000000,0.024017,non_zero_exit,0.967166,0,437,0,72.255155
7760,103873,0,762867,13.616135,0.000000,0.025871,non_zero_exit,0.967045,0,437,0,72.245845
7761,103873,0,762867,13.616135,0.000000,1.031940,,0.967053,0,437,0,72.249420
7762,103873,0,762867,13.616135,0.000000,0.027434,non_zero_exit,0.966932,0,437,0,72.240113
7763,103873,0,762867,13.616135,0.000000,1.042595,,0.966942,0,437,0,72.243689
7764,103873,0,762867,13.616135,0.000000,0.031787,,0.966822,0,437,0,72.247263
7765,103873,0,762867,13.616135,0.000000,0.028350,,0.966701,0,437,0,72.250837
7766,103873,0,762867,13.616135,0.000000,1.033799,,0.966710,0,437,0,72.254410
7767,103873,0,762867,13.616135,0.000000,0.024225,non_zero_exit,0.966588,0,437,0,72.245108
7768,103873,0,762867,13.616135,0.000000,0.027514,,0.966467,0,437,0,72.248681
7769,103873,0,762867,13.616135,0.000000,5.004153,timeout,0.966987,0,438,0,72.239382
7770,103873,0,762867,13.616135,0.000000,0.025836,,0.966866,0,438,0,72.242955
7771,103873,0,762867,13.616135,0.000000,0.030581,,0.966745,0,438,0,72.246526
7772,103873,0,762867,13.616135,0.000000,1.029053,,0.966753,0,438,0,72.250096
7773,103873,0,762867,13.616135,0.000000,0.021659,non_zero_exit,0.966632,0,438,0,72.240803
7774,103873,0,762867,13.616135,0.000000,1.028811,,0.966640,0,438,0,72.244373
7775,103873,0,762867,13.616135,0.000000,0.024677,,0.966519,0,438,0,72.247942
7776,103873,0,762867,13.616135,0.000000,3.529795,,0.966848,0,438,0,72.251511
7777,103873,0,762867,13.616135,0.000000,5.003907,timeout,0.967367,0,439,0,72.242222
7778,103873,0,762867,13.616135,0.000000,0.027117,,0.967246,0,439,0,72.245790
7779,103873,0,762867,13.616135,0.000000,0.036857,,0.967127,0,439,0,72.249357
7780,103873,0,762867,13.616135,0.000000,1.044119,,0.967137,0,439,0,72.252924
7781,103873,0,762867,13.616135,0.000000,1.037780,,0.967146,0,439,0,72.256489
7782,103873,0,762867,13.616135,0.000000,0.025286,non_zero_exit,0.967025,0,439,0,72.247205
7783,103873,0,762867,13.616135,0.000000,0.033486,,0.966905,0,439,0,72.250771
7784,103873,0,762867,13.616135,0.000000,0.030062,,0.966785,0,439,0,72.254335
7785,103873,0,762867,13.616135,0.000000,1.037882,,0.966794,0,439,0,72.257899
7786,103873,0,762867,13.616135,0.000000,1.034854,,0.966802,0,439,0,72.261461
7787,103873,0,762867,13.616135,0.000000,0.031255,,0.966682,0,439,0,72.265023
7788,103873,0,762867,13.616135,0.000000,0.030716,,0.966562,0,439,0,72.268584
7789,103873,0,762867,13.616135,0.000000,5.004679,timeout,0.967081,0,440,0,72.259307
7790,103873,0,762867,13.616135,0.000000,5.004644,timeout,0.967599,0,441,0,72.250032
7791,103874,1,762867,13.616266,0.000131,1.132174,,0.967620,0,441,0,72.253593
7792,103874,0,762867,13.616266,0.000000,3.039669,,0.967886,0,441,0,72.257154
7793,103874,0,762867,13.616266,0.000000,1.034105,,0.967894,0,441,0,72.260713
7794,103874,0,762867,13.616266,0.000000,1.030673,,0.967902,0,441,0,72.264272
7795,103874,0,762867,13.616266,0.000000,0.023384,non_zero_exit,0.967781,0,441,0,72.255003
7796,103874,0,762867,13.616266,0.000000,0.036983,,0.967662,0,441,0,72.258561
7797,103874,0,762867,13.616266,0.000000,1.030090,,0.967670,0,441,0,72.262118
7798,103874,0,762867,13.616266,0.000000,2.034914,,0.967807,0,441,0,72.265675
7799,103874,0,762867,13.616266,0.000000,0.023472,non_zero_exit,0.967686,0,441,0,72.256410
7800,103874,0,762867,13.616266,0.000000,0.027650,non_zero_exit,0.967565,0,441,0,72.247148
7801,103874,0,762867,13.616266,0.000000,1.033204,,0.967573,0,441,0,72.250705
7802,103874,0,762867,13.616266,0.000000,0.031834,,0.967454,0,441,0,72.254261
7803,103874,0,762867,13.616266,0.000000,5.003450,timeout,0.967971,0,442,0,72.245003
7804,103874,0,762867,13.616266,0.000000,0.025548,non_zero_exit,0.967850,0,442,0,72.235746
7805,103874,0,762867,13.616266,0.000000,0.029660,,0.967730,0,442,0,72.239303
7806,103874,0,762867,13.616266,0.000000,4.533727,,0.968187,0,442,0,72.242859
7807,103874,0,762867,13.616266,0.000000,0.133754,,0.968080,0,442,0,72.246414
7808,103874,0,762867,13.616266,0.000000,0.024492,non_zero_exit,0.967959,0,442,0,72.237162
7809,103874,0,762867,13.616266,0.000000,0.873624,,0.967947,0,442,0,72.240717
7810,103874,0,762867,13.616266,0.000000,2.032555,,0.968083,0,442,0,72.244271
7811,103874,0,762867,13.616266,0.000000,0.024566,non_zero_exit,0.967962,0,442,0,72.235023
7812,103874,0,762867,13.616266,0.000000,1.233534,,0.967996,0,442,0,72.238577
7813,103874,0,762867,13.616266,0.000000,0.033329,,0.967877,0,442,0,72.242130
7814,103874,0,762867,13.616266,0.000000,2.032235,,0.968013,0,442,0,72.245681
7815,103874,0,762867,13.616266,0.000000,0.024029,non_zero_exit,0.967892,0,442,0,72.236438
7816,103874,0,762867,13.616266,0.000000,1.028875,,0.967900,0,442,0,72.239990
7817,103874,0,762867,13.616266,0.000000,1.031878,,0.967908,0,442,0,72.243541
7818,103874,0,762867,13.616266,0.000000,0.032947,,0.967788,0,442,0,72.247090
7819,103874,0,762867,13.616266,0.000000,1.032253,,0.967797,0,442,0,72.250639
7820,103875,1,762867,13.616397,0.000131,1.034382,,0.967805,0,442,0,72.254187
7821,103875,0,762867,13.616397,0.000000,5.004105,timeout,0.968321,0,443,0,72.244950
7822,103876,1,762867,13.616528,0.000131,1.041826,,0.968331,0,443,0,72.248498
7823,103876,0,762867,13.616528,0.000000,2.039688,,0.968468,0,443,0,72.252045
7824,103876,0,762867,13.616528,0.000000,2.034558,,0.968604,0,443,0,72.255591
7825,103876,0,762867,13.616528,0.000000,4.032936,,0.968995,0,443,0,72.259136
7826,103876,0,762867,13.616528,0.000000,0.026039,,0.968875,0,443,0,72.262680
7827,103876,0,762867,13.616528,0.000000,0.022714,non_zero_exit,0.968754,0,443,0,72.253449
7828,103876,0,762867,13.616528,0.000000,1.031267,,0.968762,0,443,0,72.256993
7829,103876,0,762867,13.616528,0.000000,0.031477,,0.968642,0,443,0,72.260536
7830,103876,0,762867,13.616528,0.000000,0.031047,,0.968523,0,443,0,72.264079
7831,103876,0,762867,13.616528,0.000000,1.030973,,0.968531,0,443,0,72.267620
7832,103876,0,762867,13.616528,0.000000,0.029300,,0.968411,0,443,0,72.271160
7833,103876,0,762867,13.616528,0.000000,0.027724,non_zero_exit,0.968291,0,443,0,72.261935
7834,103876,0,762867,13.616528,0.000000,3.038253,,0.968555,0,443,0,72.265475
7835,103876,0,762867,13.616528,0.000000,1.030965,,0.968563,0,443,0,72.269015
7836,103876,0,762867,13.616528,0.000000,2.035750,,0.968699,0,443,0,72.272553
7837,103877,1,762867,13.616659,0.000131,1.037079,,0.968708,0,443,0,72.276091
7838,103877,0,762867,13.616659,0.000000,0.027904,,0.968588,0,443,0,72.279628
7839,103877,0,762867,13.616659,0.000000,2.033618,,0.968723,0,443,0,72.283163
7840,103877,0,762867,13.616659,0.000000,0.022749,non_zero_exit,0.968603,0,443,0,72.273945
7841,103877,0,762867,13.616659,0.000000,4.032298,,0.968994,0,443,0,72.277480
7842,103877,0,762867,13.616659,0.000000,1.030739,,0.969001,0,443,0,72.281015
7843,103877,0,762867,13.616659,0.000000,0.023031,non_zero_exit,0.968881,0,443,0,72.271800
7844,103877,0,762867,13.616659,0.000000,0.024201,non_zero_exit,0.968760,0,443,0,72.262588
7845,103877,0,762867,13.616659,0.000000,2.031753,,0.968896,0,443,0,72.266123
7846,103877,0,762867,13.616659,0.000000,0.031210,,0.968776,0,443,0,72.269657
7847,103877,0,762867,13.616659,0.000000,0.537670,,0.968721,0,443,0,72.273191
7848,103877,0,762867,13.616659,0.000000,0.027138,,0.968601,0,443,0,72.276723
7849,103877,0,762867,13.616659,0.000000,1.534477,,0.968674,0,443,0,72.280255
7850,103877,0,762867,13.616659,0.000000,0.023746,non_zero_exit,0.968553,0,443,0,72.271048
7851,103877,0,762867,13.616659,0.000000,0.024909,non_zero_exit,0.968433,0,443,0,72.261844
7852,103877,0,762867,13.616659,0.000000,0.035431,,0.968314,0,443,0,72.265376
7853,103877,0,762867,13.616659,0.000000,0.024087,non_zero_exit,0.968194,0,443,0,72.256175
7854,103877,0,762867,13.616659,0.000000,0.032912,,0.968075,0,443,0,72.259707
7855,103877,0,762867,13.616659,0.000000,0.028595,,0.967955,0,443,0,72.263238
7856,103877,0,762867,13.616659,0.000000,4.040865,,0.968346,0,443,0,72.266768
7857,103877,0,762867,13.616659,0.000000,4.543147,,0.968801,0,443,0,72.270298
7858,103877,0,762867,13.616659,0.000000,0.024116,non_zero_exit,0.968681,0,443,0,72.261102
7859,103877,0,762867,13.616659,0.000000,1.029799,,0.968689,0,443,0,72.264631
7860,103877,0,762867,13.616659,0.000000,0.031283,,0.968570,0,443,0,72.268159
7861,103877,0,762867,13.616659,0.000000,5.004133,timeout,0.969083,0,444,0,72.258967
7862,103877,0,762867,13.616659,0.000000,0.021724,non_zero_exit,0.968962,0,444,0,72.249777
7863,103877,0,762867,13.616659,0.000000,0.125877,,0.968855,0,444,0,72.253306
7864,103877,0,762867,13.616659,0.000000,1.031069,,0.968863,0,444,0,72.256834
7865,103877,0,762867,13.616659,0.000000,0.025281,non_zero_exit,0.968743,0,444,0,72.247648
7866,103877,0,762867,13.616659,0.000000,2.032281,,0.968878,0,444,0,72.251176
7867,103877,0,762867,13.616659,0.000000,0.026228,,0.968759,0,444,0,72.254703
7868,103877,0,762867,13.616659,0.000000,0.035460,,0.968640,0,444,0,72.258228
7869,103877,0,762867,13.616659,0.000000,0.021759,non_zero_exit,0.968520,0,444,0,72.249047
7870,103877,0,762867,13.616659,0.000000,2.033267,,0.968655,0,444,0,72.252573
7871,103877,0,762867,13.616659,0.000000,1.033254,,0.968663,0,444,0,72.256098
7872,103877,0,762867,13.616659,0.000000,1.032046,,0.968671,0,444,0,72.259621
7873,103877,0,762867,13.616659,0.000000,0.031345,,0.968552,0,444,0,72.263145
7874,103877,0,762867,13.616659,0.000000,0.032853,,0.968433,0,444,0,72.266667
7875,103877,0,762867,13.616659,0.000000,0.023833,non_zero_exit,0.968313,0,444,0,72.257491
7876,103877,0,762867,13.616659,0.000000,1.031228,,0.968321,0,444,0,72.261013
7877,103877,0,762867,13.616659,0.000000,2.817386,,0.968556,0,444,0,72.264534
7878,103877,0,762867,13.616659,0.000000,0.532515,,0.968501,0,444,0,72.268054
7879,103877,0,762867,13.616659,0.000000,3.036899,non_zero_exit,0.968763,0,444,0,72.258883
7880,103877,0,762867,13.616659,0.000000,0.029629,,0.968644,0,444,0,72.262403
7881,103877,0,762867,13.616659,0.000000,1.033293,,0.968652,0,444,0,72.265922
7882,103877,0,762867,13.616659,0.000000,0.136347,,0.968547,0,444,0,72.269441
7883,103877,0,762867,13.616659,0.000000,1.031272,,0.968555,0,444,0,72.272958
7884,103877,0,762867,13.616659,0.000000,0.032543,,0.968436,0,444,0,72.276474
7885,103877,0,762867,13.616659,0.000000,0.030152,,0.968317,0,444,0,72.279990
7886,103877,0,762867,13.616659,0.000000,0.023875,non_zero_exit,0.968197,0,444,0,72.270825
7887,103877,0,762867,13.616659,0.000000,1.531962,,0.968269,0,444,0,72.274341
7888,103877,0,762867,13.616659,0.000000,1.030897,,0.968277,0,444,0,72.277855
7889,103877,0,762867,13.616659,0.000000,5.003960,timeout,0.968788,0,445,0,72.268695
7890,103877,0,762867,13.616659,0.000000,0.035295,,0.968670,0,445,0,72.272209
7891,103877,0,762867,13.616659,0.000000,0.022840,non_zero_exit,0.968550,0,445,0,72.263051
7892,103877,0,762867,13.616659,0.000000,0.021309,non_zero_exit,0.968430,0,445,0,72.253896
7893,103877,0,762867,13.616659,0.000000,5.003950,timeout,0.968941,0,446,0,72.244743
7894,103877,0,762867,13.616659,0.000000,0.021169,non_zero_exit,0.968821,0,446,0,72.235592
7895,103877,0,762867,13.616659,0.000000,0.535630,,0.968766,0,446,0,72.239108
7896,103878,1,762867,13.616790,0.000131,1.029716,,0.968774,0,446,0,72.242624
7897,103878,0,762867,13.616790,0.000000,2.537451,,0.968973,0,446,0,72.246138
7898,103878,0,762867,13.616790,0.000000,0.027678,,0.968853,0,446,0,72.249652
7899,103878,0,762867,13.616790,0.000000,1.029418,,0.968861,0,446,0,72.253165
7900,103878,0,762867,13.616790,0.000000,1.032180,,0.968869,0,446,0,72.256676
7901,103878,0,762867,13.616790,0.000000,5.004434,timeout,0.969380,0,447,0,72.247532
7902,103878,0,762867,13.616790,0.000000,0.021810,non_zero_exit,0.969260,0,447,0,72.238390
7903,103878,0,762867,13.616790,0.000000,5.003112,timeout,0.969770,0,448,0,72.229251
7904,103878,0,762867,13.616790,0.000000,2.032051,,0.969905,0,448,0,72.232764
7905,103878,0,762867,13.616790,0.000000,1.033958,,0.969913,0,448,0,72.236276
7906,103878,0,762867,13.616790,0.000000,0.130009,,0.969807,0,448,0,72.239788
7907,103878,0,762867,13.616790,0.000000,3.038043,,0.970068,0,448,0,72.243298
7908,103878,0,762867,13.616790,0.000000,0.025599,,0.969949,0,448,0,72.246807
7909,103878,0,762867,13.616790,0.000000,0.027618,,0.969830,0,448,0,72.250316
7910,103878,0,762867,13.616790,0.000000,2.028365,non_zero_exit,0.969963,0,448,0,72.241183
7911,103878,0,762867,13.616790,0.000000,1.037885,,0.969972,0,448,0,72.244692
7912,103878,0,762867,13.616790,0.000000,4.033447,,0.970359,0,448,0,72.248199
7913,103878,0,762867,13.616790,0.000000,0.031514,,0.970240,0,448,0,72.251706
7914,103878,0,762867,13.616790,0.000000,0.025552,non_zero_exit,0.970121,0,448,0,72.242577
7915,103878,0,762867,13.616790,0.000000,0.026916,non_zero_exit,0.970002,0,448,0,72.233451
7916,103878,0,762867,13.616790,0.000000,3.534608,,0.970326,0,448,0,72.236958
7917,103878,0,762867,13.616790,0.000000,1.533066,,0.970397,0,448,0,72.240465
7918,103878,0,762867,13.616790,0.000000,0.027395,,0.970278,0,448,0,72.243970
7919,103878,0,762867,13.616790,0.000000,1.031539,,0.970286,0,448,0,72.247475
7920,103878,0,762867,13.616790,0.000000,0.031440,,0.970167,0,448,0,72.250978
7921,103878,0,762867,13.616790,0.000000,0.033481,,0.970049,0,448,0,72.254481
7922,103879,1,762867,13.616921,0.000131,0.598809,,0.970002,0,448,0,72.257983
7923,103880,1,762867,13.617053,0.000131,1.036514,,0.970010,0,448,0,72.261484
7924,103880,0,762867,13.617053,0.000000,1.029578,non_zero_exit,0.970018,0,448,0,72.252366
7925,103880,0,762867,13.617053,0.000000,1.030529,,0.970026,0,448,0,72.255867
7926,103880,0,762867,13.617053,0.000000,2.534945,,0.970223,0,448,0,72.259367
7927,103880,0,762867,13.617053,0.000000,0.529380,,0.970167,0,448,0,72.262866
7928,103880,0,762867,13.617053,0.000000,5.005023,timeout,0.970676,0,449,0,72.253752
7929,103880,0,762867,13.617053,0.000000,3.030298,,0.970936,0,449,0,72.257251
7930,103880,0,762867,13.617053,0.000000,0.023782,non_zero_exit,0.970817,0,449,0,72.248140
7931,103881,1,762867,13.617184,0.000131,0.025925,non_zero_exit,0.970697,0,449,0,72.239032
7932,103881,0,762867,13.617184,0.000000,0.031981,,0.970579,0,449,0,72.242531
7933,103881,0,762867,13.617184,0.000000,0.034972,,0.970461,0,449,0,72.246030
7934,103881,0,762867,13.617184,0.000000,0.032715,non_zero_exit,0.970343,0,449,0,72.236925
7935,103881,0,762867,13.617184,0.000000,3.033759,,0.970603,0,449,0,72.240423
7936,103884,3,762867,13.617577,0.000393,5.004359,timeout,0.971111,0,450,0,72.231322
7937,103884,0,762867,13.617577,0.000000,5.004465,timeout,0.971619,0,451,0,72.222222
7938,103884,0,762867,13.617577,0.000000,0.021596,non_zero_exit,0.971500,0,451,0,72.213125
7939,103884,0,762867,13.617577,0.000000,1.038128,,0.971508,0,451,0,72.216625
7940,103884,0,762867,13.617577,0.000000,0.020916,non_zero_exit,0.971388,0,451,0,72.207531
7941,103884,0,762867,13.617577,0.000000,5.006589,timeout,0.971896,0,452,0,72.198439
7942,103884,0,762867,13.617577,0.000000,0.033110,,0.971778,0,452,0,72.201939
7943,103884,0,762867,13.617577,0.000000,5.004225,timeout,0.972286,0,453,0,72.192850
7944,103895,11,762867,13.619019,0.001442,0.022693,non_zero_exit,0.972166,0,453,0,72.183763
7945,103895,0,762867,13.619019,0.000000,1.028686,,0.972173,0,453,0,72.187264
7946,103895,0,762867,13.619019,0.000000,0.022967,non_zero_exit,0.972054,0,453,0,72.178180
7947,103895,0,762867,13.619019,0.000000,4.040274,,0.972440,0,453,0,72.181681
7948,103895,0,762867,13.619019,0.000000,0.132827,,0.972334,0,453,0,72.185181
7949,103895,0,762867,13.619019,0.000000,3.030925,non_zero_exit,0.972593,0,453,0,72.176101
7950,103895,0,762867,13.619019,0.000000,1.034037,,0.972601,0,453,0,72.179600
7951,103895,0,762867,13.619019,0.000000,1.031715,,0.972608,0,453,0,72.183099
7952,103895,0,762867,13.619019,0.000000,0.024024,non_zero_exit,0.972489,0,453,0,72.174022
7953,103895,0,762867,13.619019,0.000000,0.030423,,0.972371,0,453,0,72.177521
7954,103895,0,762867,13.619019,0.000000,0.542204,,0.972317,0,453,0,72.181018
7955,103895,0,762867,13.619019,0.000000,1.029612,,0.972324,0,453,0,72.184515
7956,103896,1,762867,13.619150,0.000131,2.034160,,0.972457,0,453,0,72.188011
7957,103896,0,762867,13.619150,0.000000,0.031364,,0.972339,0,453,0,72.191505
7958,103896,0,762867,13.619150,0.000000,0.030108,,0.972221,0,453,0,72.194999
7959,103896,0,762867,13.619150,0.000000,0.038522,,0.972103,0,453,0,72.198492
7960,103896,0,762867,13.619150,0.000000,0.022834,non_zero_exit,0.971984,0,453,0,72.189423
7961,103907,11,762867,13.620592,0.001442,1.028288,,0.971991,0,453,0,72.192916
7962,103907,0,762867,13.620592,0.000000,0.030573,,0.971873,0,453,0,72.196408
7963,103907,0,762867,13.620592,0.000000,0.031564,,0.971755,0,453,0,72.199900
7964,103907,0,762867,13.620592,0.000000,0.030685,,0.971637,0,453,0,72.203390
7965,103907,0,762867,13.620592,0.000000,0.025839,non_zero_exit,0.971518,0,453,0,72.194326
7966,103907,0,762867,13.620592,0.000000,0.032779,non_zero_exit,0.971400,0,453,0,72.185264
7967,103907,0,762867,13.620592,0.000000,0.029486,,0.971282,0,453,0,72.188755
7968,103907,0,762867,13.620592,0.000000,0.034859,,0.971165,0,453,0,72.192245
7969,103907,0,762867,13.620592,0.000000,0.024932,non_zero_exit,0.971046,0,453,0,72.183187
7970,103907,0,762867,13.620592,0.000000,0.023010,non_zero_exit,0.970927,0,453,0,72.174131
7971,103907,0,762867,13.620592,0.000000,0.022399,non_zero_exit,0.970808,0,453,0,72.165078
7972,103907,0,762867,13.620592,0.000000,0.130657,,0.970703,0,453,0,72.168569
7973,103907,0,762867,13.620592,0.000000,1.030165,,0.970710,0,453,0,72.172059
7974,103907,0,762867,13.620592,0.000000,1.888425,,0.970825,0,453,0,72.175549
7975,103911,4,762867,13.621116,0.000524,0.536093,,0.970771,0,453,0,72.179037
7976,103911,0,762867,13.621116,0.000000,5.004574,timeout,0.971276,0,454,0,72.169989
7977,103911,0,762867,13.621116,0.000000,2.028786,,0.971409,0,454,0,72.173477
7978,103911,0,762867,13.621116,0.000000,5.003848,timeout,0.971914,0,455,0,72.164432
7979,103911,0,762867,13.621116,0.000000,1.030653,,0.971922,0,455,0,72.167920
7980,103911,0,762867,13.621116,0.000000,0.032776,,0.971804,0,455,0,72.171407
7981,103911,0,762867,13.621116,0.000000,0.026548,,0.971685,0,455,0,72.174894
7982,103911,0,762867,13.621116,0.000000,1.556426,non_zero_exit,0.971759,0,455,0,72.165852
7983,103911,0,762867,13.621116,0.000000,1.030113,,0.971766,0,455,0,72.169339
7984,103911,0,762867,13.621116,0.000000,0.031358,,0.971648,0,455,0,72.172824
7985,103911,0,762867,13.621116,0.000000,0.027694,non_zero_exit,0.971530,0,455,0,72.163787
7986,103911,0,762867,13.621116,0.000000,1.035156,,0.971538,0,455,0,72.167272
7987,103911,0,762867,13.621116,0.000000,0.030864,,0.971420,0,455,0,72.170756
7988,103911,0,762867,13.621116,0.000000,5.003452,timeout,0.971925,0,456,0,72.161722
7989,103911,0,762867,13.621116,0.000000,0.022690,non_zero_exit,0.971806,0,456,0,72.152691
7990,103911,0,762867,13.621116,0.000000,3.036215,,0.972064,0,456,0,72.156176
7991,103911,0,762867,13.621116,0.000000,1.527058,non_zero_exit,0.972134,0,456,0,72.147147
7992,103911,0,762867,13.621116,0.000000,2.027580,,0.972266,0,456,0,72.150632
7993,103911,0,762867,13.621116,0.000000,0.029315,,0.972148,0,456,0,72.154116
7994,103911,0,762867,13.621116,0.000000,1.033771,,0.972156,0,456,0,72.157598
7995,103911,0,762867,13.621116,0.000000,0.029884,,0.972038,0,456,0,72.161081
7996,103912,1,762867,13.621247,0.000131,1.531377,,0.972108,0,456,0,72.164562
7997,103913,1,762867,13.621378,0.000131,0.024145,non_zero_exit,0.971989,0,456,0,72.155539
7998,103913,0,762867,13.621378,0.000000,1.256151,,0.972025,0,456,0,72.159020
7999,103913,0,762867,13.621378,0.000000,1.029397,,0.972032,0,456,0,72.162500
8000,103913,0,762867,13.621378,0.000000,4.530053,,0.972477,0,456,0,72.165979
8001,103913,0,762867,13.621378,0.000000,0.028490,,0.972359,0,456,0,72.169458
8002,103913,0,762867,13.621378,0.000000,3.034492,,0.972616,0,456,0,72.172935
8003,103913,0,762867,13.621378,0.000000,0.039263,,0.972500,0,456,0,72.176412
8004,103913,0,762867,13.621378,0.000000,1.028811,,0.972507,0,456,0,72.179888
8005,103913,0,762867,13.621378,0.000000,4.037499,,0.972890,0,456,0,72.183362
8006,103913,0,762867,13.621378,0.000000,0.031926,,0.972772,0,456,0,72.186837
8007,103913,0,762867,13.621378,0.000000,0.032420,,0.972655,0,456,0,72.190310
8008,103913,0,762867,13.621378,0.000000,0.029316,,0.972537,0,456,0,72.193782
8009,103913,0,762867,13.621378,0.000000,0.534692,,0.972482,0,456,0,72.197253
8010,103913,0,762867,13.621378,0.000000,0.022605,non_zero_exit,0.972364,0,456,0,72.188241
8011,103913,0,762867,13.621378,0.000000,0.031189,,0.972246,0,456,0,72.191712
8012,103913,0,762867,13.621378,0.000000,0.528563,,0.972191,0,456,0,72.195183
8013,103913,0,762867,13.621378,0.000000,0.025862,non_zero_exit,0.972073,0,456,0,72.186174
8014,103913,0,762867,13.621378,0.000000,1.029133,,0.972080,0,456,0,72.189644
8015,103913,0,762867,13.621378,0.000000,0.028078,,0.971962,0,456,0,72.193114
8016,103913,0,762867,13.621378,0.000000,0.026102,non_zero_exit,0.971844,0,456,0,72.184109
8017,103913,0,762867,13.621378,0.000000,0.032015,,0.971727,0,456,0,72.187578
8018,103913,0,762867,13.621378,0.000000,0.024473,non_zero_exit,0.971609,0,456,0,72.178576
8019,103913,0,762867,13.621378,0.000000,2.533262,,0.971803,0,456,0,72.182045
8020,103913,0,762867,13.621378,0.000000,2.029419,,0.971935,0,456,0,72.185513
8021,103913,0,762867,13.621378,0.000000,0.037672,,0.971819,0,456,0,72.188980
8022,103917,4,762867,13.621903,0.000524,0.037454,,0.971702,0,456,0,72.192447
8023,103917,0,762867,13.621903,0.000000,0.032102,,0.971585,0,456,0,72.195912
8024,103917,0,762867,13.621903,0.000000,0.055708,,0.971471,0,456,0,72.199377
8025,103917,0,762867,13.621903,0.000000,1.033700,,0.971479,0,456,0,72.202841
8026,103917,0,762867,13.621903,0.000000,1.031472,,0.971486,0,456,0,72.206304
8027,103917,0,762867,13.621903,0.000000,1.030863,,0.971494,0,456,0,72.209766
8028,103917,0,762867,13.621903,0.000000,0.025801,non_zero_exit,0.971376,0,456,0,72.200772
8029,103917,0,762867,13.621903,0.000000,1.031590,,0.971384,0,456,0,72.204234
8030,103917,0,762867,13.621903,0.000000,5.005021,timeout,0.971886,0,457,0,72.195243
8031,103917,0,762867,13.621903,0.000000,0.023234,non_zero_exit,0.971768,0,457,0,72.186255
8032,103917,0,762867,13.621903,0.000000,1.028675,,0.971775,0,457,0,72.189717
8033,103917,0,762867,13.621903,0.000000,0.534965,,0.971720,0,457,0,72.193179
8034,103917,0,762867,13.621903,0.000000,0.030503,,0.971603,0,457,0,72.196640
8035,103917,0,762867,13.621903,0.000000,0.029334,,0.971486,0,457,0,72.200100
8036,103917,0,762867,13.621903,0.000000,1.028678,,0.971493,0,457,0,72.203559
8037,103917,0,762867,13.621903,0.000000,0.029501,,0.971376,0,457,0,72.207017
8038,103917,0,762867,13.621903,0.000000,0.026058,non_zero_exit,0.971258,0,457,0,72.198035
8039,103917,0,762867,13.621903,0.000000,0.028139,,0.971141,0,457,0,72.201493
8040,103917,0,762867,13.621903,0.000000,0.039465,,0.971025,0,457,0,72.204950
8041,103917,0,762867,13.621903,0.000000,0.023713,non_zero_exit,0.970907,0,457,0,72.195971
8042,103917,0,762867,13.621903,0.000000,0.028378,,0.970790,0,457,0,72.199428
8043,103917,0,762867,13.621903,0.000000,2.035359,,0.970923,0,457,0,72.202884
8044,103917,0,762867,13.621903,0.000000,0.028111,non_zero_exit,0.970805,0,457,0,72.193909
8045,103917,0,762867,13.621903,0.000000,1.032398,,0.970813,0,457,0,72.197365
8046,103917,0,762867,13.621903,0.000000,3.030169,,0.971069,0,457,0,72.200820
8047,103917,0,762867,13.621903,0.000000,1.140097,,0.971090,0,457,0,72.204274
8048,103917,0,762867,13.621903,0.000000,0.034419,,0.970974,0,457,0,72.207728
8049,103917,0,762867,13.621903,0.000000,1.031738,,0.970981,0,457,0,72.211180
8050,103917,0,762867,13.621903,0.000000,0.031151,,0.970864,0,457,0,72.214632
8051,103917,0,762867,13.621903,0.000000,0.336015,,0.970785,0,457,0,72.218082
8052,103917,0,762867,13.621903,0.000000,0.025643,non_zero_exit,0.970668,0,457,0,72.209115
8053,103917,0,762867,13.621903,0.000000,0.031111,,0.970551,0,457,0,72.212565
8054,103917,0,762867,13.621903,0.000000,0.026797,,0.970434,0,457,0,72.216015
8055,103917,0,762867,13.621903,0.000000,0.638279,,0.970393,0,457,0,72.219464
8056,103917,0,762867,13.621903,0.000000,0.029439,,0.970276,0,457,0,72.222912
8057,103917,0,762867,13.621903,0.000000,0.029283,,0.970160,0,457,0,72.226359
8058,103917,0,762867,13.621903,0.000000,0.024247,non_zero_exit,0.970042,0,457,0,72.217397
8059,103917,0,762867,13.621903,0.000000,0.028959,non_zero_exit,0.969925,0,457,0,72.208437
8060,103917,0,762867,13.621903,0.000000,0.030003,,0.969809,0,457,0,72.211884
8061,103917,0,762867,13.621903,0.000000,2.463087,,0.969994,0,457,0,72.215331
8062,103917,0,762867,13.621903,0.000000,0.039108,,0.969879,0,457,0,72.218777
8063,103917,0,762867,13.621903,0.000000,0.030451,,0.969762,0,457,0,72.222222
8064,103917,0,762867,13.621903,0.000000,0.038675,,0.969647,0,457,0,72.225666
8065,103917,0,762867,13.621903,0.000000,5.008062,timeout,0.970147,0,458,0,72.216712
8066,103917,0,762867,13.621903,0.000000,5.003478,timeout,0.970647,0,459,0,72.207760
8067,103917,0,762867,13.621903,0.000000,1.032784,,0.970655,0,459,0,72.211205
8068,103917,0,762867,13.621903,0.000000,1.037329,,0.970663,0,459,0,72.214649
8069,103917,0,762867,13.621903,0.000000,0.023072,non_zero_exit,0.970546,0,459,0,72.205700
8070,103917,0,762867,13.621903,0.000000,3.036350,,0.970802,0,459,0,72.209144
8071,103917,0,762867,13.621903,0.000000,0.023004,non_zero_exit,0.970684,0,459,0,72.200198
8072,103917,0,762867,13.621903,0.000000,0.028656,,0.970568,0,459,0,72.203642
8073,103917,0,762867,13.621903,0.000000,1.030425,,0.970575,0,459,0,72.207084
8074,103917,0,762867,13.621903,0.000000,1.030727,,0.970582,0,459,0,72.210526
8075,103917,0,762867,13.621903,0.000000,1.045716,,0.970592,0,459,0,72.213967
8076,103917,0,762867,13.621903,0.000000,0.129932,,0.970488,0,459,0,72.217407
8077,103917,0,762867,13.621903,0.000000,2.231874,,0.970644,0,459,0,72.220847
8078,103917,0,762867,13.621903,0.000000,2.032296,,0.970775,0,459,0,72.224285
8079,103917,0,762867,13.621903,0.000000,1.535879,,0.970845,0,459,0,72.227723
8080,103917,0,762867,13.621903,0.000000,0.023758,non_zero_exit,0.970728,0,459,0,72.218785
8081,103917,0,762867,13.621903,0.000000,0.028886,,0.970611,0,459,0,72.222222
8082,103917,0,762867,13.621903,0.000000,1.028088,,0.970619,0,459,0,72.225659
8083,103917,0,762867,13.621903,0.000000,0.024067,non_zero_exit,0.970502,0,459,0,72.216724
8084,103918,1,762867,13.622034,0.000131,0.029594,,0.970385,0,459,0,72.220161
8085,103918,0,762867,13.622034,0.000000,0.028957,,0.970269,0,459,0,72.223596
8086,104097,179,762867,13.645498,0.023464,5.021048,timeout,0.970770,0,460,0,72.214666
8087,104097,0,762867,13.645498,0.000000,1.037637,,0.970778,0,460,0,72.218101
8088,104097,0,762867,13.645498,0.000000,0.022021,non_zero_exit,0.970661,0,460,0,72.209173
8089,104097,0,762867,13.645498,0.000000,3.032602,,0.970915,0,460,0,72.212608
8090,104097,0,762867,13.645498,0.000000,0.034330,,0.970800,0,460,0,72.216043
8091,104097,0,762867,13.645498,0.000000,1.531877,,0.970869,0,460,0,72.219476
8092,104097,0,762867,13.645498,0.000000,2.690627,,0.971082,0,460,0,72.222909
8093,104097,0,762867,13.645498,0.000000,5.004572,timeout,0.971580,0,461,0,72.213986
8094,104097,0,762867,13.645498,0.000000,2.031225,,0.971711,0,461,0,72.217418
8095,104097,0,762867,13.645498,0.000000,1.040724,,0.971719,0,461,0,72.220850
8096,104097,0,762867,13.645498,0.000000,5.008045,timeout,0.972218,0,462,0,72.211930
8097,104097,0,762867,13.645498,0.000000,0.026420,non_zero_exit,0.972101,0,462,0,72.203013
8098,104097,0,762867,13.645498,0.000000,0.233556,,0.972010,0,462,0,72.206445
8099,104097,0,762867,13.645498,0.000000,2.035156,,0.972141,0,462,0,72.209877
8100,104097,0,762867,13.645498,0.000000,1.030745,,0.972148,0,462,0,72.213307
8101,104097,0,762867,13.645498,0.000000,2.546703,,0.972343,0,462,0,72.216737
8102,104097,0,762867,13.645498,0.000000,0.035520,,0.972227,0,462,0,72.220165
8103,104097,0,762867,13.645498,0.000000,1.027849,,0.972234,0,462,0,72.223593
8104,104097,0,762867,13.645498,0.000000,0.033725,,0.972118,0,462,0,72.227020
8105,104097,0,762867,13.645498,0.000000,1.028746,,0.972125,0,462,0,72.230447
8106,104097,0,762867,13.645498,0.000000,0.024189,non_zero_exit,0.972008,0,462,0,72.221537
8107,104097,0,762867,13.645498,0.000000,0.023523,non_zero_exit,0.971891,0,462,0,72.212630
8108,104100,3,762867,13.645891,0.000393,0.024187,,0.971774,0,462,0,72.216056
8109,104100,0,762867,13.645891,0.000000,1.032392,,0.971782,0,462,0,72.219482
8110,104100,0,762867,13.645891,0.000000,3.539717,,0.972098,0,462,0,72.222907
8111,104100,0,762867,13.645891,0.000000,0.035677,,0.971983,0,462,0,72.226331
8112,104100,0,762867,13.645891,0.000000,0.030149,,0.971867,0,462,0,72.229755
8113,104100,0,762867,13.645891,0.000000,0.048389,,0.971753,0,462,0,72.233177
8114,104100,0,762867,13.645891,0.000000,1.032280,,0.971760,0,462,0,72.236599
8115,104100,0,762867,13.645891,0.000000,0.041091,,0.971646,0,462,0,72.240020
8116,104100,0,762867,13.645891,0.000000,0.030676,,0.971530,0,462,0,72.243440
8117,104100,0,762867,13.645891,0.000000,1.027651,,0.971537,0,462,0,72.246859
8118,104101,1,762867,13.646022,0.000131,2.552257,non_zero_exit,0.971731,0,462,0,72.237960
8119,104103,2,762867,13.646284,0.000262,5.004198,timeout,0.972228,0,463,0,72.229064
8120,104104,1,762867,13.646415,0.000131,1.228054,,0.972260,0,463,0,72.232484
8121,104104,0,762867,13.646415,0.000000,1.036120,,0.972267,0,463,0,72.235902
8122,104104,0,762867,13.646415,0.000000,1.031718,,0.972275,0,463,0,72.239320
8123,104104,0,762867,13.646415,0.000000,1.032892,non_zero_exit,0.972282,0,463,0,72.230428
8124,104104,0,762867,13.646415,0.000000,1.033141,,0.972290,0,463,0,72.233846
8125,104104,0,762867,13.646415,0.000000,5.137894,timeout,0.972802,0,464,0,72.224957
8126,104104,0,762867,13.646415,0.000000,1.031120,,0.972810,0,464,0,72.228375
8127,104104,0,762867,13.646415,0.000000,0.023740,non_zero_exit,0.972693,0,464,0,72.219488
8128,104104,0,762867,13.646415,0.000000,0.030359,,0.972577,0,464,0,72.222906
8129,104104,0,762867,13.646415,0.000000,3.037212,,0.972831,0,464,0,72.226322
8130,104104,0,762867,13.646415,0.000000,2.535258,,0.973023,0,464,0,72.229738
8131,104104,0,762867,13.646415,0.000000,1.032221,,0.973030,0,464,0,72.233153
8132,104104,0,762867,13.646415,0.000000,0.028540,,0.972914,0,464,0,72.236567
8133,104104,0,762867,13.646415,0.000000,2.044508,,0.973046,0,464,0,72.239980
8134,104104,0,762867,13.646415,0.000000,0.031397,,0.972930,0,464,0,72.243393
8135,104104,0,762867,13.646415,0.000000,3.033667,,0.973183,0,464,0,72.246804
8136,104104,0,762867,13.646415,0.000000,0.046266,,0.973069,0,464,0,72.250215
8137,104104,0,762867,13.646415,0.000000,0.027450,non_zero_exit,0.972953,0,464,0,72.241337
8138,104104,0,762867,13.646415,0.000000,4.537086,,0.973391,0,464,0,72.244748
8139,104104,0,762867,13.646415,0.000000,1.030691,,0.973398,0,464,0,72.248157
8140,104104,0,762867,13.646415,0.000000,1.032667,,0.973406,0,464,0,72.251566
8141,104104,0,762867,13.646415,0.000000,2.049439,,0.973538,0,464,0,72.254974
8142,104104,0,762867,13.646415,0.000000,0.030536,,0.973422,0,464,0,72.258381
8143,104104,0,762867,13.646415,0.000000,0.024884,non_zero_exit,0.973305,0,464,0,72.249509
8144,104104,0,762867,13.646415,0.000000,0.022777,non_zero_exit,0.973189,0,464,0,72.240638
8145,104104,0,762867,13.646415,0.000000,0.041831,,0.973074,0,464,0,72.244046
8146,104104,0,762867,13.646415,0.000000,1.031836,,0.973082,0,464,0,72.247453
8147,104104,0,762867,13.646415,0.000000,0.599505,,0.973036,0,464,0,72.250859
8148,104104,0,762867,13.646415,0.000000,4.537543,,0.973473,0,464,0,72.254264
8149,104104,0,762867,13.646415,0.000000,0.032686,,0.973358,0,464,0,72.257669
8150,104104,0,762867,13.646415,0.000000,0.022315,non_zero_exit,0.973241,0,464,0,72.248804
8151,104104,0,762867,13.646415,0.000000,0.034354,,0.973126,0,464,0,72.252208
8152,104104,0,762867,13.646415,0.000000,0.023833,non_zero_exit,0.973009,0,464,0,72.243346
8153,104104,0,762867,13.646415,0.000000,0.032875,,0.972894,0,464,0,72.246750
8154,104104,0,762867,13.646415,0.000000,0.025339,,0.972778,0,464,0,72.250153
8155,104104,0,762867,13.646415,0.000000,0.027649,,0.972662,0,464,0,72.253556
8156,104104,0,762867,13.646415,0.000000,0.033617,,0.972547,0,464,0,72.256957
8157,104104,0,762867,13.646415,0.000000,1.032305,,0.972554,0,464,0,72.260358
8158,104104,0,762867,13.646415,0.000000,0.039902,,0.972440,0,464,0,72.263758
8159,104104,0,762867,13.646415,0.000000,0.023833,non_zero_exit,0.972324,0,464,0,72.254902
8160,104104,0,762867,13.646415,0.000000,1.032603,,0.972331,0,464,0,72.258302
8161,104104,0,762867,13.646415,0.000000,1.036585,,0.972339,0,464,0,72.261701
8162,104104,0,762867,13.646415,0.000000,0.024021,non_zero_exit,0.972223,0,464,0,72.252848
8163,104104,0,762867,13.646415,0.000000,2.529449,,0.972414,0,464,0,72.256247
8164,104104,0,762867,13.646415,0.000000,0.017392,non_zero_exit,0.972297,0,464,0,72.247397
8165,104104,0,762867,13.646415,0.000000,1.034907,,0.972304,0,464,0,72.250796
8166,104104,0,762867,13.646415,0.000000,0.032935,,0.972189,0,464,0,72.254194
8167,104104,0,762867,13.646415,0.000000,0.033018,,0.972074,0,464,0,72.257591
8168,104104,0,762867,13.646415,0.000000,0.024384,non_zero_exit,0.971958,0,464,0,72.248745
8169,104104,0,762867,13.646415,0.000000,2.032134,,0.972088,0,464,0,72.252142
8170,104104,0,762867,13.646415,0.000000,2.531861,,0.972279,0,464,0,72.255538
8171,104104,0,762867,13.646415,0.000000,1.033054,non_zero_exit,0.972286,0,464,0,72.246696
8172,104104,0,762867,13.646415,0.000000,0.024610,non_zero_exit,0.972170,0,464,0,72.237856
8173,104104,0,762867,13.646415,0.000000,0.028956,,0.972055,0,464,0,72.241253
8174,104104,0,762867,13.646415,0.000000,2.031810,,0.972185,0,464,0,72.244648
8175,104104,0,762867,13.646415,0.000000,3.039338,,0.972437,0,464,0,72.248043
8176,104104,0,762867,13.646415,0.000000,0.030711,non_zero_exit,0.972322,0,464,0,72.239208
8177,104104,0,762867,13.646415,0.000000,0.027238,non_zero_exit,0.972207,0,464,0,72.230374
8178,104104,0,762867,13.646415,0.000000,0.031352,non_zero_exit,0.972092,0,464,0,72.221543
8179,104104,0,762867,13.646415,0.000000,1.031744,,0.972099,0,464,0,72.224939
8180,104104,0,762867,13.646415,0.000000,0.021710,non_zero_exit,0.971983,0,464,0,72.216110
8181,104105,1,762867,13.646547,0.000131,1.031297,,0.971990,0,464,0,72.219506
8182,104105,0,762867,13.646547,0.000000,0.031197,,0.971875,0,464,0,72.222901
8183,104105,0,762867,13.646547,0.000000,0.033008,,0.971760,0,464,0,72.226295
8184,104105,0,762867,13.646547,0.000000,1.138367,,0.971781,0,464,0,72.229688
8185,104105,0,762867,13.646547,0.000000,3.542689,,0.972095,0,464,0,72.233081
8186,104105,0,762867,13.646547,0.000000,0.019132,non_zero_exit,0.971978,0,464,0,72.224258
8187,104105,0,762867,13.646547,0.000000,0.029693,,0.971863,0,464,0,72.227650
8188,104105,0,762867,13.646547,0.000000,0.024848,non_zero_exit,0.971748,0,464,0,72.218830
8189,104105,0,762867,13.646547,0.000000,0.022627,non_zero_exit,0.971632,0,464,0,72.210012
8190,104105,0,762867,13.646547,0.000000,0.030644,,0.971517,0,464,0,72.213405
8191,104105,0,762867,13.646547,0.000000,1.060875,,0.971528,0,464,0,72.216797
8192,104105,0,762867,13.646547,0.000000,0.537433,,0.971475,0,464,0,72.220188
8193,104105,0,762867,13.646547,0.000000,0.536439,,0.971422,0,464,0,72.223578
8194,104105,0,762867,13.646547,0.000000,0.026583,,0.971306,0,464,0,72.226968
8195,104105,0,762867,13.646547,0.000000,0.032594,,0.971192,0,464,0,72.230356
8196,104105,0,762867,13.646547,0.000000,0.030575,,0.971077,0,464,0,72.233744
8197,104105,0,762867,13.646547,0.000000,1.027492,,0.971084,0,464,0,72.237131
8198,104105,0,762867,13.646547,0.000000,0.029958,,0.970969,0,464,0,72.240517
8199,104105,0,762867,13.646547,0.000000,0.026079,,0.970854,0,464,0,72.243902
8200,104105,0,762867,13.646547,0.000000,0.031605,,0.970739,0,464,0,72.247287
8201,104105,0,762867,13.646547,0.000000,0.021583,non_zero_exit,0.970624,0,464,0,72.238478
8202,104105,0,762867,13.646547,0.000000,3.404183,,0.970920,0,464,0,72.241863
8203,104105,0,762867,13.646547,0.000000,0.028992,,0.970806,0,464,0,72.245246
8204,104105,0,762867,13.646547,0.000000,0.026832,non_zero_exit,0.970691,0,464,0,72.236441
8205,104105,0,762867,13.646547,0.000000,1.031020,,0.970698,0,464,0,72.239825
8206,104105,0,762867,13.646547,0.000000,1.036291,,0.970706,0,464,0,72.243207
8207,104105,0,762867,13.646547,0.000000,0.020907,non_zero_exit,0.970590,0,464,0,72.234405
8208,104105,0,762867,13.646547,0.000000,5.007974,timeout,0.971082,0,465,0,72.225606
8209,104105,0,762867,13.646547,0.000000,1.037568,,0.971090,0,465,0,72.228989
8210,104105,0,762867,13.646547,0.000000,0.029783,,0.970975,0,465,0,72.232371
8211,104105,0,762867,13.646547,0.000000,0.028644,,0.970861,0,465,0,72.235753
8212,104105,0,762867,13.646547,0.000000,0.031626,,0.970746,0,465,0,72.239133
8213,104105,0,762867,13.646547,0.000000,1.039135,,0.970755,0,465,0,72.242513
8214,104105,0,762867,13.646547,0.000000,0.026237,non_zero_exit,0.970640,0,465,0,72.233719
8215,104105,0,762867,13.646547,0.000000,4.535491,,0.971074,0,465,0,72.237098
8216,104105,0,762867,13.646547,0.000000,3.034896,,0.971325,0,465,0,72.240477
8217,104105,0,762867,13.646547,0.000000,0.032123,,0.971210,0,465,0,72.243855
8218,104105,0,762867,13.646547,0.000000,0.021440,non_zero_exit,0.971095,0,465,0,72.235065
8219,104105,0,762867,13.646547,0.000000,1.036850,,0.971103,0,465,0,72.238443
8220,104105,0,762867,13.646547,0.000000,0.026860,,0.970988,0,465,0,72.241820
8221,104105,0,762867,13.646547,0.000000,0.031644,,0.970874,0,465,0,72.245196
8222,104105,0,762867,13.646547,0.000000,0.021426,non_zero_exit,0.970758,0,465,0,72.236410
8223,104105,0,762867,13.646547,0.000000,0.434808,,0.970693,0,465,0,72.239786
8224,104105,0,762867,13.646547,0.000000,0.022045,non_zero_exit,0.970578,0,465,0,72.231003
8225,104105,0,762867,13.646547,0.000000,1.031392,,0.970585,0,465,0,72.234379
8226,104105,0,762867,13.646547,0.000000,0.028119,non_zero_exit,0.970471,0,465,0,72.225599
8227,104105,0,762867,13.646547,0.000000,0.024427,non_zero_exit,0.970356,0,465,0,72.216821
8228,104105,0,762867,13.646547,0.000000,0.027911,,0.970241,0,465,0,72.220197
8229,104105,0,762867,13.646547,0.000000,0.026161,,0.970126,0,465,0,72.223572
8230,104105,0,762867,13.646547,0.000000,5.004222,timeout,0.970617,0,466,0,72.214798
8231,104105,0,762867,13.646547,0.000000,2.395638,,0.970790,0,466,0,72.218173
8232,104105,0,762867,13.646547,0.000000,0.032531,,0.970676,0,466,0,72.221547
8233,104106,1,762867,13.646678,0.000131,0.027754,,0.970561,0,466,0,72.224921
8234,104106,0,762867,13.646678,0.000000,0.025745,non_zero_exit,0.970446,0,466,0,72.216151
8235,104106,0,762867,13.646678,0.000000,1.026943,,0.970453,0,466,0,72.219524
8236,104106,0,762867,13.646678,0.000000,0.043729,,0.970341,0,466,0,72.222897
8237,104106,0,762867,13.646678,0.000000,1.537006,,0.970410,0,466,0,72.226269
8238,104106,0,762867,13.646678,0.000000,0.031615,,0.970296,0,466,0,72.229640
8239,104106,0,762867,13.646678,0.000000,0.022800,non_zero_exit,0.970181,0,466,0,72.220874
8240,104107,1,762867,13.646809,0.000131,1.032598,,0.970188,0,466,0,72.224245
8241,104107,0,762867,13.646809,0.000000,1.032591,,0.970196,0,466,0,72.227615
8242,104107,0,762867,13.646809,0.000000,1.000295,,0.970199,0,466,0,72.230984
8243,104107,0,762867,13.646809,0.000000,1.030312,,0.970207,0,466,0,72.234352
8244,104107,0,762867,13.646809,0.000000,1.035997,,0.970215,0,466,0,72.237720
8245,104127,20,762867,13.649430,0.002622,0.993655,,0.970218,0,466,0,72.241087
8246,104127,0,762867,13.649430,0.000000,1.030189,,0.970225,0,466,0,72.244453
8247,104127,0,762867,13.649430,0.000000,1.035877,,0.970233,0,466,0,72.247818
8248,104127,0,762867,13.649430,0.000000,1.033027,,0.970240,0,466,0,72.251182
8249,104127,0,762867,13.649430,0.000000,2.533591,,0.970430,0,466,0,72.254545
8250,104127,0,762867,13.649430,0.000000,0.028566,,0.970316,0,466,0,72.257908
8251,104127,0,762867,13.649430,0.000000,2.028925,,0.970444,0,466,0,72.261270
8252,104127,0,762867,13.649430,0.000000,2.035064,,0.970573,0,466,0,72.264631
8253,104127,0,762867,13.649430,0.000000,5.007857,timeout,0.971062,0,467,0,72.255876
8254,104127,0,762867,13.649430,0.000000,0.035384,,0.970949,0,467,0,72.259237
8255,104127,0,762867,13.649430,0.000000,0.024248,non_zero_exit,0.970834,0,467,0,72.250484
8256,104127,0,762867,13.649430,0.000000,0.032220,,0.970720,0,467,0,72.253845
8257,104127,0,762867,13.649430,0.000000,1.031682,,0.970728,0,467,0,72.257205
8258,104127,0,762867,13.649430,0.000000,0.033314,,0.970614,0,467,0,72.260564
8259,104127,0,762867,13.649430,0.000000,0.036316,,0.970501,0,467,0,72.263923
8260,104128,1,762867,13.649561,0.000131,1.029734,,0.970508,0,467,0,72.267280
8261,104128,0,762867,13.649561,0.000000,1.037729,,0.970517,0,467,0,72.270637
8262,104128,0,762867,13.649561,0.000000,0.028649,,0.970403,0,467,0,72.273992
8263,104128,0,762867,13.649561,0.000000,0.030621,,0.970289,0,467,0,72.277348
8264,104128,0,762867,13.649561,0.000000,0.022002,non_zero_exit,0.970174,0,467,0,72.268603
8265,104128,0,762867,13.649561,0.000000,1.038931,,0.970182,0,467,0,72.271957
8266,104128,0,762867,13.649561,0.000000,0.227391,,0.970093,0,467,0,72.275311
8267,104128,0,762867,13.649561,0.000000,0.022336,non_zero_exit,0.969978,0,467,0,72.266570
8268,104128,0,762867,13.649561,0.000000,0.540127,,0.969926,0,467,0,72.269924
8269,104128,0,762867,13.649561,0.000000,3.844984,,0.970274,0,467,0,72.273277
8270,104137,9,762867,13.650741,0.001180,5.023858,timeout,0.970764,0,468,0,72.264539
8271,104137,0,762867,13.650741,0.000000,1.031232,,0.970771,0,468,0,72.267892
8272,104137,0,762867,13.650741,0.000000,0.028953,,0.970657,0,468,0,72.271244
8273,104137,0,762867,13.650741,0.000000,0.024826,non_zero_exit,0.970543,0,468,0,72.262509
8274,104137,0,762867,13.650741,0.000000,1.031863,,0.970550,0,468,0,72.265861
8275,104137,0,762867,13.650741,0.000000,0.031502,non_zero_exit,0.970437,0,468,0,72.257129
8276,104137,0,762867,13.650741,0.000000,1.033365,,0.970444,0,468,0,72.260481
8277,104137,0,762867,13.650741,0.000000,0.021070,non_zero_exit,0.970330,0,468,0,72.251752
8278,104137,0,762867,13.650741,0.000000,1.037488,,0.970338,0,468,0,72.255103
8279,104137,0,762867,13.650741,0.000000,0.026893,,0.970224,0,468,0,72.258454
8280,104137,0,762867,13.650741,0.000000,0.035157,non_zero_exit,0.970111,0,468,0,72.249728
8281,104137,0,762867,13.650741,0.000000,0.022514,non_zero_exit,0.969997,0,468,0,72.241005
8282,104137,0,762867,13.650741,0.000000,1.029148,,0.970004,0,468,0,72.244356
8283,104137,0,762867,13.650741,0.000000,0.031589,,0.969890,0,468,0,72.247706
8284,104138,1,762867,13.650872,0.000131,0.031530,,0.969777,0,468,0,72.251056
8285,104138,0,762867,13.650872,0.000000,0.033454,non_zero_exit,0.969664,0,468,0,72.242336
8286,104138,0,762867,13.650872,0.000000,0.029828,,0.969551,0,468,0,72.245686
8287,104138,0,762867,13.650872,0.000000,0.028804,,0.969437,0,468,0,72.249035
8288,104138,0,762867,13.650872,0.000000,5.004256,timeout,0.969924,0,469,0,72.240318
8289,104138,0,762867,13.650872,0.000000,5.004260,timeout,0.970411,0,470,0,72.231604
8290,104138,0,762867,13.650872,0.000000,0.033942,,0.970298,0,470,0,72.234954
8291,104138,0,762867,13.650872,0.000000,1.040335,,0.970306,0,470,0,72.238302
8292,104138,0,762867,13.650872,0.000000,0.024562,non_zero_exit,0.970192,0,470,0,72.229591
8293,104138,0,762867,13.650872,0.000000,2.033702,,0.970320,0,470,0,72.232939
8294,104138,0,762867,13.650872,0.000000,0.028723,,0.970207,0,470,0,72.236287
8295,104138,0,762867,13.650872,0.000000,0.030453,,0.970094,0,470,0,72.239634
8296,104139,1,762867,13.651003,0.000131,1.033638,,0.970101,0,470,0,72.242979
8297,104139,0,762867,13.651003,0.000000,0.024048,non_zero_exit,0.969987,0,470,0,72.234273
8298,104139,0,762867,13.651003,0.000000,0.024394,non_zero_exit,0.969873,0,470,0,72.225569
8299,104139,0,762867,13.651003,0.000000,0.029727,,0.969760,0,470,0,72.228916
8300,104139,0,762867,13.651003,0.000000,0.026698,non_zero_exit,0.969646,0,470,0,72.220214
8301,104139,0,762867,13.651003,0.000000,0.032835,,0.969534,0,470,0,72.223561
8302,104139,0,762867,13.651003,0.000000,1.036374,,0.969542,0,470,0,72.226906
8303,104139,0,762867,13.651003,0.000000,0.030585,,0.969429,0,470,0,72.230250
8304,104139,0,762867,13.651003,0.000000,0.028263,,0.969315,0,470,0,72.233594
8305,104139,0,762867,13.651003,0.000000,0.025586,,0.969202,0,470,0,72.236937
8306,104139,0,762867,13.651003,0.000000,2.034358,,0.969330,0,470,0,72.240279
8307,104139,0,762867,13.651003,0.000000,1.031214,,0.969337,0,470,0,72.243621
8308,104139,0,762867,13.651003,0.000000,0.030685,,0.969224,0,470,0,72.246961
8309,104139,0,762867,13.651003,0.000000,0.023740,non_zero_exit,0.969110,0,470,0,72.238267
8310,104139,0,762867,13.651003,0.000000,0.030798,non_zero_exit,0.968998,0,470,0,72.229575
8311,104139,0,762867,13.651003,0.000000,4.031727,,0.969366,0,470,0,72.232916
8312,104139,0,762867,13.651003,0.000000,1.037152,,0.969374,0,470,0,72.236256
8313,104139,0,762867,13.651003,0.000000,1.037705,,0.969382,0,470,0,72.239596
8314,104139,0,762867,13.651003,0.000000,0.021636,non_zero_exit,0.969268,0,470,0,72.230908
8315,104139,0,762867,13.651003,0.000000,0.024959,non_zero_exit,0.969155,0,470,0,72.222222
8316,104139,0,762867,13.651003,0.000000,0.030153,non_zero_exit,0.969042,0,470,0,72.213539
8317,104139,0,762867,13.651003,0.000000,2.030204,,0.969170,0,470,0,72.216879
8318,104139,0,762867,13.651003,0.000000,0.022547,non_zero_exit,0.969056,0,470,0,72.208198
8319,104139,0,762867,13.651003,0.000000,1.029529,,0.969063,0,470,0,72.211538
8320,104140,1,762867,13.651134,0.000131,1.032907,,0.969071,0,470,0,72.214878
8321,104140,0,762867,13.651134,0.000000,1.029721,,0.969078,0,470,0,72.218217
8322,104140,0,762867,13.651134,0.000000,5.003905,timeout,0.969563,0,471,0,72.209540
8323,104140,0,762867,13.651134,0.000000,0.021310,non_zero_exit,0.969449,0,471,0,72.200865
8324,104140,0,762867,13.651134,0.000000,0.030684,,0.969336,0,471,0,72.204204
8325,104140,0,762867,13.651134,0.000000,0.032155,,0.969224,0,471,0,72.207543
8326,104140,0,762867,13.651134,0.000000,0.030394,,0.969111,0,471,0,72.210880
8327,104140,0,762867,13.651134,0.000000,0.036054,,0.968999,0,471,0,72.214217
8328,104140,0,762867,13.651134,0.000000,0.026805,,0.968886,0,471,0,72.217553
8329,104140,0,762867,13.651134,0.000000,0.022811,non_zero_exit,0.968772,0,471,0,72.208884
8330,104140,0,762867,13.651134,0.000000,1.033634,,0.968780,0,471,0,72.212219
8331,104140,0,762867,13.651134,0.000000,0.022161,non_zero_exit,0.968666,0,471,0,72.203553
8332,104140,0,762867,13.651134,0.000000,0.032511,,0.968554,0,471,0,72.206888
8333,104140,0,762867,13.651134,0.000000,0.030910,,0.968441,0,471,0,72.210223
8334,104140,0,762867,13.651134,0.000000,0.029430,,0.968329,0,471,0,72.213557
8335,104140,0,762867,13.651134,0.000000,2.034984,,0.968457,0,471,0,72.216891
8336,104140,0,762867,13.651134,0.000000,1.032269,,0.968464,0,471,0,72.220223
8337,104140,0,762867,13.651134,0.000000,0.031328,,0.968352,0,471,0,72.223555
8338,104140,0,762867,13.651134,0.000000,1.029914,,0.968359,0,471,0,72.226886
8339,104140,0,762867,13.651134,0.000000,1.029958,,0.968367,0,471,0,72.230216
8340,104140,0,762867,13.651134,0.000000,2.530584,,0.968554,0,471,0,72.233545
8341,104140,0,762867,13.651134,0.000000,0.026864,,0.968441,0,471,0,72.236874
8342,104140,0,762867,13.651134,0.000000,1.036950,,0.968449,0,471,0,72.240201
8343,104140,0,762867,13.651134,0.000000,1.027871,,0.968456,0,471,0,72.243528
8344,104140,0,762867,13.651134,0.000000,0.030315,,0.968344,0,471,0,72.246854
8345,104140,0,762867,13.651134,0.000000,0.033900,,0.968232,0,471,0,72.250180
8346,104140,0,762867,13.651134,0.000000,0.030800,,0.968120,0,471,0,72.253504
8347,104140,0,762867,13.651134,0.000000,3.043754,,0.968368,0,471,0,72.256828
8348,104140,0,762867,13.651134,0.000000,0.025407,non_zero_exit,0.968255,0,471,0,72.248173
8349,104140,0,762867,13.651134,0.000000,0.029662,,0.968143,0,471,0,72.251497
8350,104140,0,762867,13.651134,0.000000,2.030627,,0.968270,0,471,0,72.254820
8351,104140,0,762867,13.651134,0.000000,0.027107,,0.968158,0,471,0,72.258142
8352,104140,0,762867,13.651134,0.000000,0.028905,,0.968045,0,471,0,72.261463
8353,104140,0,762867,13.651134,0.000000,0.023786,non_zero_exit,0.967932,0,471,0,72.252813
8354,104140,0,762867,13.651134,0.000000,0.033984,,0.967820,0,471,0,72.256134
8355,104140,0,762867,13.651134,0.000000,1.031594,,0.967828,0,471,0,72.259454
8356,104140,0,762867,13.651134,0.000000,1.029592,,0.967835,0,471,0,72.262774
8357,104140,0,762867,13.651134,0.000000,0.032385,,0.967723,0,471,0,72.266092
8358,104142,2,762867,13.651397,0.000262,2.043588,,0.967852,0,471,0,72.269410
8359,104142,0,762867,13.651397,0.000000,0.032957,,0.967740,0,471,0,72.272727
8360,104142,0,762867,13.651397,0.000000,3.040931,,0.967988,0,471,0,72.276044
8361,104142,0,762867,13.651397,0.000000,1.030449,,0.967996,0,471,0,72.279359
8362,104142,0,762867,13.651397,0.000000,0.738582,,0.967968,0,471,0,72.282674
8363,104142,0,762867,13.651397,0.000000,0.021698,non_zero_exit,0.967855,0,471,0,72.274032
8364,104142,0,762867,13.651397,0.000000,1.029710,,0.967863,0,471,0,72.277346
8365,104142,0,762867,13.651397,0.000000,0.024237,non_zero_exit,0.967750,0,471,0,72.268707
8366,104142,0,762867,13.651397,0.000000,0.022489,non_zero_exit,0.967637,0,471,0,72.260069
8367,104142,0,762867,13.651397,0.000000,0.030238,,0.967525,0,471,0,72.263384
8368,104142,0,762867,13.651397,0.000000,1.035354,,0.967533,0,471,0,72.266699
8369,104142,0,762867,13.651397,0.000000,1.029404,,0.967540,0,471,0,72.270012
8370,104142,0,762867,13.651397,0.000000,1.029160,,0.967548,0,471,0,72.273325
8371,104142,0,762867,13.651397,0.000000,2.420491,,0.967721,0,471,0,72.276636
8372,104142,0,762867,13.651397,0.000000,0.030990,,0.967609,0,471,0,72.279947
8373,104142,0,762867,13.651397,0.000000,0.533885,,0.967558,0,471,0,72.283258
8374,104142,0,762867,13.651397,0.000000,0.026633,non_zero_exit,0.967445,0,471,0,72.274627
8375,104142,0,762867,13.651397,0.000000,0.023344,non_zero_exit,0.967332,0,471,0,72.265998
8376,104142,0,762867,13.651397,0.000000,3.033867,,0.967579,0,471,0,72.269309
8377,104142,0,762867,13.651397,0.000000,1.026469,,0.967586,0,471,0,72.272619
8378,104142,0,762867,13.651397,0.000000,4.035569,,0.967952,0,471,0,72.275928
8379,104142,0,762867,13.651397,0.000000,1.027279,non_zero_exit,0.967959,0,471,0,72.267303
8380,104142,0,762867,13.651397,0.000000,3.536607,non_zero_exit,0.968266,0,471,0,72.258680
8381,104142,0,762867,13.651397,0.000000,0.033833,,0.968154,0,471,0,72.261990
8382,104142,0,762867,13.651397,0.000000,3.042499,,0.968402,0,471,0,72.265299
8383,104142,0,762867,13.651397,0.000000,0.030878,,0.968290,0,471,0,72.268607
8384,104142,0,762867,13.651397,0.000000,1.034213,,0.968298,0,471,0,72.271914
8385,104142,0,762867,13.651397,0.000000,0.025869,non_zero_exit,0.968186,0,471,0,72.263296
8386,104142,0,762867,13.651397,0.000000,1.033473,,0.968193,0,471,0,72.266603
8387,104142,0,762867,13.651397,0.000000,0.021839,non_zero_exit,0.968080,0,471,0,72.257988
8388,104142,0,762867,13.651397,0.000000,0.022318,non_zero_exit,0.967968,0,471,0,72.249374
8389,104142,0,762867,13.651397,0.000000,1.029122,,0.967975,0,471,0,72.252682
8390,104142,0,762867,13.651397,0.000000,1.048626,,0.967985,0,471,0,72.255989
8391,104142,0,762867,13.651397,0.000000,0.029753,,0.967873,0,471,0,72.259295
8392,104142,0,762867,13.651397,0.000000,1.065780,,0.967885,0,471,0,72.262600
8393,104142,0,762867,13.651397,0.000000,1.032776,,0.967892,0,471,0,72.265904
8394,104142,0,762867,13.651397,0.000000,3.037311,,0.968139,0,471,0,72.269208
8395,104142,0,762867,13.651397,0.000000,3.038206,,0.968385,0,471,0,72.272511
8396,104142,0,762867,13.651397,0.000000,0.024599,non_zero_exit,0.968273,0,471,0,72.263904
8397,104142,0,762867,13.651397,0.000000,1.037485,,0.968281,0,471,0,72.267206
8398,104142,0,762867,13.651397,0.000000,1.030702,,0.968289,0,471,0,72.270508
8399,104142,0,762867,13.651397,0.000000,0.031951,,0.968177,0,471,0,72.273810
8400,104142,0,762867,13.651397,0.000000,0.023337,non_zero_exit,0.968065,0,471,0,72.265207
8401,104142,0,762867,13.651397,0.000000,0.026014,,0.967953,0,471,0,72.268507
8402,104142,0,762867,13.651397,0.000000,0.131653,,0.967853,0,471,0,72.271808
8403,104142,0,762867,13.651397,0.000000,1.031377,,0.967861,0,471,0,72.275107
8404,104142,0,762867,13.651397,0.000000,5.004780,timeout,0.968341,0,472,0,72.266508
8405,104142,0,762867,13.651397,0.000000,1.035985,,0.968349,0,472,0,72.269807
8406,104142,0,762867,13.651397,0.000000,0.026485,,0.968237,0,472,0,72.273106
8407,104142,0,762867,13.651397,0.000000,0.027027,non_zero_exit,0.968125,0,472,0,72.264510
8408,104142,0,762867,13.651397,0.000000,0.039852,,0.968015,0,472,0,72.267808
8409,104142,0,762867,13.651397,0.000000,0.032272,non_zero_exit,0.967903,0,472,0,72.259215
8410,104142,0,762867,13.651397,0.000000,5.004883,timeout,0.968383,0,473,0,72.250624
8411,104142,0,762867,13.651397,0.000000,1.035992,,0.968391,0,473,0,72.253923
8412,104142,0,762867,13.651397,0.000000,0.030042,,0.968280,0,473,0,72.257221
8413,104142,0,762867,13.651397,0.000000,0.030993,,0.968168,0,473,0,72.260518
8414,104142,0,762867,13.651397,0.000000,0.037068,,0.968058,0,473,0,72.263815
8415,104142,0,762867,13.651397,0.000000,0.021519,non_zero_exit,0.967945,0,473,0,72.255228
8416,104142,0,762867,13.651397,0.000000,1.025775,,0.967952,0,473,0,72.258524
8417,104142,0,762867,13.651397,0.000000,0.031276,,0.967841,0,473,0,72.261820
8418,104142,0,762867,13.651397,0.000000,0.034086,,0.967730,0,473,0,72.265115
8419,104142,0,762867,13.651397,0.000000,1.029250,,0.967737,0,473,0,72.268409
8420,104142,0,762867,13.651397,0.000000,1.030438,,0.967745,0,473,0,72.271702
8421,104142,0,762867,13.651397,0.000000,1.032788,,0.967752,0,473,0,72.274994
8422,104142,0,762867,13.651397,0.000000,1.035861,,0.967760,0,473,0,72.278286
8423,104143,1,762867,13.651528,0.000131,5.005257,timeout,0.968240,0,474,0,72.269706
8424,104143,0,762867,13.651528,0.000000,5.004490,timeout,0.968719,0,475,0,72.261128
8425,104143,0,762867,13.651528,0.000000,1.032548,,0.968726,0,475,0,72.264420
8426,104143,0,762867,13.651528,0.000000,3.036781,,0.968972,0,475,0,72.267711
8427,104143,0,762867,13.651528,0.000000,0.023163,non_zero_exit,0.968860,0,475,0,72.259136
8428,104143,0,762867,13.651528,0.000000,1.036968,,0.968868,0,475,0,72.262427
8429,104143,0,762867,13.651528,0.000000,2.033242,,0.968994,0,475,0,72.265718
8430,104143,0,762867,13.651528,0.000000,1.031954,,0.969001,0,475,0,72.269007
8431,104143,0,762867,13.651528,0.000000,0.025910,non_zero_exit,0.968890,0,475,0,72.260436
8432,104144,1,762867,13.651659,0.000131,0.038167,,0.968779,0,475,0,72.263726
8433,104144,0,762867,13.651659,0.000000,0.023369,non_zero_exit,0.968667,0,475,0,72.255158
8434,104144,0,762867,13.651659,0.000000,0.030339,non_zero_exit,0.968556,0,475,0,72.246592
8435,104144,0,762867,13.651659,0.000000,2.531748,,0.968741,0,475,0,72.249881
8436,104144,0,762867,13.651659,0.000000,1.541371,,0.968809,0,475,0,72.253171
8437,104144,0,762867,13.651659,0.000000,2.031262,,0.968935,0,475,0,72.256459
8438,104144,0,762867,13.651659,0.000000,5.007686,timeout,0.969414,0,476,0,72.247897
8439,104144,0,762867,13.651659,0.000000,0.032104,,0.969302,0,476,0,72.251185
8440,104144,0,762867,13.651659,0.000000,1.034503,,0.969310,0,476,0,72.254472
8441,104144,0,762867,13.651659,0.000000,1.037353,,0.969318,0,476,0,72.257759
8442,104145,1,762867,13.651790,0.000131,1.029094,,0.969325,0,476,0,72.261045
8443,104145,0,762867,13.651790,0.000000,0.045352,,0.969216,0,476,0,72.264330
8444,104145,0,762867,13.651790,0.000000,0.043857,,0.969106,0,476,0,72.267614
8445,104145,0,762867,13.651790,0.000000,0.028491,,0.968995,0,476,0,72.270897
8446,104145,0,762867,13.651790,0.000000,1.038373,,0.969003,0,476,0,72.274180
8447,104145,0,762867,13.651790,0.000000,0.027126,non_zero_exit,0.968892,0,476,0,72.265625
8448,104145,0,762867,13.651790,0.000000,3.036044,,0.969136,0,476,0,72.268908
8449,104145,0,762867,13.651790,0.000000,1.033368,,0.969144,0,476,0,72.272189
8450,104145,0,762867,13.651790,0.000000,3.028877,non_zero_exit,0.969388,0,476,0,72.263637
8451,104145,0,762867,13.651790,0.000000,0.033149,,0.969277,0,476,0,72.266919
8452,104149,4,762867,13.652314,0.000524,1.915129,,0.969389,0,476,0,72.270200
8453,104149,0,762867,13.652314,0.000000,0.021922,non_zero_exit,0.969277,0,476,0,72.261651
8454,104149,0,762867,13.652314,0.000000,0.031713,,0.969166,0,476,0,72.264932
8455,104149,0,762867,13.652314,0.000000,2.237414,,0.969316,0,476,0,72.268212
8456,104149,0,762867,13.652314,0.000000,0.027618,,0.969204,0,476,0,72.271491
8457,104149,0,762867,13.652314,0.000000,0.035255,,0.969094,0,476,0,72.274769
8458,104149,0,762867,13.652314,0.000000,0.035141,,0.968984,0,476,0,72.278047
8459,104149,0,762867,13.652314,0.000000,1.029684,,0.968991,0,476,0,72.281324
8460,104149,0,762867,13.652314,0.000000,4.534964,,0.969412,0,476,0,72.284600
8461,104150,1,762867,13.652445,0.000131,0.024920,non_zero_exit,0.969301,0,476,0,72.276058
8462,104150,0,762867,13.652445,0.000000,0.024408,non_zero_exit,0.969189,0,476,0,72.267517
8463,104150,0,762867,13.652445,0.000000,0.030297,,0.969078,0,476,0,72.270794
8464,104150,0,762867,13.652445,0.000000,5.004014,timeout,0.969555,0,477,0,72.262256
8465,104150,0,762867,13.652445,0.000000,3.809445,,0.969890,0,477,0,72.265533
8466,104150,0,762867,13.652445,0.000000,5.004122,timeout,0.970367,0,478,0,72.256998
8467,104150,0,762867,13.652445,0.000000,2.029163,,0.970492,0,478,0,72.260274
8468,104150,0,762867,13.652445,0.000000,1.873898,,0.970598,0,478,0,72.263549
8469,104150,0,762867,13.652445,0.000000,0.534278,,0.970547,0,478,0,72.266824
8470,104179,29,762867,13.656247,0.003801,3.035621,,0.970791,0,478,0,72.270098
8471,104179,0,762867,13.656247,0.000000,4.033859,,0.971152,0,478,0,72.273371
8472,104179,0,762867,13.656247,0.000000,0.030524,,0.971041,0,478,0,72.276643
8473,104179,0,762867,13.656247,0.000000,0.030401,,0.970930,0,478,0,72.279915
8474,104179,0,762867,13.656247,0.000000,0.036129,,0.970820,0,478,0,72.283186
8475,104179,0,762867,13.656247,0.000000,2.730186,,0.971027,0,478,0,72.286456
8476,104179,0,762867,13.656247,0.000000,0.020523,non_zero_exit,0.970915,0,478,0,72.277929
8477,104179,0,762867,13.656247,0.000000,0.335630,,0.970840,0,478,0,72.281198
8478,104179,0,762867,13.656247,0.000000,1.030452,,0.970847,0,478,0,72.284468
8479,104179,0,762867,13.656247,0.000000,0.031974,,0.970737,0,478,0,72.287736
8480,104179,0,762867,13.656247,0.000000,0.532575,,0.970685,0,478,0,72.291003
8481,104179,0,762867,13.656247,0.000000,1.034415,,0.970693,0,478,0,72.294270
8482,104179,0,762867,13.656247,0.000000,0.028566,non_zero_exit,0.970581,0,478,0,72.285748
8483,104179,0,762867,13.656247,0.000000,1.036707,non_zero_exit,0.970589,0,478,0,72.277228
8484,104179,0,762867,13.656247,0.000000,1.939512,,0.970703,0,478,0,72.280495
8485,104179,0,762867,13.656247,0.000000,0.021192,non_zero_exit,0.970592,0,478,0,72.271977
8486,104180,1,762867,13.656378,0.000131,2.538751,,0.970776,0,478,0,72.275244
8487,104180,0,762867,13.656378,0.000000,2.334108,,0.970937,0,478,0,72.278511
8488,104180,0,762867,13.656378,0.000000,0.028208,,0.970826,0,478,0,72.281776
8489,104180,0,762867,13.656378,0.000000,0.021925,non_zero_exit,0.970714,0,478,0,72.273263
8490,104180,0,762867,13.656378,0.000000,1.032570,non_zero_exit,0.970721,0,478,0,72.264751
8491,104180,0,762867,13.656378,0.000000,3.029100,,0.970964,0,478,0,72.268017
8492,104180,0,762867,13.656378,0.000000,0.027518,,0.970853,0,478,0,72.271282
8493,104180,0,762867,13.656378,0.000000,0.033583,,0.970742,0,478,0,72.274547
8494,104180,0,762867,13.656378,0.000000,3.032237,non_zero_exit,0.970985,0,478,0,72.266039
8495,104180,0,762867,13.656378,0.000000,0.026990,,0.970874,0,478,0,72.269303
8496,104180,0,762867,13.656378,0.000000,0.538055,non_zero_exit,0.970823,0,478,0,72.260798
8497,104180,0,762867,13.656378,0.000000,0.026707,non_zero_exit,0.970712,0,478,0,72.252295
8498,104180,0,762867,13.656378,0.000000,0.031339,,0.970601,0,478,0,72.255559
8499,104180,0,762867,13.656378,0.000000,0.031477,,0.970491,0,478,0,72.258824
8500,104180,0,762867,13.656378,0.000000,1.031809,,0.970498,0,478,0,72.262087
8501,104180,0,762867,13.656378,0.000000,0.029953,,0.970387,0,478,0,72.265349
8502,104180,0,762867,13.656378,0.000000,0.022907,non_zero_exit,0.970276,0,478,0,72.256851
8503,104180,0,762867,13.656378,0.000000,0.023028,non_zero_exit,0.970165,0,478,0,72.248354
8504,104180,0,762867,13.656378,0.000000,5.004829,timeout,0.970639,0,479,0,72.239859
8505,104180,0,762867,13.656378,0.000000,0.029614,,0.970528,0,479,0,72.243123
8506,104180,0,762867,13.656378,0.000000,0.031283,,0.970418,0,479,0,72.246385
8507,104180,0,762867,13.656378,0.000000,2.027106,,0.970542,0,479,0,72.249647
8508,104180,0,762867,13.656378,0.000000,0.032614,,0.970432,0,479,0,72.252909
8509,104180,0,762867,13.656378,0.000000,2.536370,,0.970616,0,479,0,72.256169
8510,104180,0,762867,13.656378,0.000000,0.035758,,0.970506,0,479,0,72.259429
8511,104180,0,762867,13.656378,0.000000,1.027816,,0.970513,0,479,0,72.262688
8512,104180,0,762867,13.656378,0.000000,1.032515,,0.970520,0,479,0,72.265946
8513,104180,0,762867,13.656378,0.000000,1.027863,,0.970527,0,479,0,72.269204
8514,104180,0,762867,13.656378,0.000000,5.004143,timeout,0.971001,0,480,0,72.260716
8515,104180,0,762867,13.656378,0.000000,1.035990,,0.971008,0,480,0,72.263974
8516,104180,0,762867,13.656378,0.000000,0.024304,non_zero_exit,0.970897,0,480,0,72.255489
8517,104180,0,762867,13.656378,0.000000,4.247286,,0.971282,0,480,0,72.258746
8518,104180,0,762867,13.656378,0.000000,5.003980,timeout,0.971755,0,481,0,72.250264
8519,104180,0,762867,13.656378,0.000000,1.030434,,0.971762,0,481,0,72.253521
8520,104180,0,762867,13.656378,0.000000,0.029335,,0.971651,0,481,0,72.256777
8521,104180,0,762867,13.656378,0.000000,0.036430,,0.971542,0,481,0,72.260033
8522,104180,0,762867,13.656378,0.000000,0.022096,non_zero_exit,0.971430,0,481,0,72.251555
8523,104180,0,762867,13.656378,0.000000,0.029623,,0.971320,0,481,0,72.254810
8524,104180,0,762867,13.656378,0.000000,0.032831,,0.971210,0,481,0,72.258065
8525,104180,0,762867,13.656378,0.000000,0.828803,,0.971193,0,481,0,72.261318
8526,104184,4,762867,13.656902,0.000524,0.027765,non_zero_exit,0.971082,0,481,0,72.252844
8527,104184,0,762867,13.656902,0.000000,1.034149,,0.971090,0,481,0,72.256098
8528,104184,0,762867,13.656902,0.000000,0.024744,,0.970979,0,481,0,72.259350
8529,104184,0,762867,13.656902,0.000000,0.032556,,0.970869,0,481,0,72.262603
8530,104184,0,762867,13.656902,0.000000,0.024766,non_zero_exit,0.970758,0,481,0,72.254132
8531,104184,0,762867,13.656902,0.000000,1.038819,,0.970766,0,481,0,72.257384
8532,104184,0,762867,13.656902,0.000000,0.030096,,0.970656,0,481,0,72.260635
8533,104184,0,762867,13.656902,0.000000,3.037157,,0.970898,0,481,0,72.263886
8534,104184,0,762867,13.656902,0.000000,1.803627,,0.970995,0,481,0,72.267135
8535,104184,0,762867,13.656902,0.000000,0.023836,non_zero_exit,0.970884,0,481,0,72.258669
8536,104184,0,762867,13.656902,0.000000,4.042076,,0.971244,0,481,0,72.261919
8537,104184,0,762867,13.656902,0.000000,2.040847,,0.971369,0,481,0,72.265167
8538,104184,0,762867,13.656902,0.000000,1.027774,,0.971376,0,481,0,72.268416
8539,104184,0,762867,13.656902,0.000000,0.027868,non_zero_exit,0.971266,0,481,0,72.259953
8540,104184,0,762867,13.656902,0.000000,0.032510,,0.971156,0,481,0,72.263201
8541,104184,0,762867,13.656902,0.000000,1.036295,,0.971163,0,481,0,72.266448
8542,104184,0,762867,13.656902,0.000000,1.035900,,0.971171,0,481,0,72.269694
8543,104184,0,762867,13.656902,0.000000,2.035996,,0.971295,0,481,0,72.272940
8544,104184,0,762867,13.656902,0.000000,0.531309,,0.971244,0,481,0,72.276185
8545,104184,0,762867,13.656902,0.000000,1.027819,,0.971251,0,481,0,72.279429
8546,104184,0,762867,13.656902,0.000000,0.023026,non_zero_exit,0.971140,0,481,0,72.270972
8547,104184,0,762867,13.656902,0.000000,0.030909,non_zero_exit,0.971030,0,481,0,72.262518
8548,104184,0,762867,13.656902,0.000000,0.137742,,0.970932,0,481,0,72.265762
8549,104184,0,762867,13.656902,0.000000,0.539310,,0.970882,0,481,0,72.269006
8550,104184,0,762867,13.656902,0.000000,3.025534,,0.971122,0,481,0,72.272249
8551,104184,0,762867,13.656902,0.000000,1.035170,,0.971129,0,481,0,72.275491
8552,104184,0,762867,13.656902,0.000000,0.020892,non_zero_exit,0.971018,0,481,0,72.267041
8553,104184,0,762867,13.656902,0.000000,0.030310,,0.970908,0,481,0,72.270283
8554,104184,0,762867,13.656902,0.000000,0.028693,,0.970798,0,481,0,72.273524
8555,104184,0,762867,13.656902,0.000000,1.028727,,0.970805,0,481,0,72.276765
8556,104184,0,762867,13.656902,0.000000,0.029799,,0.970695,0,481,0,72.280005
8557,104184,0,762867,13.656902,0.000000,1.031821,,0.970702,0,481,0,72.283244
8558,104184,0,762867,13.656902,0.000000,1.038769,,0.970710,0,481,0,72.286482
8559,104184,0,762867,13.656902,0.000000,1.031399,,0.970717,0,481,0,72.289720
8560,104184,0,762867,13.656902,0.000000,2.038529,,0.970842,0,481,0,72.292956
8561,104184,0,762867,13.656902,0.000000,0.031028,,0.970732,0,481,0,72.296192
8562,104184,0,762867,13.656902,0.000000,3.533888,,0.971032,0,481,0,72.299428
8563,104184,0,762867,13.656902,0.000000,0.021667,non_zero_exit,0.970921,0,481,0,72.290986
8564,104184,0,762867,13.656902,0.000000,1.032302,,0.970928,0,481,0,72.294221
8565,104188,4,762867,13.657427,0.000524,0.233151,,0.970842,0,481,0,72.297455
8566,104188,0,762867,13.657427,0.000000,5.005445,timeout,0.971313,0,482,0,72.289016
8567,104188,0,762867,13.657427,0.000000,0.026408,non_zero_exit,0.971202,0,482,0,72.280579
8568,104188,0,762867,13.657427,0.000000,0.022503,non_zero_exit,0.971092,0,482,0,72.272144
8569,104188,0,762867,13.657427,0.000000,2.528147,,0.971273,0,482,0,72.275379
8570,104188,0,762867,13.657427,0.000000,0.028915,,0.971163,0,482,0,72.278614
8571,104188,0,762867,13.657427,0.000000,1.030439,,0.971170,0,482,0,72.281848
8572,104188,0,762867,13.657427,0.000000,0.022084,non_zero_exit,0.971060,0,482,0,72.273417
8573,104188,0,762867,13.657427,0.000000,0.025539,non_zero_exit,0.970949,0,482,0,72.264987
8574,104188,0,762867,13.657427,0.000000,0.028848,,0.970839,0,482,0,72.268222
8575,104188,0,762867,13.657427,0.000000,1.539818,,0.970906,0,482,0,72.271455
8576,104188,0,762867,13.657427,0.000000,0.030361,,0.970796,0,482,0,72.274688
8577,104188,0,762867,13.657427,0.000000,0.035531,,0.970687,0,482,0,72.277920
8578,104188,0,762867,13.657427,0.000000,0.026087,non_zero_exit,0.970577,0,482,0,72.269495
8579,104188,0,762867,13.657427,0.000000,0.037052,,0.970468,0,482,0,72.272727
8580,104188,0,762867,13.657427,0.000000,1.029719,,0.970475,0,482,0,72.275959
8581,104197,9,762867,13.658606,0.001180,0.031487,,0.970366,0,482,0,72.279189
8582,104197,0,762867,13.658606,0.000000,1.030191,,0.970373,0,482,0,72.282419
8583,104197,0,762867,13.658606,0.000000,1.028459,,0.970379,0,482,0,72.285648
8584,104197,0,762867,13.658606,0.000000,0.030837,,0.970270,0,482,0,72.288876
8585,104197,0,762867,13.658606,0.000000,0.035614,non_zero_exit,0.970161,0,482,0,72.280457
8586,104197,0,762867,13.658606,0.000000,2.041215,,0.970286,0,482,0,72.283685
8587,104197,0,762867,13.658606,0.000000,1.030595,,0.970293,0,482,0,72.286912
8588,104197,0,762867,13.658606,0.000000,0.028526,,0.970183,0,482,0,72.290139
8589,104197,0,762867,13.658606,0.000000,0.039421,,0.970075,0,482,0,72.293364
8590,104202,5,762867,13.659262,0.000655,0.022978,non_zero_exit,0.969965,0,482,0,72.284949
8591,104202,0,762867,13.659262,0.000000,0.023270,non_zero_exit,0.969854,0,482,0,72.276536
8592,104202,0,762867,13.659262,0.000000,4.031613,,0.970211,0,482,0,72.279763
8593,104202,0,762867,13.659262,0.000000,0.030638,,0.970101,0,482,0,72.282988
8594,104202,0,762867,13.659262,0.000000,1.027120,,0.970108,0,482,0,72.286213
8595,104202,0,762867,13.659262,0.000000,1.031197,,0.970115,0,482,0,72.289437
8596,104202,0,762867,13.659262,0.000000,3.037616,,0.970356,0,482,0,72.292660
8597,104202,0,762867,13.659262,0.000000,1.029670,,0.970363,0,482,0,72.295883
8598,104203,1,762867,13.659393,0.000131,0.023947,non_zero_exit,0.970253,0,482,0,72.287475
8599,104204,1,762867,13.659524,0.000131,0.022055,non_zero_exit,0.970142,0,482,0,72.279070
8600,104204,0,762867,13.659524,0.000000,0.033929,,0.970033,0,482,0,72.282293
8601,104204,0,762867,13.659524,0.000000,1.037420,,0.970041,0,482,0,72.285515
8602,104204,0,762867,13.659524,0.000000,0.029531,,0.969932,0,482,0,72.288736
8603,104204,0,762867,13.659524,0.000000,0.037026,,0.969823,0,482,0,72.291957
8604,104204,0,762867,13.659524,0.000000,0.035867,,0.969715,0,482,0,72.295177
8605,104204,0,762867,13.659524,0.000000,0.637226,non_zero_exit,0.969676,0,482,0,72.286777
8606,104204,0,762867,13.659524,0.000000,0.024775,non_zero_exit,0.969567,0,482,0,72.278378
8607,104411,207,762867,13.686658,0.027134,0.146251,,0.969471,0,482,0,72.281599
8608,104411,0,762867,13.686658,0.000000,0.029188,,0.969362,0,482,0,72.284818
8609,104411,0,762867,13.686658,0.000000,1.036716,,0.969369,0,482,0,72.288037
8610,104411,0,762867,13.686658,0.000000,0.029932,,0.969260,0,482,0,72.291255
8611,104411,0,762867,13.686658,0.000000,0.029857,,0.969151,0,482,0,72.294473
8612,104411,0,762867,13.686658,0.000000,0.034344,,0.969043,0,482,0,72.297690
8613,104411,0,762867,13.686658,0.000000,0.036021,,0.968934,0,482,0,72.300906
8614,104411,0,762867,13.686658,0.000000,5.004760,timeout,0.969403,0,483,0,72.292513
8615,104411,0,762867,13.686658,0.000000,0.023561,non_zero_exit,0.969293,0,483,0,72.284123
8616,104411,0,762867,13.686658,0.000000,1.030746,,0.969300,0,483,0,72.287339
8617,104411,0,762867,13.686658,0.000000,2.033304,,0.969424,0,483,0,72.290555
8618,104411,0,762867,13.686658,0.000000,0.031227,,0.969315,0,483,0,72.293770
8619,104411,0,762867,13.686658,0.000000,0.030285,,0.969206,0,483,0,72.296984
8620,104411,0,762867,13.686658,0.000000,0.027392,,0.969097,0,483,0,72.300197
8621,104411,0,762867,13.686658,0.000000,0.030060,,0.968988,0,483,0,72.303410
8622,104411,0,762867,13.686658,0.000000,0.032734,,0.968879,0,483,0,72.306622
8623,104411,0,762867,13.686658,0.000000,0.029130,,0.968770,0,483,0,72.309833
8624,104411,0,762867,13.686658,0.000000,0.136309,,0.968674,0,483,0,72.313043
8625,104411,0,762867,13.686658,0.000000,0.026132,,0.968564,0,483,0,72.316253
8626,104411,0,762867,13.686658,0.000000,0.029487,,0.968456,0,483,0,72.319462
8627,104411,0,762867,13.686658,0.000000,0.021893,non_zero_exit,0.968346,0,483,0,72.311080
8628,104411,0,762867,13.686658,0.000000,0.036004,,0.968238,0,483,0,72.314289
8629,104411,0,762867,13.686658,0.000000,1.133425,,0.968257,0,483,0,72.317497
8630,104411,0,762867,13.686658,0.000000,0.037482,,0.968149,0,483,0,72.320704
8631,104411,0,762867,13.686658,0.000000,0.022491,non_zero_exit,0.968040,0,483,0,72.312326
8632,104411,0,762867,13.686658,0.000000,0.814522,,0.968022,0,483,0,72.315533
8633,104411,0,762867,13.686658,0.000000,0.028330,,0.967913,0,483,0,72.318740
8634,104411,0,762867,13.686658,0.000000,0.021819,non_zero_exit,0.967803,0,483,0,72.310365
8635,104411,0,762867,13.686658,0.000000,0.533947,,0.967753,0,483,0,72.313571
8636,104411,0,762867,13.686658,0.000000,0.029665,,0.967645,0,483,0,72.316777
8637,104411,0,762867,13.686658,0.000000,1.032779,,0.967652,0,483,0,72.319981
8638,104411,0,762867,13.686658,0.000000,1.034569,,0.967660,0,483,0,72.323186
8639,104411,0,762867,13.686658,0.000000,0.031079,,0.967551,0,483,0,72.326389
8640,104411,0,762867,13.686658,0.000000,0.032326,,0.967443,0,483,0,72.329591
8641,104411,0,762867,13.686658,0.000000,0.024872,non_zero_exit,0.967334,0,483,0,72.321222
8642,104411,0,762867,13.686658,0.000000,1.032416,,0.967342,0,483,0,72.324424
8643,104411,0,762867,13.686658,0.000000,5.007904,timeout,0.967809,0,484,0,72.316057
8644,104411,0,762867,13.686658,0.000000,0.035965,,0.967701,0,484,0,72.319260
8645,104411,0,762867,13.686658,0.000000,0.025821,non_zero_exit,0.967592,0,484,0,72.310895
8646,104411,0,762867,13.686658,0.000000,5.004581,timeout,0.968059,0,485,0,72.302533
8647,104411,0,762867,13.686658,0.000000,0.028872,,0.967951,0,485,0,72.305735
8648,104411,0,762867,13.686658,0.000000,0.024764,non_zero_exit,0.967842,0,485,0,72.297375
8649,104411,0,762867,13.686658,0.000000,0.030391,,0.967733,0,485,0,72.300578
8650,104411,0,762867,13.686658,0.000000,0.021634,non_zero_exit,0.967624,0,485,0,72.292221
8651,104411,0,762867,13.686658,0.000000,1.029380,,0.967631,0,485,0,72.295423
8652,104411,0,762867,13.686658,0.000000,0.028453,,0.967522,0,485,0,72.298625
8653,104411,0,762867,13.686658,0.000000,3.031586,,0.967761,0,485,0,72.301826
8654,104411,0,762867,13.686658,0.000000,5.004231,timeout,0.968227,0,486,0,72.293472
8655,104434,23,762867,13.689673,0.003015,0.031504,,0.968119,0,486,0,72.296673
8656,104434,0,762867,13.689673,0.000000,0.024494,non_zero_exit,0.968010,0,486,0,72.288322
8657,104434,0,762867,13.689673,0.000000,0.031507,,0.967902,0,486,0,72.291522
8658,104434,0,762867,13.689673,0.000000,0.022566,non_zero_exit,0.967793,0,486,0,72.283174
8659,104434,0,762867,13.689673,0.000000,1.036124,,0.967801,0,486,0,72.286374
8660,104434,0,762867,13.689673,0.000000,0.033356,,0.967693,0,486,0,72.289574
8661,104434,0,762867,13.689673,0.000000,0.021302,non_zero_exit,0.967584,0,486,0,72.281228
8662,104434,0,762867,13.689673,0.000000,0.023651,non_zero_exit,0.967475,0,486,0,72.272885
8663,104434,0,762867,13.689673,0.000000,5.004375,timeout,0.967941,0,487,0,72.264543
8664,104434,0,762867,13.689673,0.000000,1.036974,,0.967948,0,487,0,72.267744
8665,104434,0,762867,13.689673,0.000000,1.029474,,0.967956,0,487,0,72.270944
8666,104434,0,762867,13.689673,0.000000,0.541266,,0.967906,0,487,0,72.274143
8667,104434,0,762867,13.689673,0.000000,0.026322,,0.967798,0,487,0,72.277342
8668,104434,0,762867,13.689673,0.000000,0.026987,,0.967689,0,487,0,72.280540
8669,104434,0,762867,13.689673,0.000000,1.041840,,0.967698,0,487,0,72.283737
8670,104434,0,762867,13.689673,0.000000,0.026130,non_zero_exit,0.967589,0,487,0,72.275401
8671,104434,0,762867,13.689673,0.000000,0.129006,,0.967492,0,487,0,72.278598
8672,104434,0,762867,13.689673,0.000000,0.883381,,0.967483,0,487,0,72.281794
8673,104434,0,762867,13.689673,0.000000,0.033190,,0.967375,0,487,0,72.284990
8674,104434,0,762867,13.689673,0.000000,1.028516,,0.967382,0,487,0,72.288184
8675,104434,0,762867,13.689673,0.000000,0.031895,,0.967274,0,487,0,72.291379
8676,104434,0,762867,13.689673,0.000000,0.017888,non_zero_exit,0.967165,0,487,0,72.283047
8677,104434,0,762867,13.689673,0.000000,0.024059,non_zero_exit,0.967056,0,487,0,72.274718
8678,104434,0,762867,13.689673,0.000000,1.033569,,0.967064,0,487,0,72.277912
8679,104481,47,762867,13.695834,0.006161,1.035682,,0.967072,0,487,0,72.281106
8680,104481,0,762867,13.695834,0.000000,0.023253,non_zero_exit,0.966963,0,487,0,72.272780
8681,104481,0,762867,13.695834,0.000000,1.038021,,0.966971,0,487,0,72.275973
8682,104481,0,762867,13.695834,0.000000,1.033398,,0.966979,0,487,0,72.279166
8683,104481,0,762867,13.695834,0.000000,0.029977,,0.966871,0,487,0,72.282358
8684,104482,1,762867,13.695965,0.000131,0.025503,non_zero_exit,0.966763,0,487,0,72.274036
8685,104483,1,762867,13.696096,0.000131,2.041620,,0.966886,0,487,0,72.277228
8686,104483,0,762867,13.696096,0.000000,1.036517,,0.966894,0,487,0,72.280419
8687,104483,0,762867,13.696096,0.000000,0.027678,non_zero_exit,0.966786,0,487,0,72.272099
8688,104483,0,762867,13.696096,0.000000,0.032476,,0.966679,0,487,0,72.275291
8689,104483,0,762867,13.696096,0.000000,0.023589,non_zero_exit,0.966570,0,487,0,72.266974
8690,104483,0,762867,13.696096,0.000000,2.531558,,0.966750,0,487,0,72.270165
8691,104483,0,762867,13.696096,0.000000,1.028038,,0.966757,0,487,0,72.273355
8692,104483,0,762867,13.696096,0.000000,4.530561,,0.967167,0,487,0,72.276544
8693,104483,0,762867,13.696096,0.000000,0.025476,non_zero_exit,0.967059,0,487,0,72.268231
8694,104483,0,762867,13.696096,0.000000,5.003982,timeout,0.967523,0,488,0,72.259919
8695,104483,0,762867,13.696096,0.000000,0.034408,,0.967416,0,488,0,72.263109
8696,104483,0,762867,13.696096,0.000000,1.027122,,0.967423,0,488,0,72.266299
8697,104483,0,762867,13.696096,0.000000,0.033253,non_zero_exit,0.967315,0,488,0,72.257990
8698,104483,0,762867,13.696096,0.000000,3.457082,non_zero_exit,0.967602,0,488,0,72.249684
8699,104483,0,762867,13.696096,0.000000,0.025301,non_zero_exit,0.967493,0,488,0,72.241379
8700,104483,0,762867,13.696096,0.000000,0.034006,,0.967386,0,488,0,72.244570
8701,104483,0,762867,13.696096,0.000000,1.036287,,0.967394,0,488,0,72.247759
8702,104483,0,762867,13.696096,0.000000,0.021725,non_zero_exit,0.967285,0,488,0,72.239458
8703,104483,0,762867,13.696096,0.000000,0.021836,non_zero_exit,0.967177,0,488,0,72.231158
8704,104485,2,762867,13.696359,0.000262,0.738135,,0.967150,0,488,0,72.234348
8705,104485,0,762867,13.696359,0.000000,5.007989,timeout,0.967614,0,489,0,72.226051
8706,104485,0,762867,13.696359,0.000000,0.022488,non_zero_exit,0.967506,0,489,0,72.217756
8707,104485,0,762867,13.696359,0.000000,0.023728,non_zero_exit,0.967398,0,489,0,72.209463
8708,104485,0,762867,13.696359,0.000000,0.024928,,0.967289,0,489,0,72.212654
8709,104490,5,762867,13.697014,0.000655,0.051175,,0.967184,0,489,0,72.215844
8710,104490,0,762867,13.697014,0.000000,0.024539,non_zero_exit,0.967076,0,489,0,72.207554
8711,104490,0,762867,13.697014,0.000000,3.033152,,0.967313,0,489,0,72.210744
8712,104490,0,762867,13.697014,0.000000,1.032231,,0.967321,0,489,0,72.213933
8713,104490,0,762867,13.697014,0.000000,0.028843,,0.967213,0,489,0,72.217122
8714,104490,0,762867,13.697014,0.000000,0.026780,,0.967105,0,489,0,72.220310
8715,104490,0,762867,13.697014,0.000000,0.538043,,0.967056,0,489,0,72.223497
8716,104490,0,762867,13.697014,0.000000,0.038059,,0.966949,0,489,0,72.226683
8717,104490,0,762867,13.697014,0.000000,1.029442,,0.966956,0,489,0,72.229869
8718,104490,0,762867,13.697014,0.000000,1.026855,,0.966963,0,489,0,72.233054
8719,104490,0,762867,13.697014,0.000000,0.029325,,0.966856,0,489,0,72.236239
8720,104494,4,762867,13.697538,0.000524,1.030612,,0.966863,0,489,0,72.239422
8721,104494,0,762867,13.697538,0.000000,0.022728,non_zero_exit,0.966755,0,489,0,72.231140
8722,104494,0,762867,13.697538,0.000000,3.032375,,0.966992,0,489,0,72.234323
8723,104494,0,762867,13.697538,0.000000,1.029761,,0.966999,0,489,0,72.237506
8724,104494,0,762867,13.697538,0.000000,0.031636,,0.966891,0,489,0,72.240688
8725,104494,0,762867,13.697538,0.000000,0.023624,non_zero_exit,0.966783,0,489,0,72.232409
8726,104494,0,762867,13.697538,0.000000,1.030927,,0.966791,0,489,0,72.235591
8727,104494,0,762867,13.697538,0.000000,0.022962,non_zero_exit,0.966683,0,489,0,72.227314
8728,104494,0,762867,13.697538,0.000000,0.030236,,0.966575,0,489,0,72.230496
8729,104494,0,762867,13.697538,0.000000,1.031094,,0.966583,0,489,0,72.233677
8730,104494,0,762867,13.697538,0.000000,0.030290,,0.966475,0,489,0,72.236857
8731,104494,0,762867,13.697538,0.000000,0.033611,,0.966369,0,489,0,72.240037
8732,104494,0,762867,13.697538,0.000000,1.031544,,0.966376,0,489,0,72.243215
8733,105093,599,762867,13.776058,0.078520,5.008065,timeout,0.966839,0,490,0,72.234944
8734,105093,0,762867,13.776058,0.000000,0.028443,,0.966731,0,490,0,72.238122
8735,105093,0,762867,13.776058,0.000000,0.027257,,0.966624,0,490,0,72.241300
8736,105093,0,762867,13.776058,0.000000,2.030606,,0.966746,0,490,0,72.244478
8737,105093,0,762867,13.776058,0.000000,5.004013,timeout,0.967208,0,491,0,72.236210
8738,105093,0,762867,13.776058,0.000000,1.030497,,0.967215,0,491,0,72.239387
8739,105093,0,762867,13.776058,0.000000,0.932098,,0.967211,0,491,0,72.242563
8740,105093,0,762867,13.776058,0.000000,1.027293,,0.967218,0,491,0,72.245738
8741,105093,0,762867,13.776058,0.000000,0.022032,non_zero_exit,0.967110,0,491,0,72.237474
8742,105093,0,762867,13.776058,0.000000,0.028866,non_zero_exit,0.967002,0,491,0,72.229212
8743,105093,0,762867,13.776058,0.000000,1.029549,,0.967010,0,491,0,72.232388
8744,105093,0,762867,13.776058,0.000000,2.030747,,0.967131,0,491,0,72.235563
8745,105093,0,762867,13.776058,0.000000,1.535211,,0.967196,0,491,0,72.238738
8746,105093,0,762867,13.776058,0.000000,0.532218,,0.967146,0,491,0,72.241912
8747,105093,0,762867,13.776058,0.000000,0.024581,non_zero_exit,0.967039,0,491,0,72.233653
8748,105093,0,762867,13.776058,0.000000,0.035783,,0.966932,0,491,0,72.236827
8749,105093,0,762867,13.776058,0.000000,1.038646,,0.966940,0,491,0,72.240000
8750,105093,0,762867,13.776058,0.000000,3.035619,,0.967177,0,491,0,72.243172
8751,105093,0,762867,13.776058,0.000000,0.032227,,0.967070,0,491,0,72.246344
8752,105093,0,762867,13.776058,0.000000,0.024834,,0.966962,0,491,0,72.249514
8753,105093,0,762867,13.776058,0.000000,0.029267,non_zero_exit,0.966855,0,491,0,72.241261
8754,105093,0,762867,13.776058,0.000000,0.026525,non_zero_exit,0.966748,0,491,0,72.233010
8755,105093,0,762867,13.776058,0.000000,5.004035,timeout,0.967209,0,492,0,72.224760
8756,105093,0,762867,13.776058,0.000000,2.028283,non_zero_exit,0.967330,0,492,0,72.216513
8757,105093,0,762867,13.776058,0.000000,0.030092,,0.967223,0,492,0,72.219685
8758,105093,0,762867,13.776058,0.000000,1.028982,,0.967230,0,492,0,72.222856
8759,105093,0,762867,13.776058,0.000000,5.004567,timeout,0.967691,0,493,0,72.214612
8760,105093,0,762867,13.776058,0.000000,0.025752,non_zero_exit,0.967583,0,493,0,72.206369
8761,105093,0,762867,13.776058,0.000000,3.040808,,0.967820,0,493,0,72.209541
8762,105093,0,762867,13.776058,0.000000,2.039719,,0.967942,0,493,0,72.212713
8763,105093,0,762867,13.776058,0.000000,1.038048,,0.967950,0,493,0,72.215883
8764,105093,0,762867,13.776058,0.000000,0.025454,non_zero_exit,0.967843,0,493,0,72.207644
8765,105093,0,762867,13.776058,0.000000,2.325893,,0.967998,0,493,0,72.210815
8766,105093,0,762867,13.776058,0.000000,2.538740,,0.968177,0,493,0,72.213984
8767,105093,0,762867,13.776058,0.000000,1.039707,,0.968185,0,493,0,72.217153
8768,105093,0,762867,13.776058,0.000000,1.032132,,0.968192,0,493,0,72.220322
8769,105093,0,762867,13.776058,0.000000,0.025985,non_zero_exit,0.968085,0,493,0,72.212087
8770,105093,0,762867,13.776058,0.000000,2.033204,,0.968206,0,493,0,72.215255
8771,105093,0,762867,13.776058,0.000000,0.030482,,0.968100,0,493,0,72.218422
8772,105093,0,762867,13.776058,0.000000,0.032600,,0.967993,0,493,0,72.221589
8773,105093,0,762867,13.776058,0.000000,1.034824,,0.968000,0,493,0,72.224755
8774,105093,0,762867,13.776058,0.000000,1.032166,,0.968008,0,493,0,72.227920
8775,105093,0,762867,13.776058,0.000000,1.042513,,0.968016,0,493,0,72.231085
8776,105093,0,762867,13.776058,0.000000,0.024434,,0.967909,0,493,0,72.234249
8777,105093,0,762867,13.776058,0.000000,0.030339,,0.967802,0,493,0,72.237412
8778,105093,0,762867,13.776058,0.000000,0.021323,non_zero_exit,0.967694,0,493,0,72.229183
8779,105093,0,762867,13.776058,0.000000,0.023408,non_zero_exit,0.967587,0,493,0,72.220957
8780,105094,1,762867,13.776189,0.000131,0.025923,,0.967479,0,493,0,72.224120
8781,105094,0,762867,13.776189,0.000000,0.031337,,0.967373,0,493,0,72.227283
8782,105094,0,762867,13.776189,0.000000,1.030939,,0.967380,0,493,0,72.230445
8783,105094,0,762867,13.776189,0.000000,0.029733,,0.967273,0,493,0,72.233607
8784,105094,0,762867,13.776189,0.000000,1.534067,,0.967338,0,493,0,72.236767
8785,105094,0,762867,13.776189,0.000000,1.532571,,0.967402,0,493,0,72.239927
8786,105094,0,762867,13.776189,0.000000,0.028069,,0.967295,0,493,0,72.243086
8787,105094,0,762867,13.776189,0.000000,1.031595,,0.967303,0,493,0,72.246245
8788,105094,0,762867,13.776189,0.000000,1.042308,,0.967311,0,493,0,72.249403
8789,105094,0,762867,13.776189,0.000000,1.525572,,0.967375,0,493,0,72.252560
8790,105094,0,762867,13.776189,0.000000,0.020818,non_zero_exit,0.967267,0,493,0,72.244341
8791,105094,0,762867,13.776189,0.000000,0.028486,,0.967160,0,493,0,72.247498
8792,105094,0,762867,13.776189,0.000000,0.030031,,0.967054,0,493,0,72.250654
8793,105094,0,762867,13.776189,0.000000,0.024343,non_zero_exit,0.966946,0,493,0,72.242438
8794,105094,0,762867,13.776189,0.000000,2.029357,,0.967067,0,493,0,72.245594
8795,105094,0,762867,13.776189,0.000000,0.024123,non_zero_exit,0.966960,0,493,0,72.237381
8796,105094,0,762867,13.776189,0.000000,0.023617,non_zero_exit,0.966853,0,493,0,72.229169
8797,105094,0,762867,13.776189,0.000000,0.022499,non_zero_exit,0.966745,0,493,0,72.220959
8798,105094,0,762867,13.776189,0.000000,0.023342,non_zero_exit,0.966638,0,493,0,72.212751
8799,105094,0,762867,13.776189,0.000000,0.031174,,0.966532,0,493,0,72.215909
8800,105094,0,762867,13.776189,0.000000,0.022761,non_zero_exit,0.966425,0,493,0,72.207704
8801,105094,0,762867,13.776189,0.000000,0.022275,non_zero_exit,0.966317,0,493,0,72.199500
8802,105094,0,762867,13.776189,0.000000,0.021505,non_zero_exit,0.966210,0,493,0,72.191298
8803,105094,0,762867,13.776189,0.000000,2.029406,,0.966331,0,493,0,72.194457
8804,105094,0,762867,13.776189,0.000000,0.022014,non_zero_exit,0.966224,0,493,0,72.186258
8805,105094,0,762867,13.776189,0.000000,5.003222,timeout,0.966682,0,494,0,72.178060
8806,105094,0,762867,13.776189,0.000000,3.035451,,0.966917,0,494,0,72.181219
8807,105094,0,762867,13.776189,0.000000,1.039654,,0.966925,0,494,0,72.184378
8808,105094,0,762867,13.776189,0.000000,0.030101,,0.966819,0,494,0,72.187535
8809,105094,0,762867,13.776189,0.000000,0.023540,non_zero_exit,0.966712,0,494,0,72.179342
8810,105094,0,762867,13.776189,0.000000,0.022779,non_zero_exit,0.966605,0,494,0,72.171150
8811,105094,0,762867,13.776189,0.000000,0.033885,non_zero_exit,0.966499,0,494,0,72.162960
8812,105094,0,762867,13.776189,0.000000,0.035188,,0.966393,0,494,0,72.166118
8813,105094,0,762867,13.776189,0.000000,1.035065,,0.966401,0,494,0,72.169276
8814,105094,0,762867,13.776189,0.000000,1.030767,,0.966408,0,494,0,72.172433
8815,105094,0,762867,13.776189,0.000000,0.031961,,0.966302,0,494,0,72.175590
8816,105094,0,762867,13.776189,0.000000,0.029002,,0.966196,0,494,0,72.178746
8817,105094,0,762867,13.776189,0.000000,0.032648,,0.966090,0,494,0,72.181901
8818,105094,0,762867,13.776189,0.000000,0.030875,,0.965984,0,494,0,72.185055
8819,105094,0,762867,13.776189,0.000000,0.023816,,0.965877,0,494,0,72.188209
8820,105094,0,762867,13.776189,0.000000,1.039932,,0.965886,0,494,0,72.191362
8821,105094,0,762867,13.776189,0.000000,4.030425,,0.966233,0,494,0,72.194514
8822,105094,0,762867,13.776189,0.000000,0.022469,non_zero_exit,0.966126,0,494,0,72.186331
8823,105096,2,762867,13.776451,0.000262,0.031334,,0.966020,0,494,0,72.189483
8824,105096,0,762867,13.776451,0.000000,5.003413,timeout,0.966477,0,495,0,72.181303
8825,105096,0,762867,13.776451,0.000000,1.029291,,0.966485,0,495,0,72.184455
8826,105096,0,762867,13.776451,0.000000,0.031001,,0.966379,0,495,0,72.187606
8827,105096,0,762867,13.776451,0.000000,0.033801,non_zero_exit,0.966273,0,495,0,72.179429
8828,105096,0,762867,13.776451,0.000000,0.022138,non_zero_exit,0.966166,0,495,0,72.171254
8829,105096,0,762867,13.776451,0.000000,1.031597,non_zero_exit,0.966173,0,495,0,72.163080
8830,105096,0,762867,13.776451,0.000000,0.021803,non_zero_exit,0.966067,0,495,0,72.154909
8831,105096,0,762867,13.776451,0.000000,0.034701,,0.965961,0,495,0,72.158062
8832,105096,0,762867,13.776451,0.000000,0.021390,non_zero_exit,0.965854,0,495,0,72.149892
8833,105096,0,762867,13.776451,0.000000,0.032969,,0.965749,0,495,0,72.153045
8834,105096,0,762867,13.776451,0.000000,0.031553,,0.965643,0,495,0,72.156197
8835,105096,0,762867,13.776451,0.000000,1.032228,,0.965650,0,495,0,72.159348
8836,105097,1,762867,13.776582,0.000131,5.008326,timeout,0.966108,0,496,0,72.151183
8837,105097,0,762867,13.776582,0.000000,0.029843,,0.966002,0,496,0,72.154334
8838,105097,0,762867,13.776582,0.000000,0.029502,,0.965896,0,496,0,72.157484
8839,105097,0,762867,13.776582,0.000000,1.028540,,0.965903,0,496,0,72.160633
8840,105097,0,762867,13.776582,0.000000,0.028690,,0.965797,0,496,0,72.163782
8841,105097,0,762867,13.776582,0.000000,1.032465,,0.965805,0,496,0,72.166931
8842,105097,0,762867,13.776582,0.000000,3.044758,,0.966040,0,496,0,72.170078
8843,105097,0,762867,13.776582,0.000000,1.731117,,0.966126,0,496,0,72.173225
8844,105097,0,762867,13.776582,0.000000,0.035878,,0.966021,0,496,0,72.176371
8845,105097,0,762867,13.776582,0.000000,0.032270,,0.965915,0,496,0,72.179516
8846,105097,0,762867,13.776582,0.000000,1.026316,,0.965922,0,496,0,72.182661
8847,105097,0,762867,13.776582,0.000000,1.038595,,0.965930,0,496,0,72.185805
8848,105097,0,762867,13.776582,0.000000,0.022032,non_zero_exit,0.965824,0,496,0,72.177647
8849,105097,0,762867,13.776582,0.000000,1.025397,,0.965831,0,496,0,72.180791
8850,105097,0,762867,13.776582,0.000000,1.028636,,0.965838,0,496,0,72.183934
8851,105097,0,762867,13.776582,0.000000,0.024713,non_zero_exit,0.965731,0,496,0,72.175779
8852,105097,0,762867,13.776582,0.000000,0.951438,,0.965730,0,496,0,72.178922
8853,105097,0,762867,13.776582,0.000000,0.024565,non_zero_exit,0.965623,0,496,0,72.170770
8854,105097,0,762867,13.776582,0.000000,0.027459,,0.965517,0,496,0,72.173913
8855,105097,0,762867,13.776582,0.000000,1.541828,,0.965583,0,496,0,72.177055
8856,105097,0,762867,13.776582,0.000000,1.031080,,0.965590,0,496,0,72.180196
8857,105097,0,762867,13.776582,0.000000,1.041750,,0.965598,0,496,0,72.183337
8858,105097,0,762867,13.776582,0.000000,0.030592,,0.965493,0,496,0,72.186477
8859,105097,0,762867,13.776582,0.000000,0.033396,,0.965388,0,496,0,72.189616
8860,105097,0,762867,13.776582,0.000000,0.132068,,0.965294,0,496,0,72.192755
8861,105097,0,762867,13.776582,0.000000,1.038132,,0.965302,0,496,0,72.195893
8862,105097,0,762867,13.776582,0.000000,0.029651,non_zero_exit,0.965196,0,496,0,72.187747
8863,105097,0,762867,13.776582,0.000000,1.490184,,0.965256,0,496,0,72.190884
8864,105097,0,762867,13.776582,0.000000,0.030521,,0.965150,0,496,0,72.194021
8865,105097,0,762867,13.776582,0.000000,0.024199,,0.965044,0,496,0,72.197158
8866,105097,0,762867,13.776582,0.000000,2.031613,,0.965164,0,496,0,72.200293
8867,105097,0,762867,13.776582,0.000000,0.332232,,0.965093,0,496,0,72.203428
8868,105097,0,762867,13.776582,0.000000,1.030079,,0.965100,0,496,0,72.206562
8869,105097,0,762867,13.776582,0.000000,1.036166,,0.965108,0,496,0,72.209696
8870,105097,0,762867,13.776582,0.000000,0.024191,non_zero_exit,0.965002,0,496,0,72.201556
8871,105097,0,762867,13.776582,0.000000,0.026643,non_zero_exit,0.964896,0,496,0,72.193417
8872,105097,0,762867,13.776582,0.000000,0.025705,non_zero_exit,0.964791,0,496,0,72.185281
8873,105097,0,762867,13.776582,0.000000,1.030730,,0.964798,0,496,0,72.188416
8874,105097,0,762867,13.776582,0.000000,0.028467,,0.964693,0,496,0,72.191549
8875,105097,0,762867,13.776582,0.000000,0.130362,,0.964599,0,496,0,72.194682
8876,105097,0,762867,13.776582,0.000000,0.027060,non_zero_exit,0.964493,0,496,0,72.186550
8877,105097,0,762867,13.776582,0.000000,1.038908,,0.964501,0,496,0,72.189682
8878,105097,0,762867,13.776582,0.000000,0.035543,,0.964397,0,496,0,72.192815
8879,105097,0,762867,13.776582,0.000000,0.032070,,0.964292,0,496,0,72.195946
8880,105097,0,762867,13.776582,0.000000,5.004923,timeout,0.964747,0,497,0,72.187817
8881,105097,0,762867,13.776582,0.000000,1.033653,,0.964754,0,497,0,72.190948
8882,105097,0,762867,13.776582,0.000000,3.039276,,0.964988,0,497,0,72.194079
8883,105097,0,762867,13.776582,0.000000,0.034943,,0.964883,0,497,0,72.197208
8884,105097,0,762867,13.776582,0.000000,1.031664,,0.964891,0,497,0,72.200338
8885,105097,0,762867,13.776582,0.000000,2.035204,,0.965011,0,497,0,72.203466
8886,105097,0,762867,13.776582,0.000000,0.027423,,0.964906,0,497,0,72.206594
8887,105097,0,762867,13.776582,0.000000,0.026514,non_zero_exit,0.964800,0,497,0,72.198470
8888,105097,0,762867,13.776582,0.000000,3.034986,,0.965033,0,497,0,72.201597
8889,105097,0,762867,13.776582,0.000000,0.029080,,0.964928,0,497,0,72.204724
8890,105097,0,762867,13.776582,0.000000,5.140782,timeout,0.965397,0,498,0,72.196603
8891,105097,0,762867,13.776582,0.000000,0.030894,non_zero_exit,0.965292,0,498,0,72.188484
8892,105097,0,762867,13.776582,0.000000,1.537422,,0.965357,0,498,0,72.191611
8893,105097,0,762867,13.776582,0.000000,0.025957,non_zero_exit,0.965251,0,498,0,72.183494
8894,105097,0,762867,13.776582,0.000000,1.038846,,0.965259,0,498,0,72.186622
8895,105097,0,762867,13.776582,0.000000,0.029084,,0.965154,0,498,0,72.189748
8896,105097,0,762867,13.776582,0.000000,0.128846,,0.965060,0,498,0,72.192874
8897,105097,0,762867,13.776582,0.000000,0.024862,,0.964954,0,498,0,72.195999
8898,105097,0,762867,13.776582,0.000000,2.535001,,0.965131,0,498,0,72.199123
8899,105097,0,762867,13.776582,0.000000,1.031587,,0.965138,0,498,0,72.202247
8900,105097,0,762867,13.776582,0.000000,0.030805,,0.965033,0,498,0,72.205370
8901,105097,0,762867,13.776582,0.000000,1.527607,,0.965097,0,498,0,72.208492
8902,105097,0,762867,13.776582,0.000000,0.529665,,0.965048,0,498,0,72.211614
8903,105097,0,762867,13.776582,0.000000,0.028069,,0.964942,0,498,0,72.214735
8904,105097,0,762867,13.776582,0.000000,5.004509,timeout,0.965396,0,499,0,72.206625
8905,105097,0,762867,13.776582,0.000000,1.034587,,0.965404,0,499,0,72.209746
8906,105097,0,762867,13.776582,0.000000,0.025355,,0.965298,0,499,0,72.212866
8907,105097,0,762867,13.776582,0.000000,0.031057,,0.965193,0,499,0,72.215986
8908,105097,0,762867,13.776582,0.000000,1.530675,,0.965257,0,499,0,72.219104
8909,105097,0,762867,13.776582,0.000000,1.040116,,0.965265,0,499,0,72.222222
8910,105097,0,762867,13.776582,0.000000,1.030064,,0.965273,0,499,0,72.225339
8911,105098,1,762867,13.776713,0.000131,3.047519,,0.965506,0,499,0,72.228456
8912,105098,0,762867,13.776713,0.000000,5.003706,timeout,0.965959,0,500,0,72.220352
8913,105098,0,762867,13.776713,0.000000,2.538551,,0.966136,0,500,0,72.223469
8914,105098,0,762867,13.776713,0.000000,1.027052,,0.966142,0,500,0,72.226584
8915,105098,0,762867,13.776713,0.000000,0.030616,,0.966038,0,500,0,72.229699
8916,105098,0,762867,13.776713,0.000000,1.029950,,0.966045,0,500,0,72.232814
8917,105098,0,762867,13.776713,0.000000,1.036459,,0.966053,0,500,0,72.235927
8918,105098,0,762867,13.776713,0.000000,0.031654,,0.965948,0,500,0,72.239040
8919,105098,0,762867,13.776713,0.000000,1.027582,,0.965955,0,500,0,72.242152
8920,105098,0,762867,13.776713,0.000000,0.530667,,0.965906,0,500,0,72.245264
8921,105098,0,762867,13.776713,0.000000,0.029886,,0.965801,0,500,0,72.248375
8922,105098,0,762867,13.776713,0.000000,1.252980,,0.965833,0,500,0,72.251485
8923,105098,0,762867,13.776713,0.000000,0.028177,non_zero_exit,0.965728,0,500,0,72.243389
8924,105098,0,762867,13.776713,0.000000,1.030154,,0.965735,0,500,0,72.246499
8925,105098,0,762867,13.776713,0.000000,0.030809,,0.965631,0,500,0,72.249608
8926,105099,1,762867,13.776844,0.000131,3.044491,,0.965864,0,500,0,72.252716
8927,105099,0,762867,13.776844,0.000000,1.038276,,0.965872,0,500,0,72.255824
8928,105099,0,762867,13.776844,0.000000,0.023630,non_zero_exit,0.965766,0,500,0,72.247732
8929,105099,0,762867,13.776844,0.000000,4.038531,,0.966110,0,500,0,72.250840
8930,105099,0,762867,13.776844,0.000000,0.032308,,0.966006,0,500,0,72.253947
8931,105099,0,762867,13.776844,0.000000,0.234392,,0.965924,0,500,0,72.257053
8932,105099,0,762867,13.776844,0.000000,0.022138,non_zero_exit,0.965818,0,500,0,72.248965
8933,105099,0,762867,13.776844,0.000000,3.035034,,0.966050,0,500,0,72.252071
8934,105099,0,762867,13.776844,0.000000,0.041668,,0.965946,0,500,0,72.255176
8935,105099,0,762867,13.776844,0.000000,5.083028,timeout,0.966407,0,501,0,72.247090
8936,105099,0,762867,13.776844,0.000000,1.028528,,0.966414,0,501,0,72.250196
8937,105099,0,762867,13.776844,0.000000,2.495680,,0.966585,0,501,0,72.253301
8938,105099,0,762867,13.776844,0.000000,0.029486,,0.966480,0,501,0,72.256405
8939,105099,0,762867,13.776844,0.000000,0.025097,non_zero_exit,0.966375,0,501,0,72.248322
8940,105099,0,762867,13.776844,0.000000,1.031909,,0.966382,0,501,0,72.251426
8941,105100,1,762867,13.776976,0.000131,1.048800,,0.966391,0,501,0,72.254529
8942,105100,0,762867,13.776976,0.000000,0.033583,,0.966287,0,501,0,72.257632
8943,105100,0,762867,13.776976,0.000000,1.024177,,0.966294,0,501,0,72.260733
8944,105105,5,762867,13.777631,0.000655,3.143091,non_zero_exit,0.966537,0,501,0,72.252655
8945,105105,0,762867,13.777631,0.000000,2.032951,,0.966656,0,501,0,72.255757
8946,105105,0,762867,13.777631,0.000000,5.004395,timeout,0.967107,0,502,0,72.247681
8947,105105,0,762867,13.777631,0.000000,0.030633,,0.967003,0,502,0,72.250782
8948,105108,3,762867,13.778024,0.000393,5.007897,timeout,0.967454,0,503,0,72.242709
8949,105108,0,762867,13.778024,0.000000,1.029113,,0.967461,0,503,0,72.245810
8950,105108,0,762867,13.778024,0.000000,0.131187,,0.967368,0,503,0,72.248911
8951,105116,8,762867,13.779073,0.001049,1.032433,,0.967375,0,503,0,72.252011
8952,105116,0,762867,13.779073,0.000000,1.030991,,0.967382,0,503,0,72.255110
8953,105116,0,762867,13.779073,0.000000,0.127662,,0.967288,0,503,0,72.258209
8954,105121,5,762867,13.779728,0.000655,0.029668,,0.967184,0,503,0,72.261307
8955,105121,0,762867,13.779728,0.000000,0.029558,,0.967079,0,503,0,72.264404
8956,105121,0,762867,13.779728,0.000000,1.028075,,0.967086,0,503,0,72.267500
8957,105121,0,762867,13.779728,0.000000,3.034479,,0.967317,0,503,0,72.270596
8958,105121,0,762867,13.779728,0.000000,1.029709,,0.967324,0,503,0,72.273691
8959,105121,0,762867,13.779728,0.000000,0.024649,non_zero_exit,0.967218,0,503,0,72.265625
8960,105121,0,762867,13.779728,0.000000,1.036814,,0.967226,0,503,0,72.268720
8961,105121,0,762867,13.779728,0.000000,0.026861,,0.967121,0,503,0,72.271814
8962,105121,0,762867,13.779728,0.000000,0.135932,,0.967028,0,503,0,72.274908
8963,105121,0,762867,13.779728,0.000000,0.030130,,0.966924,0,503,0,72.278001
8964,105121,0,762867,13.779728,0.000000,0.031240,,0.966820,0,503,0,72.281093
8965,105121,0,762867,13.779728,0.000000,5.003770,timeout,0.967270,0,504,0,72.273031
8966,105121,0,762867,13.779728,0.000000,0.026162,,0.967165,0,504,0,72.276124
8967,105121,0,762867,13.779728,0.000000,2.034871,,0.967284,0,504,0,72.279215
8968,105121,0,762867,13.779728,0.000000,2.604927,,0.967467,0,504,0,72.282306
8969,105121,0,762867,13.779728,0.000000,1.035673,,0.967474,0,504,0,72.285396
8970,105121,0,762867,13.779728,0.000000,1.532981,,0.967537,0,504,0,72.288485
8971,105121,0,762867,13.779728,0.000000,0.023309,non_zero_exit,0.967432,0,504,0,72.280428
8972,105121,0,762867,13.779728,0.000000,1.032226,,0.967439,0,504,0,72.283517
8973,105121,0,762867,13.779728,0.000000,0.023548,non_zero_exit,0.967334,0,504,0,72.275462
8974,105121,0,762867,13.779728,0.000000,0.037025,,0.967230,0,504,0,72.278552
8975,105121,0,762867,13.779728,0.000000,0.022943,non_zero_exit,0.967125,0,504,0,72.270499
8976,105121,0,762867,13.779728,0.000000,0.022655,non_zero_exit,0.967020,0,504,0,72.262448
8977,105121,0,762867,13.779728,0.000000,1.031209,,0.967027,0,504,0,72.265538
8978,105121,0,762867,13.779728,0.000000,0.027259,,0.966922,0,504,0,72.268627
8979,105121,0,762867,13.779728,0.000000,0.036402,,0.966819,0,504,0,72.271715
8980,105121,0,762867,13.779728,0.000000,0.021240,non_zero_exit,0.966713,0,504,0,72.263668
8981,105121,0,762867,13.779728,0.000000,1.030957,,0.966721,0,504,0,72.266756
8982,105146,25,762867,13.783005,0.003277,0.031422,,0.966617,0,504,0,72.269843
8983,105146,0,762867,13.783005,0.000000,0.032710,,0.966513,0,504,0,72.272930
8984,105146,0,762867,13.783005,0.000000,3.033739,,0.966743,0,504,0,72.276016
8985,105146,0,762867,13.783005,0.000000,0.030690,,0.966638,0,504,0,72.279101
8986,105146,0,762867,13.783005,0.000000,0.023775,non_zero_exit,0.966534,0,504,0,72.271058
8987,105146,0,762867,13.783005,0.000000,1.030558,,0.966541,0,504,0,72.274143
8988,105146,0,762867,13.783005,0.000000,0.033169,,0.966437,0,504,0,72.277228
8989,105146,0,762867,13.783005,0.000000,1.041636,,0.966445,0,504,0,72.280311
8990,105146,0,762867,13.783005,0.000000,1.036379,,0.966453,0,504,0,72.283395
8991,105146,0,762867,13.783005,0.000000,0.028801,,0.966349,0,504,0,72.286477
8992,105146,0,762867,13.783005,0.000000,0.038926,non_zero_exit,0.966246,0,504,0,72.278439
8993,105146,0,762867,13.783005,0.000000,0.027613,,0.966141,0,504,0,72.281521
8994,105146,0,762867,13.783005,0.000000,0.031052,,0.966037,0,504,0,72.284603
8995,105146,0,762867,13.783005,0.000000,2.531645,,0.966211,0,504,0,72.287683
8996,105146,0,762867,13.783005,0.000000,0.032524,,0.966108,0,504,0,72.290764
8997,105146,0,762867,13.783005,0.000000,0.021306,non_zero_exit,0.966003,0,504,0,72.282729
8998,105146,0,762867,13.783005,0.000000,1.033566,,0.966010,0,504,0,72.285810
8999,105146,0,762867,13.783005,0.000000,0.030770,,0.965906,0,504,0,72.288889
9000,105146,0,762867,13.783005,0.000000,0.022986,non_zero_exit,0.965801,0,504,0,72.280858
9001,105146,0,762867,13.783005,0.000000,0.024840,non_zero_exit,0.965697,0,504,0,72.272828
9002,105146,0,762867,13.783005,0.000000,0.036232,,0.965594,0,504,0,72.275908
9003,105146,0,762867,13.783005,0.000000,1.029045,,0.965601,0,504,0,72.278987
9004,105146,0,762867,13.783005,0.000000,0.023733,non_zero_exit,0.965496,0,504,0,72.270961
9005,105146,0,762867,13.783005,0.000000,2.031698,,0.965614,0,504,0,72.274040
9006,105146,0,762867,13.783005,0.000000,0.036334,,0.965511,0,504,0,72.277118
9007,105147,1,762867,13.783137,0.000131,0.025935,non_zero_exit,0.965407,0,504,0,72.269094
9008,105147,0,762867,13.783137,0.000000,0.030133,,0.965303,0,504,0,72.272172
9009,105147,0,762867,13.783137,0.000000,1.037879,,0.965311,0,504,0,72.275250
9010,105147,0,762867,13.783137,0.000000,1.029102,,0.965318,0,504,0,72.278326
9011,105147,0,762867,13.783137,0.000000,0.021266,non_zero_exit,0.965214,0,504,0,72.270306
9012,105147,0,762867,13.783137,0.000000,2.038066,,0.965333,0,504,0,72.273383
9013,105147,0,762867,13.783137,0.000000,1.031869,,0.965340,0,504,0,72.276459
9014,105147,0,762867,13.783137,0.000000,1.033355,,0.965347,0,504,0,72.279534
9015,105147,0,762867,13.783137,0.000000,1.036967,,0.965355,0,504,0,72.282609
9016,105147,0,762867,13.783137,0.000000,0.031466,,0.965252,0,504,0,72.285683
9017,105147,0,762867,13.783137,0.000000,0.024636,,0.965148,0,504,0,72.288756
9018,105147,0,762867,13.783137,0.000000,0.039781,,0.965045,0,504,0,72.291828
9019,105147,0,762867,13.783137,0.000000,1.031756,,0.965052,0,504,0,72.294900
9020,105148,1,762867,13.783268,0.000131,1.643640,,0.965128,0,504,0,72.297971
9021,105148,0,762867,13.783268,0.000000,1.030593,,0.965135,0,504,0,72.301042
9022,105148,0,762867,13.783268,0.000000,0.022678,non_zero_exit,0.965030,0,504,0,72.293029
9023,105148,0,762867,13.783268,0.000000,0.029440,,0.964927,0,504,0,72.296099
9024,105148,0,762867,13.783268,0.000000,0.033064,,0.964823,0,504,0,72.299169
9025,105148,0,762867,13.783268,0.000000,0.022775,non_zero_exit,0.964719,0,504,0,72.291159
9026,105148,0,762867,13.783268,0.000000,1.029826,,0.964726,0,504,0,72.294228
9027,105148,0,762867,13.783268,0.000000,2.029294,,0.964844,0,504,0,72.297297
9028,105148,0,762867,13.783268,0.000000,5.004077,timeout,0.965292,0,505,0,72.289290
9029,105148,0,762867,13.783268,0.000000,0.032508,,0.965188,0,505,0,72.292359
9030,105148,0,762867,13.783268,0.000000,0.027830,,0.965084,0,505,0,72.295427
9031,105148,0,762867,13.783268,0.000000,1.028640,,0.965091,0,505,0,72.298494
9032,105148,0,762867,13.783268,0.000000,0.027218,,0.964988,0,505,0,72.301561
9033,105148,0,762867,13.783268,0.000000,0.026304,,0.964884,0,505,0,72.304627
9034,105148,0,762867,13.783268,0.000000,1.030273,,0.964891,0,505,0,72.307692
9035,105148,0,762867,13.783268,0.000000,0.032602,,0.964788,0,505,0,72.310757
9036,105148,0,762867,13.783268,0.000000,0.025506,non_zero_exit,0.964684,0,505,0,72.302755
9037,105148,0,762867,13.783268,0.000000,1.032243,,0.964691,0,505,0,72.305820
9038,105148,0,762867,13.783268,0.000000,0.029099,,0.964588,0,505,0,72.308884
9039,105148,0,762867,13.783268,0.000000,1.031658,,0.964595,0,505,0,72.311947
9040,105148,0,762867,13.783268,0.000000,0.029866,,0.964492,0,505,0,72.315009
9041,105148,0,762867,13.783268,0.000000,0.023908,non_zero_exit,0.964388,0,505,0,72.307012
9042,105148,0,762867,13.783268,0.000000,1.638633,,0.964462,0,505,0,72.310074
9043,105148,0,762867,13.783268,0.000000,0.033923,,0.964360,0,505,0,72.313136
9044,105148,0,762867,13.783268,0.000000,0.043736,,0.964258,0,505,0,72.316197
9045,105148,0,762867,13.783268,0.000000,0.027208,,0.964154,0,505,0,72.319257
9046,105148,0,762867,13.783268,0.000000,1.034377,,0.964162,0,505,0,72.322317
9047,105148,0,762867,13.783268,0.000000,0.038904,,0.964060,0,505,0,72.325376
9048,105148,0,762867,13.783268,0.000000,1.033134,,0.964067,0,505,0,72.328434
9049,105148,0,762867,13.783268,0.000000,0.029984,,0.963964,0,505,0,72.331492
9050,105148,0,762867,13.783268,0.000000,1.029428,,0.963971,0,505,0,72.334549
9051,105148,0,762867,13.783268,0.000000,0.024750,,0.963868,0,505,0,72.337605
9052,105148,0,762867,13.783268,0.000000,0.021503,non_zero_exit,0.963763,0,505,0,72.329614
9053,105148,0,762867,13.783268,0.000000,2.032676,,0.963882,0,505,0,72.332671
9054,105148,0,762867,13.783268,0.000000,0.035728,,0.963779,0,505,0,72.335726
9055,105148,0,762867,13.783268,0.000000,1.042684,,0.963788,0,505,0,72.338781
9056,105148,0,762867,13.783268,0.000000,0.022946,non_zero_exit,0.963684,0,505,0,72.330794
9057,105148,0,762867,13.783268,0.000000,0.029454,,0.963581,0,505,0,72.333849
9058,105148,0,762867,13.783268,0.000000,0.021901,non_zero_exit,0.963477,0,505,0,72.325864
9059,105148,0,762867,13.783268,0.000000,2.034106,,0.963595,0,505,0,72.328918
9060,105148,0,762867,13.783268,0.000000,0.033680,,0.963492,0,505,0,72.331972
9061,105148,0,762867,13.783268,0.000000,0.031135,,0.963389,0,505,0,72.335025
9062,105148,0,762867,13.783268,0.000000,0.023914,non_zero_exit,0.963286,0,505,0,72.327044
9063,105148,0,762867,13.783268,0.000000,0.021787,non_zero_exit,0.963182,0,505,0,72.319064
9064,105148,0,762867,13.783268,0.000000,1.035687,,0.963190,0,505,0,72.322118
9065,105148,0,762867,13.783268,0.000000,0.029586,,0.963087,0,505,0,72.325171
9066,105148,0,762867,13.783268,0.000000,0.536902,,0.963040,0,505,0,72.328223
9067,105148,0,762867,13.783268,0.000000,0.032079,,0.962937,0,505,0,72.331275
9068,105148,0,762867,13.783268,0.000000,0.533682,,0.962890,0,505,0,72.334326
9069,105148,0,762867,13.783268,0.000000,1.032441,,0.962898,0,505,0,72.337376
9070,105148,0,762867,13.783268,0.000000,1.036838,,0.962906,0,505,0,72.340426
9071,105148,0,762867,13.783268,0.000000,0.026740,non_zero_exit,0.962803,0,505,0,72.332451
9072,105148,0,762867,13.783268,0.000000,5.004427,timeout,0.963248,0,506,0,72.324479
9073,105148,0,762867,13.783268,0.000000,0.023660,non_zero_exit,0.963144,0,506,0,72.316509
9074,105148,0,762867,13.783268,0.000000,0.027106,,0.963041,0,506,0,72.319559
9075,105148,0,762867,13.783268,0.000000,0.026020,non_zero_exit,0.962938,0,506,0,72.311591
9076,105148,0,762867,13.783268,0.000000,0.030239,,0.962835,0,506,0,72.314641
9077,105148,0,762867,13.783268,0.000000,1.029543,,0.962843,0,506,0,72.317691
9078,105156,8,762867,13.784316,0.001049,0.026672,,0.962740,0,506,0,72.320740
9079,105156,0,762867,13.784316,0.000000,0.027543,,0.962637,0,506,0,72.323789
9080,105156,0,762867,13.784316,0.000000,0.031697,,0.962534,0,506,0,72.326836
9081,105156,0,762867,13.784316,0.000000,1.031628,,0.962542,0,506,0,72.329883
9082,105156,0,762867,13.784316,0.000000,0.021364,non_zero_exit,0.962438,0,506,0,72.321920
9083,105156,0,762867,13.784316,0.000000,1.132929,,0.962457,0,506,0,72.324967
9084,105156,0,762867,13.784316,0.000000,0.021276,non_zero_exit,0.962353,0,506,0,72.317006
9085,105156,0,762867,13.784316,0.000000,1.029445,,0.962361,0,506,0,72.320053
9086,105156,0,762867,13.784316,0.000000,0.781903,,0.962341,0,506,0,72.323099
9087,105156,0,762867,13.784316,0.000000,1.034261,,0.962349,0,506,0,72.326144
9088,105156,0,762867,13.784316,0.000000,0.030881,,0.962246,0,506,0,72.329189
9089,105156,0,762867,13.784316,0.000000,1.032038,,0.962254,0,506,0,72.332233
9090,105156,0,762867,13.784316,0.000000,1.034330,,0.962262,0,506,0,72.335277
9091,105156,0,762867,13.784316,0.000000,0.022318,non_zero_exit,0.962158,0,506,0,72.327321
9092,105156,0,762867,13.784316,0.000000,0.031101,,0.962056,0,506,0,72.330364
9093,105156,0,762867,13.784316,0.000000,1.026929,,0.962063,0,506,0,72.333407
9094,105156,0,762867,13.784316,0.000000,0.035426,,0.961961,0,506,0,72.336449
9095,105156,0,762867,13.784316,0.000000,1.030284,,0.961969,0,506,0,72.339490
9096,105156,0,762867,13.784316,0.000000,4.031792,,0.962306,0,506,0,72.342531
9097,105156,0,762867,13.784316,0.000000,1.029984,,0.962314,0,506,0,72.345570
9098,105158,2,762867,13.784578,0.000262,1.038041,,0.962322,0,506,0,72.348610
9099,105159,1,762867,13.784710,0.000131,3.036597,,0.962550,0,506,0,72.351648
9100,105159,0,762867,13.784710,0.000000,0.021075,non_zero_exit,0.962446,0,506,0,72.343698
9101,105159,0,762867,13.784710,0.000000,1.036028,,0.962455,0,506,0,72.346737
9102,105159,0,762867,13.784710,0.000000,0.040426,,0.962353,0,506,0,72.349775
9103,105159,0,762867,13.784710,0.000000,5.004824,timeout,0.962797,0,507,0,72.341828
9104,105159,0,762867,13.784710,0.000000,1.036667,,0.962805,0,507,0,72.344865
9105,105159,0,762867,13.784710,0.000000,5.004261,timeout,0.963249,0,508,0,72.336921
9106,105159,0,762867,13.784710,0.000000,3.029202,,0.963476,0,508,0,72.339958
9107,105159,0,762867,13.784710,0.000000,0.033655,,0.963374,0,508,0,72.342995
9108,105159,0,762867,13.784710,0.000000,1.030694,,0.963381,0,508,0,72.346031
9109,105159,0,762867,13.784710,0.000000,3.048325,non_zero_exit,0.963610,0,508,0,72.338090
9110,105159,0,762867,13.784710,0.000000,1.029873,,0.963617,0,508,0,72.341126
9111,105159,0,762867,13.784710,0.000000,3.800418,,0.963929,0,508,0,72.344162
9112,105160,1,762867,13.784841,0.000131,2.535606,,0.964101,0,508,0,72.347196
9113,105160,0,762867,13.784841,0.000000,0.033124,,0.963999,0,508,0,72.350230
9114,105160,0,762867,13.784841,0.000000,0.535929,,0.963952,0,508,0,72.353264
9115,105160,0,762867,13.784841,0.000000,0.022933,non_zero_exit,0.963849,0,508,0,72.345327
9116,105160,0,762867,13.784841,0.000000,0.029938,,0.963747,0,508,0,72.348360
9117,105160,0,762867,13.784841,0.000000,0.021306,non_zero_exit,0.963643,0,508,0,72.340426
9118,105160,0,762867,13.784841,0.000000,1.037433,,0.963651,0,508,0,72.343459
9119,105160,0,762867,13.784841,0.000000,1.136888,,0.963670,0,508,0,72.346491
9120,105160,0,762867,13.784841,0.000000,2.027697,,0.963787,0,508,0,72.349523
9121,105160,0,762867,13.784841,0.000000,0.024427,non_zero_exit,0.963684,0,508,0,72.341592
9122,105160,0,762867,13.784841,0.000000,0.028694,,0.963581,0,508,0,72.344623
9123,105160,0,762867,13.784841,0.000000,5.004269,timeout,0.964024,0,509,0,72.336694
9124,105160,0,762867,13.784841,0.000000,0.023364,non_zero_exit,0.963921,0,509,0,72.328767
9125,105160,0,762867,13.784841,0.000000,1.024421,,0.963928,0,509,0,72.331799
9126,105160,0,762867,13.784841,0.000000,0.022769,non_zero_exit,0.963825,0,509,0,72.323874
9127,105160,0,762867,13.784841,0.000000,0.028927,,0.963722,0,509,0,72.326906
9128,105160,0,762867,13.784841,0.000000,0.025845,non_zero_exit,0.963620,0,509,0,72.318983
9129,105160,0,762867,13.784841,0.000000,0.026799,,0.963517,0,509,0,72.322015
9130,105160,0,762867,13.784841,0.000000,0.023128,non_zero_exit,0.963414,0,509,0,72.314095
9131,105160,0,762867,13.784841,0.000000,0.022211,non_zero_exit,0.963311,0,509,0,72.306176
9132,105160,0,762867,13.784841,0.000000,1.028009,,0.963318,0,509,0,72.309208
9133,105160,0,762867,13.784841,0.000000,1.032120,,0.963326,0,509,0,72.312240
9134,105160,0,762867,13.784841,0.000000,0.026789,,0.963223,0,509,0,72.315271
9135,105160,0,762867,13.784841,0.000000,5.003942,timeout,0.963665,0,510,0,72.307356
9136,105160,0,762867,13.784841,0.000000,0.021568,non_zero_exit,0.963562,0,510,0,72.299442
9137,105160,0,762867,13.784841,0.000000,1.037462,,0.963570,0,510,0,72.302473
9138,105160,0,762867,13.784841,0.000000,4.584669,,0.963966,0,510,0,72.305504
9139,105160,0,762867,13.784841,0.000000,3.033412,,0.964193,0,510,0,72.308534
9140,105160,0,762867,13.784841,0.000000,2.428583,,0.964353,0,510,0,72.311563
9141,105160,0,762867,13.784841,0.000000,2.033472,,0.964470,0,510,0,72.314592
9142,105160,0,762867,13.784841,0.000000,0.035047,,0.964368,0,510,0,72.317620
9143,105160,0,762867,13.784841,0.000000,1.029824,,0.964376,0,510,0,72.320647
9144,105160,0,762867,13.784841,0.000000,2.032626,,0.964492,0,510,0,72.323674
9145,105160,0,762867,13.784841,0.000000,0.021911,non_zero_exit,0.964389,0,510,0,72.315766
9146,105160,0,762867,13.784841,0.000000,0.029507,,0.964287,0,510,0,72.318793
9147,105160,0,762867,13.784841,0.000000,5.007962,timeout,0.964729,0,511,0,72.310888
9148,105160,0,762867,13.784841,0.000000,0.034685,,0.964627,0,511,0,72.313914
9149,105160,0,762867,13.784841,0.000000,3.030893,,0.964853,0,511,0,72.316940
9150,105160,0,762867,13.784841,0.000000,1.036242,,0.964861,0,511,0,72.319965
9151,105160,0,762867,13.784841,0.000000,3.031100,,0.965087,0,511,0,72.322990
9152,105160,0,762867,13.784841,0.000000,1.036377,,0.965095,0,511,0,72.326013
9153,105160,0,762867,13.784841,0.000000,5.005065,timeout,0.965536,0,512,0,72.318112
9154,105208,48,762867,13.791133,0.006292,5.154966,timeout,0.965994,0,513,0,72.310213
9155,105208,0,762867,13.791133,0.000000,1.028982,,0.966000,0,513,0,72.313237
9156,105208,0,762867,13.791133,0.000000,0.023589,,0.965898,0,513,0,72.316261
9157,105211,3,762867,13.791526,0.000393,3.035693,,0.966124,0,513,0,72.319284
9158,105211,0,762867,13.791526,0.000000,5.003816,timeout,0.966564,0,514,0,72.311388
9159,105211,0,762867,13.791526,0.000000,1.030896,,0.966571,0,514,0,72.314410
9160,105211,0,762867,13.791526,0.000000,0.029526,,0.966469,0,514,0,72.317433
9161,105211,0,762867,13.791526,0.000000,5.004493,timeout,0.966910,0,515,0,72.309539
9162,105211,0,762867,13.791526,0.000000,1.029365,,0.966917,0,515,0,72.312561
9163,105211,0,762867,13.791526,0.000000,3.050336,,0.967144,0,515,0,72.315583
9164,105211,0,762867,13.791526,0.000000,1.038355,,0.967152,0,515,0,72.318603
9165,105211,0,762867,13.791526,0.000000,1.031294,,0.967159,0,515,0,72.321623
9166,105211,0,762867,13.791526,0.000000,3.033167,,0.967384,0,515,0,72.324643
9167,105211,0,762867,13.791526,0.000000,2.029510,,0.967500,0,515,0,72.327661
9168,105211,0,762867,13.791526,0.000000,0.031923,,0.967398,0,515,0,72.330679
9169,105211,0,762867,13.791526,0.000000,1.031512,,0.967405,0,515,0,72.333697
9170,105211,0,762867,13.791526,0.000000,0.028515,,0.967303,0,515,0,72.336714
9171,105211,0,762867,13.791526,0.000000,0.026997,non_zero_exit,0.967200,0,515,0,72.328827
9172,105211,0,762867,13.791526,0.000000,0.021520,non_zero_exit,0.967097,0,515,0,72.320942
9173,105211,0,762867,13.791526,0.000000,0.982667,,0.967099,0,515,0,72.323959
9174,105211,0,762867,13.791526,0.000000,0.021140,non_zero_exit,0.966996,0,515,0,72.316076
9175,105211,0,762867,13.791526,0.000000,0.033021,,0.966894,0,515,0,72.319093
9176,105211,0,762867,13.791526,0.000000,1.026386,,0.966900,0,515,0,72.322110
9177,105211,0,762867,13.791526,0.000000,0.031198,,0.966798,0,515,0,72.325125
9178,105212,1,762867,13.791657,0.000131,0.915167,,0.966793,0,515,0,72.328140
9179,105213,1,762867,13.791788,0.000131,0.037571,,0.966692,0,515,0,72.331155
9180,105213,0,762867,13.791788,0.000000,5.004777,timeout,0.967131,0,516,0,72.323276
9181,105213,0,762867,13.791788,0.000000,0.027918,,0.967029,0,516,0,72.326291
9182,105213,0,762867,13.791788,0.000000,1.045579,,0.967038,0,516,0,72.329304
9183,105213,0,762867,13.791788,0.000000,0.026502,,0.966935,0,516,0,72.332317
9184,105213,0,762867,13.791788,0.000000,0.020522,non_zero_exit,0.966832,0,516,0,72.324442
9185,105213,0,762867,13.791788,0.000000,0.033888,,0.966731,0,516,0,72.327455
9186,105213,0,762867,13.791788,0.000000,0.032933,,0.966629,0,516,0,72.330467
9187,105213,0,762867,13.791788,0.000000,0.031650,,0.966527,0,516,0,72.333478
9188,105213,0,762867,13.791788,0.000000,1.533314,,0.966589,0,516,0,72.336489
9189,105213,0,762867,13.791788,0.000000,1.031532,,0.966596,0,516,0,72.339499
9190,105213,0,762867,13.791788,0.000000,2.533533,,0.966766,0,516,0,72.342509
9191,105213,0,762867,13.791788,0.000000,1.026921,,0.966773,0,516,0,72.345518
9192,105213,0,762867,13.791788,0.000000,0.025791,non_zero_exit,0.966671,0,516,0,72.337648
9193,105213,0,762867,13.791788,0.000000,1.917570,,0.966774,0,516,0,72.340657
9194,105213,0,762867,13.791788,0.000000,0.028927,,0.966672,0,516,0,72.343665
9195,105213,0,762867,13.791788,0.000000,0.026352,,0.966570,0,516,0,72.346672
9196,105213,0,762867,13.791788,0.000000,0.031213,,0.966468,0,516,0,72.349679
9197,105213,0,762867,13.791788,0.000000,0.023902,non_zero_exit,0.966366,0,516,0,72.341813
9198,105213,0,762867,13.791788,0.000000,3.033362,,0.966590,0,516,0,72.344820
9199,105213,0,762867,13.791788,0.000000,4.534609,,0.966978,0,516,0,72.347826
9200,105213,0,762867,13.791788,0.000000,0.029447,,0.966876,0,516,0,72.350831
9201,105213,0,762867,13.791788,0.000000,0.021455,non_zero_exit,0.966773,0,516,0,72.342969
9202,105213,0,762867,13.791788,0.000000,0.025874,,0.966671,0,516,0,72.345974
9203,105213,0,762867,13.791788,0.000000,1.029030,,0.966678,0,516,0,72.348979
9204,105213,0,762867,13.791788,0.000000,1.030877,,0.966685,0,516,0,72.351983
9205,105213,0,762867,13.791788,0.000000,1.032817,,0.966692,0,516,0,72.354986
9206,105214,1,762867,13.791919,0.000131,1.026653,,0.966699,0,516,0,72.357988
9207,105214,0,762867,13.791919,0.000000,1.031109,,0.966706,0,516,0,72.360990
9208,105214,0,762867,13.791919,0.000000,1.026529,,0.966712,0,516,0,72.363992
9209,105214,0,762867,13.791919,0.000000,3.032916,non_zero_exit,0.966937,0,516,0,72.356135
9210,105214,0,762867,13.791919,0.000000,1.533125,,0.966998,0,516,0,72.359136
9211,105214,0,762867,13.791919,0.000000,0.031683,,0.966896,0,516,0,72.362136
9212,105214,0,762867,13.791919,0.000000,0.025074,,0.966794,0,516,0,72.365136
9213,105214,0,762867,13.791919,0.000000,0.036098,,0.966693,0,516,0,72.368135
9214,105214,0,762867,13.791919,0.000000,0.025647,non_zero_exit,0.966591,0,516,0,72.360282
9215,105214,0,762867,13.791919,0.000000,1.036825,,0.966599,0,516,0,72.363281
9216,105214,0,762867,13.791919,0.000000,3.542784,,0.966878,0,516,0,72.366280
9217,105214,0,762867,13.791919,0.000000,0.029136,,0.966777,0,516,0,72.369278
9218,105214,0,762867,13.791919,0.000000,0.029444,,0.966675,0,516,0,72.372275
9219,105214,0,762867,13.791919,0.000000,0.030743,,0.966573,0,516,0,72.375271
9220,105214,0,762867,13.791919,0.000000,2.064806,,0.966692,0,516,0,72.378267
9221,105214,0,762867,13.791919,0.000000,2.031659,,0.966808,0,516,0,72.381262
9222,105214,0,762867,13.791919,0.000000,1.041376,non_zero_exit,0.966816,0,516,0,72.373414
9223,105214,0,762867,13.791919,0.000000,0.028532,,0.966714,0,516,0,72.376409
9224,105214,0,762867,13.791919,0.000000,0.024261,,0.966612,0,516,0,72.379404
9225,105214,0,762867,13.791919,0.000000,2.033301,,0.966728,0,516,0,72.382398
9226,105214,0,762867,13.791919,0.000000,0.030843,,0.966626,0,516,0,72.385391
9227,105214,0,762867,13.791919,0.000000,0.041595,,0.966526,0,516,0,72.388383
9228,105214,0,762867,13.791919,0.000000,0.032345,,0.966425,0,516,0,72.391375
9229,105214,0,762867,13.791919,0.000000,0.023204,non_zero_exit,0.966323,0,516,0,72.383532
9230,105214,0,762867,13.791919,0.000000,0.022093,non_zero_exit,0.966220,0,516,0,72.375691
9231,105214,0,762867,13.791919,0.000000,5.003916,timeout,0.966658,0,517,0,72.367851
9232,105214,0,762867,13.791919,0.000000,1.028200,,0.966664,0,517,0,72.370844
9233,105214,0,762867,13.791919,0.000000,0.021653,non_zero_exit,0.966562,0,517,0,72.363006
9234,105214,0,762867,13.791919,0.000000,0.022650,non_zero_exit,0.966460,0,517,0,72.355171
9235,105214,0,762867,13.791919,0.000000,0.022972,non_zero_exit,0.966358,0,517,0,72.347337
9236,105214,0,762867,13.791919,0.000000,0.031089,,0.966256,0,517,0,72.350330
9237,105226,12,762867,13.793492,0.001573,0.028676,,0.966155,0,517,0,72.353323
9238,105226,0,762867,13.793492,0.000000,1.034010,,0.966162,0,517,0,72.356316
9239,105226,0,762867,13.793492,0.000000,0.029541,,0.966061,0,517,0,72.359307
9240,105226,0,762867,13.793492,0.000000,0.029356,,0.965960,0,517,0,72.362298
9241,105226,0,762867,13.793492,0.000000,0.028825,,0.965858,0,517,0,72.365289
9242,105226,0,762867,13.793492,0.000000,1.031970,,0.965865,0,517,0,72.368279
9243,105226,0,762867,13.793492,0.000000,0.027528,non_zero_exit,0.965764,0,517,0,72.360450
9244,105226,0,762867,13.793492,0.000000,0.033086,,0.965663,0,517,0,72.363440
9245,105226,0,762867,13.793492,0.000000,0.033659,,0.965562,0,517,0,72.366429
9246,105226,0,762867,13.793492,0.000000,0.533988,,0.965515,0,517,0,72.369417
9247,105226,0,762867,13.793492,0.000000,0.028972,,0.965414,0,517,0,72.372405
9248,105226,0,762867,13.793492,0.000000,2.030240,,0.965529,0,517,0,72.375392
9249,105226,0,762867,13.793492,0.000000,2.770857,,0.965724,0,517,0,72.378378
9250,105226,0,762867,13.793492,0.000000,0.045513,,0.965625,0,517,0,72.381364
9251,105226,0,762867,13.793492,0.000000,0.031878,,0.965524,0,517,0,72.384349
9252,105226,0,762867,13.793492,0.000000,1.034979,,0.965532,0,517,0,72.387334
9253,105226,0,762867,13.793492,0.000000,1.035069,,0.965539,0,517,0,72.390318
9254,105226,0,762867,13.793492,0.000000,1.032828,,0.965546,0,517,0,72.393301
9255,105226,0,762867,13.793492,0.000000,1.033776,,0.965554,0,517,0,72.396283
9256,105226,0,762867,13.793492,0.000000,0.032119,,0.965453,0,517,0,72.399265
9257,105226,0,762867,13.793492,0.000000,0.029651,,0.965352,0,517,0,72.402247
9258,105226,0,762867,13.793492,0.000000,5.004440,timeout,0.965788,0,518,0,72.394427
9259,105226,0,762867,13.793492,0.000000,0.021997,non_zero_exit,0.965686,0,518,0,72.386609
9260,105226,0,762867,13.793492,0.000000,3.628798,,0.965974,0,518,0,72.389591
9261,105228,2,762867,13.793754,0.000262,0.026467,non_zero_exit,0.965872,0,518,0,72.381775
9262,105228,0,762867,13.793754,0.000000,3.035628,,0.966096,0,518,0,72.384757
9263,105228,0,762867,13.793754,0.000000,3.034740,non_zero_exit,0.966319,0,518,0,72.376943
9264,105228,0,762867,13.793754,0.000000,0.032017,,0.966218,0,518,0,72.379924
9265,105228,0,762867,13.793754,0.000000,0.030336,,0.966117,0,518,0,72.382905
9266,105228,0,762867,13.793754,0.000000,0.023601,,0.966015,0,518,0,72.385885
9267,105228,0,762867,13.793754,0.000000,0.026671,,0.965914,0,518,0,72.388865
9268,105228,0,762867,13.793754,0.000000,0.031309,,0.965813,0,518,0,72.391844
9269,105228,0,762867,13.793754,0.000000,1.031008,,0.965820,0,518,0,72.394822
9270,105228,0,762867,13.793754,0.000000,5.005759,timeout,0.966256,0,519,0,72.387013
9271,105228,0,762867,13.793754,0.000000,1.033974,,0.966263,0,519,0,72.389991
9272,105228,0,762867,13.793754,0.000000,0.031963,,0.966163,0,519,0,72.392969
9273,105228,0,762867,13.793754,0.000000,0.030963,,0.966062,0,519,0,72.395946
9274,105228,0,762867,13.793754,0.000000,0.027218,,0.965961,0,519,0,72.398922
9275,105228,0,762867,13.793754,0.000000,1.042219,,0.965969,0,519,0,72.401897
9276,105228,0,762867,13.793754,0.000000,1.038326,,0.965977,0,519,0,72.404872
9277,105228,0,762867,13.793754,0.000000,2.029277,,0.966091,0,519,0,72.407847
9278,105228,0,762867,13.793754,0.000000,3.528126,,0.966367,0,519,0,72.410820
9279,105228,0,762867,13.793754,0.000000,0.022636,non_zero_exit,0.966266,0,519,0,72.403017
9280,105228,0,762867,13.793754,0.000000,0.022403,non_zero_exit,0.966164,0,519,0,72.395216
9281,105228,0,762867,13.793754,0.000000,0.028172,,0.966063,0,519,0,72.398190
9282,105228,0,762867,13.793754,0.000000,0.030153,,0.965962,0,519,0,72.401163
9283,105228,0,762867,13.793754,0.000000,0.030099,,0.965861,0,519,0,72.404136
9284,105228,0,762867,13.793754,0.000000,0.033127,,0.965761,0,519,0,72.407108
9285,105228,0,762867,13.793754,0.000000,1.031130,,0.965768,0,519,0,72.410080
9286,105228,0,762867,13.793754,0.000000,1.029193,non_zero_exit,0.965775,0,519,0,72.402283
9287,105228,0,762867,13.793754,0.000000,1.530698,non_zero_exit,0.965835,0,519,0,72.394488
9288,105228,0,762867,13.793754,0.000000,0.031206,,0.965735,0,519,0,72.397459
9289,105228,0,762867,13.793754,0.000000,5.004723,timeout,0.966170,0,520,0,72.389666
9290,105228,0,762867,13.793754,0.000000,0.028368,,0.966069,0,520,0,72.392638
9291,105228,0,762867,13.793754,0.000000,0.588103,,0.966028,0,520,0,72.395609
9292,105228,0,762867,13.793754,0.000000,3.046675,,0.966252,0,520,0,72.398580
9293,105228,0,762867,13.793754,0.000000,1.028110,,0.966259,0,520,0,72.401549
9294,105230,2,762867,13.794017,0.000262,2.606209,,0.966435,0,520,0,72.404519
9295,105230,0,762867,13.794017,0.000000,0.025073,non_zero_exit,0.966334,0,520,0,72.396730
9296,105230,0,762867,13.794017,0.000000,0.021818,non_zero_exit,0.966232,0,520,0,72.388943
9297,105230,0,762867,13.794017,0.000000,0.033928,,0.966132,0,520,0,72.391912
9298,105230,0,762867,13.794017,0.000000,0.131128,,0.966042,0,520,0,72.394881
9299,105230,0,762867,13.794017,0.000000,0.036642,,0.965942,0,520,0,72.397849
9300,105230,0,762867,13.794017,0.000000,3.447351,non_zero_exit,0.966209,0,520,0,72.390066
9301,105230,0,762867,13.794017,0.000000,1.025071,,0.966215,0,520,0,72.393034
9302,105230,0,762867,13.794017,0.000000,0.023314,non_zero_exit,0.966114,0,520,0,72.385252
9303,105230,0,762867,13.794017,0.000000,0.031086,,0.966013,0,520,0,72.388220
9304,105230,0,762867,13.794017,0.000000,2.031982,,0.966128,0,520,0,72.391188
9305,105230,0,762867,13.794017,0.000000,0.032101,,0.966028,0,520,0,72.394154
9306,105230,0,762867,13.794017,0.000000,0.020621,non_zero_exit,0.965926,0,520,0,72.386376
9307,105230,0,762867,13.794017,0.000000,1.032876,,0.965933,0,520,0,72.389343
9308,105230,0,762867,13.794017,0.000000,1.034589,,0.965941,0,520,0,72.392309
9309,105230,0,762867,13.794017,0.000000,1.029277,,0.965947,0,520,0,72.395274
9310,105230,0,762867,13.794017,0.000000,1.029804,,0.965954,0,520,0,72.398239
9311,105237,7,762867,13.794934,0.000918,0.022705,non_zero_exit,0.965853,0,520,0,72.390464
9312,105237,0,762867,13.794934,0.000000,0.021664,non_zero_exit,0.965752,0,520,0,72.382691
9313,105237,0,762867,13.794934,0.000000,3.035252,,0.965974,0,520,0,72.385656
9314,105237,0,762867,13.794934,0.000000,0.032072,,0.965873,0,520,0,72.388621
9315,105237,0,762867,13.794934,0.000000,0.024640,non_zero_exit,0.965772,0,520,0,72.380850
9316,105237,0,762867,13.794934,0.000000,1.038762,,0.965780,0,520,0,72.383815
9317,105237,0,762867,13.794934,0.000000,3.032387,,0.966002,0,520,0,72.386778
9318,105237,0,762867,13.794934,0.000000,0.031670,,0.965902,0,520,0,72.389741
9319,105237,0,762867,13.794934,0.000000,0.029673,,0.965801,0,520,0,72.392704
9320,105237,0,762867,13.794934,0.000000,2.536030,,0.965970,0,520,0,72.395666
9321,105237,0,762867,13.794934,0.000000,1.030440,,0.965977,0,520,0,72.398627
9322,105237,0,762867,13.794934,0.000000,0.023655,non_zero_exit,0.965876,0,520,0,72.390861
9323,105237,0,762867,13.794934,0.000000,1.028087,,0.965882,0,520,0,72.393822
9324,105237,0,762867,13.794934,0.000000,0.029535,,0.965782,0,520,0,72.396783
9325,105237,0,762867,13.794934,0.000000,0.537213,,0.965736,0,520,0,72.399743
9326,105237,0,762867,13.794934,0.000000,0.031054,,0.965636,0,520,0,72.402702
9327,105239,2,762867,13.795196,0.000262,4.035121,,0.965965,0,520,0,72.405660
9328,105239,0,762867,13.795196,0.000000,0.537254,,0.965919,0,520,0,72.408618
9329,105239,0,762867,13.795196,0.000000,1.028819,,0.965926,0,520,0,72.411576
9330,105239,0,762867,13.795196,0.000000,2.032626,,0.966040,0,520,0,72.414532
9331,105252,13,762867,13.796900,0.001704,0.027888,,0.965939,0,520,0,72.417488
9332,105252,0,762867,13.796900,0.000000,2.030852,,0.966053,0,520,0,72.420444
9333,105252,0,762867,13.796900,0.000000,0.032109,,0.965953,0,520,0,72.423398
9334,105252,0,762867,13.796900,0.000000,0.031314,,0.965853,0,520,0,72.426352
9335,105252,0,762867,13.796900,0.000000,0.030564,,0.965753,0,520,0,72.429306
9336,105252,0,762867,13.796900,0.000000,1.031438,,0.965760,0,520,0,72.432259
9337,105252,0,762867,13.796900,0.000000,0.035264,,0.965660,0,520,0,72.435211
9338,105252,0,762867,13.796900,0.000000,1.765121,,0.965746,0,520,0,72.438163
9339,105254,2,762867,13.797163,0.000262,1.038696,,0.965754,0,520,0,72.441113
9340,105254,0,762867,13.797163,0.000000,0.027532,non_zero_exit,0.965653,0,520,0,72.433358
9341,105254,0,762867,13.797163,0.000000,0.027575,non_zero_exit,0.965553,0,520,0,72.425605
9342,105254,0,762867,13.797163,0.000000,0.034307,,0.965453,0,520,0,72.428556
9343,105254,0,762867,13.797163,0.000000,1.037374,,0.965461,0,520,0,72.431507
9344,105254,0,762867,13.797163,0.000000,0.080302,,0.965366,0,520,0,72.434457
9345,105254,0,762867,13.797163,0.000000,1.040976,,0.965374,0,520,0,72.437406
9346,105254,0,762867,13.797163,0.000000,1.027664,,0.965381,0,520,0,72.440355
9347,105254,0,762867,13.797163,0.000000,0.031856,,0.965281,0,520,0,72.443303
9348,105254,0,762867,13.797163,0.000000,3.034539,,0.965503,0,520,0,72.446251
9349,105254,0,762867,13.797163,0.000000,0.029797,,0.965403,0,520,0,72.449198
9350,105254,0,762867,13.797163,0.000000,0.025319,,0.965302,0,520,0,72.452144
9351,105254,0,762867,13.797163,0.000000,2.537333,,0.965470,0,520,0,72.455090
9352,105254,0,762867,13.797163,0.000000,0.032994,,0.965370,0,520,0,72.458035
9353,105254,0,762867,13.797163,0.000000,3.036758,,0.965592,0,520,0,72.460979
9354,105254,0,762867,13.797163,0.000000,3.036778,,0.965813,0,520,0,72.463923
9355,105254,0,762867,13.797163,0.000000,3.036392,,0.966035,0,520,0,72.466866
9356,105254,0,762867,13.797163,0.000000,3.040290,,0.966256,0,520,0,72.469809
9357,105254,0,762867,13.797163,0.000000,1.032313,,0.966263,0,520,0,72.472751
9358,105254,0,762867,13.797163,0.000000,1.027953,,0.966270,0,520,0,72.475692
9359,105254,0,762867,13.797163,0.000000,0.023603,non_zero_exit,0.966169,0,520,0,72.467949
9360,105254,0,762867,13.797163,0.000000,0.026942,,0.966069,0,520,0,72.470890
9361,105254,0,762867,13.797163,0.000000,2.033884,non_zero_exit,0.966183,0,520,0,72.463149
9362,105254,0,762867,13.797163,0.000000,1.142546,non_zero_exit,0.966202,0,520,0,72.455410
9363,105254,0,762867,13.797163,0.000000,1.029613,,0.966208,0,520,0,72.458351
9364,105254,0,762867,13.797163,0.000000,1.142805,,0.966227,0,520,0,72.461292
9365,105254,0,762867,13.797163,0.000000,5.005212,timeout,0.966659,0,521,0,72.453555
9366,105254,0,762867,13.797163,0.000000,0.037074,,0.966559,0,521,0,72.456496
9367,105303,49,762867,13.803586,0.006423,0.371345,non_zero_exit,0.966496,0,521,0,72.448762
9368,105303,0,762867,13.803586,0.000000,1.029855,,0.966503,0,521,0,72.451702
9369,105303,0,762867,13.803586,0.000000,0.032980,,0.966403,0,521,0,72.454642
9370,105330,27,762867,13.807125,0.003539,0.130267,,0.966314,0,521,0,72.457582
9371,105330,0,762867,13.807125,0.000000,1.029392,,0.966320,0,521,0,72.460521
9372,105330,0,762867,13.807125,0.000000,0.026090,non_zero_exit,0.966220,0,521,0,72.452790
9373,105330,0,762867,13.807125,0.000000,1.028767,,0.966227,0,521,0,72.455729
9374,105330,0,762867,13.807125,0.000000,0.027879,,0.966127,0,521,0,72.458667
9375,105330,0,762867,13.807125,0.000000,1.030912,,0.966134,0,521,0,72.461604
9376,105330,0,762867,13.807125,0.000000,0.032066,,0.966034,0,521,0,72.464541
9377,105330,0,762867,13.807125,0.000000,1.035764,,0.966041,0,521,0,72.467477
9378,105330,0,762867,13.807125,0.000000,1.031502,,0.966048,0,521,0,72.470413
9379,105330,0,762867,13.807125,0.000000,0.021881,non_zero_exit,0.965948,0,521,0,72.462687
9380,105330,0,762867,13.807125,0.000000,1.032944,non_zero_exit,0.965955,0,521,0,72.454962
9381,105330,0,762867,13.807125,0.000000,3.031603,,0.966175,0,521,0,72.457898
9382,105330,0,762867,13.807125,0.000000,0.023780,non_zero_exit,0.966075,0,521,0,72.450176
9383,105330,0,762867,13.807125,0.000000,0.022293,non_zero_exit,0.965974,0,521,0,72.442455
9384,105330,0,762867,13.807125,0.000000,1.036452,,0.965982,0,521,0,72.445392
9385,105330,0,762867,13.807125,0.000000,2.024853,,0.966094,0,521,0,72.448327
9386,105330,0,762867,13.807125,0.000000,0.033408,,0.965995,0,521,0,72.451262
9387,105330,0,762867,13.807125,0.000000,2.130864,,0.966119,0,521,0,72.454197
9388,105330,0,762867,13.807125,0.000000,0.026084,non_zero_exit,0.966019,0,521,0,72.446480
9389,105330,0,762867,13.807125,0.000000,5.004501,timeout,0.966449,0,522,0,72.438765
9390,105330,0,762867,13.807125,0.000000,3.031575,,0.966669,0,522,0,72.441699
9391,105330,0,762867,13.807125,0.000000,2.533242,,0.966836,0,522,0,72.444634
9392,105330,0,762867,13.807125,0.000000,0.030911,,0.966736,0,522,0,72.447567
9393,105330,0,762867,13.807125,0.000000,1.028891,non_zero_exit,0.966743,0,522,0,72.439855
9394,105330,0,762867,13.807125,0.000000,0.030424,,0.966643,0,522,0,72.442789
9395,105330,0,762867,13.807125,0.000000,0.031903,,0.966544,0,522,0,72.445722
9396,105330,0,762867,13.807125,0.000000,1.039217,,0.966551,0,522,0,72.448654
9397,105330,0,762867,13.807125,0.000000,1.030864,,0.966558,0,522,0,72.451585
9398,105330,0,762867,13.807125,0.000000,1.030272,,0.966565,0,522,0,72.454516
9399,105330,0,762867,13.807125,0.000000,0.024357,,0.966465,0,522,0,72.457447
9400,105330,0,762867,13.807125,0.000000,0.030293,,0.966365,0,522,0,72.460377
9401,105330,0,762867,13.807125,0.000000,1.029153,,0.966372,0,522,0,72.463306
9402,105330,0,762867,13.807125,0.000000,5.004291,timeout,0.966801,0,523,0,72.455599
9403,105330,0,762867,13.807125,0.000000,1.032900,,0.966808,0,523,0,72.458528
9404,105330,0,762867,13.807125,0.000000,1.030472,,0.966815,0,523,0,72.461457
9405,105330,0,762867,13.807125,0.000000,1.031420,,0.966822,0,523,0,72.464384
9406,105330,0,762867,13.807125,0.000000,0.022074,non_zero_exit,0.966721,0,523,0,72.456681
9407,105330,0,762867,13.807125,0.000000,3.030483,,0.966941,0,523,0,72.459609
9408,105330,0,762867,13.807125,0.000000,3.035711,,0.967161,0,523,0,72.462536
9409,105330,0,762867,13.807125,0.000000,0.034897,,0.967062,0,523,0,72.465462
9410,105330,0,762867,13.807125,0.000000,0.033312,,0.966962,0,523,0,72.468388
9411,105330,0,762867,13.807125,0.000000,0.032161,,0.966863,0,523,0,72.471313
9412,105330,0,762867,13.807125,0.000000,0.022394,non_zero_exit,0.966763,0,523,0,72.463614
9413,105330,0,762867,13.807125,0.000000,0.030846,,0.966663,0,523,0,72.466539
9414,105330,0,762867,13.807125,0.000000,0.028830,,0.966564,0,523,0,72.469464
9415,105330,0,762867,13.807125,0.000000,2.034069,,0.966677,0,523,0,72.472387
9416,105330,0,762867,13.807125,0.000000,1.034739,,0.966684,0,523,0,72.475311
9417,105330,0,762867,13.807125,0.000000,4.538942,,0.967064,0,523,0,72.478233
9418,105330,0,762867,13.807125,0.000000,5.004144,timeout,0.967492,0,524,0,72.470538
9419,105330,0,762867,13.807125,0.000000,0.023501,non_zero_exit,0.967392,0,524,0,72.462845
9420,105330,0,762867,13.807125,0.000000,0.335647,,0.967325,0,524,0,72.465768
9421,105330,0,762867,13.807125,0.000000,1.027738,,0.967331,0,524,0,72.468690
9422,105330,0,762867,13.807125,0.000000,1.937521,,0.967434,0,524,0,72.471612
9423,105330,0,762867,13.807125,0.000000,0.040294,,0.967336,0,524,0,72.474533
9424,105330,0,762867,13.807125,0.000000,0.024819,non_zero_exit,0.967236,0,524,0,72.466844
9425,105330,0,762867,13.807125,0.000000,0.025200,non_zero_exit,0.967136,0,524,0,72.459156
9426,105330,0,762867,13.807125,0.000000,1.028724,,0.967143,0,524,0,72.462077
9427,105330,0,762867,13.807125,0.000000,1.030005,,0.967149,0,524,0,72.464998
9428,105330,0,762867,13.807125,0.000000,0.020844,non_zero_exit,0.967049,0,524,0,72.457313
9429,105330,0,762867,13.807125,0.000000,1.034745,,0.967056,0,524,0,72.460233
9430,105330,0,762867,13.807125,0.000000,3.030529,,0.967275,0,524,0,72.463153
9431,105330,0,762867,13.807125,0.000000,0.434469,,0.967218,0,524,0,72.466073
9432,105330,0,762867,13.807125,0.000000,1.035155,,0.967226,0,524,0,72.468992
9433,105330,0,762867,13.807125,0.000000,0.031770,non_zero_exit,0.967126,0,524,0,72.461310
9434,105330,0,762867,13.807125,0.000000,1.034984,,0.967134,0,524,0,72.464229
9435,105330,0,762867,13.807125,0.000000,1.028859,,0.967140,0,524,0,72.467147
9436,105330,0,762867,13.807125,0.000000,0.030906,,0.967041,0,524,0,72.470065
9437,105330,0,762867,13.807125,0.000000,1.028982,,0.967047,0,524,0,72.472982
9438,105330,0,762867,13.807125,0.000000,1.028295,,0.967054,0,524,0,72.475898
9439,105330,0,762867,13.807125,0.000000,0.130642,,0.966965,0,524,0,72.478814
9440,105330,0,762867,13.807125,0.000000,3.034495,,0.967184,0,524,0,72.481729
9441,105330,0,762867,13.807125,0.000000,0.024509,non_zero_exit,0.967085,0,524,0,72.474052
9442,105330,0,762867,13.807125,0.000000,0.028363,,0.966985,0,524,0,72.476967
9443,105330,0,762867,13.807125,0.000000,1.030742,,0.966992,0,524,0,72.479881
9444,105330,0,762867,13.807125,0.000000,0.026166,non_zero_exit,0.966892,0,524,0,72.472208
9445,105330,0,762867,13.807125,0.000000,3.036129,,0.967111,0,524,0,72.475122
9446,105330,0,762867,13.807125,0.000000,0.030956,,0.967012,0,524,0,72.478035
9447,105330,0,762867,13.807125,0.000000,1.031978,,0.967019,0,524,0,72.480948
9448,105330,0,762867,13.807125,0.000000,0.030006,,0.966920,0,524,0,72.483861
9449,105330,0,762867,13.807125,0.000000,0.033012,,0.966821,0,524,0,72.486772
9450,105330,0,762867,13.807125,0.000000,1.029944,,0.966828,0,524,0,72.489684
9451,105330,0,762867,13.807125,0.000000,0.033387,,0.966729,0,524,0,72.492594
9452,105331,1,762867,13.807256,0.000131,1.028992,,0.966736,0,524,0,72.495504
9453,105331,0,762867,13.807256,0.000000,1.029245,,0.966742,0,524,0,72.498413
9454,105331,0,762867,13.807256,0.000000,1.037821,,0.966750,0,524,0,72.501322
9455,105331,0,762867,13.807256,0.000000,0.135412,,0.966662,0,524,0,72.504230
9456,105331,0,762867,13.807256,0.000000,0.023736,non_zero_exit,0.966562,0,524,0,72.496563
9457,105331,0,762867,13.807256,0.000000,3.034474,,0.966781,0,524,0,72.499471
9458,105331,0,762867,13.807256,0.000000,0.025346,non_zero_exit,0.966681,0,524,0,72.491807
9459,105331,0,762867,13.807256,0.000000,4.733346,,0.967079,0,524,0,72.494715
9460,105331,0,762867,13.807256,0.000000,0.031175,,0.966980,0,524,0,72.497622
9461,105331,0,762867,13.807256,0.000000,5.004000,timeout,0.967407,0,525,0,72.489960
9462,105331,0,762867,13.807256,0.000000,3.034148,,0.967626,0,525,0,72.492867
9463,105331,0,762867,13.807256,0.000000,0.029350,,0.967526,0,525,0,72.495773
9464,105331,0,762867,13.807256,0.000000,0.027878,,0.967427,0,525,0,72.498679
9465,105331,0,762867,13.807256,0.000000,1.036662,,0.967434,0,525,0,72.501585
9466,105331,0,762867,13.807256,0.000000,4.766300,,0.967836,0,525,0,72.504489
9467,105331,0,762867,13.807256,0.000000,5.007881,timeout,0.968262,0,526,0,72.496831
9468,105331,0,762867,13.807256,0.000000,0.029519,,0.968163,0,526,0,72.499736
9469,105331,0,762867,13.807256,0.000000,0.029275,,0.968064,0,526,0,72.502640
9470,105331,0,762867,13.807256,0.000000,0.021811,non_zero_exit,0.967964,0,526,0,72.494985
9471,105331,0,762867,13.807256,0.000000,1.030373,,0.967971,0,526,0,72.497889
9472,105331,0,762867,13.807256,0.000000,0.030504,,0.967872,0,526,0,72.500792
9473,105331,0,762867,13.807256,0.000000,1.030243,,0.967878,0,526,0,72.503694
9474,105331,0,762867,13.807256,0.000000,3.035594,,0.968097,0,526,0,72.506596
9475,105331,0,762867,13.807256,0.000000,2.032871,,0.968209,0,526,0,72.509498
9476,105331,0,762867,13.807256,0.000000,1.030587,,0.968216,0,526,0,72.512398
9477,105331,0,762867,13.807256,0.000000,0.033018,,0.968117,0,526,0,72.515299
9478,105331,0,762867,13.807256,0.000000,0.022777,non_zero_exit,0.968017,0,526,0,72.507648
9479,105331,0,762867,13.807256,0.000000,0.029419,,0.967918,0,526,0,72.510549
9480,105331,0,762867,13.807256,0.000000,2.680056,,0.968099,0,526,0,72.513448
9481,105331,0,762867,13.807256,0.000000,0.023046,non_zero_exit,0.967999,0,526,0,72.505800
9482,105331,0,762867,13.807256,0.000000,0.029857,,0.967900,0,526,0,72.508700
9483,105331,0,762867,13.807256,0.000000,0.029113,,0.967801,0,526,0,72.511598
9484,105332,1,762867,13.807387,0.000131,0.030285,,0.967702,0,526,0,72.514497
9485,105332,0,762867,13.807387,0.000000,0.022234,non_zero_exit,0.967603,0,526,0,72.506852
9486,105332,0,762867,13.807387,0.000000,2.039321,,0.967716,0,526,0,72.509750
9487,105332,0,762867,13.807387,0.000000,1.028056,,0.967722,0,526,0,72.512648
9488,105332,0,762867,13.807387,0.000000,2.030869,,0.967834,0,526,0,72.515544
9489,105332,0,762867,13.807387,0.000000,5.005028,timeout,0.968259,0,527,0,72.507903
9490,105332,0,762867,13.807387,0.000000,0.023911,non_zero_exit,0.968160,0,527,0,72.500263
9491,105332,0,762867,13.807387,0.000000,1.033616,,0.968167,0,527,0,72.503161
9492,105332,0,762867,13.807387,0.000000,1.029779,,0.968173,0,527,0,72.506057
9493,105332,0,762867,13.807387,0.000000,5.003706,timeout,0.968598,0,528,0,72.498420
9494,105332,0,762867,13.807387,0.000000,0.032702,,0.968500,0,528,0,72.501316
9495,105332,0,762867,13.807387,0.000000,0.521441,,0.968453,0,528,0,72.504212
9496,105332,0,762867,13.807387,0.000000,1.817404,,0.968542,0,528,0,72.507108
9497,105332,0,762867,13.807387,0.000000,0.028078,,0.968443,0,528,0,72.510002
9498,105332,0,762867,13.807387,0.000000,0.022045,non_zero_exit,0.968344,0,528,0,72.502369
9499,105332,0,762867,13.807387,0.000000,0.023099,non_zero_exit,0.968244,0,528,0,72.494737
9500,105332,0,762867,13.807387,0.000000,3.040673,,0.968462,0,528,0,72.497632
9501,105332,0,762867,13.807387,0.000000,0.031938,,0.968364,0,528,0,72.500526
9502,105332,0,762867,13.807387,0.000000,3.038514,,0.968581,0,528,0,72.503420
9503,105332,0,762867,13.807387,0.000000,1.030672,,0.968588,0,528,0,72.506313
9504,105332,0,762867,13.807387,0.000000,0.021072,non_zero_exit,0.968488,0,528,0,72.498685
9505,105332,0,762867,13.807387,0.000000,5.004555,timeout,0.968913,0,529,0,72.491058
9506,105332,0,762867,13.807387,0.000000,3.041524,,0.969131,0,529,0,72.493952
9507,105332,0,762867,13.807387,0.000000,3.030988,,0.969348,0,529,0,72.496845
9508,105332,0,762867,13.807387,0.000000,5.004097,timeout,0.969772,0,530,0,72.489221
9509,105332,0,762867,13.807387,0.000000,0.022444,non_zero_exit,0.969672,0,530,0,72.481598
9510,105332,0,762867,13.807387,0.000000,5.003953,timeout,0.970097,0,531,0,72.473977
9511,105332,0,762867,13.807387,0.000000,0.029353,,0.969998,0,531,0,72.476871
9512,105332,0,762867,13.807387,0.000000,1.917478,,0.970097,0,531,0,72.479765
9513,105332,0,762867,13.807387,0.000000,0.040828,,0.970000,0,531,0,72.482657
9514,105332,0,762867,13.807387,0.000000,1.039102,,0.970007,0,531,0,72.485549
9515,105332,0,762867,13.807387,0.000000,0.026597,,0.969908,0,531,0,72.488441
9516,105332,0,762867,13.807387,0.000000,1.032236,,0.969914,0,531,0,72.491331
9517,105332,0,762867,13.807387,0.000000,0.232926,,0.969837,0,531,0,72.494221
9518,105332,0,762867,13.807387,0.000000,0.028240,,0.969738,0,531,0,72.497111
9519,105332,0,762867,13.807387,0.000000,3.032396,,0.969955,0,531,0,72.500000
9520,105332,0,762867,13.807387,0.000000,1.031261,,0.969961,0,531,0,72.502888
9521,105332,0,762867,13.807387,0.000000,1.029838,,0.969967,0,531,0,72.505776
9522,105332,0,762867,13.807387,0.000000,3.031113,,0.970184,0,531,0,72.508663
9523,105332,0,762867,13.807387,0.000000,0.018532,non_zero_exit,0.970084,0,531,0,72.501050
9524,105332,0,762867,13.807387,0.000000,1.031282,,0.970090,0,531,0,72.503937
9525,105332,0,762867,13.807387,0.000000,0.028209,,0.969991,0,531,0,72.506823
9526,105332,0,762867,13.807387,0.000000,0.031286,,0.969893,0,531,0,72.509709
9527,105332,0,762867,13.807387,0.000000,0.022214,non_zero_exit,0.969793,0,531,0,72.502099
9528,105332,0,762867,13.807387,0.000000,0.034675,,0.969695,0,531,0,72.504985
9529,105332,0,762867,13.807387,0.000000,1.028431,,0.969701,0,531,0,72.507870
9530,105335,3,762867,13.807780,0.000393,5.092848,timeout,0.970134,0,532,0,72.500262
9531,105335,0,762867,13.807780,0.000000,0.029387,,0.970035,0,532,0,72.503147
9532,105335,0,762867,13.807780,0.000000,0.024122,non_zero_exit,0.969936,0,532,0,72.495542
9533,105335,0,762867,13.807780,0.000000,0.031212,,0.969838,0,532,0,72.498427
9534,105335,0,762867,13.807780,0.000000,0.024019,non_zero_exit,0.969738,0,532,0,72.490823
9535,105335,0,762867,13.807780,0.000000,0.035461,,0.969640,0,532,0,72.493708
9536,105335,0,762867,13.807780,0.000000,0.025980,non_zero_exit,0.969542,0,532,0,72.486107
9537,105335,0,762867,13.807780,0.000000,1.050436,,0.969550,0,532,0,72.488991
9538,105335,0,762867,13.807780,0.000000,0.534529,,0.969504,0,532,0,72.491875
9539,105335,0,762867,13.807780,0.000000,1.030141,,0.969511,0,532,0,72.494759
9540,105335,0,762867,13.807780,0.000000,0.032209,non_zero_exit,0.969413,0,532,0,72.487161
9541,105335,0,762867,13.807780,0.000000,3.036581,,0.969629,0,532,0,72.490044
9542,105335,0,762867,13.807780,0.000000,0.030910,,0.969531,0,532,0,72.492927
9543,105335,0,762867,13.807780,0.000000,0.065577,non_zero_exit,0.969436,0,532,0,72.485331
9544,105335,0,762867,13.807780,0.000000,1.028226,,0.969442,0,532,0,72.488214
9545,105335,0,762867,13.807780,0.000000,0.022939,non_zero_exit,0.969343,0,532,0,72.480620
9546,105335,0,762867,13.807780,0.000000,1.028945,,0.969349,0,532,0,72.483503
9547,105335,0,762867,13.807780,0.000000,5.004532,timeout,0.969772,0,533,0,72.475911
9548,105335,0,762867,13.807780,0.000000,0.030762,,0.969674,0,533,0,72.478794
9549,105335,0,762867,13.807780,0.000000,0.025894,non_zero_exit,0.969575,0,533,0,72.471204
9550,105335,0,762867,13.807780,0.000000,0.030876,,0.969477,0,533,0,72.474086
9551,105335,0,762867,13.807780,0.000000,0.036773,,0.969379,0,533,0,72.476968
9552,105335,0,762867,13.807780,0.000000,0.030861,,0.969281,0,533,0,72.479849
9553,105335,0,762867,13.807780,0.000000,2.033328,,0.969392,0,533,0,72.482730
9554,105335,0,762867,13.807780,0.000000,1.031646,,0.969399,0,533,0,72.485610
9555,105335,0,762867,13.807780,0.000000,0.534618,,0.969353,0,533,0,72.488489
9556,105335,0,762867,13.807780,0.000000,2.032796,,0.969464,0,533,0,72.491368
9557,105335,0,762867,13.807780,0.000000,0.029103,,0.969366,0,533,0,72.494246
9558,105335,0,762867,13.807780,0.000000,0.036638,,0.969268,0,533,0,72.497123
9559,105335,0,762867,13.807780,0.000000,5.003830,timeout,0.969690,0,534,0,72.489540
9560,105335,0,762867,13.807780,0.000000,0.027664,,0.969592,0,534,0,72.492417
9561,105335,0,762867,13.807780,0.000000,0.022781,non_zero_exit,0.969493,0,534,0,72.484836
9562,105335,0,762867,13.807780,0.000000,0.027661,non_zero_exit,0.969394,0,534,0,72.477256
9563,105335,0,762867,13.807780,0.000000,2.534815,,0.969558,0,534,0,72.480134
9564,105335,0,762867,13.807780,0.000000,0.029804,,0.969460,0,534,0,72.483011
9565,105337,2,762867,13.808043,0.000262,1.030648,,0.969466,0,534,0,72.485888
9566,105337,0,762867,13.808043,0.000000,0.024364,,0.969367,0,534,0,72.488763
9567,105337,0,762867,13.808043,0.000000,0.023257,non_zero_exit,0.969268,0,534,0,72.481187
9568,105337,0,762867,13.808043,0.000000,0.034638,non_zero_exit,0.969171,0,534,0,72.473613
9569,105337,0,762867,13.808043,0.000000,0.829724,,0.969156,0,534,0,72.476489
9570,105337,0,762867,13.808043,0.000000,0.030631,,0.969058,0,534,0,72.479365
9571,105337,0,762867,13.808043,0.000000,0.025751,non_zero_exit,0.968960,0,534,0,72.471793
9572,105337,0,762867,13.808043,0.000000,1.024216,,0.968965,0,534,0,72.474668
9573,105337,0,762867,13.808043,0.000000,0.032895,,0.968868,0,534,0,72.477543
9574,105337,0,762867,13.808043,0.000000,2.036319,,0.968979,0,534,0,72.480418
9575,105337,0,762867,13.808043,0.000000,0.031952,,0.968881,0,534,0,72.483292
9576,105337,0,762867,13.808043,0.000000,0.029755,,0.968783,0,534,0,72.486165
9577,105337,0,762867,13.808043,0.000000,0.026659,,0.968685,0,534,0,72.489037
9578,105337,0,762867,13.808043,0.000000,0.530310,,0.968639,0,534,0,72.491909
9579,105337,0,762867,13.808043,0.000000,1.038975,,0.968646,0,534,0,72.494781
9580,105337,0,762867,13.808043,0.000000,1.030433,,0.968653,0,534,0,72.497652
9581,105337,0,762867,13.808043,0.000000,5.003290,timeout,0.969074,0,535,0,72.490086
9582,105337,0,762867,13.808043,0.000000,1.031584,,0.969080,0,535,0,72.492956
9583,105337,0,762867,13.808043,0.000000,1.031470,,0.969087,0,535,0,72.495826
9584,105337,0,762867,13.808043,0.000000,0.333344,,0.969021,0,535,0,72.498696
9585,105337,0,762867,13.808043,0.000000,0.029325,,0.968923,0,535,0,72.501565
9586,105339,2,762867,13.808305,0.000262,0.922108,,0.968918,0,535,0,72.504433
9587,105339,0,762867,13.808305,0.000000,2.032449,,0.969029,0,535,0,72.507301
9588,105339,0,762867,13.808305,0.000000,1.037542,,0.969036,0,535,0,72.510168
9589,105339,0,762867,13.808305,0.000000,0.333448,,0.968970,0,535,0,72.513034
9590,105339,0,762867,13.808305,0.000000,1.028811,,0.968976,0,535,0,72.515900
9591,105339,0,762867,13.808305,0.000000,0.022492,non_zero_exit,0.968877,0,535,0,72.508340
9592,105339,0,762867,13.808305,0.000000,1.035224,,0.968884,0,535,0,72.511206
9593,105339,0,762867,13.808305,0.000000,3.036104,,0.969099,0,535,0,72.514071
9594,105339,0,762867,13.808305,0.000000,3.035722,,0.969315,0,535,0,72.516936
9595,105339,0,762867,13.808305,0.000000,5.008083,timeout,0.969736,0,536,0,72.509379
9596,105339,0,762867,13.808305,0.000000,1.532923,non_zero_exit,0.969794,0,536,0,72.501823
9597,105339,0,762867,13.808305,0.000000,0.025118,,0.969696,0,536,0,72.504688
9598,105339,0,762867,13.808305,0.000000,0.035586,,0.969599,0,536,0,72.507553
9599,105339,0,762867,13.808305,0.000000,0.027537,non_zero_exit,0.969501,0,536,0,72.500000
9600,105339,0,762867,13.808305,0.000000,0.028041,,0.969402,0,536,0,72.502864
9601,105339,0,762867,13.808305,0.000000,1.030965,,0.969409,0,536,0,72.505728
9602,105339,0,762867,13.808305,0.000000,0.029414,,0.969311,0,536,0,72.508591
9603,105339,0,762867,13.808305,0.000000,5.004586,timeout,0.969731,0,537,0,72.501041
9604,105339,0,762867,13.808305,0.000000,0.528649,,0.969685,0,537,0,72.503904
9605,105339,0,762867,13.808305,0.000000,0.023123,non_zero_exit,0.969587,0,537,0,72.496356
9606,105339,0,762867,13.808305,0.000000,1.027740,,0.969593,0,537,0,72.499219
9607,105339,0,762867,13.808305,0.000000,0.023275,non_zero_exit,0.969494,0,537,0,72.491674
9608,105339,0,762867,13.808305,0.000000,1.032582,,0.969501,0,537,0,72.494536
9609,105339,0,762867,13.808305,0.000000,0.023874,,0.969402,0,537,0,72.497399
9610,105339,0,762867,13.808305,0.000000,0.033727,,0.969305,0,537,0,72.500260
9611,105339,0,762867,13.808305,0.000000,0.023407,non_zero_exit,0.969207,0,537,0,72.492717
9612,105339,0,762867,13.808305,0.000000,0.022668,non_zero_exit,0.969108,0,537,0,72.485176
9613,105339,0,762867,13.808305,0.000000,4.047360,,0.969428,0,537,0,72.488038
9614,105339,0,762867,13.808305,0.000000,1.032182,,0.969435,0,537,0,72.490900
9615,105339,0,762867,13.808305,0.000000,1.030186,,0.969441,0,537,0,72.493760
9616,105339,0,762867,13.808305,0.000000,0.333953,,0.969375,0,537,0,72.496621
9617,105339,0,762867,13.808305,0.000000,3.036018,,0.969590,0,537,0,72.499480
9618,105339,0,762867,13.808305,0.000000,1.036035,,0.969597,0,537,0,72.502339
9619,105339,0,762867,13.808305,0.000000,0.026486,non_zero_exit,0.969499,0,537,0,72.494802
9620,105339,0,762867,13.808305,0.000000,0.030351,,0.969401,0,537,0,72.497661
9621,105339,0,762867,13.808305,0.000000,0.031538,,0.969304,0,537,0,72.500520
9622,105339,0,762867,13.808305,0.000000,0.023550,non_zero_exit,0.969206,0,537,0,72.492986
9623,105339,0,762867,13.808305,0.000000,1.545305,,0.969265,0,537,0,72.495844
9624,105339,0,762867,13.808305,0.000000,0.032221,,0.969168,0,537,0,72.498701
9625,105339,0,762867,13.808305,0.000000,5.007776,timeout,0.969588,0,538,0,72.491170
9626,105339,0,762867,13.808305,0.000000,1.029634,,0.969594,0,538,0,72.494027
9627,105339,0,762867,13.808305,0.000000,0.020452,non_zero_exit,0.969495,0,538,0,72.486498
9628,105339,0,762867,13.808305,0.000000,0.029456,,0.969398,0,538,0,72.489355
9629,105339,0,762867,13.808305,0.000000,0.030868,,0.969300,0,538,0,72.492212
9630,105339,0,762867,13.808305,0.000000,1.031063,,0.969307,0,538,0,72.495068
9631,105339,0,762867,13.808305,0.000000,1.030995,,0.969313,0,538,0,72.497924
9632,105339,0,762867,13.808305,0.000000,1.030492,,0.969319,0,538,0,72.500779
9633,105339,0,762867,13.808305,0.000000,1.036760,,0.969326,0,538,0,72.503633
9634,105339,0,762867,13.808305,0.000000,0.022449,non_zero_exit,0.969228,0,538,0,72.496108
9635,105339,0,762867,13.808305,0.000000,0.029082,,0.969130,0,538,0,72.498962
9636,105339,0,762867,13.808305,0.000000,0.033379,,0.969033,0,538,0,72.501816
9637,105339,0,762867,13.808305,0.000000,1.029445,,0.969040,0,538,0,72.504669
9638,105339,0,762867,13.808305,0.000000,0.025983,non_zero_exit,0.968942,0,538,0,72.497147
9639,105339,0,762867,13.808305,0.000000,3.117487,,0.969165,0,538,0,72.500000
9640,105339,0,762867,13.808305,0.000000,5.004519,timeout,0.969583,0,539,0,72.492480
9641,105339,0,762867,13.808305,0.000000,0.030136,,0.969486,0,539,0,72.495333
9642,105339,0,762867,13.808305,0.000000,1.545739,,0.969546,0,539,0,72.498185
9643,105339,0,762867,13.808305,0.000000,1.530870,,0.969604,0,539,0,72.501037
9644,105339,0,762867,13.808305,0.000000,0.021563,non_zero_exit,0.969506,0,539,0,72.493520
9645,105339,0,762867,13.808305,0.000000,0.029670,,0.969408,0,539,0,72.496372
9646,105339,0,762867,13.808305,0.000000,0.033714,,0.969311,0,539,0,72.499223
9647,105339,0,762867,13.808305,0.000000,1.029250,,0.969317,0,539,0,72.502073
9648,105339,0,762867,13.808305,0.000000,3.928227,,0.969624,0,539,0,72.504923
9649,105339,0,762867,13.808305,0.000000,0.032038,,0.969527,0,539,0,72.507772
9650,105339,0,762867,13.808305,0.000000,0.026221,,0.969429,0,539,0,72.510621
9651,105339,0,762867,13.808305,0.000000,0.022512,non_zero_exit,0.969331,0,539,0,72.503108
9652,105340,1,762867,13.808436,0.000131,0.029554,,0.969234,0,539,0,72.505957
9653,105340,0,762867,13.808436,0.000000,0.025996,non_zero_exit,0.969136,0,539,0,72.498446
9654,105340,0,762867,13.808436,0.000000,0.031280,,0.969039,0,539,0,72.501295
9655,105340,0,762867,13.808436,0.000000,0.023002,non_zero_exit,0.968941,0,539,0,72.493786
9656,105340,0,762867,13.808436,0.000000,0.037901,,0.968844,0,539,0,72.496635
9657,105340,0,762867,13.808436,0.000000,0.134294,,0.968758,0,539,0,72.499482
9658,105340,0,762867,13.808436,0.000000,0.028235,,0.968661,0,539,0,72.502329
9659,105340,0,762867,13.808436,0.000000,0.029577,,0.968563,0,539,0,72.505176
9660,105340,0,762867,13.808436,0.000000,0.036454,,0.968467,0,539,0,72.508022
9661,105340,0,762867,13.808436,0.000000,1.027645,,0.968473,0,539,0,72.510867
9662,105340,0,762867,13.808436,0.000000,0.023000,non_zero_exit,0.968375,0,539,0,72.503363
9663,105340,0,762867,13.808436,0.000000,0.033090,,0.968278,0,539,0,72.506209
9664,105340,0,762867,13.808436,0.000000,0.031165,,0.968181,0,539,0,72.509053
9665,105340,0,762867,13.808436,0.000000,0.029587,,0.968084,0,539,0,72.511897
9666,105340,0,762867,13.808436,0.000000,2.033872,,0.968195,0,539,0,72.514741
9667,105340,0,762867,13.808436,0.000000,0.035469,,0.968098,0,539,0,72.517584
9668,105340,0,762867,13.808436,0.000000,0.029200,,0.968001,0,539,0,72.520426
9669,105340,0,762867,13.808436,0.000000,0.030993,,0.967904,0,539,0,72.523268
9670,105340,0,762867,13.808436,0.000000,1.034845,,0.967911,0,539,0,72.526109
9671,105340,0,762867,13.808436,0.000000,0.022633,non_zero_exit,0.967813,0,539,0,72.518610
9672,105340,0,762867,13.808436,0.000000,3.046708,,0.968028,0,539,0,72.521451
9673,105340,0,762867,13.808436,0.000000,0.026769,,0.967931,0,539,0,72.524292
9674,105340,0,762867,13.808436,0.000000,5.003993,timeout,0.968348,0,540,0,72.516796
9675,105340,0,762867,13.808436,0.000000,1.034298,,0.968355,0,540,0,72.519636
9676,105340,0,762867,13.808436,0.000000,1.035964,,0.968362,0,540,0,72.522476
9677,105340,0,762867,13.808436,0.000000,0.026622,,0.968265,0,540,0,72.525315
9678,105340,0,762867,13.808436,0.000000,0.021567,non_zero_exit,0.968167,0,540,0,72.517822
9679,105340,0,762867,13.808436,0.000000,0.023844,non_zero_exit,0.968069,0,540,0,72.510331
9680,105340,0,762867,13.808436,0.000000,3.534774,,0.968334,0,540,0,72.513170
9681,105340,0,762867,13.808436,0.000000,5.007922,timeout,0.968752,0,541,0,72.505681
9682,105340,0,762867,13.808436,0.000000,3.034784,,0.968965,0,541,0,72.508520
9683,105340,0,762867,13.808436,0.000000,0.031884,non_zero_exit,0.968868,0,541,0,72.501033
9684,105340,0,762867,13.808436,0.000000,0.031428,,0.968771,0,541,0,72.503872
9685,105340,0,762867,13.808436,0.000000,3.035655,,0.968985,0,541,0,72.506711
9686,105340,0,762867,13.808436,0.000000,0.022197,non_zero_exit,0.968887,0,541,0,72.499226
9687,105340,0,762867,13.808436,0.000000,2.145545,,0.969008,0,541,0,72.502064
9688,105340,0,762867,13.808436,0.000000,2.041113,,0.969119,0,541,0,72.504902
9689,105340,0,762867,13.808436,0.000000,0.028907,,0.969022,0,541,0,72.507740
9690,105340,0,762867,13.808436,0.000000,3.038543,,0.969236,0,541,0,72.510577
9691,105340,0,762867,13.808436,0.000000,0.034014,,0.969139,0,541,0,72.513413
9692,105340,0,762867,13.808436,0.000000,0.029791,,0.969042,0,541,0,72.516249
9693,105340,0,762867,13.808436,0.000000,0.023793,non_zero_exit,0.968945,0,541,0,72.508768
9694,105340,0,762867,13.808436,0.000000,0.023055,non_zero_exit,0.968847,0,541,0,72.501289
9695,105340,0,762867,13.808436,0.000000,0.032212,,0.968751,0,541,0,72.504125
9696,105340,0,762867,13.808436,0.000000,0.026592,,0.968653,0,541,0,72.506961
9697,105340,0,762867,13.808436,0.000000,2.030931,,0.968763,0,541,0,72.509796
9698,105340,0,762867,13.808436,0.000000,0.022403,non_zero_exit,0.968665,0,541,0,72.502320
9699,105340,0,762867,13.808436,0.000000,0.025611,non_zero_exit,0.968568,0,541,0,72.494845
9700,105340,0,762867,13.808436,0.000000,2.038079,,0.968678,0,541,0,72.497681
9701,105340,0,762867,13.808436,0.000000,2.032506,,0.968788,0,541,0,72.500515
9702,105340,0,762867,13.808436,0.000000,2.037560,,0.968898,0,541,0,72.503349
9703,105340,0,762867,13.808436,0.000000,0.027494,non_zero_exit,0.968801,0,541,0,72.495878
9704,105340,0,762867,13.808436,0.000000,1.025949,,0.968807,0,541,0,72.498712
9705,105340,0,762867,13.808436,0.000000,0.027894,,0.968710,0,541,0,72.501545
9706,105340,0,762867,13.808436,0.000000,1.032371,,0.968717,0,541,0,72.504378
9707,105340,0,762867,13.808436,0.000000,0.028197,,0.968620,0,541,0,72.507211
9708,105340,0,762867,13.808436,0.000000,0.024192,non_zero_exit,0.968523,0,541,0,72.499743
9709,105340,0,762867,13.808436,0.000000,2.030012,,0.968632,0,541,0,72.502575
9710,105340,0,762867,13.808436,0.000000,1.035105,,0.968639,0,541,0,72.505406
9711,105340,0,762867,13.808436,0.000000,2.033747,,0.968748,0,541,0,72.508237
9712,105340,0,762867,13.808436,0.000000,0.027092,,0.968651,0,541,0,72.511068
9713,105340,0,762867,13.808436,0.000000,5.007558,timeout,0.969067,0,542,0,72.503603
9714,105340,0,762867,13.808436,0.000000,0.028850,,0.968970,0,542,0,72.506433
9715,105340,0,762867,13.808436,0.000000,1.033224,,0.968977,0,542,0,72.509263
9716,105341,1,762867,13.808567,0.000131,0.025318,non_zero_exit,0.968880,0,542,0,72.501801
9717,105341,0,762867,13.808567,0.000000,1.339146,,0.968918,0,542,0,72.504631
9718,105341,0,762867,13.808567,0.000000,5.004471,timeout,0.969333,0,543,0,72.497170
9719,105341,0,762867,13.808567,0.000000,3.033866,,0.969546,0,543,0,72.500000
9720,105341,0,762867,13.808567,0.000000,0.033151,,0.969449,0,543,0,72.502829
9721,105341,0,762867,13.808567,0.000000,0.031616,,0.969353,0,543,0,72.505657
9722,105341,0,762867,13.808567,0.000000,1.034746,,0.969360,0,543,0,72.508485
9723,105341,0,762867,13.808567,0.000000,0.031993,,0.969263,0,543,0,72.511312
9724,105341,0,762867,13.808567,0.000000,0.336441,,0.969198,0,543,0,72.514139
9725,105341,0,762867,13.808567,0.000000,0.025782,non_zero_exit,0.969101,0,543,0,72.506683
9726,105341,0,762867,13.808567,0.000000,0.032819,,0.969005,0,543,0,72.509510
9727,105341,0,762867,13.808567,0.000000,5.007805,timeout,0.969420,0,544,0,72.502056
9728,105341,0,762867,13.808567,0.000000,2.031101,,0.969529,0,544,0,72.504882
9729,105342,1,762867,13.808698,0.000131,0.036847,,0.969433,0,544,0,72.507708
9730,105342,0,762867,13.808698,0.000000,0.033759,,0.969337,0,544,0,72.510533
9731,105342,0,762867,13.808698,0.000000,0.023456,non_zero_exit,0.969240,0,544,0,72.503083
9732,105342,0,762867,13.808698,0.000000,1.031986,,0.969246,0,544,0,72.505908
9733,105342,0,762867,13.808698,0.000000,1.030042,,0.969253,0,544,0,72.508732
9734,105342,0,762867,13.808698,0.000000,1.542164,,0.969311,0,544,0,72.511556
9735,105342,0,762867,13.808698,0.000000,0.025438,,0.969215,0,544,0,72.514380
9736,105342,0,762867,13.808698,0.000000,0.027360,non_zero_exit,0.969118,0,544,0,72.506932
9737,105342,0,762867,13.808698,0.000000,2.029575,,0.969227,0,544,0,72.509756
9738,105342,0,762867,13.808698,0.000000,0.031248,,0.969130,0,544,0,72.512578
9739,105342,0,762867,13.808698,0.000000,0.026800,,0.969034,0,544,0,72.515400
9740,105343,1,762867,13.808829,0.000131,0.021893,non_zero_exit,0.968936,0,544,0,72.507956
9741,105343,0,762867,13.808829,0.000000,3.036003,,0.969149,0,544,0,72.510778
9742,105343,0,762867,13.808829,0.000000,1.034448,,0.969155,0,544,0,72.513600
9743,105343,0,762867,13.808829,0.000000,0.023937,non_zero_exit,0.969058,0,544,0,72.506158
9744,105343,0,762867,13.808829,0.000000,0.028793,,0.968962,0,544,0,72.508979
9745,105343,0,762867,13.808829,0.000000,1.030053,,0.968968,0,544,0,72.511800
9746,105343,0,762867,13.808829,0.000000,0.021976,non_zero_exit,0.968871,0,544,0,72.504360
9747,105343,0,762867,13.808829,0.000000,0.025638,non_zero_exit,0.968774,0,544,0,72.496922
9748,105343,0,762867,13.808829,0.000000,0.039201,,0.968679,0,544,0,72.499744
9749,105343,0,762867,13.808829,0.000000,1.038939,,0.968686,0,544,0,72.502564
9750,105343,0,762867,13.808829,0.000000,0.024571,non_zero_exit,0.968589,0,544,0,72.495129
9751,105343,0,762867,13.808829,0.000000,1.025548,,0.968595,0,544,0,72.497949
9752,105343,0,762867,13.808829,0.000000,1.030446,,0.968601,0,544,0,72.500769
9753,105343,0,762867,13.808829,0.000000,1.028993,,0.968608,0,544,0,72.503588
9754,105343,0,762867,13.808829,0.000000,1.029692,,0.968614,0,544,0,72.506407
9755,105343,0,762867,13.808829,0.000000,1.035287,,0.968621,0,544,0,72.509225
9756,105343,0,762867,13.808829,0.000000,0.029674,,0.968524,0,544,0,72.512043
9757,105345,2,762867,13.809091,0.000262,0.051940,,0.968430,0,544,0,72.514860
9758,105345,0,762867,13.809091,0.000000,1.027243,,0.968437,0,544,0,72.517676
9759,105345,0,762867,13.809091,0.000000,0.028611,,0.968340,0,544,0,72.520492
9760,105345,0,762867,13.809091,0.000000,3.033239,,0.968552,0,544,0,72.523307
9761,105345,0,762867,13.809091,0.000000,0.025685,,0.968455,0,544,0,72.526122
9762,105345,0,762867,13.809091,0.000000,0.030615,,0.968359,0,544,0,72.528936
9763,105345,0,762867,13.809091,0.000000,0.609862,,0.968322,0,544,0,72.531749
9764,105345,0,762867,13.809091,0.000000,0.034145,,0.968227,0,544,0,72.534562
9765,105345,0,762867,13.809091,0.000000,0.026472,,0.968130,0,544,0,72.537375
9766,105345,0,762867,13.809091,0.000000,0.024404,non_zero_exit,0.968034,0,544,0,72.529948
9767,105345,0,762867,13.809091,0.000000,0.032394,,0.967938,0,544,0,72.532760
9768,105348,3,762867,13.809484,0.000393,0.036218,non_zero_exit,0.967843,0,544,0,72.525335
9769,105348,0,762867,13.809484,0.000000,0.025342,non_zero_exit,0.967746,0,544,0,72.517912
9770,105348,0,762867,13.809484,0.000000,0.029209,,0.967650,0,544,0,72.520725
9771,105348,0,762867,13.809484,0.000000,0.036081,,0.967555,0,544,0,72.523537
9772,105348,0,762867,13.809484,0.000000,1.031461,,0.967561,0,544,0,72.526348
9773,105348,0,762867,13.809484,0.000000,0.030251,,0.967465,0,544,0,72.529159
9774,105348,0,762867,13.809484,0.000000,0.031827,,0.967370,0,544,0,72.531969
9775,105348,0,762867,13.809484,0.000000,5.003900,timeout,0.967782,0,545,0,72.524550
9776,105348,0,762867,13.809484,0.000000,1.037972,,0.967790,0,545,0,72.527360
9777,105348,0,762867,13.809484,0.000000,1.033988,,0.967796,0,545,0,72.530170
9778,105348,0,762867,13.809484,0.000000,0.032888,,0.967701,0,545,0,72.532979
9779,105348,0,762867,13.809484,0.000000,0.025396,non_zero_exit,0.967604,0,545,0,72.525562
9780,105348,0,762867,13.809484,0.000000,0.031021,,0.967509,0,545,0,72.528371
9781,105348,0,762867,13.809484,0.000000,0.034236,,0.967413,0,545,0,72.531180
9782,105348,0,762867,13.809484,0.000000,1.036769,,0.967420,0,545,0,72.533988
9783,105348,0,762867,13.809484,0.000000,1.038205,,0.967428,0,545,0,72.536795
9784,105348,0,762867,13.809484,0.000000,0.071481,,0.967336,0,545,0,72.539601
9785,105348,0,762867,13.809484,0.000000,0.061699,,0.967244,0,545,0,72.542408
9786,105348,0,762867,13.809484,0.000000,0.025120,non_zero_exit,0.967147,0,545,0,72.534995
9787,105348,0,762867,13.809484,0.000000,0.330786,,0.967082,0,545,0,72.537801
9788,105348,0,762867,13.809484,0.000000,1.031134,,0.967089,0,545,0,72.540607
9789,105348,0,762867,13.809484,0.000000,0.658389,non_zero_exit,0.967057,0,545,0,72.533197
9790,105348,0,762867,13.809484,0.000000,0.023677,non_zero_exit,0.966961,0,545,0,72.525789
9791,105348,0,762867,13.809484,0.000000,0.027333,non_zero_exit,0.966865,0,545,0,72.518382
9792,105348,0,762867,13.809484,0.000000,3.034471,,0.967076,0,545,0,72.521189
9793,105348,0,762867,13.809484,0.000000,0.032558,,0.966981,0,545,0,72.523994
9794,105348,0,762867,13.809484,0.000000,0.021591,non_zero_exit,0.966884,0,545,0,72.516590
9795,105348,0,762867,13.809484,0.000000,0.030052,,0.966789,0,545,0,72.519396
9796,105348,0,762867,13.809484,0.000000,0.029677,,0.966693,0,545,0,72.522201
9797,105348,0,762867,13.809484,0.000000,0.021724,non_zero_exit,0.966596,0,545,0,72.514799
9798,105348,0,762867,13.809484,0.000000,0.033723,,0.966501,0,545,0,72.517604
9799,105348,0,762867,13.809484,0.000000,0.021580,non_zero_exit,0.966405,0,545,0,72.510204
9800,105348,0,762867,13.809484,0.000000,0.025652,,0.966309,0,545,0,72.513009
9801,105348,0,762867,13.809484,0.000000,1.031757,,0.966316,0,545,0,72.515813
9802,105348,0,762867,13.809484,0.000000,0.029432,,0.966220,0,545,0,72.518617
9803,105348,0,762867,13.809484,0.000000,1.033299,,0.966227,0,545,0,72.521420
9804,105348,0,762867,13.809484,0.000000,1.042528,,0.966235,0,545,0,72.524222
9805,105348,0,762867,13.809484,0.000000,3.029044,,0.966445,0,545,0,72.527024
9806,105348,0,762867,13.809484,0.000000,0.022609,non_zero_exit,0.966349,0,545,0,72.519629
9807,105348,0,762867,13.809484,0.000000,1.032887,,0.966355,0,545,0,72.522431
9808,105348,0,762867,13.809484,0.000000,0.334366,,0.966291,0,545,0,72.525232
9809,105348,0,762867,13.809484,0.000000,0.024173,non_zero_exit,0.966195,0,545,0,72.517839
9810,105348,0,762867,13.809484,0.000000,0.037835,,0.966100,0,545,0,72.520640
9811,105348,0,762867,13.809484,0.000000,0.024233,non_zero_exit,0.966004,0,545,0,72.513249
9812,105376,28,762867,13.813155,0.003670,0.043411,,0.965910,0,545,0,72.516050
9813,105376,0,762867,13.813155,0.000000,5.003389,timeout,0.966322,0,546,0,72.508661
9814,105376,0,762867,13.813155,0.000000,1.033080,,0.966329,0,546,0,72.511462
9815,105376,0,762867,13.813155,0.000000,2.031026,,0.966437,0,546,0,72.514262
9816,105376,0,762867,13.813155,0.000000,0.026933,,0.966341,0,546,0,72.517062
9817,105376,0,762867,13.813155,0.000000,5.004215,timeout,0.966753,0,547,0,72.509676
9818,105377,1,762867,13.813286,0.000131,5.003519,timeout,0.967164,0,548,0,72.502291
9819,105377,0,762867,13.813286,0.000000,0.030361,,0.967068,0,548,0,72.505092
9820,105377,0,762867,13.813286,0.000000,0.027142,,0.966973,0,548,0,72.507891
9821,105377,0,762867,13.813286,0.000000,1.033070,,0.966979,0,548,0,72.510690
9822,105377,0,762867,13.813286,0.000000,0.025629,non_zero_exit,0.966884,0,548,0,72.503309
9823,105377,0,762867,13.813286,0.000000,1.529175,,0.966941,0,548,0,72.506107
9824,105377,0,762867,13.813286,0.000000,0.029005,,0.966845,0,548,0,72.508906
9825,105377,0,762867,13.813286,0.000000,0.026352,,0.966750,0,548,0,72.511704
9826,105377,0,762867,13.813286,0.000000,0.031441,,0.966654,0,548,0,72.514501
9827,105377,0,762867,13.813286,0.000000,1.035729,,0.966661,0,548,0,72.517298
9828,105377,0,762867,13.813286,0.000000,0.021893,non_zero_exit,0.966565,0,548,0,72.509920
9829,105377,0,762867,13.813286,0.000000,0.022222,non_zero_exit,0.966469,0,548,0,72.502543
9830,105377,0,762867,13.813286,0.000000,4.031778,,0.966781,0,548,0,72.505340
9831,105377,0,762867,13.813286,0.000000,0.071113,non_zero_exit,0.966690,0,548,0,72.497966
9832,105377,0,762867,13.813286,0.000000,0.027487,non_zero_exit,0.966594,0,548,0,72.490593
9833,105377,0,762867,13.813286,0.000000,0.028775,,0.966499,0,548,0,72.493390
9834,105377,0,762867,13.813286,0.000000,0.030634,,0.966404,0,548,0,72.496187
9835,105377,0,762867,13.813286,0.000000,0.035336,,0.966309,0,548,0,72.498983
9836,105377,0,762867,13.813286,0.000000,0.033999,,0.966214,0,548,0,72.501779
9837,105377,0,762867,13.813286,0.000000,0.032688,,0.966120,0,548,0,72.504574
9838,105377,0,762867,13.813286,0.000000,5.004540,timeout,0.966530,0,549,0,72.497205
9839,105388,11,762867,13.814728,0.001442,1.240350,,0.966558,0,549,0,72.500000
9840,105388,0,762867,13.814728,0.000000,1.033727,,0.966565,0,549,0,72.502794
9841,105388,0,762867,13.814728,0.000000,3.729047,,0.966845,0,549,0,72.505588
9842,105388,0,762867,13.814728,0.000000,0.435036,,0.966791,0,549,0,72.508382
9843,105388,0,762867,13.814728,0.000000,1.036374,,0.966798,0,549,0,72.511174
9844,105388,0,762867,13.814728,0.000000,0.464904,,0.966747,0,549,0,72.513966
9845,105393,5,762867,13.815383,0.000655,2.033828,,0.966856,0,549,0,72.516758
9846,105393,0,762867,13.815383,0.000000,5.008555,timeout,0.967266,0,550,0,72.509394
9847,105393,0,762867,13.815383,0.000000,1.029899,,0.967273,0,550,0,72.512185
9848,105393,0,762867,13.815383,0.000000,3.034368,,0.967482,0,550,0,72.514976
9849,105393,0,762867,13.815383,0.000000,0.027697,,0.967387,0,550,0,72.517766
9850,105393,0,762867,13.815383,0.000000,1.028296,,0.967393,0,550,0,72.520556
9851,105393,0,762867,13.815383,0.000000,0.028276,,0.967298,0,550,0,72.523346
9852,105393,0,762867,13.815383,0.000000,0.029238,,0.967203,0,550,0,72.526134
9853,105393,0,762867,13.815383,0.000000,0.032650,,0.967108,0,550,0,72.528922
9854,105393,0,762867,13.815383,0.000000,0.038858,,0.967014,0,550,0,72.531710
9855,105393,0,762867,13.815383,0.000000,0.022721,non_zero_exit,0.966918,0,550,0,72.524351
9856,105433,40,762867,13.820627,0.005243,3.031703,,0.967127,0,550,0,72.527138
9857,105433,0,762867,13.820627,0.000000,1.538138,,0.967185,0,550,0,72.529925
9858,105433,0,762867,13.820627,0.000000,0.023283,non_zero_exit,0.967090,0,550,0,72.522568
9859,105433,0,762867,13.820627,0.000000,0.051044,,0.966997,0,550,0,72.525355
9860,105433,0,762867,13.820627,0.000000,0.022277,non_zero_exit,0.966901,0,550,0,72.518000
9861,105433,0,762867,13.820627,0.000000,0.022102,non_zero_exit,0.966805,0,550,0,72.510647
9862,105433,0,762867,13.820627,0.000000,0.031147,,0.966710,0,550,0,72.513434
9863,105433,0,762867,13.820627,0.000000,0.036148,,0.966616,0,550,0,72.516221
9864,105433,0,762867,13.820627,0.000000,0.034748,,0.966521,0,550,0,72.519007
9865,105433,0,762867,13.820627,0.000000,0.033913,,0.966427,0,550,0,72.521792
9866,105433,0,762867,13.820627,0.000000,1.742313,,0.966505,0,550,0,72.524577
9867,105433,0,762867,13.820627,0.000000,0.536503,,0.966462,0,550,0,72.527361
9868,105433,0,762867,13.820627,0.000000,1.029299,,0.966468,0,550,0,72.530145
9869,105433,0,762867,13.820627,0.000000,1.031794,,0.966475,0,550,0,72.532928
9870,105433,0,762867,13.820627,0.000000,1.034785,,0.966482,0,550,0,72.535711
9871,105433,0,762867,13.820627,0.000000,0.034604,,0.966387,0,550,0,72.538493
9872,105433,0,762867,13.820627,0.000000,0.033191,,0.966293,0,550,0,72.541274
9873,105433,0,762867,13.820627,0.000000,5.004397,timeout,0.966702,0,551,0,72.533927
9874,105433,0,762867,13.820627,0.000000,5.003974,timeout,0.967111,0,552,0,72.526582
9875,105433,0,762867,13.820627,0.000000,1.033292,non_zero_exit,0.967117,0,552,0,72.519239
9876,105433,0,762867,13.820627,0.000000,0.034611,,0.967023,0,552,0,72.522021
9877,105433,0,762867,13.820627,0.000000,0.030120,,0.966928,0,552,0,72.524803
9878,105433,0,762867,13.820627,0.000000,2.551513,,0.967089,0,552,0,72.527584
9879,105433,0,762867,13.820627,0.000000,1.031423,,0.967095,0,552,0,72.530364
9880,105433,0,762867,13.820627,0.000000,2.031764,,0.967203,0,552,0,72.533144
9881,105433,0,762867,13.820627,0.000000,0.028653,,0.967108,0,552,0,72.535924
9882,105434,1,762867,13.820758,0.000131,0.022817,non_zero_exit,0.967012,0,552,0,72.528584
9883,105434,0,762867,13.820758,0.000000,2.028705,,0.967120,0,552,0,72.531364
9884,105651,217,762867,13.849203,0.028445,0.146122,,0.967037,0,552,0,72.534143
9885,105651,0,762867,13.849203,0.000000,0.020682,non_zero_exit,0.966941,0,552,0,72.526806
9886,105651,0,762867,13.849203,0.000000,0.028980,,0.966846,0,552,0,72.529584
9887,105651,0,762867,13.849203,0.000000,1.028058,,0.966852,0,552,0,72.532362
9888,105651,0,762867,13.849203,0.000000,1.030353,,0.966859,0,552,0,72.535140
9889,105651,0,762867,13.849203,0.000000,2.031860,,0.966966,0,552,0,72.537917
9890,105651,0,762867,13.849203,0.000000,0.033493,non_zero_exit,0.966872,0,552,0,72.530583
9891,105651,0,762867,13.849203,0.000000,0.023653,non_zero_exit,0.966777,0,552,0,72.523251
9892,105651,0,762867,13.849203,0.000000,0.030152,,0.966682,0,552,0,72.526029
9893,105651,0,762867,13.849203,0.000000,1.033519,,0.966689,0,552,0,72.528805
9894,105651,0,762867,13.849203,0.000000,4.037404,,0.966999,0,552,0,72.531582
9895,105651,0,762867,13.849203,0.000000,0.032963,,0.966905,0,552,0,72.534357
9896,105651,0,762867,13.849203,0.000000,1.030075,non_zero_exit,0.966911,0,552,0,72.527028
9897,105651,0,762867,13.849203,0.000000,1.029456,,0.966917,0,552,0,72.529804
9898,105651,0,762867,13.849203,0.000000,1.028754,,0.966924,0,552,0,72.532579
9899,105651,0,762867,13.849203,0.000000,0.027379,,0.966829,0,552,0,72.535354
9900,105652,1,762867,13.849334,0.000131,0.022480,non_zero_exit,0.966733,0,552,0,72.528027
9901,105652,0,762867,13.849334,0.000000,0.026400,non_zero_exit,0.966638,0,552,0,72.520703
9902,105652,0,762867,13.849334,0.000000,1.029401,,0.966645,0,552,0,72.523478
9903,105652,0,762867,13.849334,0.000000,0.035568,,0.966551,0,552,0,72.526252
9904,105652,0,762867,13.849334,0.000000,1.037584,,0.966558,0,552,0,72.529026
9905,105652,0,762867,13.849334,0.000000,1.528796,,0.966615,0,552,0,72.531799
9906,105652,0,762867,13.849334,0.000000,1.027466,,0.966621,0,552,0,72.534572
9907,105652,0,762867,13.849334,0.000000,0.033782,,0.966527,0,552,0,72.537344
9908,105652,0,762867,13.849334,0.000000,1.032070,,0.966533,0,552,0,72.540115
9909,105652,0,762867,13.849334,0.000000,1.031208,,0.966540,0,552,0,72.542886
9910,105652,0,762867,13.849334,0.000000,0.636444,,0.966506,0,552,0,72.545656
9911,105652,0,762867,13.849334,0.000000,5.003957,timeout,0.966914,0,553,0,72.538337
9912,105652,0,762867,13.849334,0.000000,0.024559,non_zero_exit,0.966819,0,553,0,72.531020
9913,105652,0,762867,13.849334,0.000000,3.037234,,0.967028,0,553,0,72.533791
9914,105652,0,762867,13.849334,0.000000,1.003661,,0.967031,0,553,0,72.536561
9915,105652,0,762867,13.849334,0.000000,0.023835,non_zero_exit,0.966936,0,553,0,72.529246
9916,105652,0,762867,13.849334,0.000000,0.033304,,0.966842,0,553,0,72.532016
9917,105652,0,762867,13.849334,0.000000,1.033699,,0.966849,0,553,0,72.534785
9918,105652,0,762867,13.849334,0.000000,1.031793,,0.966855,0,553,0,72.537554
9919,105652,0,762867,13.849334,0.000000,0.021192,non_zero_exit,0.966760,0,553,0,72.530242
9920,105652,0,762867,13.849334,0.000000,0.024699,non_zero_exit,0.966665,0,553,0,72.522931
9921,105652,0,762867,13.849334,0.000000,1.031399,,0.966671,0,553,0,72.525700
9922,105652,0,762867,13.849334,0.000000,0.036043,,0.966578,0,553,0,72.528469
9923,105652,0,762867,13.849334,0.000000,0.035025,,0.966484,0,553,0,72.531237
9924,105652,0,762867,13.849334,0.000000,0.532845,,0.966440,0,553,0,72.534005
9925,105652,0,762867,13.849334,0.000000,3.037626,,0.966649,0,553,0,72.536772
9926,105652,0,762867,13.849334,0.000000,3.034035,,0.966857,0,553,0,72.539539
9927,105652,0,762867,13.849334,0.000000,0.025937,non_zero_exit,0.966762,0,553,0,72.532232
9928,105652,0,762867,13.849334,0.000000,0.021009,non_zero_exit,0.966667,0,553,0,72.524927
9929,105652,0,762867,13.849334,0.000000,0.234254,,0.966593,0,553,0,72.527694
9930,105652,0,762867,13.849334,0.000000,0.031733,,0.966499,0,553,0,72.530460
9931,105652,0,762867,13.849334,0.000000,1.035272,,0.966506,0,553,0,72.533226
9932,105652,0,762867,13.849334,0.000000,0.031474,,0.966412,0,553,0,72.535991
9933,105652,0,762867,13.849334,0.000000,1.032451,,0.966419,0,553,0,72.538756
9934,105652,0,762867,13.849334,0.000000,0.032341,,0.966325,0,553,0,72.541520
9935,105655,3,762867,13.849727,0.000393,5.087121,timeout,0.966739,0,554,0,72.534219
9936,105655,0,762867,13.849727,0.000000,0.032938,,0.966645,0,554,0,72.536983
9937,105655,0,762867,13.849727,0.000000,0.025775,non_zero_exit,0.966551,0,554,0,72.529684
9938,105655,0,762867,13.849727,0.000000,0.532990,,0.966507,0,554,0,72.532448
9939,105655,0,762867,13.849727,0.000000,5.084493,timeout,0.966921,0,555,0,72.525151
9940,105655,0,762867,13.849727,0.000000,0.060161,,0.966830,0,555,0,72.527915
9941,105655,0,762867,13.849727,0.000000,1.030744,,0.966837,0,555,0,72.530678
9942,105655,0,762867,13.849727,0.000000,0.036422,,0.966743,0,555,0,72.533441
9943,105655,0,762867,13.849727,0.000000,0.029403,,0.966649,0,555,0,72.536203
9944,105655,0,762867,13.849727,0.000000,1.030058,,0.966655,0,555,0,72.538964
9945,105655,0,762867,13.849727,0.000000,1.030813,,0.966662,0,555,0,72.541725
9946,105655,0,762867,13.849727,0.000000,0.028047,,0.966567,0,555,0,72.544486
9947,105655,0,762867,13.849727,0.000000,1.038139,,0.966574,0,555,0,72.547246
9948,105656,1,762867,13.849858,0.000131,5.147167,timeout,0.966995,0,556,0,72.539954
9949,105656,0,762867,13.849858,0.000000,0.023407,non_zero_exit,0.966900,0,556,0,72.532663
9950,105656,0,762867,13.849858,0.000000,0.022067,non_zero_exit,0.966805,0,556,0,72.525374
9951,105656,0,762867,13.849858,0.000000,0.032646,,0.966711,0,556,0,72.528135
9952,105656,0,762867,13.849858,0.000000,0.030643,,0.966617,0,556,0,72.530895
9953,105656,0,762867,13.849858,0.000000,0.026173,non_zero_exit,0.966522,0,556,0,72.523609
9954,105656,0,762867,13.849858,0.000000,0.034898,,0.966429,0,556,0,72.526369
9955,105658,2,762867,13.850121,0.000262,5.005520,timeout,0.966834,0,557,0,72.519084
9956,105658,0,762867,13.850121,0.000000,5.003722,timeout,0.967240,0,558,0,72.511801
9957,105658,0,762867,13.850121,0.000000,0.026612,non_zero_exit,0.967145,0,558,0,72.504519
9958,105658,0,762867,13.850121,0.000000,1.029133,,0.967152,0,558,0,72.507280
9959,105658,0,762867,13.850121,0.000000,0.037084,,0.967058,0,558,0,72.510040
9960,105658,0,762867,13.850121,0.000000,0.029800,,0.966964,0,558,0,72.512800
9961,105658,0,762867,13.850121,0.000000,0.532938,non_zero_exit,0.966921,0,558,0,72.505521
9962,105658,0,762867,13.850121,0.000000,0.035487,,0.966827,0,558,0,72.508281
9963,105658,0,762867,13.850121,0.000000,0.035938,,0.966734,0,558,0,72.511040
9964,105658,0,762867,13.850121,0.000000,0.023706,non_zero_exit,0.966639,0,558,0,72.503763
9965,105658,0,762867,13.850121,0.000000,0.030179,,0.966545,0,558,0,72.506522
9966,105658,0,762867,13.850121,0.000000,0.024144,non_zero_exit,0.966451,0,558,0,72.499248
9967,105658,0,762867,13.850121,0.000000,0.021948,non_zero_exit,0.966356,0,558,0,72.491974
9968,105658,0,762867,13.850121,0.000000,0.021977,non_zero_exit,0.966261,0,558,0,72.484703
9969,105658,0,762867,13.850121,0.000000,0.022485,non_zero_exit,0.966166,0,558,0,72.477432
9970,105658,0,762867,13.850121,0.000000,1.029812,,0.966173,0,558,0,72.480193
9971,105658,0,762867,13.850121,0.000000,1.029695,,0.966179,0,558,0,72.482952
9972,105658,0,762867,13.850121,0.000000,0.033040,,0.966086,0,558,0,72.485711
9973,105658,0,762867,13.850121,0.000000,0.031663,,0.965992,0,558,0,72.488470
9974,105658,0,762867,13.850121,0.000000,0.023540,non_zero_exit,0.965897,0,558,0,72.481203
9975,105658,0,762867,13.850121,0.000000,5.004545,timeout,0.966302,0,559,0,72.473937
9976,105686,28,762867,13.853791,0.003670,1.527782,,0.966359,0,559,0,72.476696
9977,105686,0,762867,13.853791,0.000000,0.030493,,0.966265,0,559,0,72.479455
9978,105686,0,762867,13.853791,0.000000,0.030413,,0.966171,0,559,0,72.482213
9979,105686,0,762867,13.853791,0.000000,5.004752,timeout,0.966576,0,560,0,72.474950
9980,105686,0,762867,13.853791,0.000000,1.030332,,0.966582,0,560,0,72.477708
9981,105686,0,762867,13.853791,0.000000,0.023382,non_zero_exit,0.966488,0,560,0,72.470447
9982,105686,0,762867,13.853791,0.000000,0.022485,non_zero_exit,0.966393,0,560,0,72.463187
9983,105686,0,762867,13.853791,0.000000,3.037596,,0.966600,0,560,0,72.465946
9984,105686,0,762867,13.853791,0.000000,1.027577,non_zero_exit,0.966607,0,560,0,72.458688
9985,105686,0,762867,13.853791,0.000000,0.030897,,0.966513,0,560,0,72.461446
9986,105686,0,762867,13.853791,0.000000,1.032318,,0.966519,0,560,0,72.464203
9987,105686,0,762867,13.853791,0.000000,1.031071,,0.966526,0,560,0,72.466960
9988,105686,0,762867,13.853791,0.000000,0.036605,,0.966433,0,560,0,72.469717
9989,105686,0,762867,13.853791,0.000000,0.030861,,0.966339,0,560,0,72.472472
9990,105686,0,762867,13.853791,0.000000,0.130333,,0.966255,0,560,0,72.475228
9991,105686,0,762867,13.853791,0.000000,3.034624,,0.966462,0,560,0,72.477982
9992,105686,0,762867,13.853791,0.000000,0.023758,non_zero_exit,0.966368,0,560,0,72.470730
9993,105686,0,762867,13.853791,0.000000,0.022871,non_zero_exit,0.966274,0,560,0,72.463478
9994,105686,0,762867,13.853791,0.000000,1.532200,,0.966330,0,560,0,72.466233
9995,105686,0,762867,13.853791,0.000000,0.030857,,0.966237,0,560,0,72.468988
9996,105686,0,762867,13.853791,0.000000,2.037229,,0.966344,0,560,0,72.471742
9997,105686,0,762867,13.853791,0.000000,1.035942,,0.966351,0,560,0,72.474495
9998,105686,0,762867,13.853791,0.000000,0.024700,non_zero_exit,0.966257,0,560,0,72.467247
9999,105686,0,762867,13.853791,0.000000,5.005632,timeout,0.966661,0,561,0,72.460000
10000,105686,0,762867,13.853791,0.000000,0.023858,non_zero_exit,0.966566,0,561,0,72.452755
10001,105686,0,762867,13.853791,0.000000,0.024376,non_zero_exit,0.966472,0,561,0,72.445511
10002,105686,0,762867,13.853791,0.000000,0.032495,,0.966379,0,561,0,72.448266
10003,105686,0,762867,13.853791,0.000000,0.024482,non_zero_exit,0.966285,0,561,0,72.441024
10004,105686,0,762867,13.853791,0.000000,1.030764,,0.966291,0,561,0,72.443778
10005,105686,0,762867,13.853791,0.000000,0.025062,non_zero_exit,0.966197,0,561,0,72.436538
10006,105686,0,762867,13.853791,0.000000,5.004944,timeout,0.966601,0,562,0,72.429299
10007,105686,0,762867,13.853791,0.000000,0.038084,,0.966508,0,562,0,72.432054
10008,105686,0,762867,13.853791,0.000000,0.030161,,0.966414,0,562,0,72.434809
10009,105686,0,762867,13.853791,0.000000,0.535299,,0.966371,0,562,0,72.437562
10010,105686,0,762867,13.853791,0.000000,4.038825,,0.966678,0,562,0,72.440316
10011,105686,0,762867,13.853791,0.000000,0.029268,,0.966584,0,562,0,72.443068
10012,105686,0,762867,13.853791,0.000000,0.031265,,0.966491,0,562,0,72.445820
10013,105686,0,762867,13.853791,0.000000,1.033356,,0.966498,0,562,0,72.448572
10014,105686,0,762867,13.853791,0.000000,1.033978,,0.966504,0,562,0,72.451323
10015,105686,0,762867,13.853791,0.000000,0.032199,,0.966411,0,562,0,72.454073
10016,105686,0,762867,13.853791,0.000000,1.033158,,0.966418,0,562,0,72.456823
10017,105723,37,762867,13.858641,0.004850,0.030443,non_zero_exit,0.966324,0,562,0,72.449591
10018,105723,0,762867,13.858641,0.000000,0.531981,non_zero_exit,0.966281,0,562,0,72.442360
10019,105723,0,762867,13.858641,0.000000,0.030863,,0.966188,0,562,0,72.445110
10020,105723,0,762867,13.858641,0.000000,2.444421,,0.966335,0,562,0,72.447859
10021,105723,0,762867,13.858641,0.000000,0.026126,,0.966241,0,562,0,72.450609
10022,105723,0,762867,13.858641,0.000000,4.037527,,0.966548,0,562,0,72.453357
10023,105723,0,762867,13.858641,0.000000,1.032212,,0.966554,0,562,0,72.456105
10024,105723,0,762867,13.858641,0.000000,2.039790,,0.966661,0,562,0,72.458853
10025,105723,0,762867,13.858641,0.000000,5.004039,timeout,0.967064,0,563,0,72.451626
10026,105723,0,762867,13.858641,0.000000,0.024673,non_zero_exit,0.966970,0,563,0,72.444400
10027,105723,0,762867,13.858641,0.000000,2.030971,,0.967076,0,563,0,72.447148
10028,105723,0,762867,13.858641,0.000000,0.131277,,0.966993,0,563,0,72.449895
10029,105723,0,762867,13.858641,0.000000,0.029140,,0.966899,0,563,0,72.452642
10030,105723,0,762867,13.858641,0.000000,2.027362,,0.967005,0,563,0,72.455388
10031,105723,0,762867,13.858641,0.000000,0.022382,non_zero_exit,0.966911,0,563,0,72.448166
10032,105723,0,762867,13.858641,0.000000,0.030427,,0.966818,0,563,0,72.450912
10033,105723,0,762867,13.858641,0.000000,1.032928,,0.966824,0,563,0,72.453658
10034,105723,0,762867,13.858641,0.000000,1.032686,,0.966831,0,563,0,72.456403
10035,105723,0,762867,13.858641,0.000000,1.029155,,0.966837,0,563,0,72.459147
10036,105723,0,762867,13.858641,0.000000,0.022396,non_zero_exit,0.966743,0,563,0,72.451928
10037,105723,0,762867,13.858641,0.000000,5.003584,timeout,0.967145,0,564,0,72.444710
10038,105723,0,762867,13.858641,0.000000,0.029301,,0.967052,0,564,0,72.447455
10039,105723,0,762867,13.858641,0.000000,0.026563,non_zero_exit,0.966958,0,564,0,72.440239
10040,105723,0,762867,13.858641,0.000000,1.033556,,0.966965,0,564,0,72.442984
10041,105723,0,762867,13.858641,0.000000,5.004412,timeout,0.967367,0,565,0,72.435770
10042,105723,0,762867,13.858641,0.000000,1.032818,,0.967373,0,565,0,72.438514
10043,105723,0,762867,13.858641,0.000000,0.033277,,0.967280,0,565,0,72.441258
10044,105723,0,762867,13.858641,0.000000,0.137880,,0.967198,0,565,0,72.444002
10045,105723,0,762867,13.858641,0.000000,0.030535,,0.967104,0,565,0,72.446745
10046,105723,0,762867,13.858641,0.000000,1.028131,,0.967110,0,565,0,72.449487
10047,105723,0,762867,13.858641,0.000000,1.025653,,0.967116,0,565,0,72.452229
10048,105723,0,762867,13.858641,0.000000,0.031434,,0.967023,0,565,0,72.454971
10049,105723,0,762867,13.858641,0.000000,2.740779,,0.967200,0,565,0,72.457711
10050,105731,8,762867,13.859690,0.001049,0.026194,,0.967106,0,565,0,72.460452
10051,105731,0,762867,13.859690,0.000000,5.004537,timeout,0.967508,0,566,0,72.453243
10052,105731,0,762867,13.859690,0.000000,0.022212,non_zero_exit,0.967414,0,566,0,72.446036
10053,105731,0,762867,13.859690,0.000000,0.032732,,0.967321,0,566,0,72.448777
10054,105731,0,762867,13.859690,0.000000,0.032271,,0.967228,0,566,0,72.451517
10055,105731,0,762867,13.859690,0.000000,0.021856,non_zero_exit,0.967134,0,566,0,72.444312
10056,105731,0,762867,13.859690,0.000000,0.033343,,0.967041,0,566,0,72.447052
10057,105731,0,762867,13.859690,0.000000,0.026482,non_zero_exit,0.966947,0,566,0,72.439849
10058,105731,0,762867,13.859690,0.000000,0.026662,,0.966854,0,566,0,72.442589
10059,105731,0,762867,13.859690,0.000000,5.086069,timeout,0.967263,0,567,0,72.435388
10060,105731,0,762867,13.859690,0.000000,2.545978,,0.967420,0,567,0,72.438127
10061,105731,0,762867,13.859690,0.000000,1.030402,,0.967426,0,567,0,72.440867
10062,105731,0,762867,13.859690,0.000000,0.037648,,0.967334,0,567,0,72.443605
10063,105731,0,762867,13.859690,0.000000,0.129176,,0.967251,0,567,0,72.446343
10064,105731,0,762867,13.859690,0.000000,1.035814,,0.967258,0,567,0,72.449081
10065,105731,0,762867,13.859690,0.000000,5.005381,timeout,0.967659,0,568,0,72.441884
10066,105731,0,762867,13.859690,0.000000,2.283698,non_zero_exit,0.967790,0,568,0,72.434688
10067,105731,0,762867,13.859690,0.000000,3.031743,,0.967995,0,568,0,72.437426
10068,105731,0,762867,13.859690,0.000000,0.033322,,0.967902,0,568,0,72.440163
10069,105731,0,762867,13.859690,0.000000,0.031795,,0.967809,0,568,0,72.442900
10070,105731,0,762867,13.859690,0.000000,0.025093,non_zero_exit,0.967715,0,568,0,72.435706
10071,105731,0,762867,13.859690,0.000000,5.004155,timeout,0.968116,0,569,0,72.428515
10072,105731,0,762867,13.859690,0.000000,0.529175,,0.968072,0,569,0,72.431252
10073,105731,0,762867,13.859690,0.000000,1.031393,,0.968079,0,569,0,72.433988
10074,105731,0,762867,13.859690,0.000000,0.029710,,0.967985,0,569,0,72.436725
10075,105731,0,762867,13.859690,0.000000,1.034582,,0.967992,0,569,0,72.439460
10076,105731,0,762867,13.859690,0.000000,0.130779,,0.967909,0,569,0,72.442195
10077,105731,0,762867,13.859690,0.000000,0.022117,non_zero_exit,0.967815,0,569,0,72.435007
10078,105731,0,762867,13.859690,0.000000,1.033118,,0.967822,0,569,0,72.437742
10079,105735,4,762867,13.860214,0.000524,1.037848,,0.967829,0,569,0,72.440476
10080,105735,0,762867,13.860214,0.000000,1.029652,,0.967835,0,569,0,72.443210
10081,105735,0,762867,13.860214,0.000000,0.035332,,0.967742,0,569,0,72.445943
10082,105735,0,762867,13.860214,0.000000,1.029421,non_zero_exit,0.967748,0,569,0,72.438758
10083,105735,0,762867,13.860214,0.000000,0.026668,non_zero_exit,0.967655,0,569,0,72.431575
10084,105735,0,762867,13.860214,0.000000,1.031842,,0.967661,0,569,0,72.434308
10085,105735,0,762867,13.860214,0.000000,0.029163,,0.967568,0,569,0,72.437041
10086,105735,0,762867,13.860214,0.000000,0.022209,non_zero_exit,0.967475,0,569,0,72.429860
10087,105735,0,762867,13.860214,0.000000,0.022538,non_zero_exit,0.967381,0,569,0,72.422680
10088,105735,0,762867,13.860214,0.000000,0.032033,,0.967288,0,569,0,72.425414
10089,105735,0,762867,13.860214,0.000000,0.027491,,0.967195,0,569,0,72.428147
10090,105735,0,762867,13.860214,0.000000,1.028568,,0.967201,0,569,0,72.430879
10091,105735,0,762867,13.860214,0.000000,1.028428,,0.967207,0,569,0,72.433611
10092,105735,0,762867,13.860214,0.000000,0.029663,,0.967114,0,569,0,72.436342
10093,105735,0,762867,13.860214,0.000000,5.004435,timeout,0.967514,0,570,0,72.429166
10094,105735,0,762867,13.860214,0.000000,3.035230,,0.967719,0,570,0,72.431897
10095,105735,0,762867,13.860214,0.000000,0.027496,non_zero_exit,0.967626,0,570,0,72.424723
10096,105735,0,762867,13.860214,0.000000,0.053420,,0.967535,0,570,0,72.427454
10097,105735,0,762867,13.860214,0.000000,0.037977,,0.967443,0,570,0,72.430184
10098,105736,1,762867,13.860345,0.000131,0.336570,non_zero_exit,0.967381,0,570,0,72.423012
10099,105736,0,762867,13.860345,0.000000,0.022788,non_zero_exit,0.967287,0,570,0,72.415842
10100,105736,0,762867,13.860345,0.000000,0.030884,,0.967195,0,570,0,72.418572
10101,105736,0,762867,13.860345,0.000000,0.034484,,0.967102,0,570,0,72.421303
10102,105736,0,762867,13.860345,0.000000,1.029691,,0.967109,0,570,0,72.424032
10103,105736,0,762867,13.860345,0.000000,0.024231,non_zero_exit,0.967015,0,570,0,72.416865
10104,105736,0,762867,13.860345,0.000000,0.035491,,0.966923,0,570,0,72.419594
10105,105736,0,762867,13.860345,0.000000,0.021204,non_zero_exit,0.966829,0,570,0,72.412428
10106,105736,0,762867,13.860345,0.000000,0.941149,,0.966827,0,570,0,72.415158
10107,105736,0,762867,13.860345,0.000000,0.023447,non_zero_exit,0.966734,0,570,0,72.407994
10108,105736,0,762867,13.860345,0.000000,4.535364,,0.967087,0,570,0,72.410723
10109,105736,0,762867,13.860345,0.000000,2.025598,,0.967191,0,570,0,72.413452
10110,105736,0,762867,13.860345,0.000000,1.031206,,0.967198,0,570,0,72.416180
10111,105736,0,762867,13.860345,0.000000,2.037337,,0.967303,0,570,0,72.418908
10112,105737,1,762867,13.860476,0.000131,0.023378,non_zero_exit,0.967210,0,570,0,72.411747
10113,105737,0,762867,13.860476,0.000000,0.021236,non_zero_exit,0.967117,0,570,0,72.404588
10114,105737,0,762867,13.860476,0.000000,0.035812,,0.967025,0,570,0,72.407316
10115,105737,0,762867,13.860476,0.000000,1.038639,,0.967032,0,570,0,72.410043
10116,105737,0,762867,13.860476,0.000000,1.038155,,0.967039,0,570,0,72.412771
10117,105737,0,762867,13.860476,0.000000,0.023732,non_zero_exit,0.966945,0,570,0,72.405614
10118,105737,0,762867,13.860476,0.000000,1.031191,,0.966952,0,570,0,72.408341
10119,105737,0,762867,13.860476,0.000000,0.032417,,0.966859,0,570,0,72.411067
10120,105737,0,762867,13.860476,0.000000,0.031437,,0.966767,0,570,0,72.413793
10121,105737,0,762867,13.860476,0.000000,0.031425,,0.966675,0,570,0,72.416518
10122,105737,0,762867,13.860476,0.000000,3.033894,,0.966879,0,570,0,72.419243
10123,105737,0,762867,13.860476,0.000000,0.334732,,0.966816,0,570,0,72.421968
10124,105737,0,762867,13.860476,0.000000,3.031105,,0.967020,0,570,0,72.424691
10125,105737,0,762867,13.860476,0.000000,0.033229,,0.966928,0,570,0,72.427415
10126,105739,2,762867,13.860739,0.000262,4.539488,,0.967281,0,570,0,72.430137
10127,105739,0,762867,13.860739,0.000000,3.036837,,0.967485,0,570,0,72.432859
10128,105739,0,762867,13.860739,0.000000,0.032046,,0.967393,0,570,0,72.435581
10129,105739,0,762867,13.860739,0.000000,0.031965,,0.967300,0,570,0,72.438302
10130,105739,0,762867,13.860739,0.000000,1.031271,,0.967307,0,570,0,72.441023
10131,105739,0,762867,13.860739,0.000000,0.034244,,0.967215,0,570,0,72.443743
10132,105739,0,762867,13.860739,0.000000,0.023627,non_zero_exit,0.967122,0,570,0,72.436593
10133,105739,0,762867,13.860739,0.000000,1.037278,,0.967128,0,570,0,72.439313
10134,105739,0,762867,13.860739,0.000000,0.023865,non_zero_exit,0.967035,0,570,0,72.432166
10135,105739,0,762867,13.860739,0.000000,0.030352,,0.966943,0,570,0,72.434886
10136,105739,0,762867,13.860739,0.000000,1.030108,,0.966949,0,570,0,72.437605
10137,105739,0,762867,13.860739,0.000000,1.035449,,0.966956,0,570,0,72.440324
10138,105740,1,762867,13.860870,0.000131,1.031981,,0.966962,0,570,0,72.443042
10139,105740,0,762867,13.860870,0.000000,0.023594,non_zero_exit,0.966869,0,570,0,72.435897
10140,105740,0,762867,13.860870,0.000000,1.028345,,0.966875,0,570,0,72.438616
10141,105740,0,762867,13.860870,0.000000,1.032596,,0.966882,0,570,0,72.441333
10142,105740,0,762867,13.860870,0.000000,2.034005,,0.966987,0,570,0,72.444050
10143,105740,0,762867,13.860870,0.000000,0.033886,,0.966895,0,570,0,72.446767
10144,105741,1,762867,13.861001,0.000131,1.039541,,0.966902,0,570,0,72.449483
10145,105741,0,762867,13.861001,0.000000,0.022309,non_zero_exit,0.966809,0,570,0,72.442342
10146,105741,0,762867,13.861001,0.000000,1.032831,,0.966816,0,570,0,72.445058
10147,105741,0,762867,13.861001,0.000000,0.032909,non_zero_exit,0.966724,0,570,0,72.437919
10148,105741,0,762867,13.861001,0.000000,1.031840,,0.966730,0,570,0,72.440635
10149,105741,0,762867,13.861001,0.000000,0.022146,non_zero_exit,0.966637,0,570,0,72.433498
10150,105741,0,762867,13.861001,0.000000,0.028249,,0.966545,0,570,0,72.436213
10151,105741,0,762867,13.861001,0.000000,0.025682,,0.966452,0,570,0,72.438928
10152,105741,0,762867,13.861001,0.000000,1.034836,,0.966459,0,570,0,72.441643
10153,105741,0,762867,13.861001,0.000000,1.031078,,0.966465,0,570,0,72.444357
10154,105741,0,762867,13.861001,0.000000,0.033392,,0.966373,0,570,0,72.447070
10155,105741,0,762867,13.861001,0.000000,0.029837,,0.966281,0,570,0,72.449783
10156,105741,0,762867,13.861001,0.000000,0.025066,non_zero_exit,0.966188,0,570,0,72.442650
10157,105741,0,762867,13.861001,0.000000,0.534962,,0.966146,0,570,0,72.445363
10158,105741,0,762867,13.861001,0.000000,3.408043,,0.966386,0,570,0,72.448076
10159,105741,0,762867,13.861001,0.000000,1.028875,,0.966392,0,570,0,72.450787
10160,105741,0,762867,13.861001,0.000000,5.003951,timeout,0.966790,0,571,0,72.443657
10161,105741,0,762867,13.861001,0.000000,0.023485,non_zero_exit,0.966697,0,571,0,72.436528
10162,105741,0,762867,13.861001,0.000000,1.031727,,0.966703,0,571,0,72.439240
10163,105741,0,762867,13.861001,0.000000,0.023678,non_zero_exit,0.966610,0,571,0,72.432113
10164,105741,0,762867,13.861001,0.000000,0.031240,,0.966518,0,571,0,72.434825
10165,105741,0,762867,13.861001,0.000000,0.023502,non_zero_exit,0.966426,0,571,0,72.427700
10166,105741,0,762867,13.861001,0.000000,0.033277,,0.966334,0,571,0,72.430412
10167,105741,0,762867,13.861001,0.000000,1.028569,,0.966340,0,571,0,72.433124
10168,105741,0,762867,13.861001,0.000000,5.004322,timeout,0.966737,0,572,0,72.426001
10169,105741,0,762867,13.861001,0.000000,0.033711,,0.966645,0,572,0,72.428712
10170,105741,0,762867,13.861001,0.000000,0.025647,non_zero_exit,0.966553,0,572,0,72.421591
10171,105741,0,762867,13.861001,0.000000,1.031840,,0.966559,0,572,0,72.424302
10172,105741,0,762867,13.861001,0.000000,3.033065,non_zero_exit,0.966762,0,572,0,72.417183
10173,105741,0,762867,13.861001,0.000000,5.004402,timeout,0.967159,0,573,0,72.410065
10174,105741,0,762867,13.861001,0.000000,0.019858,non_zero_exit,0.967066,0,573,0,72.402948
10175,105741,0,762867,13.861001,0.000000,1.031059,,0.967072,0,573,0,72.405660
10176,105741,0,762867,13.861001,0.000000,0.990382,,0.967075,0,573,0,72.408372
10177,105741,0,762867,13.861001,0.000000,0.027826,,0.966982,0,573,0,72.411083
10178,105741,0,762867,13.861001,0.000000,0.025165,non_zero_exit,0.966890,0,573,0,72.403969
10179,105741,0,762867,13.861001,0.000000,0.023765,non_zero_exit,0.966797,0,573,0,72.396857
10180,105741,0,762867,13.861001,0.000000,0.040615,,0.966706,0,573,0,72.399568
10181,105741,0,762867,13.861001,0.000000,0.024101,non_zero_exit,0.966614,0,573,0,72.392457
10182,105741,0,762867,13.861001,0.000000,0.026777,non_zero_exit,0.966521,0,573,0,72.385348
10183,105741,0,762867,13.861001,0.000000,1.032086,,0.966528,0,573,0,72.388060
10184,105741,0,762867,13.861001,0.000000,5.003373,timeout,0.966924,0,574,0,72.380952
10185,105741,0,762867,13.861001,0.000000,0.328380,,0.966862,0,574,0,72.383664
10186,105741,0,762867,13.861001,0.000000,1.033048,,0.966868,0,574,0,72.386375
10187,105741,0,762867,13.861001,0.000000,0.031774,,0.966776,0,574,0,72.389085
10188,105741,0,762867,13.861001,0.000000,0.037194,,0.966685,0,574,0,72.391795
10189,105741,0,762867,13.861001,0.000000,1.027848,,0.966691,0,574,0,72.394504
10190,105741,0,762867,13.861001,0.000000,5.004081,timeout,0.967087,0,575,0,72.387401
10191,105741,0,762867,13.861001,0.000000,0.024001,non_zero_exit,0.966995,0,575,0,72.380298
10192,105741,0,762867,13.861001,0.000000,1.029702,,0.967001,0,575,0,72.383008
10193,105741,0,762867,13.861001,0.000000,0.022709,non_zero_exit,0.966908,0,575,0,72.375907
10194,105741,0,762867,13.861001,0.000000,3.031072,,0.967111,0,575,0,72.378617
10195,105741,0,762867,13.861001,0.000000,0.023025,non_zero_exit,0.967018,0,575,0,72.371518
10196,105741,0,762867,13.861001,0.000000,0.029655,,0.966926,0,575,0,72.374228
10197,105741,0,762867,13.861001,0.000000,0.023339,non_zero_exit,0.966834,0,575,0,72.367131
10198,105741,0,762867,13.861001,0.000000,1.028875,,0.966840,0,575,0,72.369840
10199,105741,0,762867,13.861001,0.000000,1.030634,,0.966846,0,575,0,72.372549
10200,105741,0,762867,13.861001,0.000000,0.537214,,0.966804,0,575,0,72.375257
10201,105741,0,762867,13.861001,0.000000,0.039599,,0.966713,0,575,0,72.377965
10202,105741,0,762867,13.861001,0.000000,1.026207,,0.966719,0,575,0,72.380672
10203,105741,0,762867,13.861001,0.000000,5.004544,timeout,0.967114,0,576,0,72.373579
10204,105741,0,762867,13.861001,0.000000,0.031984,,0.967023,0,576,0,72.376286
10205,105741,0,762867,13.861001,0.000000,0.034455,,0.966931,0,576,0,72.378993
10206,105741,0,762867,13.861001,0.000000,0.033225,,0.966840,0,576,0,72.381699
10207,105742,1,762867,13.861132,0.000131,1.031942,non_zero_exit,0.966846,0,576,0,72.374608
10208,105742,0,762867,13.861132,0.000000,0.020532,non_zero_exit,0.966754,0,576,0,72.367519
10209,105742,0,762867,13.861132,0.000000,0.027799,,0.966662,0,576,0,72.370225
10210,105742,0,762867,13.861132,0.000000,3.038381,,0.966865,0,576,0,72.372931
10211,105742,0,762867,13.861132,0.000000,1.033157,,0.966871,0,576,0,72.375637
10212,105742,0,762867,13.861132,0.000000,3.026244,,0.967073,0,576,0,72.378341
10213,105742,0,762867,13.861132,0.000000,0.035834,,0.966982,0,576,0,72.381046
10214,105742,0,762867,13.861132,0.000000,0.031338,,0.966890,0,576,0,72.383749
10215,105742,0,762867,13.861132,0.000000,0.026379,non_zero_exit,0.966798,0,576,0,72.376664
10216,105742,0,762867,13.861132,0.000000,0.031432,,0.966706,0,576,0,72.379368
10217,105742,0,762867,13.861132,0.000000,0.496500,,0.966660,0,576,0,72.382071
10218,105742,0,762867,13.861132,0.000000,0.030139,,0.966569,0,576,0,72.384773
10219,105742,0,762867,13.861132,0.000000,0.028598,,0.966477,0,576,0,72.387476
10220,105742,0,762867,13.861132,0.000000,1.032901,,0.966483,0,576,0,72.390177
10221,105742,0,762867,13.861132,0.000000,0.023155,non_zero_exit,0.966391,0,576,0,72.383095
10222,105742,0,762867,13.861132,0.000000,1.027264,,0.966397,0,576,0,72.385797
10223,105742,0,762867,13.861132,0.000000,5.004601,timeout,0.966792,0,577,0,72.378717
10224,105742,0,762867,13.861132,0.000000,1.034534,,0.966799,0,577,0,72.381418
10225,105742,0,762867,13.861132,0.000000,1.046309,,0.966806,0,577,0,72.384119
10226,105742,0,762867,13.861132,0.000000,0.030175,,0.966715,0,577,0,72.386819
10227,105742,0,762867,13.861132,0.000000,1.033888,,0.966721,0,577,0,72.389519
10228,105742,0,762867,13.861132,0.000000,1.031225,,0.966728,0,577,0,72.392218
10229,105742,0,762867,13.861132,0.000000,0.025020,non_zero_exit,0.966636,0,577,0,72.385142
10230,105742,0,762867,13.861132,0.000000,0.022908,non_zero_exit,0.966543,0,577,0,72.378067
10231,105742,0,762867,13.861132,0.000000,1.244249,,0.966571,0,577,0,72.380766
10232,105742,0,762867,13.861132,0.000000,0.032623,,0.966479,0,577,0,72.383465
10233,105742,0,762867,13.861132,0.000000,0.029671,,0.966388,0,577,0,72.386164
10234,105742,0,762867,13.861132,0.000000,1.032021,,0.966394,0,577,0,72.388862
10235,105742,0,762867,13.861132,0.000000,0.030327,,0.966303,0,577,0,72.391559
10236,105742,0,762867,13.861132,0.000000,0.030682,,0.966211,0,577,0,72.394256
10237,105742,0,762867,13.861132,0.000000,3.031605,,0.966413,0,577,0,72.396953
10238,105742,0,762867,13.861132,0.000000,0.024711,non_zero_exit,0.966321,0,577,0,72.389882
10239,105742,0,762867,13.861132,0.000000,0.022588,non_zero_exit,0.966229,0,577,0,72.382812
10240,105742,0,762867,13.861132,0.000000,0.031284,,0.966138,0,577,0,72.385509
10241,105742,0,762867,13.861132,0.000000,0.025510,,0.966046,0,577,0,72.388205
10242,105742,0,762867,13.861132,0.000000,0.036056,,0.965955,0,577,0,72.390901
10243,105742,0,762867,13.861132,0.000000,4.530159,,0.966303,0,577,0,72.393596
10244,105744,2,762867,13.861394,0.000262,1.033787,,0.966310,0,577,0,72.396291
10245,105744,0,762867,13.861394,0.000000,0.025443,,0.966218,0,577,0,72.398985
10246,105744,0,762867,13.861394,0.000000,2.534961,,0.966371,0,577,0,72.401679
10247,105744,0,762867,13.861394,0.000000,0.030661,,0.966280,0,577,0,72.404372
10248,105744,0,762867,13.861394,0.000000,0.132295,,0.966198,0,577,0,72.407064
10249,105744,0,762867,13.861394,0.000000,0.023476,non_zero_exit,0.966106,0,577,0,72.400000
10250,105745,1,762867,13.861525,0.000131,1.033817,,0.966113,0,577,0,72.402692
10251,105745,0,762867,13.861525,0.000000,0.127212,,0.966031,0,577,0,72.405384
10252,105750,5,762867,13.862180,0.000655,5.161459,timeout,0.966440,0,578,0,72.398322
10253,105750,0,762867,13.862180,0.000000,0.024373,non_zero_exit,0.966348,0,578,0,72.391262
10254,105750,0,762867,13.862180,0.000000,0.025327,,0.966256,0,578,0,72.393954
10255,105754,4,762867,13.862705,0.000524,1.032996,non_zero_exit,0.966263,0,578,0,72.386895
10256,105754,0,762867,13.862705,0.000000,1.031717,,0.966269,0,578,0,72.389588
10257,105754,0,762867,13.862705,0.000000,3.030332,,0.966471,0,578,0,72.392279
10258,105754,0,762867,13.862705,0.000000,0.028656,,0.966379,0,578,0,72.394970
10259,105754,0,762867,13.862705,0.000000,0.028056,,0.966288,0,578,0,72.397661
10260,105754,0,762867,13.862705,0.000000,0.535613,,0.966246,0,578,0,72.400351
10261,105754,0,762867,13.862705,0.000000,0.023368,non_zero_exit,0.966154,0,578,0,72.393296
10262,105754,0,762867,13.862705,0.000000,0.026879,,0.966062,0,578,0,72.395986
10263,105754,0,762867,13.862705,0.000000,5.004509,timeout,0.966456,0,579,0,72.388932
10264,105754,0,762867,13.862705,0.000000,1.028533,,0.966462,0,579,0,72.391622
10265,105754,0,762867,13.862705,0.000000,0.028661,,0.966371,0,579,0,72.394311
10266,105754,0,762867,13.862705,0.000000,1.032565,,0.966377,0,579,0,72.397000
10267,105754,0,762867,13.862705,0.000000,0.031301,,0.966286,0,579,0,72.399688
10268,105754,0,762867,13.862705,0.000000,2.936034,,0.966478,0,579,0,72.402376
10269,105754,0,762867,13.862705,0.000000,5.005764,timeout,0.966871,0,580,0,72.395326
10270,105754,0,762867,13.862705,0.000000,1.030941,,0.966877,0,580,0,72.398014
10271,105760,6,762867,13.863491,0.000787,0.025571,non_zero_exit,0.966786,0,580,0,72.390966
10272,105760,0,762867,13.863491,0.000000,1.030657,,0.966792,0,580,0,72.393653
10273,105760,0,762867,13.863491,0.000000,1.038983,,0.966799,0,580,0,72.396340
10274,105760,0,762867,13.863491,0.000000,0.026325,,0.966707,0,580,0,72.399027
10275,105760,0,762867,13.863491,0.000000,1.030822,,0.966714,0,580,0,72.401713
10276,105760,0,762867,13.863491,0.000000,1.968648,,0.966811,0,580,0,72.404398
10277,105760,0,762867,13.863491,0.000000,0.024652,non_zero_exit,0.966719,0,580,0,72.397354
10278,105760,0,762867,13.863491,0.000000,1.031267,,0.966726,0,580,0,72.400039
10279,105760,0,762867,13.863491,0.000000,0.035742,,0.966635,0,580,0,72.402724
10280,105760,0,762867,13.863491,0.000000,2.034969,,0.966739,0,580,0,72.405408
10281,105760,0,762867,13.863491,0.000000,0.535072,,0.966697,0,580,0,72.408092
10282,105760,0,762867,13.863491,0.000000,0.028638,,0.966606,0,580,0,72.410775
10283,105760,0,762867,13.863491,0.000000,2.741498,,0.966778,0,580,0,72.413458
10284,105760,0,762867,13.863491,0.000000,0.998420,,0.966781,0,580,0,72.416140
10285,105760,0,762867,13.863491,0.000000,0.965460,,0.966781,0,580,0,72.418822
10286,105760,0,762867,13.863491,0.000000,1.030266,,0.966788,0,580,0,72.421503
10287,105760,0,762867,13.863491,0.000000,1.029130,,0.966794,0,580,0,72.424184
10288,105760,0,762867,13.863491,0.000000,0.029558,,0.966702,0,580,0,72.426864
10289,105760,0,762867,13.863491,0.000000,0.029555,,0.966611,0,580,0,72.429543
10290,105760,0,762867,13.863491,0.000000,1.033424,,0.966618,0,580,0,72.432222
10291,105760,0,762867,13.863491,0.000000,1.028605,,0.966624,0,580,0,72.434901
10292,105760,0,762867,13.863491,0.000000,1.032000,,0.966630,0,580,0,72.437579
10293,105760,0,762867,13.863491,0.000000,1.037869,non_zero_exit,0.966637,0,580,0,72.430542
10294,105760,0,762867,13.863491,0.000000,1.031525,,0.966644,0,580,0,72.433220
10295,105760,0,762867,13.863491,0.000000,0.031701,,0.966553,0,580,0,72.435897
10296,105760,0,762867,13.863491,0.000000,5.004505,timeout,0.966945,0,581,0,72.428863
10297,105760,0,762867,13.863491,0.000000,0.028767,,0.966854,0,581,0,72.431540
10298,105760,0,762867,13.863491,0.000000,1.029090,non_zero_exit,0.966860,0,581,0,72.424507
10299,105760,0,762867,13.863491,0.000000,0.129363,,0.966778,0,581,0,72.427184
10300,105760,0,762867,13.863491,0.000000,0.030402,,0.966688,0,581,0,72.429861
10301,105760,0,762867,13.863491,0.000000,0.029495,,0.966597,0,581,0,72.432537
10302,105760,0,762867,13.863491,0.000000,0.021313,non_zero_exit,0.966505,0,581,0,72.425507
10303,105760,0,762867,13.863491,0.000000,0.027146,,0.966414,0,581,0,72.428183
10304,105760,0,762867,13.863491,0.000000,0.037200,,0.966324,0,581,0,72.430859
10305,105760,0,762867,13.863491,0.000000,0.023431,non_zero_exit,0.966232,0,581,0,72.423831
10306,106134,374,762867,13.912517,0.049026,5.017955,timeout,0.966625,0,582,0,72.416804
10307,106134,0,762867,13.912517,0.000000,0.027870,,0.966534,0,582,0,72.419480
10308,106134,0,762867,13.912517,0.000000,0.026299,,0.966443,0,582,0,72.422155
10309,106134,0,762867,13.912517,0.000000,0.023879,non_zero_exit,0.966351,0,582,0,72.415131
10310,106134,0,762867,13.912517,0.000000,1.051527,,0.966360,0,582,0,72.417806
10311,106134,0,762867,13.912517,0.000000,0.027336,non_zero_exit,0.966269,0,582,0,72.410784
10312,106134,0,762867,13.912517,0.000000,1.032569,,0.966275,0,582,0,72.413459
10313,106134,0,762867,13.912517,0.000000,0.030747,,0.966184,0,582,0,72.416133
10314,106134,0,762867,13.912517,0.000000,0.022086,non_zero_exit,0.966093,0,582,0,72.409113
10315,106134,0,762867,13.912517,0.000000,2.528745,,0.966244,0,582,0,72.411788
10316,106134,0,762867,13.912517,0.000000,5.004603,timeout,0.966636,0,583,0,72.404769
10317,106134,0,762867,13.912517,0.000000,0.021261,non_zero_exit,0.966544,0,583,0,72.397752
10318,106134,0,762867,13.912517,0.000000,3.341994,,0.966774,0,583,0,72.400426
10319,106134,0,762867,13.912517,0.000000,1.027455,,0.966780,0,583,0,72.403101
10320,106134,0,762867,13.912517,0.000000,5.003862,timeout,0.967171,0,584,0,72.396086
10321,106134,0,762867,13.912517,0.000000,0.021719,non_zero_exit,0.967080,0,584,0,72.389072
10322,106134,0,762867,13.912517,0.000000,1.031559,,0.967086,0,584,0,72.391747
10323,106134,0,762867,13.912517,0.000000,0.024635,non_zero_exit,0.966995,0,584,0,72.384735
10324,106134,0,762867,13.912517,0.000000,0.023316,non_zero_exit,0.966903,0,584,0,72.377724
10325,106134,0,762867,13.912517,0.000000,0.028350,,0.966812,0,584,0,72.380399
10326,106134,0,762867,13.912517,0.000000,0.034947,,0.966722,0,584,0,72.383073
10327,106134,0,762867,13.912517,0.000000,3.532362,,0.966971,0,584,0,72.385747
10328,106134,0,762867,13.912517,0.000000,0.024465,non_zero_exit,0.966879,0,584,0,72.378739
10329,106134,0,762867,13.912517,0.000000,3.031010,,0.967079,0,584,0,72.381413
10330,106134,0,762867,13.912517,0.000000,0.024934,,0.966988,0,584,0,72.384087
10331,106134,0,762867,13.912517,0.000000,3.048301,,0.967189,0,584,0,72.386760
10332,106134,0,762867,13.912517,0.000000,2.033937,non_zero_exit,0.967293,0,584,0,72.379754
10333,106134,0,762867,13.912517,0.000000,0.025303,non_zero_exit,0.967202,0,584,0,72.372750
10334,106134,0,762867,13.912517,0.000000,0.033516,,0.967111,0,584,0,72.375423
10335,106134,0,762867,13.912517,0.000000,0.034544,,0.967021,0,584,0,72.378096
10336,106134,0,762867,13.912517,0.000000,0.021325,non_zero_exit,0.966929,0,584,0,72.371094
10337,106134,0,762867,13.912517,0.000000,1.027848,,0.966935,0,584,0,72.373767
10338,106134,0,762867,13.912517,0.000000,1.031413,,0.966942,0,584,0,72.376439
10339,106134,0,762867,13.912517,0.000000,0.029229,,0.966851,0,584,0,72.379110
10340,106134,0,762867,13.912517,0.000000,0.029923,,0.966760,0,584,0,72.381781
10341,106134,0,762867,13.912517,0.000000,0.022081,non_zero_exit,0.966669,0,584,0,72.374782
10342,106134,0,762867,13.912517,0.000000,2.032132,,0.966772,0,584,0,72.377453
10343,106134,0,762867,13.912517,0.000000,5.003987,timeout,0.967162,0,585,0,72.370456
10344,106134,0,762867,13.912517,0.000000,1.042654,,0.967170,0,585,0,72.373127
10345,106134,0,762867,13.912517,0.000000,0.788469,,0.967152,0,585,0,72.375797
10346,106134,0,762867,13.912517,0.000000,0.029614,,0.967062,0,585,0,72.378467
10347,106134,0,762867,13.912517,0.000000,0.024510,,0.966971,0,585,0,72.381136
10348,106134,0,762867,13.912517,0.000000,0.039802,,0.966881,0,585,0,72.383805
10349,106134,0,762867,13.912517,0.000000,0.542746,,0.966840,0,585,0,72.386473
10350,106134,0,762867,13.912517,0.000000,0.024559,non_zero_exit,0.966749,0,585,0,72.379480
10351,106134,0,762867,13.912517,0.000000,1.033477,,0.966755,0,585,0,72.382148
10352,106134,0,762867,13.912517,0.000000,0.033692,,0.966665,0,585,0,72.384816
10353,106134,0,762867,13.912517,0.000000,0.021509,non_zero_exit,0.966574,0,585,0,72.377825
10354,106134,0,762867,13.912517,0.000000,0.024425,non_zero_exit,0.966483,0,585,0,72.370835
10355,106134,0,762867,13.912517,0.000000,0.135077,,0.966403,0,585,0,72.373503
10356,106134,0,762867,13.912517,0.000000,0.022517,non_zero_exit,0.966312,0,585,0,72.366515
10357,106135,1,762867,13.912648,0.000131,0.118867,,0.966230,0,585,0,72.369183
10358,106135,0,762867,13.912648,0.000000,0.033919,,0.966140,0,585,0,72.371851
10359,106135,0,762867,13.912648,0.000000,0.027808,,0.966049,0,585,0,72.374517
10360,106135,0,762867,13.912648,0.000000,0.023642,non_zero_exit,0.965958,0,585,0,72.367532
10361,106135,0,762867,13.912648,0.000000,0.023388,,0.965867,0,585,0,72.370199
10362,106135,0,762867,13.912648,0.000000,0.030717,,0.965777,0,585,0,72.372865
10363,106135,0,762867,13.912648,0.000000,0.026263,,0.965686,0,585,0,72.375531
10364,106135,0,762867,13.912648,0.000000,0.026144,non_zero_exit,0.965596,0,585,0,72.368548
10365,106135,0,762867,13.912648,0.000000,1.031755,,0.965602,0,585,0,72.371214
10366,106137,2,762867,13.912910,0.000262,0.035512,,0.965512,0,585,0,72.373879
10367,106137,0,762867,13.912910,0.000000,0.029043,,0.965422,0,585,0,72.376543
10368,106137,0,762867,13.912910,0.000000,1.032512,,0.965429,0,585,0,72.379207
10369,106137,0,762867,13.912910,0.000000,0.035514,,0.965339,0,585,0,72.381871
10370,106137,0,762867,13.912910,0.000000,2.035314,,0.965442,0,585,0,72.384534
10371,106137,0,762867,13.912910,0.000000,0.022447,non_zero_exit,0.965351,0,585,0,72.377555
10372,106137,0,762867,13.912910,0.000000,0.024740,non_zero_exit,0.965260,0,585,0,72.370577
10373,106137,0,762867,13.912910,0.000000,0.026678,,0.965170,0,585,0,72.373241
10374,106137,0,762867,13.912910,0.000000,3.033296,,0.965369,0,585,0,72.375904
10375,106137,0,762867,13.912910,0.000000,0.029642,,0.965279,0,585,0,72.378566
10376,106137,0,762867,13.912910,0.000000,0.128095,,0.965198,0,585,0,72.381228
10377,106137,0,762867,13.912910,0.000000,0.028493,,0.965108,0,585,0,72.383889
10378,106137,0,762867,13.912910,0.000000,0.028767,,0.965018,0,585,0,72.386550
10379,106137,0,762867,13.912910,0.000000,0.033336,,0.964928,0,585,0,72.389210
10380,106137,0,762867,13.912910,0.000000,0.028845,,0.964838,0,585,0,72.391870
10381,106137,0,762867,13.912910,0.000000,2.343078,,0.964971,0,585,0,72.394529
10382,106137,0,762867,13.912910,0.000000,0.534061,,0.964929,0,585,0,72.397188
10383,106137,0,762867,13.912910,0.000000,2.330336,,0.965061,0,585,0,72.399846
10384,106137,0,762867,13.912910,0.000000,0.038182,,0.964972,0,585,0,72.402504
10385,106137,0,762867,13.912910,0.000000,2.029523,non_zero_exit,0.965074,0,585,0,72.395532
10386,106137,0,762867,13.912910,0.000000,0.030538,,0.964984,0,585,0,72.398190
10387,106137,0,762867,13.912910,0.000000,0.018543,non_zero_exit,0.964893,0,585,0,72.391221
10388,106141,4,762867,13.913434,0.000524,2.189738,,0.965011,0,585,0,72.393878
10389,106141,0,762867,13.913434,0.000000,0.036913,,0.964922,0,585,0,72.396535
10390,106141,0,762867,13.913434,0.000000,1.030942,,0.964928,0,585,0,72.399192
10391,106141,0,762867,13.913434,0.000000,1.032066,,0.964934,0,585,0,72.401848
10392,106141,0,762867,13.913434,0.000000,0.035089,,0.964845,0,585,0,72.404503
10393,106141,0,762867,13.913434,0.000000,3.033793,,0.965044,0,585,0,72.407158
10394,106141,0,762867,13.913434,0.000000,0.031641,,0.964954,0,585,0,72.409812
10395,106141,0,762867,13.913434,0.000000,3.027751,,0.965153,0,585,0,72.412466
10396,106141,0,762867,13.913434,0.000000,2.433155,,0.965294,0,585,0,72.415120
10397,106141,0,762867,13.913434,0.000000,1.036965,,0.965301,0,585,0,72.417773
10398,106141,0,762867,13.913434,0.000000,0.030122,,0.965211,0,585,0,72.420425
10399,106141,0,762867,13.913434,0.000000,0.023836,non_zero_exit,0.965120,0,585,0,72.413462
10400,106141,0,762867,13.913434,0.000000,0.027620,,0.965030,0,585,0,72.416114
10401,106141,0,762867,13.913434,0.000000,0.030776,,0.964940,0,585,0,72.418766
10402,106141,0,762867,13.913434,0.000000,1.027628,,0.964946,0,585,0,72.421417
10403,106141,0,762867,13.913434,0.000000,2.539882,,0.965098,0,585,0,72.424068
10404,106141,0,762867,13.913434,0.000000,5.003964,timeout,0.965486,0,586,0,72.417107
10405,106141,0,762867,13.913434,0.000000,1.031516,,0.965492,0,586,0,72.419758
10406,106141,0,762867,13.913434,0.000000,0.033478,,0.965403,0,586,0,72.422408
10407,106141,0,762867,13.913434,0.000000,0.753871,,0.965382,0,586,0,72.425058
10408,106141,0,762867,13.913434,0.000000,0.024155,non_zero_exit,0.965292,0,586,0,72.418100
10409,106141,0,762867,13.913434,0.000000,0.026728,non_zero_exit,0.965202,0,586,0,72.411143
10410,106141,0,762867,13.913434,0.000000,5.004477,timeout,0.965590,0,587,0,72.404188
10411,106141,0,762867,13.913434,0.000000,3.085520,,0.965793,0,587,0,72.406838
10412,106141,0,762867,13.913434,0.000000,0.025850,,0.965703,0,587,0,72.409488
10413,106141,0,762867,13.913434,0.000000,0.030286,,0.965613,0,587,0,72.412138
10414,106141,0,762867,13.913434,0.000000,0.026459,non_zero_exit,0.965523,0,587,0,72.405185
10415,106141,0,762867,13.913434,0.000000,2.037935,,0.965626,0,587,0,72.407834
10416,106142,1,762867,13.913566,0.000131,0.025392,non_zero_exit,0.965536,0,587,0,72.400883
10417,106142,0,762867,13.913566,0.000000,1.033894,,0.965542,0,587,0,72.403532
10418,106142,0,762867,13.913566,0.000000,0.024600,non_zero_exit,0.965452,0,587,0,72.396583
10419,106142,0,762867,13.913566,0.000000,0.026914,,0.965362,0,587,0,72.399232
10420,106142,0,762867,13.913566,0.000000,0.030581,,0.965272,0,587,0,72.401881
10421,106142,0,762867,13.913566,0.000000,0.031850,,0.965183,0,587,0,72.404529
10422,106142,0,762867,13.913566,0.000000,0.534667,non_zero_exit,0.965141,0,587,0,72.397582
10423,106142,0,762867,13.913566,0.000000,0.034674,,0.965052,0,587,0,72.400230
10424,106142,0,762867,13.913566,0.000000,0.789006,,0.965035,0,587,0,72.402878
10425,106142,0,762867,13.913566,0.000000,2.034232,,0.965138,0,587,0,72.405525
10426,106142,0,762867,13.913566,0.000000,0.028846,,0.965048,0,587,0,72.408171
10427,106142,0,762867,13.913566,0.000000,3.531741,,0.965294,0,587,0,72.410817
10428,106142,0,762867,13.913566,0.000000,0.030474,,0.965204,0,587,0,72.413462
10429,106142,0,762867,13.913566,0.000000,1.535503,,0.965259,0,587,0,72.416107
10430,106142,0,762867,13.913566,0.000000,0.025996,non_zero_exit,0.965169,0,587,0,72.409165
10431,106142,0,762867,13.913566,0.000000,0.029245,,0.965079,0,587,0,72.411810
10432,106142,0,762867,13.913566,0.000000,2.030507,,0.965182,0,587,0,72.414454
10433,106142,0,762867,13.913566,0.000000,1.031785,,0.965188,0,587,0,72.417098
10434,106142,0,762867,13.913566,0.000000,3.030859,,0.965386,0,587,0,72.419741
10435,106142,0,762867,13.913566,0.000000,3.033612,,0.965584,0,587,0,72.422384
10436,106142,0,762867,13.913566,0.000000,0.030138,,0.965494,0,587,0,72.425026
10437,106142,0,762867,13.913566,0.000000,4.550351,,0.965838,0,587,0,72.427668
10438,106142,0,762867,13.913566,0.000000,0.022197,non_zero_exit,0.965747,0,587,0,72.420730
10439,106142,0,762867,13.913566,0.000000,0.033085,,0.965658,0,587,0,72.423372
10440,106142,0,762867,13.913566,0.000000,0.021659,non_zero_exit,0.965568,0,587,0,72.416435
10441,106142,0,762867,13.913566,0.000000,0.025540,,0.965478,0,587,0,72.419077
10442,106142,0,762867,13.913566,0.000000,5.007835,timeout,0.965865,0,588,0,72.412142
10443,106142,0,762867,13.913566,0.000000,0.024022,non_zero_exit,0.965775,0,588,0,72.405209
10444,106142,0,762867,13.913566,0.000000,0.034236,,0.965685,0,588,0,72.407851
10445,106142,0,762867,13.913566,0.000000,0.131083,,0.965606,0,588,0,72.410492
10446,106142,0,762867,13.913566,0.000000,5.003477,timeout,0.965992,0,589,0,72.403561
10447,106142,0,762867,13.913566,0.000000,0.030789,,0.965903,0,589,0,72.406202
10448,106142,0,762867,13.913566,0.000000,5.004093,timeout,0.966289,0,590,0,72.399273
10449,106142,0,762867,13.913566,0.000000,0.030942,,0.966199,0,590,0,72.401914
10450,106142,0,762867,13.913566,0.000000,0.030915,,0.966110,0,590,0,72.404555
10451,106142,0,762867,13.913566,0.000000,0.031167,,0.966021,0,590,0,72.407195
10452,106142,0,762867,13.913566,0.000000,0.031327,,0.965931,0,590,0,72.409834
10453,106142,0,762867,13.913566,0.000000,0.032904,,0.965842,0,590,0,72.412474
10454,106142,0,762867,13.913566,0.000000,0.021190,non_zero_exit,0.965751,0,590,0,72.405548
10455,106142,0,762867,13.913566,0.000000,1.034764,,0.965758,0,590,0,72.408187
10456,106142,0,762867,13.913566,0.000000,5.004028,timeout,0.966144,0,591,0,72.401262
10457,106142,0,762867,13.913566,0.000000,1.033484,,0.966151,0,591,0,72.403901
10458,106142,0,762867,13.913566,0.000000,2.034531,,0.966253,0,591,0,72.406540
10459,106142,0,762867,13.913566,0.000000,1.026017,,0.966259,0,591,0,72.409178
10460,106142,0,762867,13.913566,0.000000,0.021795,non_zero_exit,0.966168,0,591,0,72.402256
10461,106142,0,762867,13.913566,0.000000,0.030348,,0.966079,0,591,0,72.404894
10462,106142,0,762867,13.913566,0.000000,0.027978,,0.965989,0,591,0,72.407531
10463,106142,0,762867,13.913566,0.000000,3.033145,,0.966187,0,591,0,72.410168
10464,106142,0,762867,13.913566,0.000000,0.022360,non_zero_exit,0.966097,0,591,0,72.403249
10465,106142,0,762867,13.913566,0.000000,0.030395,,0.966007,0,591,0,72.405886
10466,106142,0,762867,13.913566,0.000000,0.130225,,0.965927,0,591,0,72.408522
10467,106142,0,762867,13.913566,0.000000,0.034131,,0.965838,0,591,0,72.411158
10468,106142,0,762867,13.913566,0.000000,0.036415,,0.965749,0,591,0,72.413793
10469,106142,0,762867,13.913566,0.000000,0.024442,non_zero_exit,0.965660,0,591,0,72.406877
10470,106142,0,762867,13.913566,0.000000,0.336270,,0.965599,0,591,0,72.409512
10471,106142,0,762867,13.913566,0.000000,0.029726,,0.965510,0,591,0,72.412147
10472,106142,0,762867,13.913566,0.000000,3.503902,,0.965752,0,591,0,72.414781
10473,106142,0,762867,13.913566,0.000000,0.028894,,0.965663,0,591,0,72.417415
10474,106142,0,762867,13.913566,0.000000,2.027133,,0.965764,0,591,0,72.420048
10475,106142,0,762867,13.913566,0.000000,2.034269,,0.965866,0,591,0,72.422680
10476,106142,0,762867,13.913566,0.000000,0.029252,,0.965777,0,591,0,72.425313
10477,106142,0,762867,13.913566,0.000000,1.030992,,0.965783,0,591,0,72.427944
10478,106142,0,762867,13.913566,0.000000,0.028834,,0.965694,0,591,0,72.430575
10479,106142,0,762867,13.913566,0.000000,0.031118,,0.965605,0,591,0,72.433206
10480,106142,0,762867,13.913566,0.000000,1.029616,,0.965611,0,591,0,72.435836
10481,106142,0,762867,13.913566,0.000000,1.526061,,0.965664,0,591,0,72.438466
10482,106142,0,762867,13.913566,0.000000,0.028461,non_zero_exit,0.965575,0,591,0,72.431556
10483,106142,0,762867,13.913566,0.000000,5.003754,timeout,0.965960,0,592,0,72.424647
10484,106142,0,762867,13.913566,0.000000,1.030099,,0.965966,0,592,0,72.427277
10485,106142,0,762867,13.913566,0.000000,0.133263,,0.965887,0,592,0,72.429907
10486,106148,6,762867,13.914352,0.000787,1.030200,,0.965893,0,592,0,72.432536
10487,106148,0,762867,13.914352,0.000000,0.031459,,0.965804,0,592,0,72.435164
10488,106148,0,762867,13.914352,0.000000,0.030847,,0.965715,0,592,0,72.437792
10489,106149,1,762867,13.914483,0.000131,0.023078,non_zero_exit,0.965625,0,592,0,72.430887
10490,106149,0,762867,13.914483,0.000000,1.645715,,0.965690,0,592,0,72.433514
10491,106149,0,762867,13.914483,0.000000,0.040888,,0.965601,0,592,0,72.436142
10492,106149,0,762867,13.914483,0.000000,3.029676,,0.965798,0,592,0,72.438769
10493,106149,0,762867,13.914483,0.000000,0.032088,,0.965709,0,592,0,72.441395
10494,106149,0,762867,13.914483,0.000000,0.030226,,0.965620,0,592,0,72.444021
10495,106149,0,762867,13.914483,0.000000,3.029585,,0.965817,0,592,0,72.446646
10496,106149,0,762867,13.914483,0.000000,1.031146,,0.965823,0,592,0,72.449271
10497,106149,0,762867,13.914483,0.000000,0.024212,non_zero_exit,0.965733,0,592,0,72.442370
10498,106149,0,762867,13.914483,0.000000,5.004308,timeout,0.966118,0,593,0,72.435470
10499,106149,0,762867,13.914483,0.000000,0.026250,non_zero_exit,0.966028,0,593,0,72.428571
10500,106149,0,762867,13.914483,0.000000,0.022653,non_zero_exit,0.965938,0,593,0,72.421674
10501,106149,0,762867,13.914483,0.000000,1.029817,,0.965945,0,593,0,72.424300
10502,106149,0,762867,13.914483,0.000000,0.030323,,0.965855,0,593,0,72.426926
10503,106149,0,762867,13.914483,0.000000,0.131190,,0.965776,0,593,0,72.429551
10504,106149,0,762867,13.914483,0.000000,0.031838,,0.965687,0,593,0,72.432175
10505,106149,0,762867,13.914483,0.000000,5.004006,timeout,0.966071,0,594,0,72.425281
10506,106149,0,762867,13.914483,0.000000,3.032802,,0.966268,0,594,0,72.427905
10507,106149,0,762867,13.914483,0.000000,0.031372,,0.966179,0,594,0,72.430529
10508,106149,0,762867,13.914483,0.000000,0.028901,,0.966090,0,594,0,72.433153
10509,106149,0,762867,13.914483,0.000000,2.533059,,0.966239,0,594,0,72.435775
10510,106149,0,762867,13.914483,0.000000,0.144990,,0.966161,0,594,0,72.438398
10511,106149,0,762867,13.914483,0.000000,1.032394,,0.966167,0,594,0,72.441020
10512,106149,0,762867,13.914483,0.000000,1.028658,,0.966173,0,594,0,72.443641
10513,106149,0,762867,13.914483,0.000000,0.025378,non_zero_exit,0.966084,0,594,0,72.436751
10514,106149,0,762867,13.914483,0.000000,5.008499,timeout,0.966468,0,595,0,72.429862
10515,106149,0,762867,13.914483,0.000000,0.022338,non_zero_exit,0.966378,0,595,0,72.422975
10516,106149,0,762867,13.914483,0.000000,0.034207,,0.966290,0,595,0,72.425597
10517,106149,0,762867,13.914483,0.000000,0.023278,non_zero_exit,0.966200,0,595,0,72.418711
10518,106149,0,762867,13.914483,0.000000,3.038614,non_zero_exit,0.966397,0,595,0,72.411826
10519,106149,0,762867,13.914483,0.000000,0.026379,,0.966308,0,595,0,72.414449
10520,106149,0,762867,13.914483,0.000000,1.029576,,0.966314,0,595,0,72.417071
10521,106149,0,762867,13.914483,0.000000,1.031113,,0.966320,0,595,0,72.419692
10522,106149,0,762867,13.914483,0.000000,1.029725,,0.966326,0,595,0,72.422313
10523,106161,12,762867,13.916056,0.001573,1.043116,,0.966333,0,595,0,72.424933
10524,106161,0,762867,13.916056,0.000000,2.527745,,0.966482,0,595,0,72.427553
10525,106161,0,762867,13.916056,0.000000,0.026289,non_zero_exit,0.966392,0,595,0,72.420673
10526,106161,0,762867,13.916056,0.000000,2.031358,,0.966493,0,595,0,72.423292
10527,106161,0,762867,13.916056,0.000000,0.047696,,0.966406,0,595,0,72.425912
10528,106161,0,762867,13.916056,0.000000,0.040497,,0.966318,0,595,0,72.428531
10529,106161,0,762867,13.916056,0.000000,0.023931,non_zero_exit,0.966229,0,595,0,72.421652
10530,106161,0,762867,13.916056,0.000000,0.020634,non_zero_exit,0.966139,0,595,0,72.414775
10531,106161,0,762867,13.916056,0.000000,0.035063,,0.966051,0,595,0,72.417395
10532,106161,0,762867,13.916056,0.000000,0.027476,non_zero_exit,0.965961,0,595,0,72.410519
10533,106161,0,762867,13.916056,0.000000,0.026463,,0.965872,0,595,0,72.413138
10534,106161,0,762867,13.916056,0.000000,0.025441,non_zero_exit,0.965783,0,595,0,72.406265
10535,106161,0,762867,13.916056,0.000000,3.036850,,0.965980,0,595,0,72.408884
10536,106161,0,762867,13.916056,0.000000,0.031254,,0.965891,0,595,0,72.411502
10537,106161,0,762867,13.916056,0.000000,0.533105,non_zero_exit,0.965850,0,595,0,72.404631
10538,106161,0,762867,13.916056,0.000000,3.032115,,0.966046,0,595,0,72.407249
10539,106161,0,762867,13.916056,0.000000,0.029611,non_zero_exit,0.965957,0,595,0,72.400380
10540,106161,0,762867,13.916056,0.000000,3.027919,,0.966153,0,595,0,72.402998
10541,106161,0,762867,13.916056,0.000000,3.037730,,0.966349,0,595,0,72.405616
10542,106161,0,762867,13.916056,0.000000,0.030727,,0.966260,0,595,0,72.408233
10543,106163,2,762867,13.916318,0.000262,0.026457,non_zero_exit,0.966171,0,595,0,72.401366
10544,106163,0,762867,13.916318,0.000000,0.037675,,0.966083,0,595,0,72.403983
10545,106163,0,762867,13.916318,0.000000,4.032276,,0.966374,0,595,0,72.406600
10546,106163,0,762867,13.916318,0.000000,0.035680,,0.966286,0,595,0,72.409216
10547,106163,0,762867,13.916318,0.000000,2.061932,,0.966390,0,595,0,72.411832
10548,106163,0,762867,13.916318,0.000000,1.026840,,0.966395,0,595,0,72.414447
10549,106163,0,762867,13.916318,0.000000,5.004696,timeout,0.966778,0,596,0,72.407583
10550,106163,0,762867,13.916318,0.000000,0.023255,non_zero_exit,0.966689,0,596,0,72.400720
10551,106163,0,762867,13.916318,0.000000,0.021188,non_zero_exit,0.966599,0,596,0,72.393859
10552,106163,0,762867,13.916318,0.000000,1.533871,,0.966653,0,596,0,72.396475
10553,106163,0,762867,13.916318,0.000000,1.563732,,0.966709,0,596,0,72.399090
10554,106163,0,762867,13.916318,0.000000,1.028358,,0.966715,0,596,0,72.401705
10555,106163,0,762867,13.916318,0.000000,0.032788,,0.966627,0,596,0,72.404320
10556,106163,0,762867,13.916318,0.000000,2.046969,,0.966729,0,596,0,72.406934
10557,106163,0,762867,13.916318,0.000000,0.022539,non_zero_exit,0.966640,0,596,0,72.400076
10558,106163,0,762867,13.916318,0.000000,0.038935,non_zero_exit,0.966552,0,596,0,72.393219
10559,106163,0,762867,13.916318,0.000000,0.022257,non_zero_exit,0.966462,0,596,0,72.386364
10560,106163,0,762867,13.916318,0.000000,0.024045,,0.966373,0,596,0,72.388978
10561,106163,0,762867,13.916318,0.000000,1.032668,,0.966379,0,596,0,72.391593
10562,106163,0,762867,13.916318,0.000000,0.032949,,0.966291,0,596,0,72.394206
10563,106163,0,762867,13.916318,0.000000,0.026448,,0.966202,0,596,0,72.396819
10564,106163,0,762867,13.916318,0.000000,1.029629,,0.966208,0,596,0,72.399432
10565,106163,0,762867,13.916318,0.000000,0.026547,,0.966119,0,596,0,72.402044
10566,106163,0,762867,13.916318,0.000000,0.032706,,0.966031,0,596,0,72.404656
10567,106163,0,762867,13.916318,0.000000,0.971312,,0.966031,0,596,0,72.407267
10568,106188,25,762867,13.919595,0.003277,0.033487,,0.965943,0,596,0,72.409878
10569,106188,0,762867,13.919595,0.000000,0.027917,,0.965854,0,596,0,72.412488
10570,106188,0,762867,13.919595,0.000000,0.023405,non_zero_exit,0.965765,0,596,0,72.405638
10571,106188,0,762867,13.919595,0.000000,3.029449,,0.965960,0,596,0,72.408248
10572,106188,0,762867,13.919595,0.000000,0.023432,non_zero_exit,0.965871,0,596,0,72.401400
10573,106188,0,762867,13.919595,0.000000,5.004122,timeout,0.966253,0,597,0,72.394553
10574,106188,0,762867,13.919595,0.000000,0.022871,non_zero_exit,0.966164,0,597,0,72.387707
10575,106188,0,762867,13.919595,0.000000,0.027816,,0.966075,0,597,0,72.390318
10576,106188,0,762867,13.919595,0.000000,2.038589,,0.966177,0,597,0,72.392928
10577,106188,0,762867,13.919595,0.000000,0.038289,,0.966089,0,597,0,72.395538
10578,106188,0,762867,13.919595,0.000000,1.029480,,0.966095,0,597,0,72.398147
10579,106188,0,762867,13.919595,0.000000,1.029225,,0.966101,0,597,0,72.400756
10580,106200,12,762867,13.921168,0.001573,0.030553,non_zero_exit,0.966012,0,597,0,72.393914
10581,106200,0,762867,13.921168,0.000000,1.043109,,0.966020,0,597,0,72.396522
10582,106200,0,762867,13.921168,0.000000,1.035985,,0.966026,0,597,0,72.399131
10583,106200,0,762867,13.921168,0.000000,1.035108,,0.966033,0,597,0,72.401738
10584,106200,0,762867,13.921168,0.000000,1.029443,,0.966039,0,597,0,72.404346
10585,106200,0,762867,13.921168,0.000000,0.975909,,0.966040,0,597,0,72.406953
10586,106200,0,762867,13.921168,0.000000,0.030219,,0.965951,0,597,0,72.409559
10587,106200,0,762867,13.921168,0.000000,1.033718,,0.965958,0,597,0,72.412165
10588,106200,0,762867,13.921168,0.000000,1.226496,,0.965982,0,597,0,72.414770
10589,106200,0,762867,13.921168,0.000000,0.029903,,0.965894,0,597,0,72.417375
10590,106200,0,762867,13.921168,0.000000,1.034601,,0.965901,0,597,0,72.419979
10591,106200,0,762867,13.921168,0.000000,0.030463,,0.965812,0,597,0,72.422583
10592,106200,0,762867,13.921168,0.000000,0.023366,non_zero_exit,0.965723,0,597,0,72.415746
10593,106201,1,762867,13.921300,0.000131,0.022895,non_zero_exit,0.965634,0,597,0,72.408911
10594,106201,0,762867,13.921300,0.000000,1.029078,,0.965640,0,597,0,72.411515
10595,106201,0,762867,13.921300,0.000000,0.035276,,0.965552,0,597,0,72.414119
10596,106201,0,762867,13.921300,0.000000,0.039751,,0.965465,0,597,0,72.416722
10597,106201,0,762867,13.921300,0.000000,0.034773,,0.965377,0,597,0,72.419324
10598,106201,0,762867,13.921300,0.000000,0.031447,,0.965289,0,597,0,72.421927
10599,106201,0,762867,13.921300,0.000000,2.722444,,0.965455,0,597,0,72.424528
10600,106201,0,762867,13.921300,0.000000,1.137037,,0.965471,0,597,0,72.427130
10601,106201,0,762867,13.921300,0.000000,1.729006,,0.965543,0,597,0,72.429730
10602,106201,0,762867,13.921300,0.000000,3.040592,,0.965739,0,597,0,72.432330
10603,106201,0,762867,13.921300,0.000000,0.025152,non_zero_exit,0.965650,0,597,0,72.425500
10604,106201,0,762867,13.921300,0.000000,0.021685,non_zero_exit,0.965561,0,597,0,72.418670
10605,106201,0,762867,13.921300,0.000000,5.023892,timeout,0.965944,0,598,0,72.411842
10606,106201,0,762867,13.921300,0.000000,0.024703,non_zero_exit,0.965855,0,598,0,72.405016
10607,106201,0,762867,13.921300,0.000000,2.034610,,0.965956,0,598,0,72.407617
10608,106201,0,762867,13.921300,0.000000,0.021503,non_zero_exit,0.965867,0,598,0,72.400792
10609,106201,0,762867,13.921300,0.000000,1.029402,,0.965873,0,598,0,72.403393
10610,106201,0,762867,13.921300,0.000000,2.040677,,0.965974,0,598,0,72.405994
10611,106201,0,762867,13.921300,0.000000,0.037807,non_zero_exit,0.965887,0,598,0,72.399171
10612,106202,1,762867,13.921431,0.000131,0.029665,,0.965798,0,598,0,72.401771
10613,106202,0,762867,13.921431,0.000000,1.030414,,0.965804,0,598,0,72.404372
10614,106202,0,762867,13.921431,0.000000,0.024934,non_zero_exit,0.965716,0,598,0,72.397551
10615,106202,0,762867,13.921431,0.000000,0.022291,non_zero_exit,0.965627,0,598,0,72.390731
10616,106202,0,762867,13.921431,0.000000,0.037395,,0.965539,0,598,0,72.393331
10617,106202,0,762867,13.921431,0.000000,1.351449,non_zero_exit,0.965576,0,598,0,72.386513
10618,106208,6,762867,13.922217,0.000787,1.028310,,0.965582,0,598,0,72.389114
10619,106208,0,762867,13.922217,0.000000,0.028399,,0.965493,0,598,0,72.391714
10620,106208,0,762867,13.922217,0.000000,0.037364,,0.965406,0,598,0,72.394313
10621,106208,0,762867,13.922217,0.000000,0.029712,,0.965318,0,598,0,72.396912
10622,106208,0,762867,13.922217,0.000000,1.032773,,0.965324,0,598,0,72.399510
10623,106208,0,762867,13.922217,0.000000,5.003184,timeout,0.965704,0,599,0,72.392696
10624,106208,0,762867,13.922217,0.000000,1.036963,,0.965711,0,599,0,72.395294
10625,106208,0,762867,13.922217,0.000000,1.031853,,0.965717,0,599,0,72.397892
10626,106208,0,762867,13.922217,0.000000,0.021762,non_zero_exit,0.965629,0,599,0,72.391079
10627,106208,0,762867,13.922217,0.000000,1.030979,non_zero_exit,0.965635,0,599,0,72.384268
10628,106208,0,762867,13.922217,0.000000,0.028456,,0.965546,0,599,0,72.386866
10629,106208,0,762867,13.922217,0.000000,0.034586,non_zero_exit,0.965459,0,599,0,72.380056
10630,106208,0,762867,13.922217,0.000000,1.029482,,0.965465,0,599,0,72.382655
10631,106208,0,762867,13.922217,0.000000,2.025502,,0.965565,0,599,0,72.385252
10632,106208,0,762867,13.922217,0.000000,1.032775,,0.965571,0,599,0,72.387849
10633,106208,0,762867,13.922217,0.000000,1.030961,,0.965577,0,599,0,72.390446
10634,106208,0,762867,13.922217,0.000000,1.033397,,0.965583,0,599,0,72.393042
10635,106208,0,762867,13.922217,0.000000,0.038302,,0.965496,0,599,0,72.395637
10636,106208,0,762867,13.922217,0.000000,0.034477,,0.965409,0,599,0,72.398233
10637,106208,0,762867,13.922217,0.000000,1.139357,,0.965425,0,599,0,72.400827
10638,106208,0,762867,13.922217,0.000000,2.029292,,0.965525,0,599,0,72.403421
10639,106208,0,762867,13.922217,0.000000,0.035673,,0.965438,0,599,0,72.406015
10640,106208,0,762867,13.922217,0.000000,0.024704,non_zero_exit,0.965349,0,599,0,72.399211
10641,106235,27,762867,13.925756,0.003539,0.030242,,0.965261,0,599,0,72.401804
10642,106235,0,762867,13.925756,0.000000,1.030762,,0.965268,0,599,0,72.404397
10643,106235,0,762867,13.925756,0.000000,2.028601,,0.965368,0,599,0,72.406990
10644,106235,0,762867,13.925756,0.000000,4.031081,,0.965656,0,599,0,72.409582
10645,106235,0,762867,13.925756,0.000000,0.029202,,0.965568,0,599,0,72.412174
10646,106235,0,762867,13.925756,0.000000,0.030451,,0.965480,0,599,0,72.414765
10647,106235,0,762867,13.925756,0.000000,0.025203,non_zero_exit,0.965391,0,599,0,72.407964
10648,106235,0,762867,13.925756,0.000000,0.537521,,0.965351,0,599,0,72.410555
10649,106236,1,762867,13.925887,0.000131,0.022876,non_zero_exit,0.965263,0,599,0,72.403756
10650,106236,0,762867,13.925887,0.000000,2.036795,,0.965363,0,599,0,72.406347
10651,106236,0,762867,13.925887,0.000000,0.033741,,0.965276,0,599,0,72.408937
10652,106236,0,762867,13.925887,0.000000,0.025867,non_zero_exit,0.965188,0,599,0,72.402140
10653,106236,0,762867,13.925887,0.000000,0.032221,,0.965100,0,599,0,72.404731
10654,106236,0,762867,13.925887,0.000000,0.023957,non_zero_exit,0.965012,0,599,0,72.397935
10655,106236,0,762867,13.925887,0.000000,0.538097,,0.964972,0,599,0,72.400526
10656,106236,0,762867,13.925887,0.000000,2.051818,,0.965074,0,599,0,72.403115
10657,106236,0,762867,13.925887,0.000000,0.030442,,0.964986,0,599,0,72.405705
10658,106236,0,762867,13.925887,0.000000,0.038340,,0.964899,0,599,0,72.408293
10659,106236,0,762867,13.925887,0.000000,0.021823,non_zero_exit,0.964811,0,599,0,72.401501
10660,106236,0,762867,13.925887,0.000000,0.029586,,0.964723,0,599,0,72.404090
10661,106236,0,762867,13.925887,0.000000,0.032934,,0.964636,0,599,0,72.406678
10662,106236,0,762867,13.925887,0.000000,0.033802,,0.964548,0,599,0,72.409266
10663,106236,0,762867,13.925887,0.000000,0.023515,non_zero_exit,0.964460,0,599,0,72.402476
10664,106236,0,762867,13.925887,0.000000,5.003846,timeout,0.964839,0,600,0,72.395687
10665,106236,0,762867,13.925887,0.000000,1.028717,,0.964845,0,600,0,72.398275
10666,106236,0,762867,13.925887,0.000000,2.031290,,0.964945,0,600,0,72.400862
10667,106236,0,762867,13.925887,0.000000,0.031976,,0.964857,0,600,0,72.403450
10668,106236,0,762867,13.925887,0.000000,0.534447,,0.964817,0,600,0,72.406036
10669,106236,0,762867,13.925887,0.000000,0.021967,non_zero_exit,0.964729,0,600,0,72.399250
10670,106236,0,762867,13.925887,0.000000,1.028030,,0.964734,0,600,0,72.401837
10671,106237,1,762867,13.926019,0.000131,3.033151,,0.964928,0,600,0,72.404423
10672,106237,0,762867,13.926019,0.000000,1.028586,,0.964934,0,600,0,72.407008
10673,106237,0,762867,13.926019,0.000000,1.031011,,0.964940,0,600,0,72.409593
10674,106237,0,762867,13.926019,0.000000,0.022820,non_zero_exit,0.964852,0,600,0,72.402810
10675,106237,0,762867,13.926019,0.000000,1.029675,,0.964858,0,600,0,72.405395
10676,106237,0,762867,13.926019,0.000000,1.035213,,0.964865,0,600,0,72.407980
10677,106237,0,762867,13.926019,0.000000,0.037256,,0.964778,0,600,0,72.410564
10678,106237,0,762867,13.926019,0.000000,0.022334,non_zero_exit,0.964690,0,600,0,72.403783
10679,106237,0,762867,13.926019,0.000000,1.030670,,0.964696,0,600,0,72.406367
10680,106237,0,762867,13.926019,0.000000,1.039191,,0.964703,0,600,0,72.408950
10681,106237,0,762867,13.926019,0.000000,0.041982,,0.964616,0,600,0,72.411533
10682,106237,0,762867,13.926019,0.000000,1.030944,,0.964623,0,600,0,72.414116
10683,106237,0,762867,13.926019,0.000000,1.033986,,0.964629,0,600,0,72.416698
10684,106237,0,762867,13.926019,0.000000,0.032476,,0.964542,0,600,0,72.419279
10685,106237,0,762867,13.926019,0.000000,0.025485,non_zero_exit,0.964454,0,600,0,72.412502
10686,106240,3,762867,13.926412,0.000393,2.028230,,0.964554,0,600,0,72.415084
10687,106240,0,762867,13.926412,0.000000,0.031896,,0.964466,0,600,0,72.417665
10688,106240,0,762867,13.926412,0.000000,2.030710,,0.964566,0,600,0,72.420245
10689,106241,1,762867,13.926543,0.000131,0.207029,,0.964495,0,600,0,72.422825
10690,106243,2,762867,13.926805,0.000262,0.128524,,0.964417,0,600,0,72.425405
10691,106243,0,762867,13.926805,0.000000,1.028569,,0.964423,0,600,0,72.427984
10692,106243,0,762867,13.926805,0.000000,0.029613,,0.964336,0,600,0,72.430562
10693,106243,0,762867,13.926805,0.000000,2.036342,,0.964436,0,600,0,72.433140
10694,106243,0,762867,13.926805,0.000000,0.029725,,0.964348,0,600,0,72.435718
10695,106243,0,762867,13.926805,0.000000,0.024726,non_zero_exit,0.964261,0,600,0,72.428945
10696,106243,0,762867,13.926805,0.000000,0.024753,non_zero_exit,0.964173,0,600,0,72.422174
10697,106243,0,762867,13.926805,0.000000,1.039111,,0.964180,0,600,0,72.424752
10698,106243,0,762867,13.926805,0.000000,0.025217,,0.964092,0,600,0,72.427330
10699,106243,0,762867,13.926805,0.000000,0.023525,non_zero_exit,0.964004,0,600,0,72.420561
10700,106243,0,762867,13.926805,0.000000,0.131661,,0.963926,0,600,0,72.423138
10701,106243,0,762867,13.926805,0.000000,1.033662,,0.963933,0,600,0,72.425715
10702,106243,0,762867,13.926805,0.000000,1.034468,,0.963939,0,600,0,72.428291
10703,106244,1,762867,13.926936,0.000131,0.027593,non_zero_exit,0.963852,0,600,0,72.421525
10704,106244,0,762867,13.926936,0.000000,3.770436,,0.964114,0,600,0,72.424101
10705,106244,0,762867,13.926936,0.000000,1.034424,,0.964121,0,600,0,72.426677
10706,106244,0,762867,13.926936,0.000000,0.023905,non_zero_exit,0.964033,0,600,0,72.419912
10707,106244,0,762867,13.926936,0.000000,0.029649,,0.963946,0,600,0,72.422488
10708,106244,0,762867,13.926936,0.000000,0.336801,,0.963887,0,600,0,72.425063
10709,106244,0,762867,13.926936,0.000000,0.026138,non_zero_exit,0.963800,0,600,0,72.418301
10710,106244,0,762867,13.926936,0.000000,0.830011,,0.963787,0,600,0,72.420876
10711,106244,0,762867,13.926936,0.000000,0.032735,,0.963700,0,600,0,72.423450
10712,106244,0,762867,13.926936,0.000000,1.031698,,0.963706,0,600,0,72.426024
10713,106244,0,762867,13.926936,0.000000,0.141792,,0.963630,0,600,0,72.428598
10714,106244,0,762867,13.926936,0.000000,1.034921,,0.963636,0,600,0,72.431171
10715,106244,0,762867,13.926936,0.000000,0.027986,,0.963549,0,600,0,72.433744
10716,106244,0,762867,13.926936,0.000000,0.023063,non_zero_exit,0.963461,0,600,0,72.426985
10717,106244,0,762867,13.926936,0.000000,0.025398,non_zero_exit,0.963374,0,600,0,72.420228
10718,106244,0,762867,13.926936,0.000000,5.004165,timeout,0.963751,0,601,0,72.413471
10719,106244,0,762867,13.926936,0.000000,0.022488,non_zero_exit,0.963663,0,601,0,72.406716
10720,106251,7,762867,13.927854,0.000918,1.030341,,0.963669,0,601,0,72.409290
10721,106251,0,762867,13.927854,0.000000,0.027751,,0.963582,0,601,0,72.411863
10722,106251,0,762867,13.927854,0.000000,1.028393,,0.963588,0,601,0,72.414436
10723,106251,0,762867,13.927854,0.000000,0.024551,non_zero_exit,0.963500,0,601,0,72.407684
10724,106251,0,762867,13.927854,0.000000,0.032761,,0.963414,0,601,0,72.410256
10725,106251,0,762867,13.927854,0.000000,0.032632,,0.963327,0,601,0,72.412829
10726,106251,0,762867,13.927854,0.000000,1.031627,,0.963333,0,601,0,72.415400
10727,106251,0,762867,13.927854,0.000000,0.028928,,0.963246,0,601,0,72.417972
10728,106251,0,762867,13.927854,0.000000,1.031101,,0.963252,0,601,0,72.420542
10729,106251,0,762867,13.927854,0.000000,0.030363,,0.963165,0,601,0,72.423113
10730,106251,0,762867,13.927854,0.000000,1.031317,,0.963172,0,601,0,72.425683
10731,106251,0,762867,13.927854,0.000000,0.027757,,0.963085,0,601,0,72.428252
10732,106251,0,762867,13.927854,0.000000,0.031290,,0.962998,0,601,0,72.430821
10733,106251,0,762867,13.927854,0.000000,0.031780,,0.962911,0,601,0,72.433389
10734,106251,0,762867,13.927854,0.000000,1.028135,,0.962917,0,601,0,72.435957
10735,106251,0,762867,13.927854,0.000000,1.027067,,0.962923,0,601,0,72.438525
10736,106251,0,762867,13.927854,0.000000,1.533036,,0.962976,0,601,0,72.441092
10737,106251,0,762867,13.927854,0.000000,0.033523,,0.962890,0,601,0,72.443658
10738,106251,0,762867,13.927854,0.000000,0.035262,non_zero_exit,0.962803,0,601,0,72.436912
10739,106251,0,762867,13.927854,0.000000,1.030273,,0.962810,0,601,0,72.439479
10740,106251,0,762867,13.927854,0.000000,0.025955,non_zero_exit,0.962722,0,601,0,72.432734
10741,106251,0,762867,13.927854,0.000000,1.036256,,0.962729,0,601,0,72.435301
10742,106251,0,762867,13.927854,0.000000,0.027696,,0.962642,0,601,0,72.437867
10743,106251,0,762867,13.927854,0.000000,0.031068,,0.962555,0,601,0,72.440432
10744,106251,0,762867,13.927854,0.000000,1.033818,,0.962562,0,601,0,72.442997
10745,106251,0,762867,13.927854,0.000000,1.031078,,0.962568,0,601,0,72.445561
10746,106251,0,762867,13.927854,0.000000,2.031981,,0.962668,0,601,0,72.448125
10747,106251,0,762867,13.927854,0.000000,0.030589,,0.962581,0,601,0,72.450689
10748,106251,0,762867,13.927854,0.000000,2.535529,,0.962728,0,601,0,72.453251
10749,106251,0,762867,13.927854,0.000000,1.038462,,0.962735,0,601,0,72.455814
10750,106251,0,762867,13.927854,0.000000,5.004610,timeout,0.963111,0,602,0,72.449075
10751,106251,0,762867,13.927854,0.000000,0.022742,non_zero_exit,0.963023,0,602,0,72.442336
10752,106251,0,762867,13.927854,0.000000,1.029835,,0.963029,0,602,0,72.444899
10753,106252,1,762867,13.927985,0.000131,4.531989,,0.963361,0,602,0,72.447461
10754,106252,0,762867,13.927985,0.000000,1.037170,,0.963368,0,602,0,72.450023
10755,106252,0,762867,13.927985,0.000000,0.022386,non_zero_exit,0.963281,0,602,0,72.443287
10756,106252,0,762867,13.927985,0.000000,0.536666,,0.963241,0,602,0,72.445849
10757,106252,0,762867,13.927985,0.000000,0.038427,,0.963155,0,602,0,72.448410
10758,106252,0,762867,13.927985,0.000000,1.031955,,0.963161,0,602,0,72.450971
10759,106252,0,762867,13.927985,0.000000,2.032142,,0.963261,0,602,0,72.453532
10760,106252,0,762867,13.927985,0.000000,0.022381,non_zero_exit,0.963173,0,602,0,72.446799
10761,106252,0,762867,13.927985,0.000000,0.021530,non_zero_exit,0.963086,0,602,0,72.440067
10762,106252,0,762867,13.927985,0.000000,0.030065,,0.962999,0,602,0,72.442628
10763,106252,0,762867,13.927985,0.000000,0.036226,non_zero_exit,0.962913,0,602,0,72.435897
10764,106252,0,762867,13.927985,0.000000,5.007813,timeout,0.963289,0,603,0,72.429169
10765,106252,0,762867,13.927985,0.000000,0.033376,,0.963202,0,603,0,72.431730
10766,106310,58,762867,13.935588,0.007603,5.012008,timeout,0.963578,0,604,0,72.425002
10767,106310,0,762867,13.935588,0.000000,0.023918,non_zero_exit,0.963491,0,604,0,72.418276
10768,106310,0,762867,13.935588,0.000000,0.437125,non_zero_exit,0.963442,0,604,0,72.411552
10769,106310,0,762867,13.935588,0.000000,0.027710,,0.963355,0,604,0,72.414113
10770,106314,4,762867,13.936112,0.000524,0.042378,,0.963270,0,604,0,72.416674
10771,106314,0,762867,13.936112,0.000000,0.029598,,0.963183,0,604,0,72.419235
10772,106314,0,762867,13.936112,0.000000,1.031780,,0.963190,0,604,0,72.421795
10773,106314,0,762867,13.936112,0.000000,0.039069,,0.963104,0,604,0,72.424355
10774,106314,0,762867,13.936112,0.000000,0.022496,non_zero_exit,0.963017,0,604,0,72.417633
10775,106314,0,762867,13.936112,0.000000,2.029783,,0.963115,0,604,0,72.420193
10776,106314,0,762867,13.936112,0.000000,1.030474,,0.963122,0,604,0,72.422752
10777,106314,0,762867,13.936112,0.000000,0.038774,,0.963036,0,604,0,72.425311
10778,106314,0,762867,13.936112,0.000000,1.032087,,0.963042,0,604,0,72.427869
10779,106314,0,762867,13.936112,0.000000,0.028860,,0.962956,0,604,0,72.430427
10780,106314,0,762867,13.936112,0.000000,0.025647,,0.962869,0,604,0,72.432984
10781,106314,0,762867,13.936112,0.000000,0.031175,,0.962782,0,604,0,72.435541
10782,106314,0,762867,13.936112,0.000000,0.029476,,0.962696,0,604,0,72.438097
10783,106314,0,762867,13.936112,0.000000,2.030302,,0.962795,0,604,0,72.440653
10784,106314,0,762867,13.936112,0.000000,1.028582,,0.962801,0,604,0,72.443208
10785,106314,0,762867,13.936112,0.000000,5.004998,timeout,0.963176,0,605,0,72.436492
10786,106314,0,762867,13.936112,0.000000,1.036153,,0.963182,0,605,0,72.439047
10787,106314,0,762867,13.936112,0.000000,1.531617,,0.963235,0,605,0,72.441602
10788,106314,0,762867,13.936112,0.000000,0.026875,,0.963148,0,605,0,72.444156
10789,106314,0,762867,13.936112,0.000000,0.023924,non_zero_exit,0.963061,0,605,0,72.437442
10790,106314,0,762867,13.936112,0.000000,3.533536,,0.963300,0,605,0,72.439996
10791,106314,0,762867,13.936112,0.000000,0.021442,non_zero_exit,0.963212,0,605,0,72.433284
10792,106314,0,762867,13.936112,0.000000,0.022470,non_zero_exit,0.963125,0,605,0,72.426573
10793,106314,0,762867,13.936112,0.000000,0.022434,non_zero_exit,0.963038,0,605,0,72.419863
10794,106314,0,762867,13.936112,0.000000,0.031429,,0.962952,0,605,0,72.422418
10795,106325,11,762867,13.937554,0.001442,0.026852,,0.962865,0,605,0,72.424972
10796,106325,0,762867,13.937554,0.000000,1.134403,,0.962881,0,605,0,72.427526
10797,106325,0,762867,13.937554,0.000000,0.034105,,0.962795,0,605,0,72.430080
10798,106325,0,762867,13.937554,0.000000,0.024416,non_zero_exit,0.962708,0,605,0,72.423373
10799,106325,0,762867,13.937554,0.000000,0.022993,non_zero_exit,0.962621,0,605,0,72.416667
10800,106325,0,762867,13.937554,0.000000,1.402294,,0.962662,0,605,0,72.419220
10801,106325,0,762867,13.937554,0.000000,0.022418,non_zero_exit,0.962575,0,605,0,72.412516
10802,106325,0,762867,13.937554,0.000000,5.007955,timeout,0.962949,0,606,0,72.405813
10803,106326,1,762867,13.937685,0.000131,0.022312,non_zero_exit,0.962862,0,606,0,72.399111
10804,106326,0,762867,13.937685,0.000000,1.034660,,0.962869,0,606,0,72.401666
10805,106326,0,762867,13.937685,0.000000,1.027168,,0.962875,0,606,0,72.404220
10806,106326,0,762867,13.937685,0.000000,1.029436,,0.962881,0,606,0,72.406773
10807,106326,0,762867,13.937685,0.000000,1.028788,,0.962887,0,606,0,72.409326
10808,106326,0,762867,13.937685,0.000000,0.026445,non_zero_exit,0.962800,0,606,0,72.402627
10809,106326,0,762867,13.937685,0.000000,0.031954,,0.962714,0,606,0,72.405180
10810,106326,0,762867,13.937685,0.000000,1.032881,,0.962721,0,606,0,72.407733
10811,106326,0,762867,13.937685,0.000000,5.008371,timeout,0.963095,0,607,0,72.401036
10812,106326,0,762867,13.937685,0.000000,1.030855,,0.963101,0,607,0,72.403588
10813,106326,0,762867,13.937685,0.000000,0.031171,,0.963015,0,607,0,72.406140
10814,106326,0,762867,13.937685,0.000000,0.025071,non_zero_exit,0.962928,0,607,0,72.399445
10815,106326,0,762867,13.937685,0.000000,2.025526,,0.963026,0,607,0,72.401997
10816,106326,0,762867,13.937685,0.000000,1.035120,,0.963033,0,607,0,72.404548
10817,106326,0,762867,13.937685,0.000000,1.033812,,0.963040,0,607,0,72.407099
10818,106326,0,762867,13.937685,0.000000,1.035098,,0.963046,0,607,0,72.409650
10819,106326,0,762867,13.937685,0.000000,0.023572,non_zero_exit,0.962959,0,607,0,72.402957
10820,106326,0,762867,13.937685,0.000000,3.036104,,0.963151,0,607,0,72.405508
10821,106328,2,762867,13.937947,0.000262,0.990268,,0.963153,0,607,0,72.408058
10822,106328,0,762867,13.937947,0.000000,0.020215,non_zero_exit,0.963066,0,607,0,72.401367
10823,106328,0,762867,13.937947,0.000000,0.024336,non_zero_exit,0.962980,0,607,0,72.394678
10824,106328,0,762867,13.937947,0.000000,0.024956,non_zero_exit,0.962893,0,607,0,72.387991
10825,106328,0,762867,13.937947,0.000000,0.029580,non_zero_exit,0.962807,0,607,0,72.381304
10826,106328,0,762867,13.937947,0.000000,1.034699,,0.962813,0,607,0,72.383855
10827,106380,52,762867,13.944764,0.006816,0.029359,,0.962727,0,607,0,72.386406
10828,106380,0,762867,13.944764,0.000000,0.023574,non_zero_exit,0.962640,0,607,0,72.379721
10829,106380,0,762867,13.944764,0.000000,0.031661,,0.962555,0,607,0,72.382271
10830,106380,0,762867,13.944764,0.000000,1.029297,,0.962561,0,607,0,72.384821
10831,106380,0,762867,13.944764,0.000000,0.334876,,0.962503,0,607,0,72.387371
10832,106380,0,762867,13.944764,0.000000,5.004108,timeout,0.962876,0,608,0,72.380689
10833,106380,0,762867,13.944764,0.000000,2.033235,,0.962975,0,608,0,72.383238
10834,106380,0,762867,13.944764,0.000000,2.030849,,0.963073,0,608,0,72.385787
10835,106380,0,762867,13.944764,0.000000,4.033880,,0.963357,0,608,0,72.388335
10836,106380,0,762867,13.944764,0.000000,1.032835,,0.963363,0,608,0,72.390883
10837,106380,0,762867,13.944764,0.000000,0.033222,,0.963277,0,608,0,72.393431
10838,106380,0,762867,13.944764,0.000000,0.032682,,0.963191,0,608,0,72.395977
10839,106380,0,762867,13.944764,0.000000,2.034650,,0.963290,0,608,0,72.398524
10840,106380,0,762867,13.944764,0.000000,0.029663,,0.963204,0,608,0,72.401070
10841,106380,0,762867,13.944764,0.000000,1.529124,,0.963256,0,608,0,72.403616
10842,106380,0,762867,13.944764,0.000000,1.137990,,0.963272,0,608,0,72.406161
10843,106380,0,762867,13.944764,0.000000,0.028145,,0.963186,0,608,0,72.408705
10844,106380,0,762867,13.944764,0.000000,1.033504,,0.963193,0,608,0,72.411249
10845,106380,0,762867,13.944764,0.000000,0.035426,,0.963107,0,608,0,72.413793
10846,106380,0,762867,13.944764,0.000000,0.031389,,0.963021,0,608,0,72.416336
10847,106380,0,762867,13.944764,0.000000,1.029731,,0.963027,0,608,0,72.418879
10848,106380,0,762867,13.944764,0.000000,1.029655,,0.963033,0,608,0,72.421421
10849,106380,0,762867,13.944764,0.000000,1.030077,,0.963040,0,608,0,72.423963
10850,106380,0,762867,13.944764,0.000000,0.031579,,0.962954,0,608,0,72.426504
10851,106380,0,762867,13.944764,0.000000,1.030003,,0.962960,0,608,0,72.429045
10852,106380,0,762867,13.944764,0.000000,3.036660,,0.963151,0,608,0,72.431586
10853,106380,0,762867,13.944764,0.000000,0.025561,non_zero_exit,0.963065,0,608,0,72.424912
10854,106380,0,762867,13.944764,0.000000,1.036888,,0.963071,0,608,0,72.427453
10855,106380,0,762867,13.944764,0.000000,0.541429,,0.963033,0,608,0,72.429993
10856,106380,0,762867,13.944764,0.000000,1.030227,,0.963039,0,608,0,72.432532
10857,106380,0,762867,13.944764,0.000000,1.023145,,0.963044,0,608,0,72.435071
10858,106380,0,762867,13.944764,0.000000,0.027218,,0.962958,0,608,0,72.437609
10859,106380,0,762867,13.944764,0.000000,0.025731,,0.962872,0,608,0,72.440147
10860,106380,0,762867,13.944764,0.000000,1.031768,,0.962878,0,608,0,72.442685
10861,106380,0,762867,13.944764,0.000000,3.531343,,0.963115,0,608,0,72.445222
10862,106380,0,762867,13.944764,0.000000,0.024454,non_zero_exit,0.963028,0,608,0,72.438553
10863,106380,0,762867,13.944764,0.000000,0.747832,,0.963008,0,608,0,72.441090
10864,106380,0,762867,13.944764,0.000000,0.035273,,0.962923,0,608,0,72.443626
10865,106380,0,762867,13.944764,0.000000,0.028969,,0.962837,0,608,0,72.446162
10866,106380,0,762867,13.944764,0.000000,1.029619,,0.962843,0,608,0,72.448698
10867,106380,0,762867,13.944764,0.000000,0.337718,,0.962786,0,608,0,72.451233
10868,106380,0,762867,13.944764,0.000000,3.030575,,0.962976,0,608,0,72.453768
10869,106380,0,762867,13.944764,0.000000,0.023219,non_zero_exit,0.962889,0,608,0,72.447102
10870,106380,0,762867,13.944764,0.000000,0.033684,,0.962804,0,608,0,72.449637
10871,106380,0,762867,13.944764,0.000000,1.031607,,0.962810,0,608,0,72.452171
10872,106380,0,762867,13.944764,0.000000,0.023088,non_zero_exit,0.962724,0,608,0,72.445507
10873,106380,0,762867,13.944764,0.000000,0.024002,non_zero_exit,0.962638,0,608,0,72.438845
10874,106380,0,762867,13.944764,0.000000,0.029186,,0.962552,0,608,0,72.441379
10875,106380,0,762867,13.944764,0.000000,3.032630,,0.962742,0,608,0,72.443913
10876,106380,0,762867,13.944764,0.000000,0.032604,,0.962657,0,608,0,72.446447
10877,106380,0,762867,13.944764,0.000000,0.029763,,0.962571,0,608,0,72.448980
10878,106380,0,762867,13.944764,0.000000,0.025066,,0.962485,0,608,0,72.451512
10879,106380,0,762867,13.944764,0.000000,1.030262,,0.962491,0,608,0,72.454044
10880,106380,0,762867,13.944764,0.000000,1.029277,,0.962497,0,608,0,72.456576
10881,106380,0,762867,13.944764,0.000000,1.938070,,0.962587,0,608,0,72.459107
10882,106380,0,762867,13.944764,0.000000,0.030401,,0.962501,0,608,0,72.461637
10883,106380,0,762867,13.944764,0.000000,0.536418,,0.962462,0,608,0,72.464168
10884,106380,0,762867,13.944764,0.000000,5.004067,timeout,0.962833,0,609,0,72.457510
10885,106380,0,762867,13.944764,0.000000,0.021173,non_zero_exit,0.962747,0,609,0,72.450854
10886,106380,0,762867,13.944764,0.000000,0.027419,non_zero_exit,0.962661,0,609,0,72.444200
10887,106380,0,762867,13.944764,0.000000,0.033687,,0.962575,0,609,0,72.446730
10888,106380,0,762867,13.944764,0.000000,0.030289,,0.962490,0,609,0,72.449261
10889,106380,0,762867,13.944764,0.000000,1.032068,,0.962496,0,609,0,72.451791
10890,106380,0,762867,13.944764,0.000000,3.035837,,0.962687,0,609,0,72.454320
10891,106380,0,762867,13.944764,0.000000,0.022287,non_zero_exit,0.962600,0,609,0,72.447668
10892,106380,0,762867,13.944764,0.000000,0.030121,,0.962515,0,609,0,72.450197
10893,106380,0,762867,13.944764,0.000000,0.029815,,0.962429,0,609,0,72.452726
10894,106380,0,762867,13.944764,0.000000,1.032196,,0.962435,0,609,0,72.455255
10895,106393,13,762867,13.946468,0.001704,1.032343,,0.962442,0,609,0,72.457783
10896,106393,0,762867,13.946468,0.000000,0.026984,,0.962356,0,609,0,72.460310
10897,106393,0,762867,13.946468,0.000000,0.023325,non_zero_exit,0.962270,0,609,0,72.453661
10898,106393,0,762867,13.946468,0.000000,0.025622,non_zero_exit,0.962184,0,609,0,72.447013
10899,106393,0,762867,13.946468,0.000000,0.539052,,0.962145,0,609,0,72.449541
10900,106393,0,762867,13.946468,0.000000,0.029694,,0.962060,0,609,0,72.452069
10901,106393,0,762867,13.946468,0.000000,0.022274,non_zero_exit,0.961973,0,609,0,72.445423
10902,106393,0,762867,13.946468,0.000000,0.131881,,0.961897,0,609,0,72.447950
10903,106393,0,762867,13.946468,0.000000,0.029598,,0.961812,0,609,0,72.450477
10904,106393,0,762867,13.946468,0.000000,0.031573,,0.961726,0,609,0,72.453003
10905,106393,0,762867,13.946468,0.000000,1.031081,,0.961733,0,609,0,72.455529
10906,106393,0,762867,13.946468,0.000000,1.029664,non_zero_exit,0.961739,0,609,0,72.448886
10907,106393,0,762867,13.946468,0.000000,0.022591,non_zero_exit,0.961653,0,609,0,72.442244
10908,106393,0,762867,13.946468,0.000000,0.032534,,0.961568,0,609,0,72.444770
10909,106393,0,762867,13.946468,0.000000,0.027925,,0.961482,0,609,0,72.447296
10910,106393,0,762867,13.946468,0.000000,0.024684,,0.961396,0,609,0,72.449821
10911,106393,0,762867,13.946468,0.000000,0.022743,non_zero_exit,0.961310,0,609,0,72.443182
10912,106393,0,762867,13.946468,0.000000,2.029334,,0.961408,0,609,0,72.445707
10913,106393,0,762867,13.946468,0.000000,1.032261,,0.961415,0,609,0,72.448232
10914,106393,0,762867,13.946468,0.000000,0.028228,,0.961329,0,609,0,72.450756
10915,106393,0,762867,13.946468,0.000000,5.003464,timeout,0.961699,0,610,0,72.444119
10916,106393,0,762867,13.946468,0.000000,0.030876,,0.961614,0,610,0,72.446643
10917,106393,0,762867,13.946468,0.000000,1.034368,,0.961621,0,610,0,72.449167
10918,106393,0,762867,13.946468,0.000000,2.032801,,0.961719,0,610,0,72.451690
10919,106393,0,762867,13.946468,0.000000,1.031857,,0.961725,0,610,0,72.454212
10920,106393,0,762867,13.946468,0.000000,0.027322,,0.961640,0,610,0,72.456735
10921,106393,0,762867,13.946468,0.000000,1.036279,,0.961647,0,610,0,72.459257
10922,106393,0,762867,13.946468,0.000000,3.046055,,0.961837,0,610,0,72.461778
10923,106393,0,762867,13.946468,0.000000,0.028809,,0.961752,0,610,0,72.464299
10924,106393,0,762867,13.946468,0.000000,3.035663,,0.961942,0,610,0,72.466819
10925,106393,0,762867,13.946468,0.000000,0.032612,,0.961857,0,610,0,72.469339
10926,106394,1,762867,13.946599,0.000131,3.538062,,0.962093,0,610,0,72.471859
10927,106394,0,762867,13.946599,0.000000,1.029391,,0.962099,0,610,0,72.474378
10928,106394,0,762867,13.946599,0.000000,0.032390,non_zero_exit,0.962014,0,610,0,72.467746
10929,106394,0,762867,13.946599,0.000000,1.032980,,0.962020,0,610,0,72.470265
10930,106394,0,762867,13.946599,0.000000,1.031119,,0.962026,0,610,0,72.472784
10931,106394,0,762867,13.946599,0.000000,0.022292,non_zero_exit,0.961941,0,610,0,72.466154
10932,106394,0,762867,13.946599,0.000000,0.021706,non_zero_exit,0.961855,0,610,0,72.459526
10933,106394,0,762867,13.946599,0.000000,0.029449,,0.961769,0,610,0,72.462045
10934,106394,0,762867,13.946599,0.000000,5.004475,timeout,0.962139,0,611,0,72.455418
10935,106394,0,762867,13.946599,0.000000,3.036378,,0.962329,0,611,0,72.457937
10936,106394,0,762867,13.946599,0.000000,1.046188,,0.962336,0,611,0,72.460455
10937,106394,0,762867,13.946599,0.000000,0.024429,non_zero_exit,0.962251,0,611,0,72.453831
10938,106394,0,762867,13.946599,0.000000,0.021956,non_zero_exit,0.962165,0,611,0,72.447207
10939,106394,0,762867,13.946599,0.000000,0.027255,non_zero_exit,0.962079,0,611,0,72.440585
10940,106394,0,762867,13.946599,0.000000,0.446355,,0.962032,0,611,0,72.443104
10941,106394,0,762867,13.946599,0.000000,2.033486,,0.962130,0,611,0,72.445622
10942,106394,0,762867,13.946599,0.000000,0.025167,non_zero_exit,0.962044,0,611,0,72.439002
10943,106394,0,762867,13.946599,0.000000,1.837648,,0.962124,0,611,0,72.441520
10944,106394,0,762867,13.946599,0.000000,0.024920,non_zero_exit,0.962039,0,611,0,72.434902
10945,106394,0,762867,13.946599,0.000000,0.024724,non_zero_exit,0.961953,0,611,0,72.428284
10946,106394,0,762867,13.946599,0.000000,0.021294,non_zero_exit,0.961867,0,611,0,72.421668
10947,106394,0,762867,13.946599,0.000000,1.036980,,0.961874,0,611,0,72.424187
10948,106394,0,762867,13.946599,0.000000,1.030323,,0.961880,0,611,0,72.426706
10949,106394,0,762867,13.946599,0.000000,0.032371,,0.961795,0,611,0,72.429224
10950,106394,0,762867,13.946599,0.000000,0.024230,non_zero_exit,0.961710,0,611,0,72.422610
10951,106394,0,762867,13.946599,0.000000,0.033394,,0.961625,0,611,0,72.425128
10952,106394,0,762867,13.946599,0.000000,0.030667,,0.961540,0,611,0,72.427645
10953,106394,0,762867,13.946599,0.000000,0.028030,,0.961455,0,611,0,72.430162
10954,106394,0,762867,13.946599,0.000000,0.029527,,0.961370,0,611,0,72.432679
10955,106396,2,762867,13.946861,0.000262,0.027083,non_zero_exit,0.961284,0,611,0,72.426068
10956,106396,0,762867,13.946861,0.000000,3.029893,,0.961473,0,611,0,72.428584
10957,106396,0,762867,13.946861,0.000000,0.026748,,0.961388,0,611,0,72.431101
10958,106399,3,762867,13.947254,0.000393,1.038129,,0.961395,0,611,0,72.433616
10959,106399,0,762867,13.947254,0.000000,3.030759,,0.961584,0,611,0,72.436131
10960,106399,0,762867,13.947254,0.000000,1.031018,,0.961590,0,611,0,72.438646
10961,106399,0,762867,13.947254,0.000000,0.022370,non_zero_exit,0.961504,0,611,0,72.432038
10962,106399,0,762867,13.947254,0.000000,0.030080,,0.961419,0,611,0,72.434553
10963,106399,0,762867,13.947254,0.000000,0.025385,non_zero_exit,0.961334,0,611,0,72.427946
10964,106399,0,762867,13.947254,0.000000,5.004366,timeout,0.961703,0,612,0,72.421341
10965,106399,0,762867,13.947254,0.000000,0.022489,non_zero_exit,0.961617,0,612,0,72.414736
10966,106399,0,762867,13.947254,0.000000,2.034394,,0.961715,0,612,0,72.417252
10967,106399,0,762867,13.947254,0.000000,0.026328,,0.961630,0,612,0,72.419767
10968,106399,0,762867,13.947254,0.000000,0.022459,non_zero_exit,0.961544,0,612,0,72.413164
10969,106399,0,762867,13.947254,0.000000,0.030338,,0.961459,0,612,0,72.415679
10970,106399,0,762867,13.947254,0.000000,1.026685,,0.961465,0,612,0,72.418193
10971,106399,0,762867,13.947254,0.000000,3.033232,,0.961654,0,612,0,72.420707
10972,106399,0,762867,13.947254,0.000000,1.030345,,0.961660,0,612,0,72.423221
10973,106399,0,762867,13.947254,0.000000,1.030071,,0.961666,0,612,0,72.425734
10974,106399,0,762867,13.947254,0.000000,3.033586,,0.961855,0,612,0,72.428246
10975,106399,0,762867,13.947254,0.000000,1.031503,,0.961861,0,612,0,72.430758
10976,106399,0,762867,13.947254,0.000000,0.024441,non_zero_exit,0.961776,0,612,0,72.424160
10977,106399,0,762867,13.947254,0.000000,1.531105,,0.961828,0,612,0,72.426672
10978,106399,0,762867,13.947254,0.000000,1.033717,,0.961835,0,612,0,72.429183
10979,106399,0,762867,13.947254,0.000000,0.027168,non_zero_exit,0.961749,0,612,0,72.422587
10980,106399,0,762867,13.947254,0.000000,0.030433,,0.961665,0,612,0,72.425098
10981,106399,0,762867,13.947254,0.000000,1.043969,,0.961672,0,612,0,72.427609
10982,106399,0,762867,13.947254,0.000000,1.031533,,0.961678,0,612,0,72.430119
10983,106399,0,762867,13.947254,0.000000,1.033983,,0.961685,0,612,0,72.432629
10984,106399,0,762867,13.947254,0.000000,0.025129,non_zero_exit,0.961600,0,612,0,72.426036
10985,106399,0,762867,13.947254,0.000000,2.041420,,0.961698,0,612,0,72.428545
10986,106399,0,762867,13.947254,0.000000,0.027378,,0.961613,0,612,0,72.431055
10987,106399,0,762867,13.947254,0.000000,0.033624,,0.961529,0,612,0,72.433564
10988,106399,0,762867,13.947254,0.000000,0.019642,non_zero_exit,0.961443,0,612,0,72.426972
10989,106399,0,762867,13.947254,0.000000,0.032650,,0.961358,0,612,0,72.429481
10990,106399,0,762867,13.947254,0.000000,0.023876,,0.961273,0,612,0,72.431990
10991,106399,0,762867,13.947254,0.000000,0.030672,,0.961188,0,612,0,72.434498
10992,106399,0,762867,13.947254,0.000000,0.034132,,0.961104,0,612,0,72.437005
10993,106399,0,762867,13.947254,0.000000,0.025176,non_zero_exit,0.961019,0,612,0,72.430417
10994,106399,0,762867,13.947254,0.000000,1.051478,,0.961027,0,612,0,72.432924
10995,106403,4,762867,13.947779,0.000524,0.033718,,0.960943,0,612,0,72.435431
10996,106403,0,762867,13.947779,0.000000,0.023612,non_zero_exit,0.960858,0,612,0,72.428844
10997,106403,0,762867,13.947779,0.000000,0.024787,non_zero_exit,0.960772,0,612,0,72.422259
10998,106403,0,762867,13.947779,0.000000,0.023443,non_zero_exit,0.960687,0,612,0,72.415674
10999,106403,0,762867,13.947779,0.000000,0.028071,,0.960602,0,612,0,72.418182
11000,106403,0,762867,13.947779,0.000000,0.030421,,0.960518,0,612,0,72.420689
11001,106403,0,762867,13.947779,0.000000,3.045264,,0.960707,0,612,0,72.423196
11002,106403,0,762867,13.947779,0.000000,0.025143,,0.960622,0,612,0,72.425702
11003,106403,0,762867,13.947779,0.000000,0.034605,,0.960538,0,612,0,72.428208
11004,106403,0,762867,13.947779,0.000000,1.029383,,0.960544,0,612,0,72.430713
11005,106403,0,762867,13.947779,0.000000,0.034608,non_zero_exit,0.960460,0,612,0,72.424132
11006,106403,0,762867,13.947779,0.000000,0.021173,non_zero_exit,0.960375,0,612,0,72.417552
11007,106403,0,762867,13.947779,0.000000,0.027248,,0.960290,0,612,0,72.420058
11008,106403,0,762867,13.947779,0.000000,1.030920,,0.960297,0,612,0,72.422563
11009,106403,0,762867,13.947779,0.000000,0.033517,,0.960212,0,612,0,72.425068
11010,106403,0,762867,13.947779,0.000000,0.030400,,0.960128,0,612,0,72.427572
11011,106403,0,762867,13.947779,0.000000,1.027911,,0.960134,0,612,0,72.430076
11012,106403,0,762867,13.947779,0.000000,0.022534,non_zero_exit,0.960049,0,612,0,72.423500
11013,106403,0,762867,13.947779,0.000000,1.032959,,0.960056,0,612,0,72.426003
11014,106403,0,762867,13.947779,0.000000,3.029972,,0.960244,0,612,0,72.428507
11015,106403,0,762867,13.947779,0.000000,3.035684,,0.960432,0,612,0,72.431009
11016,106403,0,762867,13.947779,0.000000,0.536421,,0.960393,0,612,0,72.433512
11017,106403,0,762867,13.947779,0.000000,0.023981,non_zero_exit,0.960309,0,612,0,72.426938
11018,106405,2,762867,13.948041,0.000262,0.024933,non_zero_exit,0.960224,0,612,0,72.420365
11019,106405,0,762867,13.948041,0.000000,0.034427,,0.960140,0,612,0,72.422868
11020,106405,0,762867,13.948041,0.000000,0.035537,,0.960056,0,612,0,72.425370
11021,106405,0,762867,13.948041,0.000000,1.031599,,0.960062,0,612,0,72.427872
11022,106405,0,762867,13.948041,0.000000,3.034872,,0.960250,0,612,0,72.430373
11023,106405,0,762867,13.948041,0.000000,1.033836,,0.960257,0,612,0,72.432874
11024,106409,4,762867,13.948565,0.000524,0.024581,non_zero_exit,0.960172,0,612,0,72.426304
11025,106409,0,762867,13.948565,0.000000,0.029771,,0.960088,0,612,0,72.428805
11026,106410,1,762867,13.948696,0.000131,0.029566,non_zero_exit,0.960003,0,612,0,72.422236
11027,106410,0,762867,13.948696,0.000000,5.004851,timeout,0.960370,0,613,0,72.415669
11028,106410,0,762867,13.948696,0.000000,1.031196,,0.960377,0,613,0,72.418170
11029,106410,0,762867,13.948696,0.000000,3.528378,,0.960609,0,613,0,72.420671
11030,106410,0,762867,13.948696,0.000000,5.003899,timeout,0.960976,0,614,0,72.414106
11031,106410,0,762867,13.948696,0.000000,0.023682,,0.960891,0,614,0,72.416606
11032,106410,0,762867,13.948696,0.000000,2.026906,,0.960988,0,614,0,72.419106
11033,106410,0,762867,13.948696,0.000000,2.029780,,0.961085,0,614,0,72.421606
11034,106410,0,762867,13.948696,0.000000,0.032587,,0.961000,0,614,0,72.424105
11035,106410,0,762867,13.948696,0.000000,0.329978,non_zero_exit,0.960943,0,614,0,72.417543
11036,106410,0,762867,13.948696,0.000000,1.030909,non_zero_exit,0.960950,0,614,0,72.410981
11037,106410,0,762867,13.948696,0.000000,1.030964,,0.960956,0,614,0,72.413481
11038,106410,0,762867,13.948696,0.000000,0.027831,,0.960871,0,614,0,72.415980
11039,106410,0,762867,13.948696,0.000000,0.026307,non_zero_exit,0.960787,0,614,0,72.409420
11040,106410,0,762867,13.948696,0.000000,1.723138,,0.960856,0,614,0,72.411919
11041,106410,0,762867,13.948696,0.000000,1.030818,,0.960862,0,614,0,72.414418
11042,106410,0,762867,13.948696,0.000000,0.029010,,0.960778,0,614,0,72.416916
11043,106410,0,762867,13.948696,0.000000,0.021469,non_zero_exit,0.960693,0,614,0,72.410359
11044,106410,0,762867,13.948696,0.000000,2.041987,,0.960791,0,614,0,72.412856
11045,106410,0,762867,13.948696,0.000000,1.029038,,0.960797,0,614,0,72.415354
11046,106410,0,762867,13.948696,0.000000,0.025522,non_zero_exit,0.960712,0,614,0,72.408799
11047,106410,0,762867,13.948696,0.000000,0.026446,non_zero_exit,0.960628,0,614,0,72.402245
11048,106410,0,762867,13.948696,0.000000,5.004339,timeout,0.960994,0,615,0,72.395692
11049,106410,0,762867,13.948696,0.000000,2.030542,,0.961090,0,615,0,72.398190
11050,106410,0,762867,13.948696,0.000000,1.029630,,0.961097,0,615,0,72.400688
11051,106410,0,762867,13.948696,0.000000,0.032012,,0.961012,0,615,0,72.403185
11052,106410,0,762867,13.948696,0.000000,1.030964,,0.961019,0,615,0,72.405682
11053,106410,0,762867,13.948696,0.000000,0.029796,,0.960935,0,615,0,72.408178
11054,106410,0,762867,13.948696,0.000000,0.971139,,0.960935,0,615,0,72.410674
11055,106410,0,762867,13.948696,0.000000,0.024486,,0.960851,0,615,0,72.413169
11056,106410,0,762867,13.948696,0.000000,0.037752,,0.960767,0,615,0,72.415664
11057,106410,0,762867,13.948696,0.000000,0.029267,,0.960683,0,615,0,72.418159
11058,106410,0,762867,13.948696,0.000000,0.024532,non_zero_exit,0.960598,0,615,0,72.411610
11059,106410,0,762867,13.948696,0.000000,1.036078,,0.960605,0,615,0,72.414105
11060,106410,0,762867,13.948696,0.000000,0.534120,,0.960567,0,615,0,72.416599
11061,106410,0,762867,13.948696,0.000000,0.024596,,0.960482,0,615,0,72.419092
11062,106410,0,762867,13.948696,0.000000,0.023885,non_zero_exit,0.960397,0,615,0,72.412546
11063,106410,0,762867,13.948696,0.000000,0.036071,,0.960314,0,615,0,72.415040
11064,106410,0,762867,13.948696,0.000000,0.128354,,0.960239,0,615,0,72.417533
11065,106410,0,762867,13.948696,0.000000,1.034378,,0.960245,0,615,0,72.420025
11066,106410,0,762867,13.948696,0.000000,0.034617,,0.960162,0,615,0,72.422517
11067,106410,0,762867,13.948696,0.000000,0.028223,,0.960077,0,615,0,72.425009
11068,106410,0,762867,13.948696,0.000000,0.022541,non_zero_exit,0.959993,0,615,0,72.418466
11069,106410,0,762867,13.948696,0.000000,0.022961,non_zero_exit,0.959908,0,615,0,72.411924
11070,106411,1,762867,13.948827,0.000131,0.021386,non_zero_exit,0.959823,0,615,0,72.405383
11071,106411,0,762867,13.948827,0.000000,0.029349,,0.959739,0,615,0,72.407876
11072,106411,0,762867,13.948827,0.000000,0.027494,,0.959655,0,615,0,72.410368
11073,106411,0,762867,13.948827,0.000000,3.036097,,0.959843,0,615,0,72.412859
11074,106411,0,762867,13.948827,0.000000,0.029114,,0.959759,0,615,0,72.415350
11075,106411,0,762867,13.948827,0.000000,0.033229,,0.959675,0,615,0,72.417840
11076,106411,0,762867,13.948827,0.000000,0.025907,non_zero_exit,0.959591,0,615,0,72.411303
11077,106411,0,762867,13.948827,0.000000,2.032168,,0.959687,0,615,0,72.413793
11078,106411,0,762867,13.948827,0.000000,0.027083,,0.959603,0,615,0,72.416283
11079,106411,0,762867,13.948827,0.000000,1.039220,,0.959610,0,615,0,72.418773
11080,106411,0,762867,13.948827,0.000000,1.033353,,0.959617,0,615,0,72.421262
11081,106411,0,762867,13.948827,0.000000,0.030398,,0.959533,0,615,0,72.423750
11082,106411,0,762867,13.948827,0.000000,1.045773,non_zero_exit,0.959541,0,615,0,72.417216
11083,106411,0,762867,13.948827,0.000000,1.032091,,0.959548,0,615,0,72.419704
11084,106411,0,762867,13.948827,0.000000,1.035471,,0.959554,0,615,0,72.422192
11085,106411,0,762867,13.948827,0.000000,0.034898,,0.959471,0,615,0,72.424680
11086,106411,0,762867,13.948827,0.000000,0.027092,,0.959387,0,615,0,72.427167
11087,106411,0,762867,13.948827,0.000000,0.024658,non_zero_exit,0.959303,0,615,0,72.420635
11088,106411,0,762867,13.948827,0.000000,0.030210,,0.959219,0,615,0,72.423122
11089,106411,0,762867,13.948827,0.000000,0.028701,,0.959135,0,615,0,72.425609
11090,106416,5,762867,13.949483,0.000655,0.027172,,0.959051,0,615,0,72.428095
11091,106416,0,762867,13.949483,0.000000,3.033812,,0.959238,0,615,0,72.430581
11092,106416,0,762867,13.949483,0.000000,0.030580,,0.959154,0,615,0,72.433066
11093,106416,0,762867,13.949483,0.000000,0.030750,,0.959071,0,615,0,72.435551
11094,106416,0,762867,13.949483,0.000000,0.036683,,0.958987,0,615,0,72.438035
11095,106416,0,762867,13.949483,0.000000,2.533747,,0.959129,0,615,0,72.440519
11096,106416,0,762867,13.949483,0.000000,0.024038,non_zero_exit,0.959045,0,615,0,72.433991
11097,106416,0,762867,13.949483,0.000000,3.033361,,0.959232,0,615,0,72.436475
11098,106416,0,762867,13.949483,0.000000,0.331529,,0.959175,0,615,0,72.438958
11099,106416,0,762867,13.949483,0.000000,0.030669,,0.959092,0,615,0,72.441441
11100,106416,0,762867,13.949483,0.000000,0.030302,,0.959008,0,615,0,72.443924
11101,106416,0,762867,13.949483,0.000000,0.023119,non_zero_exit,0.958924,0,615,0,72.437399
11102,106416,0,762867,13.949483,0.000000,1.031232,,0.958930,0,615,0,72.439881
11103,106416,0,762867,13.949483,0.000000,0.034340,,0.958847,0,615,0,72.442363
11104,106416,0,762867,13.949483,0.000000,0.024624,non_zero_exit,0.958763,0,615,0,72.435840
11105,106416,0,762867,13.949483,0.000000,0.025247,non_zero_exit,0.958679,0,615,0,72.429317
11106,106416,0,762867,13.949483,0.000000,0.023267,non_zero_exit,0.958595,0,615,0,72.422796
11107,106416,0,762867,13.949483,0.000000,0.021702,non_zero_exit,0.958510,0,615,0,72.416277
11108,106416,0,762867,13.949483,0.000000,0.023532,non_zero_exit,0.958426,0,615,0,72.409758
11109,106416,0,762867,13.949483,0.000000,1.532569,,0.958478,0,615,0,72.412241
11110,106416,0,762867,13.949483,0.000000,0.025968,,0.958394,0,615,0,72.414724
11111,106416,0,762867,13.949483,0.000000,0.028362,,0.958310,0,615,0,72.417207
11112,106416,0,762867,13.949483,0.000000,0.035397,,0.958227,0,615,0,72.419689
11113,106416,0,762867,13.949483,0.000000,1.032445,,0.958234,0,615,0,72.422170
11114,106416,0,762867,13.949483,0.000000,1.048364,,0.958242,0,615,0,72.424651
11115,106416,0,762867,13.949483,0.000000,0.028180,,0.958158,0,615,0,72.427132
11116,106416,0,762867,13.949483,0.000000,1.032959,,0.958165,0,615,0,72.429612
11117,106416,0,762867,13.949483,0.000000,3.034634,,0.958352,0,615,0,72.432092
11118,106416,0,762867,13.949483,0.000000,1.030167,,0.958358,0,615,0,72.434571
11119,106416,0,762867,13.949483,0.000000,0.021290,non_zero_exit,0.958274,0,615,0,72.428058
11120,106416,0,762867,13.949483,0.000000,0.132537,,0.958200,0,615,0,72.430537
11121,106416,0,762867,13.949483,0.000000,1.035274,non_zero_exit,0.958207,0,615,0,72.424024
11122,106416,0,762867,13.949483,0.000000,0.022370,non_zero_exit,0.958123,0,615,0,72.417513
11123,106416,0,762867,13.949483,0.000000,0.029014,,0.958039,0,615,0,72.419993
11124,106416,0,762867,13.949483,0.000000,1.030373,,0.958046,0,615,0,72.422472
11125,106416,0,762867,13.949483,0.000000,0.023721,non_zero_exit,0.957962,0,615,0,72.415963
11126,106416,0,762867,13.949483,0.000000,1.031979,,0.957968,0,615,0,72.418442
11127,106416,0,762867,13.949483,0.000000,0.026864,non_zero_exit,0.957885,0,615,0,72.411934
11128,106416,0,762867,13.949483,0.000000,0.026117,non_zero_exit,0.957801,0,615,0,72.405427
11129,106416,0,762867,13.949483,0.000000,0.019906,non_zero_exit,0.957717,0,615,0,72.398922
11130,106416,0,762867,13.949483,0.000000,1.032341,,0.957723,0,615,0,72.401401
11131,106416,0,762867,13.949483,0.000000,1.030277,,0.957730,0,615,0,72.403881
11132,106416,0,762867,13.949483,0.000000,0.032781,,0.957647,0,615,0,72.406359
11133,106416,0,762867,13.949483,0.000000,0.021175,non_zero_exit,0.957563,0,615,0,72.399856
11134,106416,0,762867,13.949483,0.000000,2.025573,,0.957658,0,615,0,72.402335
11135,106416,0,762867,13.949483,0.000000,0.032252,,0.957575,0,615,0,72.404813
11136,106416,0,762867,13.949483,0.000000,0.531762,non_zero_exit,0.957537,0,615,0,72.398312
11137,106416,0,762867,13.949483,0.000000,0.030183,,0.957454,0,615,0,72.400790
11138,106416,0,762867,13.949483,0.000000,0.022504,non_zero_exit,0.957370,0,615,0,72.394290
11139,106416,0,762867,13.949483,0.000000,0.032048,,0.957287,0,615,0,72.396768
11140,106416,0,762867,13.949483,0.000000,3.536468,,0.957518,0,615,0,72.399246
11141,106416,0,762867,13.949483,0.000000,5.004543,timeout,0.957882,0,616,0,72.392748
11142,106416,0,762867,13.949483,0.000000,0.030385,,0.957798,0,616,0,72.395226
11143,106416,0,762867,13.949483,0.000000,3.034965,,0.957985,0,616,0,72.397703
11144,106416,0,762867,13.949483,0.000000,0.231580,,0.957920,0,616,0,72.400179
11145,106416,0,762867,13.949483,0.000000,0.023968,non_zero_exit,0.957836,0,616,0,72.393684
11146,106416,0,762867,13.949483,0.000000,1.034205,,0.957843,0,616,0,72.396160
11147,106416,0,762867,13.949483,0.000000,0.022276,non_zero_exit,0.957759,0,616,0,72.389666
11148,106416,0,762867,13.949483,0.000000,0.030049,,0.957676,0,616,0,72.392143
11149,106416,0,762867,13.949483,0.000000,0.029070,,0.957592,0,616,0,72.394619
11150,106416,0,762867,13.949483,0.000000,0.037208,,0.957510,0,616,0,72.397094
11151,106416,0,762867,13.949483,0.000000,3.036136,,0.957696,0,616,0,72.399570
11152,106416,0,762867,13.949483,0.000000,0.033253,,0.957613,0,616,0,72.402044
11153,106416,0,762867,13.949483,0.000000,1.042753,,0.957621,0,616,0,72.404519
11154,106416,0,762867,13.949483,0.000000,1.032053,,0.957628,0,616,0,72.406992
11155,106416,0,762867,13.949483,0.000000,0.028517,,0.957544,0,616,0,72.409466
11156,106416,0,762867,13.949483,0.000000,5.003649,timeout,0.957907,0,617,0,72.402976
11157,106416,0,762867,13.949483,0.000000,0.025081,non_zero_exit,0.957823,0,617,0,72.396487
11158,106416,0,762867,13.949483,0.000000,1.034717,,0.957830,0,617,0,72.398960
11159,106416,0,762867,13.949483,0.000000,1.034288,,0.957837,0,617,0,72.401434
11160,106416,0,762867,13.949483,0.000000,1.032448,,0.957844,0,617,0,72.403906
11161,106416,0,762867,13.949483,0.000000,0.033460,,0.957761,0,617,0,72.406379
11162,106416,0,762867,13.949483,0.000000,0.032254,,0.957678,0,617,0,72.408851
11163,106416,0,762867,13.949483,0.000000,1.039155,,0.957685,0,617,0,72.411322
11164,106420,4,762867,13.950007,0.000524,0.035732,,0.957603,0,617,0,72.413793
11165,106420,0,762867,13.950007,0.000000,1.033953,non_zero_exit,0.957610,0,617,0,72.407308
11166,106420,0,762867,13.950007,0.000000,0.131896,,0.957536,0,617,0,72.409779
11167,106420,0,762867,13.950007,0.000000,0.029957,non_zero_exit,0.957453,0,617,0,72.403295
11168,106420,0,762867,13.950007,0.000000,0.082729,,0.957374,0,617,0,72.405766
11169,106420,0,762867,13.950007,0.000000,2.030691,,0.957470,0,617,0,72.408236
11170,106420,0,762867,13.950007,0.000000,2.032358,,0.957567,0,617,0,72.410706
11171,106420,0,762867,13.950007,0.000000,0.531791,,0.957528,0,617,0,72.413176
11172,106420,0,762867,13.950007,0.000000,1.032574,,0.957535,0,617,0,72.415645
11173,106420,0,762867,13.950007,0.000000,0.027204,,0.957452,0,617,0,72.418113
11174,106420,0,762867,13.950007,0.000000,1.032291,,0.957459,0,617,0,72.420582
11175,106420,0,762867,13.950007,0.000000,0.023721,non_zero_exit,0.957375,0,617,0,72.414102
11176,106420,0,762867,13.950007,0.000000,0.537948,,0.957338,0,617,0,72.416570
11177,106420,0,762867,13.950007,0.000000,4.031916,,0.957613,0,617,0,72.419037
11178,106420,0,762867,13.950007,0.000000,5.003980,timeout,0.957975,0,618,0,72.412559
11179,106421,1,762867,13.950138,0.000131,1.033347,,0.957981,0,618,0,72.415027
11180,106421,0,762867,13.950138,0.000000,0.032225,,0.957898,0,618,0,72.417494
11181,106421,0,762867,13.950138,0.000000,3.034469,,0.958084,0,618,0,72.419961
11182,106422,1,762867,13.950269,0.000131,0.024052,non_zero_exit,0.958001,0,618,0,72.413485
11183,106422,0,762867,13.950269,0.000000,0.022846,non_zero_exit,0.957917,0,618,0,72.407010
11184,106422,0,762867,13.950269,0.000000,1.035208,,0.957924,0,618,0,72.409477
11185,106423,1,762867,13.950400,0.000131,1.030311,,0.957930,0,618,0,72.411944
11186,106423,0,762867,13.950400,0.000000,1.528765,,0.957981,0,618,0,72.414410
11187,106423,0,762867,13.950400,0.000000,0.034255,,0.957899,0,618,0,72.416875
11188,106423,0,762867,13.950400,0.000000,0.025905,non_zero_exit,0.957816,0,618,0,72.410403
11189,106423,0,762867,13.950400,0.000000,3.036350,,0.958001,0,618,0,72.412869
11190,106423,0,762867,13.950400,0.000000,4.093622,,0.958282,0,618,0,72.415334
11191,106423,0,762867,13.950400,0.000000,0.029931,,0.958199,0,618,0,72.417798
11192,106423,0,762867,13.950400,0.000000,0.534586,,0.958161,0,618,0,72.420263
11193,106423,0,762867,13.950400,0.000000,0.030207,,0.958078,0,618,0,72.422726
11194,106423,0,762867,13.950400,0.000000,4.587349,non_zero_exit,0.958402,0,618,0,72.416257
11195,106423,0,762867,13.950400,0.000000,0.030225,,0.958319,0,618,0,72.418721
11196,106423,0,762867,13.950400,0.000000,0.025152,non_zero_exit,0.958236,0,618,0,72.412253
11197,106423,0,762867,13.950400,0.000000,1.036892,,0.958243,0,618,0,72.414717
11198,106423,0,762867,13.950400,0.000000,2.029994,,0.958339,0,618,0,72.417180
11199,106423,0,762867,13.950400,0.000000,0.955934,,0.958338,0,618,0,72.419643
11200,106423,0,762867,13.950400,0.000000,0.021880,non_zero_exit,0.958255,0,618,0,72.413177
11201,106423,0,762867,13.950400,0.000000,0.020707,non_zero_exit,0.958171,0,618,0,72.406713
11202,106423,0,762867,13.950400,0.000000,0.025500,non_zero_exit,0.958088,0,618,0,72.400250
11203,106423,0,762867,13.950400,0.000000,0.034825,,0.958005,0,618,0,72.402713
11204,106423,0,762867,13.950400,0.000000,0.030910,,0.957923,0,618,0,72.405176
11205,106430,7,762867,13.951318,0.000918,5.020414,timeout,0.958285,0,619,0,72.398715
11206,106430,0,762867,13.951318,0.000000,0.020825,non_zero_exit,0.958201,0,619,0,72.392255
11207,106430,0,762867,13.951318,0.000000,0.535149,,0.958164,0,619,0,72.394718
11208,106430,0,762867,13.951318,0.000000,1.031835,,0.958170,0,619,0,72.397181
11209,106430,0,762867,13.951318,0.000000,0.032424,,0.958088,0,619,0,72.399643
11210,106430,0,762867,13.951318,0.000000,0.018586,non_zero_exit,0.958004,0,619,0,72.393185
11211,106430,0,762867,13.951318,0.000000,0.035170,,0.957922,0,619,0,72.395648
11212,106430,0,762867,13.951318,0.000000,0.032956,non_zero_exit,0.957839,0,619,0,72.389191
11213,106431,1,762867,13.951449,0.000131,3.036011,non_zero_exit,0.958024,0,619,0,72.382736
11214,106432,1,762867,13.951580,0.000131,0.025700,non_zero_exit,0.957941,0,619,0,72.376282
11215,106432,0,762867,13.951580,0.000000,1.029005,,0.957948,0,619,0,72.378745
11216,106432,0,762867,13.951580,0.000000,1.024472,,0.957954,0,619,0,72.381207
11217,106432,0,762867,13.951580,0.000000,1.031447,,0.957960,0,619,0,72.383669
11218,106432,0,762867,13.951580,0.000000,1.042639,,0.957968,0,619,0,72.386131
11219,106432,0,762867,13.951580,0.000000,0.538415,,0.957930,0,619,0,72.388592
11220,106432,0,762867,13.951580,0.000000,0.032730,,0.957848,0,619,0,72.391052
11221,106432,0,762867,13.951580,0.000000,3.038904,,0.958033,0,619,0,72.393513
11222,106432,0,762867,13.951580,0.000000,1.029961,,0.958040,0,619,0,72.395973
11223,106432,0,762867,13.951580,0.000000,0.028603,non_zero_exit,0.957957,0,619,0,72.389522
11224,106432,0,762867,13.951580,0.000000,0.025821,non_zero_exit,0.957874,0,619,0,72.383073
11225,106432,0,762867,13.951580,0.000000,0.028679,,0.957791,0,619,0,72.385534
11226,106432,0,762867,13.951580,0.000000,0.027116,non_zero_exit,0.957708,0,619,0,72.379086
11227,106432,0,762867,13.951580,0.000000,0.021540,non_zero_exit,0.957625,0,619,0,72.372640
11228,106434,2,762867,13.951842,0.000262,1.031524,,0.957631,0,619,0,72.375100
11229,106456,22,762867,13.954726,0.002884,2.537548,,0.957772,0,619,0,72.377560
11230,106456,0,762867,13.954726,0.000000,0.536042,,0.957735,0,619,0,72.380020
11231,106456,0,762867,13.954726,0.000000,0.021250,non_zero_exit,0.957651,0,619,0,72.373575
11232,106456,0,762867,13.954726,0.000000,1.032151,,0.957658,0,619,0,72.376035
11233,106456,0,762867,13.954726,0.000000,3.036396,,0.957843,0,619,0,72.378494
11234,106456,0,762867,13.954726,0.000000,1.029771,,0.957849,0,619,0,72.380952
11235,106456,0,762867,13.954726,0.000000,0.535427,,0.957812,0,619,0,72.383410
11236,106456,0,762867,13.954726,0.000000,0.028926,,0.957729,0,619,0,72.385868
11237,106471,15,762867,13.956692,0.001966,1.035419,non_zero_exit,0.957736,0,619,0,72.379427
11238,106471,0,762867,13.956692,0.000000,0.024474,non_zero_exit,0.957653,0,619,0,72.372987
11239,106471,0,762867,13.956692,0.000000,2.854690,,0.957822,0,619,0,72.375445
11240,106471,0,762867,13.956692,0.000000,0.025020,non_zero_exit,0.957739,0,619,0,72.369006
11241,106471,0,762867,13.956692,0.000000,0.030615,,0.957656,0,619,0,72.371464
11242,106471,0,762867,13.956692,0.000000,0.033113,,0.957574,0,619,0,72.373922
11243,106471,0,762867,13.956692,0.000000,0.023474,non_zero_exit,0.957491,0,619,0,72.367485
11244,106471,0,762867,13.956692,0.000000,0.024422,non_zero_exit,0.957408,0,619,0,72.361049
11245,106471,0,762867,13.956692,0.000000,0.037161,,0.957326,0,619,0,72.363507
11246,106471,0,762867,13.956692,0.000000,1.032499,,0.957333,0,619,0,72.365964
11247,106471,0,762867,13.956692,0.000000,4.533629,,0.957651,0,619,0,72.368421
11248,106471,0,762867,13.956692,0.000000,1.032418,,0.957657,0,619,0,72.370877
11249,106471,0,762867,13.956692,0.000000,2.029999,,0.957753,0,619,0,72.373333
11250,106471,0,762867,13.956692,0.000000,0.032077,,0.957670,0,619,0,72.375789
11251,106471,0,762867,13.956692,0.000000,5.004186,timeout,0.958030,0,620,0,72.369357
11252,106471,0,762867,13.956692,0.000000,1.030363,,0.958036,0,620,0,72.371812
11253,106471,0,762867,13.956692,0.000000,4.031075,,0.958309,0,620,0,72.374267
11254,106471,0,762867,13.956692,0.000000,0.029221,,0.958227,0,620,0,72.376721
11255,106471,0,762867,13.956692,0.000000,1.040385,,0.958234,0,620,0,72.379176
11256,106471,0,762867,13.956692,0.000000,0.022595,non_zero_exit,0.958151,0,620,0,72.372746
11257,106471,0,762867,13.956692,0.000000,0.028418,,0.958069,0,620,0,72.375200
11258,106471,0,762867,13.956692,0.000000,0.031453,non_zero_exit,0.957986,0,620,0,72.368772
11259,106471,0,762867,13.956692,0.000000,0.034636,,0.957904,0,620,0,72.371226
11260,106471,0,762867,13.956692,0.000000,0.030207,,0.957822,0,620,0,72.373679
11261,106471,0,762867,13.956692,0.000000,0.932369,,0.957820,0,620,0,72.376132
11262,106471,0,762867,13.956692,0.000000,0.024422,non_zero_exit,0.957737,0,620,0,72.369706
11263,106471,0,762867,13.956692,0.000000,1.033783,,0.957743,0,620,0,72.372159
11264,106471,0,762867,13.956692,0.000000,0.030575,,0.957661,0,620,0,72.374612
11265,106471,0,762867,13.956692,0.000000,5.004677,timeout,0.958020,0,621,0,72.368187
11266,106471,0,762867,13.956692,0.000000,5.004280,timeout,0.958379,0,622,0,72.361764
11267,106471,0,762867,13.956692,0.000000,4.535375,,0.958697,0,622,0,72.364217
11268,106471,0,762867,13.956692,0.000000,0.025439,non_zero_exit,0.958614,0,622,0,72.357796
11269,106472,1,762867,13.956823,0.000131,1.035375,,0.958621,0,622,0,72.360248
11270,106472,0,762867,13.956823,0.000000,0.028164,,0.958538,0,622,0,72.362701
11271,106472,0,762867,13.956823,0.000000,0.032950,non_zero_exit,0.958456,0,622,0,72.356281
11272,106472,0,762867,13.956823,0.000000,2.031522,,0.958551,0,622,0,72.358733
11273,106472,0,762867,13.956823,0.000000,1.034983,,0.958558,0,622,0,72.361185
11274,106472,0,762867,13.956823,0.000000,0.031238,,0.958476,0,622,0,72.363636
11275,106472,0,762867,13.956823,0.000000,1.032284,,0.958483,0,622,0,72.366087
11276,106472,0,762867,13.956823,0.000000,1.033554,,0.958489,0,622,0,72.368538
11277,106472,0,762867,13.956823,0.000000,1.033927,,0.958496,0,622,0,72.370988
11278,106472,0,762867,13.956823,0.000000,0.031130,,0.958414,0,622,0,72.373437
11279,106472,0,762867,13.956823,0.000000,1.029022,,0.958420,0,622,0,72.375887
11280,106472,0,762867,13.956823,0.000000,2.022128,,0.958514,0,622,0,72.378335
11281,106472,0,762867,13.956823,0.000000,0.035394,,0.958432,0,622,0,72.380784
11282,106472,0,762867,13.956823,0.000000,1.029789,,0.958439,0,622,0,72.383231
11283,106472,0,762867,13.956823,0.000000,0.030499,,0.958356,0,622,0,72.385679
11284,106472,0,762867,13.956823,0.000000,0.035044,,0.958275,0,622,0,72.388126
11285,106472,0,762867,13.956823,0.000000,0.928011,,0.958272,0,622,0,72.390572
11286,106472,0,762867,13.956823,0.000000,1.027920,,0.958278,0,622,0,72.393019
11287,106472,0,762867,13.956823,0.000000,0.536363,,0.958241,0,622,0,72.395464
11288,106472,0,762867,13.956823,0.000000,0.032186,,0.958159,0,622,0,72.397909
11289,106472,0,762867,13.956823,0.000000,5.004136,timeout,0.958517,0,623,0,72.391497
11290,106472,0,762867,13.956823,0.000000,0.027323,,0.958435,0,623,0,72.393942
11291,106472,0,762867,13.956823,0.000000,0.022081,non_zero_exit,0.958352,0,623,0,72.387531
11292,106472,0,762867,13.956823,0.000000,0.022072,non_zero_exit,0.958269,0,623,0,72.381121
11293,106472,0,762867,13.956823,0.000000,0.028973,,0.958187,0,623,0,72.383566
11294,106472,0,762867,13.956823,0.000000,2.029099,,0.958281,0,623,0,72.386012
11295,106473,1,762867,13.956954,0.000131,3.030501,,0.958465,0,623,0,72.388456
11296,106473,0,762867,13.956954,0.000000,0.030354,,0.958383,0,623,0,72.390900
11297,106473,0,762867,13.956954,0.000000,0.026397,,0.958300,0,623,0,72.393344
11298,106473,0,762867,13.956954,0.000000,5.005512,timeout,0.958658,0,624,0,72.386937
11299,106473,0,762867,13.956954,0.000000,1.030291,,0.958665,0,624,0,72.389381
11300,106473,0,762867,13.956954,0.000000,5.004184,timeout,0.959023,0,625,0,72.382975
11301,106473,0,762867,13.956954,0.000000,1.028956,,0.959029,0,625,0,72.385419
11302,106473,0,762867,13.956954,0.000000,0.030192,,0.958947,0,625,0,72.387862
11303,106473,0,762867,13.956954,0.000000,0.024814,non_zero_exit,0.958864,0,625,0,72.381458
11304,106473,0,762867,13.956954,0.000000,0.034511,,0.958782,0,625,0,72.383901
11305,106473,0,762867,13.956954,0.000000,0.030191,,0.958700,0,625,0,72.386344
11306,106473,0,762867,13.956954,0.000000,0.031942,,0.958618,0,625,0,72.388786
11307,106473,0,762867,13.956954,0.000000,0.022928,non_zero_exit,0.958535,0,625,0,72.382384
11308,106473,0,762867,13.956954,0.000000,0.029793,,0.958453,0,625,0,72.384826
11309,106473,0,762867,13.956954,0.000000,0.023049,non_zero_exit,0.958371,0,625,0,72.378426
11310,106473,0,762867,13.956954,0.000000,0.028918,,0.958288,0,625,0,72.380868
11311,106473,0,762867,13.956954,0.000000,0.037871,,0.958207,0,625,0,72.383310
11312,106473,0,762867,13.956954,0.000000,1.030817,,0.958213,0,625,0,72.385751
11313,106473,0,762867,13.956954,0.000000,0.038652,,0.958132,0,625,0,72.388192
11314,106473,0,762867,13.956954,0.000000,0.033734,non_zero_exit,0.958050,0,625,0,72.381794
11315,106473,0,762867,13.956954,0.000000,0.024012,non_zero_exit,0.957968,0,625,0,72.375398
11316,106473,0,762867,13.956954,0.000000,0.021627,non_zero_exit,0.957885,0,625,0,72.369002
11317,106473,0,762867,13.956954,0.000000,0.024700,non_zero_exit,0.957803,0,625,0,72.362608
11318,106473,0,762867,13.956954,0.000000,0.028742,,0.957721,0,625,0,72.365050
11319,106473,0,762867,13.956954,0.000000,0.032491,,0.957639,0,625,0,72.367491
11320,106473,0,762867,13.956954,0.000000,0.023334,,0.957556,0,625,0,72.369932
11321,106473,0,762867,13.956954,0.000000,3.035157,,0.957740,0,625,0,72.372372
11322,106473,0,762867,13.956954,0.000000,0.029639,,0.957658,0,625,0,72.374812
11323,106473,0,762867,13.956954,0.000000,1.030912,,0.957664,0,625,0,72.377252
11324,106473,0,762867,13.956954,0.000000,1.030143,,0.957671,0,625,0,72.379691
11325,106473,0,762867,13.956954,0.000000,0.032912,,0.957589,0,625,0,72.382130
11326,106473,0,762867,13.956954,0.000000,1.496795,,0.957637,0,625,0,72.384568
11327,106473,0,762867,13.956954,0.000000,0.033218,,0.957555,0,625,0,72.387006
11328,106473,0,762867,13.956954,0.000000,2.043273,,0.957651,0,625,0,72.389443
11329,106473,0,762867,13.956954,0.000000,1.034241,,0.957658,0,625,0,72.391880
11330,106473,0,762867,13.956954,0.000000,0.026674,,0.957576,0,625,0,72.394316
11331,106473,0,762867,13.956954,0.000000,1.030760,,0.957582,0,625,0,72.396753
11332,106473,0,762867,13.956954,0.000000,0.028700,,0.957500,0,625,0,72.399188
11333,106473,0,762867,13.956954,0.000000,5.003508,timeout,0.957857,0,626,0,72.392800
11334,106473,0,762867,13.956954,0.000000,3.034726,,0.958040,0,626,0,72.395236
11335,106473,0,762867,13.956954,0.000000,0.865417,,0.958032,0,626,0,72.397671
11336,106473,0,762867,13.956954,0.000000,1.034818,,0.958039,0,626,0,72.400106
11337,106473,0,762867,13.956954,0.000000,0.028517,,0.957957,0,626,0,72.402540
11338,106473,0,762867,13.956954,0.000000,2.029775,,0.958051,0,626,0,72.404974
11339,106473,0,762867,13.956954,0.000000,0.026718,non_zero_exit,0.957969,0,626,0,72.398589
11340,106473,0,762867,13.956954,0.000000,1.030066,,0.957976,0,626,0,72.401023
11341,106473,0,762867,13.956954,0.000000,0.022486,non_zero_exit,0.957893,0,626,0,72.394639
11342,106473,0,762867,13.956954,0.000000,1.032367,,0.957900,0,626,0,72.397073
11343,106473,0,762867,13.956954,0.000000,0.031545,,0.957818,0,626,0,72.399506
11344,106473,0,762867,13.956954,0.000000,5.004497,timeout,0.958175,0,627,0,72.393125
11345,106473,0,762867,13.956954,0.000000,0.021522,non_zero_exit,0.958092,0,627,0,72.386744
11346,106473,0,762867,13.956954,0.000000,2.035600,,0.958187,0,627,0,72.389178
11347,106473,0,762867,13.956954,0.000000,1.029126,,0.958193,0,627,0,72.391611
11348,106473,0,762867,13.956954,0.000000,1.033344,,0.958200,0,627,0,72.394044
11349,106473,0,762867,13.956954,0.000000,1.036294,,0.958207,0,627,0,72.396476
11350,106473,0,762867,13.956954,0.000000,0.031871,,0.958125,0,627,0,72.398908
11351,106473,0,762867,13.956954,0.000000,5.004556,timeout,0.958482,0,628,0,72.392530
11352,106473,0,762867,13.956954,0.000000,1.030509,,0.958488,0,628,0,72.394962
11353,106473,0,762867,13.956954,0.000000,1.028615,,0.958494,0,628,0,72.397393
11354,106473,0,762867,13.956954,0.000000,0.036779,,0.958413,0,628,0,72.399824
11355,106473,0,762867,13.956954,0.000000,2.534318,,0.958552,0,628,0,72.402254
11356,106473,0,762867,13.956954,0.000000,0.022480,,0.958470,0,628,0,72.404684
11357,106473,0,762867,13.956954,0.000000,1.033203,,0.958476,0,628,0,72.407114
11358,106473,0,762867,13.956954,0.000000,2.035842,,0.958571,0,628,0,72.409543
11359,106473,0,762867,13.956954,0.000000,1.037746,,0.958578,0,628,0,72.411972
11360,106473,0,762867,13.956954,0.000000,1.030745,,0.958584,0,628,0,72.414400
11361,106473,0,762867,13.956954,0.000000,0.029724,,0.958502,0,628,0,72.416828
11362,106473,0,762867,13.956954,0.000000,1.032971,,0.958509,0,628,0,72.419255
11363,106473,0,762867,13.956954,0.000000,5.003971,timeout,0.958865,0,629,0,72.412883
11364,106473,0,762867,13.956954,0.000000,5.006362,timeout,0.959221,0,630,0,72.406511
11365,106473,0,762867,13.956954,0.000000,0.026527,,0.959139,0,630,0,72.408939
11366,106473,0,762867,13.956954,0.000000,2.032883,,0.959234,0,630,0,72.411366
11367,106473,0,762867,13.956954,0.000000,0.022296,non_zero_exit,0.959151,0,630,0,72.404996
11368,106473,0,762867,13.956954,0.000000,5.003777,timeout,0.959507,0,631,0,72.398628
11369,106473,0,762867,13.956954,0.000000,1.029852,,0.959513,0,631,0,72.401055
11370,106473,0,762867,13.956954,0.000000,1.033228,,0.959520,0,631,0,72.403483
11371,106473,0,762867,13.956954,0.000000,0.031950,,0.959438,0,631,0,72.405909
11372,106473,0,762867,13.956954,0.000000,0.032463,,0.959357,0,631,0,72.408336
11373,106473,0,762867,13.956954,0.000000,0.028194,,0.959275,0,631,0,72.410761
11374,106473,0,762867,13.956954,0.000000,0.537683,,0.959238,0,631,0,72.413187
11375,106473,0,762867,13.956954,0.000000,0.029321,,0.959156,0,631,0,72.415612
11376,106473,0,762867,13.956954,0.000000,0.029997,,0.959074,0,631,0,72.418036
11377,106473,0,762867,13.956954,0.000000,0.032944,,0.958993,0,631,0,72.420461
11378,106473,0,762867,13.956954,0.000000,0.025506,non_zero_exit,0.958911,0,631,0,72.414096
11379,106473,0,762867,13.956954,0.000000,3.032394,,0.959093,0,631,0,72.416520
11380,106473,0,762867,13.956954,0.000000,0.024427,non_zero_exit,0.959011,0,631,0,72.410157
11381,106473,0,762867,13.956954,0.000000,0.025342,non_zero_exit,0.958929,0,631,0,72.403795
11382,106473,0,762867,13.956954,0.000000,0.029557,,0.958847,0,631,0,72.406220
11383,106475,2,762867,13.957217,0.000262,1.033426,,0.958854,0,631,0,72.408644
11384,106475,0,762867,13.957217,0.000000,0.034713,,0.958773,0,631,0,72.411067
11385,106475,0,762867,13.957217,0.000000,0.022885,non_zero_exit,0.958690,0,631,0,72.404708
11386,106475,0,762867,13.957217,0.000000,0.033810,,0.958609,0,631,0,72.407131
11387,106475,0,762867,13.957217,0.000000,0.021413,non_zero_exit,0.958527,0,631,0,72.400773
11388,106475,0,762867,13.957217,0.000000,1.033086,,0.958533,0,631,0,72.403196
11389,106475,0,762867,13.957217,0.000000,0.025780,,0.958451,0,631,0,72.405619
11390,106475,0,762867,13.957217,0.000000,0.025876,,0.958370,0,631,0,72.408041
11391,106475,0,762867,13.957217,0.000000,2.031952,,0.958464,0,631,0,72.410463
11392,106475,0,762867,13.957217,0.000000,0.029273,,0.958382,0,631,0,72.412885
11393,106475,0,762867,13.957217,0.000000,5.004138,timeout,0.958737,0,632,0,72.406530
11394,106475,0,762867,13.957217,0.000000,0.023585,non_zero_exit,0.958655,0,632,0,72.400176
11395,106475,0,762867,13.957217,0.000000,1.030279,,0.958662,0,632,0,72.402597
11396,106475,0,762867,13.957217,0.000000,3.032424,,0.958844,0,632,0,72.405019
11397,106475,0,762867,13.957217,0.000000,0.030174,,0.958762,0,632,0,72.407440
11398,106475,0,762867,13.957217,0.000000,4.032697,,0.959032,0,632,0,72.409861
11399,106475,0,762867,13.957217,0.000000,1.036865,,0.959039,0,632,0,72.412281
11400,106475,0,762867,13.957217,0.000000,5.004512,timeout,0.959393,0,633,0,72.405929
11401,106475,0,762867,13.957217,0.000000,1.031623,,0.959400,0,633,0,72.408349
11402,106475,0,762867,13.957217,0.000000,0.026952,,0.959318,0,633,0,72.410769
11403,106475,0,762867,13.957217,0.000000,0.029474,,0.959236,0,633,0,72.413188
11404,106475,0,762867,13.957217,0.000000,0.034870,,0.959155,0,633,0,72.415607
11405,106475,0,762867,13.957217,0.000000,3.532542,,0.959381,0,633,0,72.418026
11406,106475,0,762867,13.957217,0.000000,0.030469,,0.959300,0,633,0,72.420444
11407,106475,0,762867,13.957217,0.000000,0.024340,non_zero_exit,0.959218,0,633,0,72.414095
11408,106475,0,762867,13.957217,0.000000,0.023454,non_zero_exit,0.959136,0,633,0,72.407748
11409,106475,0,762867,13.957217,0.000000,0.029747,,0.959054,0,633,0,72.410167
11410,106475,0,762867,13.957217,0.000000,0.541882,,0.959018,0,633,0,72.412584
11411,106475,0,762867,13.957217,0.000000,1.029161,,0.959024,0,633,0,72.415002
11412,106475,0,762867,13.957217,0.000000,0.026723,non_zero_exit,0.958942,0,633,0,72.408657
11413,106475,0,762867,13.957217,0.000000,5.004255,timeout,0.959296,0,634,0,72.402313
11414,106495,20,762867,13.959838,0.002622,5.084451,timeout,0.959658,0,635,0,72.395970
11415,106495,0,762867,13.959838,0.000000,2.031482,,0.959752,0,635,0,72.398388
11416,106495,0,762867,13.959838,0.000000,1.027903,,0.959758,0,635,0,72.400806
11417,106495,0,762867,13.959838,0.000000,4.533767,,0.960071,0,635,0,72.403223
11418,106495,0,762867,13.959838,0.000000,1.028786,,0.960077,0,635,0,72.405640
11419,106495,0,762867,13.959838,0.000000,0.024960,non_zero_exit,0.959995,0,635,0,72.399299
11420,106495,0,762867,13.959838,0.000000,3.031494,,0.960176,0,635,0,72.401716
11421,106495,0,762867,13.959838,0.000000,0.022787,non_zero_exit,0.960094,0,635,0,72.395377
11422,106495,0,762867,13.959838,0.000000,0.023144,non_zero_exit,0.960012,0,635,0,72.389040
11423,106495,0,762867,13.959838,0.000000,0.033709,,0.959931,0,635,0,72.391457
11424,106495,0,762867,13.959838,0.000000,0.033050,,0.959850,0,635,0,72.393873
11425,106495,0,762867,13.959838,0.000000,1.038939,,0.959857,0,635,0,72.396289
11426,106495,0,762867,13.959838,0.000000,0.027167,non_zero_exit,0.959775,0,635,0,72.389954
11427,106496,1,762867,13.959969,0.000131,0.030136,,0.959694,0,635,0,72.392370
11428,106496,0,762867,13.959969,0.000000,2.030372,,0.959788,0,635,0,72.394785
11429,106501,5,762867,13.960625,0.000655,0.024340,non_zero_exit,0.959706,0,635,0,72.388451
11430,106501,0,762867,13.960625,0.000000,2.029121,,0.959799,0,635,0,72.390867
11431,106501,0,762867,13.960625,0.000000,1.733879,,0.959867,0,635,0,72.393282
11432,106501,0,762867,13.960625,0.000000,0.023650,non_zero_exit,0.959785,0,635,0,72.386950
11433,106501,0,762867,13.960625,0.000000,1.027847,,0.959791,0,635,0,72.389365
11434,106501,0,762867,13.960625,0.000000,0.033909,,0.959710,0,635,0,72.391780
11435,106501,0,762867,13.960625,0.000000,5.004837,timeout,0.960064,0,636,0,72.385449
11436,106501,0,762867,13.960625,0.000000,1.027710,,0.960070,0,636,0,72.387864
11437,106501,0,762867,13.960625,0.000000,1.030690,,0.960076,0,636,0,72.390278
11438,106501,0,762867,13.960625,0.000000,0.023519,non_zero_exit,0.959994,0,636,0,72.383950
11439,106501,0,762867,13.960625,0.000000,3.034944,,0.960175,0,636,0,72.386364
11440,106501,0,762867,13.960625,0.000000,0.023290,non_zero_exit,0.960093,0,636,0,72.380037
11441,106501,0,762867,13.960625,0.000000,1.032676,,0.960100,0,636,0,72.382451
11442,106501,0,762867,13.960625,0.000000,1.036709,,0.960107,0,636,0,72.384864
11443,106501,0,762867,13.960625,0.000000,0.872577,,0.960099,0,636,0,72.387277
11444,106501,0,762867,13.960625,0.000000,0.022896,non_zero_exit,0.960017,0,636,0,72.380952
11445,106501,0,762867,13.960625,0.000000,0.022379,non_zero_exit,0.959935,0,636,0,72.374629
11446,106501,0,762867,13.960625,0.000000,1.030100,,0.959941,0,636,0,72.377042
11447,106501,0,762867,13.960625,0.000000,1.031366,,0.959947,0,636,0,72.379455
11448,106501,0,762867,13.960625,0.000000,0.028517,,0.959866,0,636,0,72.381867
11449,106501,0,762867,13.960625,0.000000,1.030999,non_zero_exit,0.959872,0,636,0,72.375546
11450,106501,0,762867,13.960625,0.000000,0.025315,,0.959791,0,636,0,72.377958
11451,106501,0,762867,13.960625,0.000000,5.003612,timeout,0.960144,0,637,0,72.371638
11452,106501,0,762867,13.960625,0.000000,0.034218,,0.960063,0,637,0,72.374050
11453,106501,0,762867,13.960625,0.000000,0.022666,non_zero_exit,0.959981,0,637,0,72.367732
11454,106501,0,762867,13.960625,0.000000,1.031528,,0.959987,0,637,0,72.370144
11455,106501,0,762867,13.960625,0.000000,3.036442,,0.960169,0,637,0,72.372556
11456,106501,0,762867,13.960625,0.000000,1.038121,,0.960175,0,637,0,72.374967
11457,106501,0,762867,13.960625,0.000000,1.033582,,0.960182,0,637,0,72.377378
11458,106501,0,762867,13.960625,0.000000,3.886208,,0.960437,0,637,0,72.379789
11459,106501,0,762867,13.960625,0.000000,0.021676,non_zero_exit,0.960355,0,637,0,72.373473
11460,106501,0,762867,13.960625,0.000000,1.038911,,0.960362,0,637,0,72.375883
11461,106501,0,762867,13.960625,0.000000,4.530938,non_zero_exit,0.960674,0,637,0,72.369569
11462,106501,0,762867,13.960625,0.000000,0.031318,,0.960593,0,637,0,72.371979
11463,106501,0,762867,13.960625,0.000000,0.028185,,0.960511,0,637,0,72.374389
11464,106501,0,762867,13.960625,0.000000,1.034551,,0.960518,0,637,0,72.376799
11465,106501,0,762867,13.960625,0.000000,1.028964,,0.960524,0,637,0,72.379208
11466,106501,0,762867,13.960625,0.000000,0.020683,non_zero_exit,0.960442,0,637,0,72.372896
11467,106501,0,762867,13.960625,0.000000,0.034210,,0.960361,0,637,0,72.375305
11468,106501,0,762867,13.960625,0.000000,0.029271,,0.960280,0,637,0,72.377714
11469,106501,0,762867,13.960625,0.000000,0.029876,,0.960199,0,637,0,72.380122
11470,106502,1,762867,13.960756,0.000131,0.529212,,0.960161,0,637,0,72.382530
11471,106502,0,762867,13.960756,0.000000,0.036252,,0.960080,0,637,0,72.384937
11472,106502,0,762867,13.960756,0.000000,1.031522,,0.960087,0,637,0,72.387344
11473,106502,0,762867,13.960756,0.000000,0.029476,,0.960006,0,637,0,72.389751
11474,106502,0,762867,13.960756,0.000000,0.024084,non_zero_exit,0.959924,0,637,0,72.383442
11475,106502,0,762867,13.960756,0.000000,0.034791,,0.959843,0,637,0,72.385849
11476,106502,0,762867,13.960756,0.000000,1.031249,,0.959850,0,637,0,72.388255
11477,106502,0,762867,13.960756,0.000000,0.027276,,0.959768,0,637,0,72.390660
11478,106502,0,762867,13.960756,0.000000,0.027312,,0.959687,0,637,0,72.393066
11479,106502,0,762867,13.960756,0.000000,1.021985,,0.959693,0,637,0,72.395470
11480,106502,0,762867,13.960756,0.000000,0.030402,,0.959612,0,637,0,72.397875
11481,106502,0,762867,13.960756,0.000000,0.034883,,0.959531,0,637,0,72.400279
11482,106502,0,762867,13.960756,0.000000,0.026146,non_zero_exit,0.959450,0,637,0,72.393974
11483,106502,0,762867,13.960756,0.000000,0.033439,,0.959369,0,637,0,72.396378
11484,106502,0,762867,13.960756,0.000000,0.033155,,0.959289,0,637,0,72.398781
11485,106529,27,762867,13.964295,0.003539,0.024616,,0.959207,0,637,0,72.401184
11486,106529,0,762867,13.964295,0.000000,1.032223,,0.959214,0,637,0,72.403587
11487,106529,0,762867,13.964295,0.000000,1.028827,,0.959220,0,637,0,72.405989
11488,106529,0,762867,13.964295,0.000000,0.031548,,0.959139,0,637,0,72.408391
11489,106529,0,762867,13.964295,0.000000,2.033894,,0.959232,0,637,0,72.410792
11490,106529,0,762867,13.964295,0.000000,0.033889,,0.959152,0,637,0,72.413193
11491,106529,0,762867,13.964295,0.000000,0.025315,non_zero_exit,0.959071,0,637,0,72.406892
11492,106529,0,762867,13.964295,0.000000,0.023386,non_zero_exit,0.958989,0,637,0,72.400592
11493,106529,0,762867,13.964295,0.000000,0.034848,,0.958909,0,637,0,72.402993
11494,106529,0,762867,13.964295,0.000000,1.033462,,0.958915,0,637,0,72.405394
11495,106529,0,762867,13.964295,0.000000,1.033709,,0.958922,0,637,0,72.407794
11496,106529,0,762867,13.964295,0.000000,0.026301,,0.958841,0,637,0,72.410194
11497,106529,0,762867,13.964295,0.000000,0.029857,,0.958760,0,637,0,72.412593
11498,106529,0,762867,13.964295,0.000000,5.005476,timeout,0.959112,0,638,0,72.406296
11499,106529,0,762867,13.964295,0.000000,3.034199,,0.959292,0,638,0,72.408696
11500,106529,0,762867,13.964295,0.000000,0.031216,,0.959212,0,638,0,72.411095
11501,106529,0,762867,13.964295,0.000000,1.036858,,0.959218,0,638,0,72.413493
11502,106529,0,762867,13.964295,0.000000,0.028617,,0.959137,0,638,0,72.415892
11503,106529,0,762867,13.964295,0.000000,0.022209,non_zero_exit,0.959056,0,638,0,72.409597
11504,106529,0,762867,13.964295,0.000000,1.536120,,0.959106,0,638,0,72.411995
11505,106529,0,762867,13.964295,0.000000,0.024928,,0.959025,0,638,0,72.414392
11506,106529,0,762867,13.964295,0.000000,3.035661,,0.959205,0,638,0,72.416790
11507,106529,0,762867,13.964295,0.000000,1.029045,,0.959211,0,638,0,72.419187
11508,106529,0,762867,13.964295,0.000000,0.030059,,0.959131,0,638,0,72.421583
11509,106529,0,762867,13.964295,0.000000,0.027930,,0.959050,0,638,0,72.423979
11510,106529,0,762867,13.964295,0.000000,0.023428,,0.958969,0,638,0,72.426375
11511,106529,0,762867,13.964295,0.000000,0.034319,,0.958888,0,638,0,72.428770
11512,106529,0,762867,13.964295,0.000000,1.032757,,0.958895,0,638,0,72.431165
11513,106529,0,762867,13.964295,0.000000,2.231872,,0.959005,0,638,0,72.433559
11514,106529,0,762867,13.964295,0.000000,1.032500,,0.959012,0,638,0,72.435953
11515,106529,0,762867,13.964295,0.000000,0.032207,,0.958931,0,638,0,72.438347
11516,106529,0,762867,13.964295,0.000000,0.033291,,0.958851,0,638,0,72.440740
11517,106529,0,762867,13.964295,0.000000,0.029641,,0.958770,0,638,0,72.443132
11518,106529,0,762867,13.964295,0.000000,1.030533,non_zero_exit,0.958776,0,638,0,72.436843
11519,106529,0,762867,13.964295,0.000000,0.029139,,0.958696,0,638,0,72.439236
11520,106529,0,762867,13.964295,0.000000,2.041840,,0.958790,0,638,0,72.441628
11521,106529,0,762867,13.964295,0.000000,0.037151,,0.958710,0,638,0,72.444020
11522,106529,0,762867,13.964295,0.000000,0.027859,,0.958629,0,638,0,72.446412
11523,106529,0,762867,13.964295,0.000000,0.033385,,0.958549,0,638,0,72.448802
11524,106529,0,762867,13.964295,0.000000,0.028472,,0.958468,0,638,0,72.451193
11525,106529,0,762867,13.964295,0.000000,0.022840,non_zero_exit,0.958387,0,638,0,72.444907
11526,106529,0,762867,13.964295,0.000000,2.535779,,0.958523,0,638,0,72.447298
11527,106529,0,762867,13.964295,0.000000,1.030462,,0.958530,0,638,0,72.449688
11528,106532,3,762867,13.964688,0.000393,0.028608,,0.958449,0,638,0,72.452077
11529,106532,0,762867,13.964688,0.000000,0.021399,non_zero_exit,0.958368,0,638,0,72.445794
11530,106532,0,762867,13.964688,0.000000,1.538499,,0.958418,0,638,0,72.448183
11531,106532,0,762867,13.964688,0.000000,0.031451,,0.958338,0,638,0,72.450572
11532,106532,0,762867,13.964688,0.000000,0.891945,,0.958332,0,638,0,72.452961
11533,106532,0,762867,13.964688,0.000000,2.038562,,0.958426,0,638,0,72.455349
11534,106532,0,762867,13.964688,0.000000,2.033848,,0.958519,0,638,0,72.457737
11535,106537,5,762867,13.965344,0.000655,0.034105,,0.958439,0,638,0,72.460125
11536,106537,0,762867,13.965344,0.000000,1.029632,,0.958445,0,638,0,72.462512
11537,106537,0,762867,13.965344,0.000000,0.030835,,0.958364,0,638,0,72.464899
11538,106537,0,762867,13.965344,0.000000,2.031516,,0.958457,0,638,0,72.467285
11539,106537,0,762867,13.965344,0.000000,0.022058,non_zero_exit,0.958376,0,638,0,72.461005
11540,106537,0,762867,13.965344,0.000000,4.035194,,0.958643,0,638,0,72.463391
11541,106537,0,762867,13.965344,0.000000,0.022312,non_zero_exit,0.958562,0,638,0,72.457113
11542,106537,0,762867,13.965344,0.000000,0.022208,non_zero_exit,0.958481,0,638,0,72.450836
11543,106537,0,762867,13.965344,0.000000,1.030174,,0.958487,0,638,0,72.453222
11544,106537,0,762867,13.965344,0.000000,0.020623,non_zero_exit,0.958406,0,638,0,72.446947
11545,106537,0,762867,13.965344,0.000000,1.031938,,0.958412,0,638,0,72.449333
11546,106537,0,762867,13.965344,0.000000,0.036767,,0.958332,0,638,0,72.451719
11547,106537,0,762867,13.965344,0.000000,0.030805,,0.958252,0,638,0,72.454105
11548,106537,0,762867,13.965344,0.000000,1.541364,,0.958302,0,638,0,72.456490
11549,106537,0,762867,13.965344,0.000000,2.036176,,0.958396,0,638,0,72.458874
11550,106537,0,762867,13.965344,0.000000,1.029714,,0.958402,0,638,0,72.461259
11551,106537,0,762867,13.965344,0.000000,1.036916,non_zero_exit,0.958409,0,638,0,72.454986
11552,106537,0,762867,13.965344,0.000000,0.531963,non_zero_exit,0.958372,0,638,0,72.448715
11553,106537,0,762867,13.965344,0.000000,0.033788,,0.958292,0,638,0,72.451099
11554,106537,0,762867,13.965344,0.000000,0.020700,non_zero_exit,0.958211,0,638,0,72.444829
11555,106537,0,762867,13.965344,0.000000,0.030423,,0.958130,0,638,0,72.447214
11556,106537,0,762867,13.965344,0.000000,3.040377,,0.958311,0,638,0,72.449598
11557,106537,0,762867,13.965344,0.000000,1.037931,,0.958317,0,638,0,72.451981
11558,106537,0,762867,13.965344,0.000000,0.023399,non_zero_exit,0.958237,0,638,0,72.445713
11559,106537,0,762867,13.965344,0.000000,5.004655,timeout,0.958587,0,639,0,72.439446
11560,106537,0,762867,13.965344,0.000000,1.037356,,0.958593,0,639,0,72.441830
11561,106537,0,762867,13.965344,0.000000,4.033791,non_zero_exit,0.958859,0,639,0,72.435565
11562,106537,0,762867,13.965344,0.000000,0.032079,non_zero_exit,0.958779,0,639,0,72.429300
11563,106537,0,762867,13.965344,0.000000,1.034445,,0.958786,0,639,0,72.431685
11564,106537,0,762867,13.965344,0.000000,0.537658,,0.958749,0,639,0,72.434068
11565,106537,0,762867,13.965344,0.000000,1.029971,,0.958755,0,639,0,72.436452
11566,106537,0,762867,13.965344,0.000000,1.034063,,0.958762,0,639,0,72.438835
11567,106537,0,762867,13.965344,0.000000,0.033952,,0.958682,0,639,0,72.441217
11568,106537,0,762867,13.965344,0.000000,1.535992,,0.958732,0,639,0,72.443599
11569,106537,0,762867,13.965344,0.000000,1.528883,,0.958781,0,639,0,72.445981
11570,106537,0,762867,13.965344,0.000000,2.528701,,0.958917,0,639,0,72.448362
11571,106537,0,762867,13.965344,0.000000,3.033395,,0.959096,0,639,0,72.450743
11572,106537,0,762867,13.965344,0.000000,3.029513,,0.959275,0,639,0,72.453124
11573,106537,0,762867,13.965344,0.000000,0.024516,non_zero_exit,0.959194,0,639,0,72.446864
11574,106537,0,762867,13.965344,0.000000,1.027410,,0.959200,0,639,0,72.449244
11575,106537,0,762867,13.965344,0.000000,5.006114,timeout,0.959550,0,640,0,72.442985
11576,106537,0,762867,13.965344,0.000000,4.036635,,0.959816,0,640,0,72.445366
11577,106537,0,762867,13.965344,0.000000,0.031303,,0.959735,0,640,0,72.447746
11578,106537,0,762867,13.965344,0.000000,0.029705,,0.959655,0,640,0,72.450125
11579,106537,0,762867,13.965344,0.000000,5.004796,timeout,0.960004,0,641,0,72.443869
11580,106537,0,762867,13.965344,0.000000,2.031164,non_zero_exit,0.960097,0,641,0,72.437613
11581,106537,0,762867,13.965344,0.000000,1.974086,,0.960184,0,641,0,72.439993
11582,106537,0,762867,13.965344,0.000000,0.022757,non_zero_exit,0.960103,0,641,0,72.433739
11583,106537,0,762867,13.965344,0.000000,1.030117,,0.960110,0,641,0,72.436119
11584,106537,0,762867,13.965344,0.000000,1.026371,,0.960115,0,641,0,72.438498
11585,106537,0,762867,13.965344,0.000000,1.030395,,0.960121,0,641,0,72.440877
11586,106537,0,762867,13.965344,0.000000,0.025272,,0.960041,0,641,0,72.443255
11587,106537,0,762867,13.965344,0.000000,0.032228,,0.959961,0,641,0,72.445633
11588,106537,0,762867,13.965344,0.000000,0.022619,non_zero_exit,0.959880,0,641,0,72.439382
11589,106537,0,762867,13.965344,0.000000,0.025930,non_zero_exit,0.959799,0,641,0,72.433132
11590,106537,0,762867,13.965344,0.000000,1.035972,,0.959806,0,641,0,72.435510
11591,106537,0,762867,13.965344,0.000000,5.004789,timeout,0.960155,0,642,0,72.429262
11592,106537,0,762867,13.965344,0.000000,1.028678,,0.960161,0,642,0,72.431640
11593,106538,1,762867,13.965475,0.000131,3.032254,,0.960339,0,642,0,72.434018
11594,106538,0,762867,13.965475,0.000000,0.022703,non_zero_exit,0.960258,0,642,0,72.427771
11595,106538,0,762867,13.965475,0.000000,0.028847,,0.960178,0,642,0,72.430148
11596,106538,0,762867,13.965475,0.000000,2.033221,,0.960271,0,642,0,72.432526
11597,106538,0,762867,13.965475,0.000000,0.025799,,0.960190,0,642,0,72.434903
11598,106538,0,762867,13.965475,0.000000,0.028236,,0.960110,0,642,0,72.437279
11599,106538,0,762867,13.965475,0.000000,0.031284,,0.960030,0,642,0,72.439655
11600,106538,0,762867,13.965475,0.000000,1.028028,,0.960035,0,642,0,72.442031
11601,106538,0,762867,13.965475,0.000000,0.022357,non_zero_exit,0.959955,0,642,0,72.435787
11602,106538,0,762867,13.965475,0.000000,0.032888,non_zero_exit,0.959875,0,642,0,72.429544
11603,106538,0,762867,13.965475,0.000000,2.032078,,0.959967,0,642,0,72.431920
11604,106538,0,762867,13.965475,0.000000,0.030024,,0.959887,0,642,0,72.434296
11605,106538,0,762867,13.965475,0.000000,0.044955,,0.959808,0,642,0,72.436671
11606,106538,0,762867,13.965475,0.000000,2.133640,,0.959909,0,642,0,72.439045
11607,106538,0,762867,13.965475,0.000000,0.025386,non_zero_exit,0.959829,0,642,0,72.432805
11608,106538,0,762867,13.965475,0.000000,0.023797,non_zero_exit,0.959748,0,642,0,72.426566
11609,106538,0,762867,13.965475,0.000000,1.035004,,0.959755,0,642,0,72.428941
11610,106538,0,762867,13.965475,0.000000,5.003951,timeout,0.960103,0,643,0,72.422703
11611,106538,0,762867,13.965475,0.000000,0.030189,,0.960023,0,643,0,72.425078
11612,106538,0,762867,13.965475,0.000000,1.133696,,0.960038,0,643,0,72.427452
11613,106538,0,762867,13.965475,0.000000,0.032130,,0.959958,0,643,0,72.429826
11614,106538,0,762867,13.965475,0.000000,1.033789,,0.959964,0,643,0,72.432200
11615,106538,0,762867,13.965475,0.000000,0.037044,,0.959885,0,643,0,72.434573
11616,106538,0,762867,13.965475,0.000000,1.138514,,0.959900,0,643,0,72.436946
11617,106538,0,762867,13.965475,0.000000,1.029819,,0.959906,0,643,0,72.439318
11618,106538,0,762867,13.965475,0.000000,5.005325,timeout,0.960254,0,644,0,72.433084
11619,106538,0,762867,13.965475,0.000000,1.037063,,0.960261,0,644,0,72.435456
11620,106546,8,762867,13.966524,0.001049,0.028960,,0.960181,0,644,0,72.437828
11621,106546,0,762867,13.966524,0.000000,0.533232,,0.960144,0,644,0,72.440200
11622,106546,0,762867,13.966524,0.000000,1.029840,,0.960150,0,644,0,72.442571
11623,106546,0,762867,13.966524,0.000000,2.030708,,0.960242,0,644,0,72.444942
11624,106546,0,762867,13.966524,0.000000,1.027305,,0.960248,0,644,0,72.447312
11625,106546,0,762867,13.966524,0.000000,0.031876,,0.960168,0,644,0,72.449682
11626,106546,0,762867,13.966524,0.000000,0.031496,,0.960088,0,644,0,72.452051
11627,106546,0,762867,13.966524,0.000000,2.037727,,0.960181,0,644,0,72.454420
11628,106546,0,762867,13.966524,0.000000,0.029472,non_zero_exit,0.960101,0,644,0,72.448190
11629,106546,0,762867,13.966524,0.000000,0.529259,,0.960064,0,644,0,72.450559
11630,106546,0,762867,13.966524,0.000000,3.040530,,0.960243,0,644,0,72.452928
11631,106546,0,762867,13.966524,0.000000,0.025796,non_zero_exit,0.960162,0,644,0,72.446699
11632,106546,0,762867,13.966524,0.000000,0.031576,,0.960083,0,644,0,72.449067
11633,106546,0,762867,13.966524,0.000000,5.004743,timeout,0.960430,0,645,0,72.442840
11634,106546,0,762867,13.966524,0.000000,0.021542,non_zero_exit,0.960350,0,645,0,72.436614
11635,106546,0,762867,13.966524,0.000000,1.030378,,0.960356,0,645,0,72.438982
11636,106546,0,762867,13.966524,0.000000,0.022484,non_zero_exit,0.960275,0,645,0,72.432758
11637,106546,0,762867,13.966524,0.000000,2.025731,,0.960367,0,645,0,72.435126
11638,106546,0,762867,13.966524,0.000000,0.030245,,0.960287,0,645,0,72.437495
11639,106546,0,762867,13.966524,0.000000,0.029246,,0.960207,0,645,0,72.439863
11640,106546,0,762867,13.966524,0.000000,3.036358,,0.960385,0,645,0,72.442230
11641,106546,0,762867,13.966524,0.000000,0.023246,non_zero_exit,0.960304,0,645,0,72.436008
11642,106546,0,762867,13.966524,0.000000,0.536010,,0.960268,0,645,0,72.438375
11643,106546,0,762867,13.966524,0.000000,0.033150,,0.960188,0,645,0,72.440742
11644,106546,0,762867,13.966524,0.000000,1.030409,non_zero_exit,0.960194,0,645,0,72.434521
11645,106546,0,762867,13.966524,0.000000,3.037575,,0.960373,0,645,0,72.436888
11646,106546,0,762867,13.966524,0.000000,0.023268,non_zero_exit,0.960292,0,645,0,72.430669
11647,106546,0,762867,13.966524,0.000000,5.003549,timeout,0.960640,0,646,0,72.424451
11648,106546,0,762867,13.966524,0.000000,0.031580,,0.960560,0,646,0,72.426818
11649,106546,0,762867,13.966524,0.000000,1.030957,,0.960566,0,646,0,72.429185
11650,106551,5,762867,13.967179,0.000655,0.030785,,0.960486,0,646,0,72.431551
11651,106551,0,762867,13.967179,0.000000,0.031933,,0.960406,0,646,0,72.433917
11652,106551,0,762867,13.967179,0.000000,0.032249,,0.960327,0,646,0,72.436283
11653,106551,0,762867,13.967179,0.000000,0.020608,non_zero_exit,0.960246,0,646,0,72.430067
11654,106551,0,762867,13.967179,0.000000,0.021067,non_zero_exit,0.960165,0,646,0,72.423852
11655,106551,0,762867,13.967179,0.000000,0.021153,,0.960085,0,646,0,72.426218
11656,106551,0,762867,13.967179,0.000000,0.023914,non_zero_exit,0.960005,0,646,0,72.420005
11657,106551,0,762867,13.967179,0.000000,1.036155,,0.960011,0,646,0,72.422371
11658,106551,0,762867,13.967179,0.000000,1.785583,,0.960082,0,646,0,72.424736
11659,106551,0,762867,13.967179,0.000000,0.025323,non_zero_exit,0.960002,0,646,0,72.418525
11660,106551,0,762867,13.967179,0.000000,0.026437,non_zero_exit,0.959922,0,646,0,72.412315
11661,106551,0,762867,13.967179,0.000000,1.031015,,0.959928,0,646,0,72.414680
11662,106551,0,762867,13.967179,0.000000,1.027441,,0.959934,0,646,0,72.417045
11663,106551,0,762867,13.967179,0.000000,0.029772,,0.959854,0,646,0,72.419410
11664,106551,0,762867,13.967179,0.000000,2.032465,,0.959946,0,646,0,72.421775
11665,106551,0,762867,13.967179,0.000000,2.698744,,0.960095,0,646,0,72.424139
11666,106551,0,762867,13.967179,0.000000,0.022625,non_zero_exit,0.960014,0,646,0,72.417931
11667,106551,0,762867,13.967179,0.000000,1.032357,,0.960021,0,646,0,72.420295
11668,106551,0,762867,13.967179,0.000000,1.034070,,0.960027,0,646,0,72.422658
11669,106554,3,762867,13.967572,0.000393,4.034287,,0.960290,0,646,0,72.425021
11670,106554,0,762867,13.967572,0.000000,0.022954,non_zero_exit,0.960210,0,646,0,72.418816
11671,106554,0,762867,13.967572,0.000000,2.031718,,0.960302,0,646,0,72.421179
11672,106554,0,762867,13.967572,0.000000,1.052593,,0.960310,0,646,0,72.423542
11673,106554,0,762867,13.967572,0.000000,0.024178,non_zero_exit,0.960230,0,646,0,72.417338
11674,106554,0,762867,13.967572,0.000000,0.032975,,0.960150,0,646,0,72.419700
11675,106554,0,762867,13.967572,0.000000,1.031065,,0.960156,0,646,0,72.422062
11676,106554,0,762867,13.967572,0.000000,4.531118,,0.960462,0,646,0,72.424424
11677,106555,1,762867,13.967703,0.000131,3.141115,,0.960649,0,646,0,72.426785
11678,106555,0,762867,13.967703,0.000000,0.027772,,0.960569,0,646,0,72.429146
11679,106555,0,762867,13.967703,0.000000,1.025927,,0.960575,0,646,0,72.431507
11680,106555,0,762867,13.967703,0.000000,0.030483,,0.960495,0,646,0,72.433867
11681,106555,0,762867,13.967703,0.000000,0.031333,,0.960415,0,646,0,72.436227
11682,106555,0,762867,13.967703,0.000000,1.031740,,0.960422,0,646,0,72.438586
11683,106555,0,762867,13.967703,0.000000,0.029415,,0.960342,0,646,0,72.440945
11684,106555,0,762867,13.967703,0.000000,0.022108,non_zero_exit,0.960262,0,646,0,72.434745
11685,106555,0,762867,13.967703,0.000000,5.004654,timeout,0.960608,0,647,0,72.428547
11686,106555,0,762867,13.967703,0.000000,0.031822,,0.960528,0,647,0,72.430906
11687,106555,0,762867,13.967703,0.000000,0.031874,,0.960449,0,647,0,72.433265
11688,106555,0,762867,13.967703,0.000000,0.032427,,0.960369,0,647,0,72.435623
11689,106555,0,762867,13.967703,0.000000,0.023010,non_zero_exit,0.960289,0,647,0,72.429427
11690,106555,0,762867,13.967703,0.000000,1.034560,,0.960295,0,647,0,72.431785
11691,106555,0,762867,13.967703,0.000000,0.028354,,0.960216,0,647,0,72.434143
11692,106555,0,762867,13.967703,0.000000,0.033106,,0.960136,0,647,0,72.436500
11693,106555,0,762867,13.967703,0.000000,1.026319,,0.960142,0,647,0,72.438858
11694,106555,0,762867,13.967703,0.000000,1.536803,,0.960191,0,647,0,72.441214
11695,106555,0,762867,13.967703,0.000000,1.029300,,0.960197,0,647,0,72.443570
11696,106555,0,762867,13.967703,0.000000,3.042933,,0.960375,0,647,0,72.445926
11697,106555,0,762867,13.967703,0.000000,0.025492,non_zero_exit,0.960295,0,647,0,72.439733
11698,106555,0,762867,13.967703,0.000000,0.028205,,0.960216,0,647,0,72.442089
11699,106555,0,762867,13.967703,0.000000,2.033243,,0.960308,0,647,0,72.444444
11700,106555,0,762867,13.967703,0.000000,0.030249,,0.960228,0,647,0,72.446799
11701,106555,0,762867,13.967703,0.000000,0.023750,non_zero_exit,0.960148,0,647,0,72.440608
11702,106555,0,762867,13.967703,0.000000,1.030525,non_zero_exit,0.960154,0,647,0,72.434419
11703,106555,0,762867,13.967703,0.000000,0.028942,,0.960074,0,647,0,72.436774
11704,106555,0,762867,13.967703,0.000000,0.034494,,0.959995,0,647,0,72.439129
11705,106555,0,762867,13.967703,0.000000,0.022788,non_zero_exit,0.959915,0,647,0,72.432940
11706,106555,0,762867,13.967703,0.000000,0.033068,,0.959836,0,647,0,72.435295
11707,106555,0,762867,13.967703,0.000000,2.030523,,0.959928,0,647,0,72.437649
11708,106555,0,762867,13.967703,0.000000,0.023672,non_zero_exit,0.959848,0,647,0,72.431463
11709,106555,0,762867,13.967703,0.000000,2.027568,,0.959939,0,647,0,72.433817
11710,106555,0,762867,13.967703,0.000000,0.029966,,0.959859,0,647,0,72.436171
11711,106555,0,762867,13.967703,0.000000,0.031730,non_zero_exit,0.959780,0,647,0,72.429986
11712,106555,0,762867,13.967703,0.000000,2.036755,,0.959872,0,647,0,72.432340
11713,106555,0,762867,13.967703,0.000000,0.029270,,0.959793,0,647,0,72.434694
11714,106555,0,762867,13.967703,0.000000,2.032161,,0.959884,0,647,0,72.437047
11715,106555,0,762867,13.967703,0.000000,0.026332,non_zero_exit,0.959805,0,647,0,72.430864
11716,106555,0,762867,13.967703,0.000000,0.034956,,0.959726,0,647,0,72.433217
11717,106555,0,762867,13.967703,0.000000,5.004429,timeout,0.960071,0,648,0,72.427035
11718,106555,0,762867,13.967703,0.000000,1.030803,,0.960077,0,648,0,72.429388
11719,106555,0,762867,13.967703,0.000000,1.032641,,0.960083,0,648,0,72.431741
11720,106555,0,762867,13.967703,0.000000,0.021555,non_zero_exit,0.960003,0,648,0,72.425561
11721,106555,0,762867,13.967703,0.000000,0.036039,,0.959924,0,648,0,72.427913
11722,106555,0,762867,13.967703,0.000000,0.031513,,0.959845,0,648,0,72.430265
11723,106555,0,762867,13.967703,0.000000,1.032972,,0.959851,0,648,0,72.432617
11724,106555,0,762867,13.967703,0.000000,0.028600,,0.959772,0,648,0,72.434968
11725,106555,0,762867,13.967703,0.000000,0.029736,,0.959692,0,648,0,72.437319
11726,106555,0,762867,13.967703,0.000000,3.032126,,0.959869,0,648,0,72.439669
11727,106555,0,762867,13.967703,0.000000,1.029899,,0.959875,0,648,0,72.442019
11728,106555,0,762867,13.967703,0.000000,1.026541,,0.959881,0,648,0,72.444369
11729,106555,0,762867,13.967703,0.000000,0.027854,non_zero_exit,0.959801,0,648,0,72.438193
11730,106555,0,762867,13.967703,0.000000,0.034080,,0.959722,0,648,0,72.440542
11731,106555,0,762867,13.967703,0.000000,0.095198,,0.959649,0,648,0,72.442891
11732,106555,0,762867,13.967703,0.000000,2.033486,,0.959740,0,648,0,72.445240
11733,106555,0,762867,13.967703,0.000000,0.031422,,0.959661,0,648,0,72.447588
11734,106555,0,762867,13.967703,0.000000,0.022633,non_zero_exit,0.959581,0,648,0,72.441415
11735,106555,0,762867,13.967703,0.000000,0.023380,non_zero_exit,0.959502,0,648,0,72.435242
11736,106555,0,762867,13.967703,0.000000,0.031814,,0.959422,0,648,0,72.437591
11737,106555,0,762867,13.967703,0.000000,1.029780,,0.959428,0,648,0,72.439939
11738,106555,0,762867,13.967703,0.000000,2.031520,,0.959520,0,648,0,72.442286
11739,106555,0,762867,13.967703,0.000000,0.031629,,0.959441,0,648,0,72.444634
11740,106555,0,762867,13.967703,0.000000,1.032216,,0.959447,0,648,0,72.446981
11741,106555,0,762867,13.967703,0.000000,1.030803,,0.959453,0,648,0,72.449327
11742,106555,0,762867,13.967703,0.000000,0.536057,,0.959417,0,648,0,72.451673
11743,106555,0,762867,13.967703,0.000000,0.042277,,0.959339,0,648,0,72.454019
11744,106555,0,762867,13.967703,0.000000,0.031096,,0.959260,0,648,0,72.456364
11745,106555,0,762867,13.967703,0.000000,1.033345,,0.959266,0,648,0,72.458709
11746,106555,0,762867,13.967703,0.000000,1.532183,,0.959315,0,648,0,72.461054
11747,106555,0,762867,13.967703,0.000000,1.035313,,0.959321,0,648,0,72.463398
11748,106555,0,762867,13.967703,0.000000,1.027026,,0.959327,0,648,0,72.465742
11749,106604,49,762867,13.974127,0.006423,5.627655,timeout,0.959724,0,649,0,72.459574
11750,106604,0,762867,13.974127,0.000000,0.026091,non_zero_exit,0.959645,0,649,0,72.453408
11751,106604,0,762867,13.974127,0.000000,0.025669,,0.959566,0,649,0,72.455752
11752,106604,0,762867,13.974127,0.000000,0.029805,,0.959486,0,649,0,72.458096
11753,106604,0,762867,13.974127,0.000000,0.031715,,0.959407,0,649,0,72.460439
11754,106604,0,762867,13.974127,0.000000,5.004260,timeout,0.959752,0,650,0,72.454275
11755,106604,0,762867,13.974127,0.000000,0.023547,non_zero_exit,0.959672,0,650,0,72.448112
11756,106604,0,762867,13.974127,0.000000,3.370256,,0.959877,0,650,0,72.450455
11757,106604,0,762867,13.974127,0.000000,1.035722,,0.959883,0,650,0,72.452798
11758,106604,0,762867,13.974127,0.000000,3.049690,,0.960061,0,650,0,72.455141
11759,106604,0,762867,13.974127,0.000000,0.049192,non_zero_exit,0.959984,0,650,0,72.448980
11760,106604,0,762867,13.974127,0.000000,0.021550,non_zero_exit,0.959904,0,650,0,72.442819
11761,106604,0,762867,13.974127,0.000000,0.026070,non_zero_exit,0.959825,0,650,0,72.436660
11762,106605,1,762867,13.974258,0.000131,0.021451,non_zero_exit,0.959745,0,650,0,72.430502
11763,106605,0,762867,13.974258,0.000000,2.031210,,0.959836,0,650,0,72.432846
11764,106605,0,762867,13.974258,0.000000,4.029823,,0.960097,0,650,0,72.435189
11765,106605,0,762867,13.974258,0.000000,1.969191,,0.960183,0,650,0,72.437532
11766,106605,0,762867,13.974258,0.000000,0.025015,non_zero_exit,0.960103,0,650,0,72.431376
11767,106605,0,762867,13.974258,0.000000,0.029848,,0.960024,0,650,0,72.433719
11768,106605,0,762867,13.974258,0.000000,1.029835,,0.960030,0,650,0,72.436061
11769,106605,0,762867,13.974258,0.000000,0.032421,,0.959951,0,650,0,72.438403
11770,106605,0,762867,13.974258,0.000000,0.036863,,0.959873,0,650,0,72.440744
11771,106605,0,762867,13.974258,0.000000,2.033978,,0.959964,0,650,0,72.443085
11772,106605,0,762867,13.974258,0.000000,1.030316,,0.959970,0,650,0,72.445426
11773,106605,0,762867,13.974258,0.000000,0.032116,,0.959891,0,650,0,72.447766
11774,106605,0,762867,13.974258,0.000000,0.032265,,0.959812,0,650,0,72.450106
11775,106605,0,762867,13.974258,0.000000,0.028101,,0.959733,0,650,0,72.452446
11776,106605,0,762867,13.974258,0.000000,1.532212,,0.959782,0,650,0,72.454785
11777,106605,0,762867,13.974258,0.000000,1.029426,,0.959788,0,650,0,72.457123
11778,106615,10,762867,13.975568,0.001311,0.021697,non_zero_exit,0.959708,0,650,0,72.450972
11779,106615,0,762867,13.975568,0.000000,1.034037,,0.959714,0,650,0,72.453311
11780,106615,0,762867,13.975568,0.000000,0.032134,,0.959636,0,650,0,72.455649
11781,106615,0,762867,13.975568,0.000000,1.034361,,0.959642,0,650,0,72.457987
11782,106615,0,762867,13.975568,0.000000,1.025244,,0.959648,0,650,0,72.460324
11783,106615,0,762867,13.975568,0.000000,0.036177,,0.959569,0,650,0,72.462661
11784,106615,0,762867,13.975568,0.000000,0.023010,non_zero_exit,0.959490,0,650,0,72.456513
11785,106615,0,762867,13.975568,0.000000,1.027488,,0.959496,0,650,0,72.458849
11786,106615,0,762867,13.975568,0.000000,0.028023,,0.959416,0,650,0,72.461186
11787,106615,0,762867,13.975568,0.000000,1.034860,,0.959423,0,650,0,72.463522
11788,106615,0,762867,13.975568,0.000000,1.034491,,0.959429,0,650,0,72.465858
11789,106615,0,762867,13.975568,0.000000,0.032524,,0.959351,0,650,0,72.468193
11790,106615,0,762867,13.975568,0.000000,1.029024,,0.959357,0,650,0,72.470528
11791,106615,0,762867,13.975568,0.000000,0.030252,,0.959278,0,650,0,72.472863
11792,106615,0,762867,13.975568,0.000000,0.021559,non_zero_exit,0.959198,0,650,0,72.466718
11793,106615,0,762867,13.975568,0.000000,0.028890,,0.959119,0,650,0,72.469052
11794,106615,0,762867,13.975568,0.000000,1.035181,,0.959126,0,650,0,72.471386
11795,106615,0,762867,13.975568,0.000000,0.022048,non_zero_exit,0.959046,0,650,0,72.465242
11796,106615,0,762867,13.975568,0.000000,1.029624,,0.959052,0,650,0,72.467577
11797,106615,0,762867,13.975568,0.000000,0.027913,non_zero_exit,0.958973,0,650,0,72.461434
11798,106615,0,762867,13.975568,0.000000,1.035266,,0.958980,0,650,0,72.463768
11799,106615,0,762867,13.975568,0.000000,0.027791,,0.958901,0,650,0,72.466102
11800,106615,0,762867,13.975568,0.000000,1.039209,,0.958908,0,650,0,72.468435
11801,106615,0,762867,13.975568,0.000000,0.041647,,0.958830,0,650,0,72.470768
11802,106615,0,762867,13.975568,0.000000,0.541857,,0.958795,0,650,0,72.473100
11803,106615,0,762867,13.975568,0.000000,0.022262,non_zero_exit,0.958715,0,650,0,72.466960
11804,106615,0,762867,13.975568,0.000000,0.026831,non_zero_exit,0.958636,0,650,0,72.460822
11805,106615,0,762867,13.975568,0.000000,0.032947,,0.958558,0,650,0,72.463154
11806,106615,0,762867,13.975568,0.000000,1.033666,,0.958564,0,650,0,72.465487
11807,106615,0,762867,13.975568,0.000000,0.022296,non_zero_exit,0.958485,0,650,0,72.459350
11808,106615,0,762867,13.975568,0.000000,1.029762,,0.958491,0,650,0,72.461682
11809,106615,0,762867,13.975568,0.000000,0.025669,non_zero_exit,0.958412,0,650,0,72.455546
11810,106615,0,762867,13.975568,0.000000,3.034393,,0.958588,0,650,0,72.457878
11811,106615,0,762867,13.975568,0.000000,1.031133,,0.958594,0,650,0,72.460210
11812,106615,0,762867,13.975568,0.000000,0.032645,,0.958516,0,650,0,72.462541
11813,106615,0,762867,13.975568,0.000000,1.031955,,0.958522,0,650,0,72.464872
11814,106615,0,762867,13.975568,0.000000,0.031298,,0.958443,0,650,0,72.467203
11815,106615,0,762867,13.975568,0.000000,1.034146,,0.958450,0,650,0,72.469533
11816,106615,0,762867,13.975568,0.000000,1.028302,,0.958456,0,650,0,72.471863
11817,106615,0,762867,13.975568,0.000000,0.021163,non_zero_exit,0.958376,0,650,0,72.465730
11818,106615,0,762867,13.975568,0.000000,0.028538,,0.958298,0,650,0,72.468060
11819,106615,0,762867,13.975568,0.000000,2.033587,,0.958389,0,650,0,72.470389
11820,106615,0,762867,13.975568,0.000000,0.032714,,0.958310,0,650,0,72.472718
11821,106615,0,762867,13.975568,0.000000,0.032974,,0.958232,0,650,0,72.475047
11822,106615,0,762867,13.975568,0.000000,2.034160,,0.958323,0,650,0,72.477375
11823,106615,0,762867,13.975568,0.000000,0.026896,,0.958244,0,650,0,72.479702
11824,106615,0,762867,13.975568,0.000000,0.024802,,0.958165,0,650,0,72.482030
11825,106615,0,762867,13.975568,0.000000,0.022659,non_zero_exit,0.958086,0,650,0,72.475901
11826,106615,0,762867,13.975568,0.000000,2.026063,,0.958177,0,650,0,72.478228
11827,106615,0,762867,13.975568,0.000000,0.023037,non_zero_exit,0.958098,0,650,0,72.472100
11828,106615,0,762867,13.975568,0.000000,1.031218,,0.958104,0,650,0,72.474427
11829,106615,0,762867,13.975568,0.000000,1.032035,,0.958110,0,650,0,72.476754
11830,106615,0,762867,13.975568,0.000000,5.003737,timeout,0.958452,0,651,0,72.470628
11831,106615,0,762867,13.975568,0.000000,0.025417,non_zero_exit,0.958373,0,651,0,72.464503
11832,106615,0,762867,13.975568,0.000000,0.043364,,0.958296,0,651,0,72.466830
11833,106615,0,762867,13.975568,0.000000,5.004334,timeout,0.958638,0,652,0,72.460706
11834,106615,0,762867,13.975568,0.000000,0.026247,,0.958559,0,652,0,72.463033
11835,106615,0,762867,13.975568,0.000000,1.033812,,0.958565,0,652,0,72.465360
11836,106615,0,762867,13.975568,0.000000,0.021223,non_zero_exit,0.958486,0,652,0,72.459238
11837,106615,0,762867,13.975568,0.000000,0.031985,,0.958408,0,652,0,72.461564
11838,106615,0,762867,13.975568,0.000000,0.032729,,0.958330,0,652,0,72.463891
11839,106615,0,762867,13.975568,0.000000,0.030253,,0.958251,0,652,0,72.466216
11840,106615,0,762867,13.975568,0.000000,0.025134,,0.958172,0,652,0,72.468542
11841,106615,0,762867,13.975568,0.000000,1.030891,,0.958179,0,652,0,72.470866
11842,106615,0,762867,13.975568,0.000000,0.024358,non_zero_exit,0.958100,0,652,0,72.464747
11843,106615,0,762867,13.975568,0.000000,5.082792,timeout,0.958448,0,653,0,72.458629
11844,106615,0,762867,13.975568,0.000000,0.022961,non_zero_exit,0.958369,0,653,0,72.452512
11845,106615,0,762867,13.975568,0.000000,0.021158,non_zero_exit,0.958290,0,653,0,72.446395
11846,106615,0,762867,13.975568,0.000000,0.530193,,0.958254,0,653,0,72.448721
11847,106615,0,762867,13.975568,0.000000,0.030910,,0.958175,0,653,0,72.451047
11848,106615,0,762867,13.975568,0.000000,1.028783,,0.958181,0,653,0,72.453372
11849,106615,0,762867,13.975568,0.000000,1.532696,,0.958230,0,653,0,72.455696
11850,106615,0,762867,13.975568,0.000000,0.042682,,0.958153,0,653,0,72.458020
11851,106615,0,762867,13.975568,0.000000,0.030888,,0.958074,0,653,0,72.460344
11852,106615,0,762867,13.975568,0.000000,0.031564,,0.957996,0,653,0,72.462668
11853,106615,0,762867,13.975568,0.000000,0.022992,non_zero_exit,0.957917,0,653,0,72.456555
11854,106615,0,762867,13.975568,0.000000,0.023270,non_zero_exit,0.957839,0,653,0,72.450443
11855,106615,0,762867,13.975568,0.000000,2.034534,,0.957929,0,653,0,72.452767
11856,106615,0,762867,13.975568,0.000000,3.538300,,0.958147,0,653,0,72.455090
11857,106615,0,762867,13.975568,0.000000,0.021605,non_zero_exit,0.958068,0,653,0,72.448980
11858,106615,0,762867,13.975568,0.000000,0.031026,,0.957990,0,653,0,72.451303
11859,106615,0,762867,13.975568,0.000000,0.033141,,0.957912,0,653,0,72.453626
11860,106615,0,762867,13.975568,0.000000,1.031662,,0.957918,0,653,0,72.455948
11861,106615,0,762867,13.975568,0.000000,3.036253,,0.958093,0,653,0,72.458270
11862,106615,0,762867,13.975568,0.000000,0.028905,,0.958015,0,653,0,72.460592
11863,106615,0,762867,13.975568,0.000000,4.538846,,0.958317,0,653,0,72.462913
11864,106615,0,762867,13.975568,0.000000,1.029345,,0.958323,0,653,0,72.465234
11865,106615,0,762867,13.975568,0.000000,0.035841,,0.958245,0,653,0,72.467554
11866,106615,0,762867,13.975568,0.000000,0.033056,,0.958167,0,653,0,72.469874
11867,106615,0,762867,13.975568,0.000000,0.500583,,0.958128,0,653,0,72.472194
11868,106615,0,762867,13.975568,0.000000,1.038074,,0.958135,0,653,0,72.474513
11869,106615,0,762867,13.975568,0.000000,3.037774,,0.958310,0,653,0,72.476832
11870,106615,0,762867,13.975568,0.000000,0.028683,,0.958232,0,653,0,72.479151
11871,106615,0,762867,13.975568,0.000000,0.028494,,0.958154,0,653,0,72.481469
11872,106615,0,762867,13.975568,0.000000,0.029307,,0.958076,0,653,0,72.483787
11873,106615,0,762867,13.975568,0.000000,0.024818,non_zero_exit,0.957997,0,653,0,72.477682
11874,106615,0,762867,13.975568,0.000000,0.023831,non_zero_exit,0.957918,0,653,0,72.471579
11875,106615,0,762867,13.975568,0.000000,1.035739,,0.957925,0,653,0,72.473897
11876,106615,0,762867,13.975568,0.000000,1.031824,,0.957931,0,653,0,72.476215
11877,106615,0,762867,13.975568,0.000000,1.030996,,0.957937,0,653,0,72.478532
11878,106615,0,762867,13.975568,0.000000,0.023889,non_zero_exit,0.957859,0,653,0,72.472430
11879,106615,0,762867,13.975568,0.000000,1.029926,,0.957865,0,653,0,72.474747
11880,106615,0,762867,13.975568,0.000000,0.025747,non_zero_exit,0.957786,0,653,0,72.468647
11881,106615,0,762867,13.975568,0.000000,0.023374,non_zero_exit,0.957708,0,653,0,72.462548
11882,106615,0,762867,13.975568,0.000000,1.533537,,0.957756,0,653,0,72.464866
11883,106615,0,762867,13.975568,0.000000,1.026347,non_zero_exit,0.957762,0,653,0,72.458768
11884,106615,0,762867,13.975568,0.000000,1.033127,,0.957768,0,653,0,72.461085
11885,106615,0,762867,13.975568,0.000000,0.532165,non_zero_exit,0.957732,0,653,0,72.454989
11886,106615,0,762867,13.975568,0.000000,2.035469,,0.957823,0,653,0,72.457306
11887,106615,0,762867,13.975568,0.000000,3.029790,,0.957997,0,653,0,72.459623
11888,106615,0,762867,13.975568,0.000000,0.024577,non_zero_exit,0.957919,0,653,0,72.453528
11889,106615,0,762867,13.975568,0.000000,0.029744,,0.957841,0,653,0,72.455845
11890,106615,0,762867,13.975568,0.000000,3.004792,,0.958013,0,653,0,72.458162
11891,106615,0,762867,13.975568,0.000000,1.031574,,0.958019,0,653,0,72.460478
11892,106615,0,762867,13.975568,0.000000,1.546026,,0.958068,0,653,0,72.462793
11893,106615,0,762867,13.975568,0.000000,0.022770,non_zero_exit,0.957990,0,653,0,72.456701
11894,106615,0,762867,13.975568,0.000000,0.029634,,0.957912,0,653,0,72.459016
11895,106615,0,762867,13.975568,0.000000,5.008121,timeout,0.958252,0,654,0,72.452925
11896,106615,0,762867,13.975568,0.000000,0.023588,non_zero_exit,0.958174,0,654,0,72.446835
11897,106615,0,762867,13.975568,0.000000,0.033659,,0.958096,0,654,0,72.449151
11898,106615,0,762867,13.975568,0.000000,4.029281,,0.958354,0,654,0,72.451467
11899,106615,0,762867,13.975568,0.000000,1.916735,,0.958435,0,654,0,72.453782
11900,106616,1,762867,13.975700,0.000131,2.535177,,0.958567,0,654,0,72.456096
11901,106616,0,762867,13.975700,0.000000,1.537226,,0.958616,0,654,0,72.458410
11902,106616,0,762867,13.975700,0.000000,0.030748,,0.958538,0,654,0,72.460724
11903,106616,0,762867,13.975700,0.000000,0.032355,,0.958460,0,654,0,72.463038
11904,106616,0,762867,13.975700,0.000000,1.033600,,0.958466,0,654,0,72.465351
11905,106616,0,762867,13.975700,0.000000,2.026761,,0.958556,0,654,0,72.467663
11906,106616,0,762867,13.975700,0.000000,1.030323,,0.958562,0,654,0,72.469976
11907,106616,0,762867,13.975700,0.000000,1.032001,non_zero_exit,0.958568,0,654,0,72.463890
11908,106616,0,762867,13.975700,0.000000,1.030307,,0.958574,0,654,0,72.466202
11909,106616,0,762867,13.975700,0.000000,3.049568,,0.958750,0,654,0,72.468514
11910,106616,0,762867,13.975700,0.000000,2.028554,,0.958840,0,654,0,72.470825
11911,106616,0,762867,13.975700,0.000000,1.527133,,0.958887,0,654,0,72.473136
11912,106616,0,762867,13.975700,0.000000,2.530264,,0.959019,0,654,0,72.475447
11913,106618,2,762867,13.975962,0.000262,0.021839,non_zero_exit,0.958941,0,654,0,72.469364
11914,106625,7,762867,13.976879,0.000918,1.031632,,0.958947,0,654,0,72.471674
11915,106625,0,762867,13.976879,0.000000,1.026186,,0.958952,0,654,0,72.473985
11916,106625,0,762867,13.976879,0.000000,0.022849,non_zero_exit,0.958874,0,654,0,72.467903
11917,106625,0,762867,13.976879,0.000000,3.031182,,0.959048,0,654,0,72.470213
11918,106625,0,762867,13.976879,0.000000,0.026448,,0.958969,0,654,0,72.472523
11919,106625,0,762867,13.976879,0.000000,1.033188,,0.958976,0,654,0,72.474832
11920,106625,0,762867,13.976879,0.000000,1.029220,non_zero_exit,0.958982,0,654,0,72.468753
11921,106625,0,762867,13.976879,0.000000,0.029136,,0.958904,0,654,0,72.471062
11922,106625,0,762867,13.976879,0.000000,0.534941,,0.958868,0,654,0,72.473371
11923,106625,0,762867,13.976879,0.000000,1.030636,,0.958874,0,654,0,72.475679
11924,106625,0,762867,13.976879,0.000000,0.022899,,0.958796,0,654,0,72.477987
11925,106625,0,762867,13.976879,0.000000,0.033078,,0.958718,0,654,0,72.480295
11926,106625,0,762867,13.976879,0.000000,1.037310,,0.958724,0,654,0,72.482602
11927,106625,0,762867,13.976879,0.000000,0.029315,,0.958647,0,654,0,72.484909
11928,106625,0,762867,13.976879,0.000000,0.028891,,0.958569,0,654,0,72.487216
11929,106626,1,762867,13.977010,0.000131,4.040286,,0.958827,0,654,0,72.489522
11930,106626,0,762867,13.977010,0.000000,0.047983,non_zero_exit,0.958751,0,654,0,72.483446
11931,106626,0,762867,13.977010,0.000000,0.033838,,0.958673,0,654,0,72.485753
11932,106626,0,762867,13.977010,0.000000,0.035364,,0.958596,0,654,0,72.488058
11933,106626,0,762867,13.977010,0.000000,1.037583,,0.958602,0,654,0,72.490364
11934,106626,0,762867,13.977010,0.000000,0.026635,,0.958524,0,654,0,72.492669
11935,106626,0,762867,13.977010,0.000000,0.032598,,0.958447,0,654,0,72.494973
11936,106626,0,762867,13.977010,0.000000,0.035006,non_zero_exit,0.958369,0,654,0,72.488900
11937,106626,0,762867,13.977010,0.000000,0.030239,,0.958292,0,654,0,72.491205
11938,107024,398,762867,14.029182,0.052172,5.058435,timeout,0.958635,0,655,0,72.485133
11939,107024,0,762867,14.029182,0.000000,2.034689,,0.958725,0,655,0,72.487437
11940,107024,0,762867,14.029182,0.000000,3.029416,,0.958899,0,655,0,72.489741
11941,107024,0,762867,14.029182,0.000000,0.032932,,0.958821,0,655,0,72.492045
11942,107024,0,762867,14.029182,0.000000,0.022325,non_zero_exit,0.958743,0,655,0,72.485975
11943,107024,0,762867,14.029182,0.000000,1.026505,,0.958748,0,655,0,72.488279
11944,107024,0,762867,14.029182,0.000000,0.022641,non_zero_exit,0.958670,0,655,0,72.482210
11945,107024,0,762867,14.029182,0.000000,0.021645,non_zero_exit,0.958591,0,655,0,72.476143
11946,107024,0,762867,14.029182,0.000000,0.032504,,0.958514,0,655,0,72.478446
11947,107024,0,762867,14.029182,0.000000,0.432640,,0.958470,0,655,0,72.480750
11948,107024,0,762867,14.029182,0.000000,3.535777,,0.958686,0,655,0,72.483053
11949,107024,0,762867,14.029182,0.000000,5.004718,timeout,0.959024,0,656,0,72.476987
11950,107024,0,762867,14.029182,0.000000,0.031420,,0.958947,0,656,0,72.479290
11951,107024,0,762867,14.029182,0.000000,0.137575,,0.958878,0,656,0,72.481593
11952,107024,0,762867,14.029182,0.000000,2.206767,,0.958982,0,656,0,72.483895
11953,107024,0,762867,14.029182,0.000000,0.122362,,0.958912,0,656,0,72.486197
11954,107024,0,762867,14.029182,0.000000,2.029744,,0.959002,0,656,0,72.488499
11955,107024,0,762867,14.029182,0.000000,1.034547,non_zero_exit,0.959008,0,656,0,72.482436
11956,107024,0,762867,14.029182,0.000000,0.020698,non_zero_exit,0.958930,0,656,0,72.476374
11957,107024,0,762867,14.029182,0.000000,0.031985,,0.958852,0,656,0,72.478675
11958,107024,0,762867,14.029182,0.000000,0.029045,,0.958774,0,656,0,72.480977
11959,107024,0,762867,14.029182,0.000000,2.039361,,0.958865,0,656,0,72.483278
11960,107024,0,762867,14.029182,0.000000,0.538647,,0.958830,0,656,0,72.485578
11961,107024,0,762867,14.029182,0.000000,3.043658,,0.959004,0,656,0,72.487878
11962,107024,0,762867,14.029182,0.000000,0.023465,non_zero_exit,0.958926,0,656,0,72.481819
11963,107024,0,762867,14.029182,0.000000,0.022967,non_zero_exit,0.958847,0,656,0,72.475761
11964,107024,0,762867,14.029182,0.000000,0.035352,,0.958770,0,656,0,72.478061
11965,107024,0,762867,14.029182,0.000000,0.033331,,0.958693,0,656,0,72.480361
11966,107024,0,762867,14.029182,0.000000,1.535645,,0.958741,0,656,0,72.482661
11967,107024,0,762867,14.029182,0.000000,0.033715,,0.958664,0,656,0,72.484960
11968,107024,0,762867,14.029182,0.000000,0.771499,,0.958648,0,656,0,72.487259
11969,107024,0,762867,14.029182,0.000000,0.738105,,0.958630,0,656,0,72.489557
11970,107024,0,762867,14.029182,0.000000,0.031009,,0.958552,0,656,0,72.491855
11971,107024,0,762867,14.029182,0.000000,1.030959,,0.958558,0,656,0,72.494153
11972,107024,0,762867,14.029182,0.000000,0.034029,,0.958481,0,656,0,72.496450
11973,107024,0,762867,14.029182,0.000000,0.029345,non_zero_exit,0.958404,0,656,0,72.490396
11974,107024,0,762867,14.029182,0.000000,0.031328,,0.958326,0,656,0,72.492693
11975,107028,4,762867,14.029706,0.000524,0.451798,,0.958284,0,656,0,72.494990
11976,107028,0,762867,14.029706,0.000000,0.534927,non_zero_exit,0.958248,0,656,0,72.488937
11977,107028,0,762867,14.029706,0.000000,1.033954,,0.958255,0,656,0,72.491234
11978,107028,0,762867,14.029706,0.000000,1.031800,,0.958261,0,656,0,72.493530
11979,107028,0,762867,14.029706,0.000000,0.031004,,0.958184,0,656,0,72.495826
11980,107028,0,762867,14.029706,0.000000,0.031594,,0.958106,0,656,0,72.498122
11981,107028,0,762867,14.029706,0.000000,0.134126,non_zero_exit,0.958037,0,656,0,72.492071
11982,107028,0,762867,14.029706,0.000000,0.022065,non_zero_exit,0.957959,0,656,0,72.486022
11983,107028,0,762867,14.029706,0.000000,0.031777,non_zero_exit,0.957882,0,656,0,72.479973
11984,107028,0,762867,14.029706,0.000000,0.023087,non_zero_exit,0.957804,0,656,0,72.473926
11985,107028,0,762867,14.029706,0.000000,0.029685,,0.957727,0,656,0,72.476222
11986,107028,0,762867,14.029706,0.000000,0.135340,,0.957658,0,656,0,72.478518
11987,107028,0,762867,14.029706,0.000000,1.030450,,0.957664,0,656,0,72.480814
11988,107028,0,762867,14.029706,0.000000,0.029632,,0.957587,0,656,0,72.483110
11989,107028,0,762867,14.029706,0.000000,5.003892,timeout,0.957924,0,657,0,72.477064
11990,107028,0,762867,14.029706,0.000000,1.030584,,0.957930,0,657,0,72.479360
11991,107028,0,762867,14.029706,0.000000,0.029636,,0.957853,0,657,0,72.481654
11992,107028,0,762867,14.029706,0.000000,0.026165,,0.957775,0,657,0,72.483949
11993,107028,0,762867,14.029706,0.000000,0.023073,non_zero_exit,0.957697,0,657,0,72.477906
11994,107028,0,762867,14.029706,0.000000,0.027217,non_zero_exit,0.957620,0,657,0,72.471863
11995,107028,0,762867,14.029706,0.000000,1.030392,,0.957626,0,657,0,72.474158
11996,107028,0,762867,14.029706,0.000000,0.028596,,0.957548,0,657,0,72.476452
11997,107028,0,762867,14.029706,0.000000,0.330916,,0.957496,0,657,0,72.478746
11998,107028,0,762867,14.029706,0.000000,0.030375,,0.957419,0,657,0,72.481040
11999,107028,0,762867,14.029706,0.000000,0.023460,non_zero_exit,0.957341,0,657,0,72.475000
12000,107028,0,762867,14.029706,0.000000,2.033919,,0.957431,0,657,0,72.477294
12001,107028,0,762867,14.029706,0.000000,2.034378,,0.957520,0,657,0,72.479587
12002,107028,0,762867,14.029706,0.000000,0.022594,non_zero_exit,0.957442,0,657,0,72.473548
12003,107028,0,762867,14.029706,0.000000,1.034897,,0.957449,0,657,0,72.475841
12004,107028,0,762867,14.029706,0.000000,0.032691,,0.957372,0,657,0,72.478134
12005,107028,0,762867,14.029706,0.000000,1.031478,,0.957378,0,657,0,72.480426
12006,107028,0,762867,14.029706,0.000000,1.028226,,0.957384,0,657,0,72.482718
12007,107028,0,762867,14.029706,0.000000,4.029726,,0.957640,0,657,0,72.485010
12008,107028,0,762867,14.029706,0.000000,0.031734,,0.957563,0,657,0,72.487301
12009,107028,0,762867,14.029706,0.000000,0.037780,,0.957486,0,657,0,72.489592
12010,107028,0,762867,14.029706,0.000000,0.023158,non_zero_exit,0.957408,0,657,0,72.483557
12011,107028,0,762867,14.029706,0.000000,0.021514,non_zero_exit,0.957330,0,657,0,72.477522
12012,107028,0,762867,14.029706,0.000000,1.029871,,0.957336,0,657,0,72.479814
12013,107028,0,762867,14.029706,0.000000,0.134675,,0.957268,0,657,0,72.482104
12014,107028,0,762867,14.029706,0.000000,0.032338,,0.957191,0,657,0,72.484395
12015,107028,0,762867,14.029706,0.000000,0.023966,,0.957113,0,657,0,72.486684
12016,107028,0,762867,14.029706,0.000000,0.034821,,0.957037,0,657,0,72.488974
12017,107028,0,762867,14.029706,0.000000,0.938450,,0.957035,0,657,0,72.491263
12018,107028,0,762867,14.029706,0.000000,0.034284,non_zero_exit,0.956958,0,657,0,72.485232
12019,107028,0,762867,14.029706,0.000000,0.039382,,0.956882,0,657,0,72.487521
12020,107028,0,762867,14.029706,0.000000,0.030658,,0.956805,0,657,0,72.489810
12021,107028,0,762867,14.029706,0.000000,1.529130,non_zero_exit,0.956852,0,657,0,72.483780
12022,107028,0,762867,14.029706,0.000000,1.031071,,0.956859,0,657,0,72.486068
12023,107028,0,762867,14.029706,0.000000,0.032025,,0.956782,0,657,0,72.488357
12024,107028,0,762867,14.029706,0.000000,0.023615,non_zero_exit,0.956704,0,657,0,72.482328
12025,107029,1,762867,14.029837,0.000131,0.021249,non_zero_exit,0.956626,0,657,0,72.476301
12026,107029,0,762867,14.029837,0.000000,2.532557,,0.956757,0,657,0,72.478590
12027,107029,0,762867,14.029837,0.000000,0.032382,,0.956681,0,657,0,72.480878
12028,107029,0,762867,14.029837,0.000000,0.023545,non_zero_exit,0.956603,0,657,0,72.474852
12029,107029,0,762867,14.029837,0.000000,1.710845,,0.956666,0,657,0,72.477140
12030,107029,0,762867,14.029837,0.000000,1.031444,,0.956672,0,657,0,72.479428
12031,107029,0,762867,14.029837,0.000000,1.035135,,0.956678,0,657,0,72.481715
12032,107031,2,762867,14.030100,0.000262,1.029645,,0.956684,0,657,0,72.484002
12033,107031,0,762867,14.030100,0.000000,0.030137,,0.956607,0,657,0,72.486289
12034,107031,0,762867,14.030100,0.000000,1.028085,,0.956613,0,657,0,72.488575
12035,107031,0,762867,14.030100,0.000000,2.533440,,0.956744,0,657,0,72.490861
12036,107031,0,762867,14.030100,0.000000,1.030993,,0.956751,0,657,0,72.493146
12037,107031,0,762867,14.030100,0.000000,3.828941,,0.956989,0,657,0,72.495431
12038,107031,0,762867,14.030100,0.000000,1.028507,,0.956995,0,657,0,72.497716
12039,107031,0,762867,14.030100,0.000000,0.024631,non_zero_exit,0.956918,0,657,0,72.491694
12040,107031,0,762867,14.030100,0.000000,0.025369,non_zero_exit,0.956840,0,657,0,72.485674
12041,107031,0,762867,14.030100,0.000000,1.035638,,0.956847,0,657,0,72.487959
12042,107031,0,762867,14.030100,0.000000,1.030918,,0.956853,0,657,0,72.490243
12043,107031,0,762867,14.030100,0.000000,1.029678,,0.956859,0,657,0,72.492527
12044,107031,0,762867,14.030100,0.000000,1.537333,,0.956907,0,657,0,72.494811
12045,107031,0,762867,14.030100,0.000000,1.831869,,0.956980,0,657,0,72.497094
12046,107031,0,762867,14.030100,0.000000,0.031780,,0.956903,0,657,0,72.499377
12047,107031,0,762867,14.030100,0.000000,1.043322,,0.956910,0,657,0,72.501660
12048,107031,0,762867,14.030100,0.000000,1.033159,,0.956917,0,657,0,72.503942
12049,107031,0,762867,14.030100,0.000000,0.029638,,0.956840,0,657,0,72.506224
12050,107031,0,762867,14.030100,0.000000,0.024719,,0.956762,0,657,0,72.508506
12051,107035,4,762867,14.030624,0.000524,1.047432,,0.956770,0,657,0,72.510787
12052,107035,0,762867,14.030624,0.000000,0.039971,,0.956694,0,657,0,72.513067
12053,107035,0,762867,14.030624,0.000000,3.037256,,0.956866,0,657,0,72.515348
12054,107035,0,762867,14.030624,0.000000,0.025583,non_zero_exit,0.956789,0,657,0,72.509332
12055,107035,0,762867,14.030624,0.000000,0.031898,,0.956712,0,657,0,72.511612
12056,107035,0,762867,14.030624,0.000000,1.028400,,0.956718,0,657,0,72.513892
12057,107035,0,762867,14.030624,0.000000,1.032092,,0.956725,0,657,0,72.516172
12058,107035,0,762867,14.030624,0.000000,0.022269,non_zero_exit,0.956647,0,657,0,72.510158
12059,107035,0,762867,14.030624,0.000000,1.038046,,0.956654,0,657,0,72.512438
12060,107035,0,762867,14.030624,0.000000,0.028407,,0.956577,0,657,0,72.514717
12061,107035,0,762867,14.030624,0.000000,0.021048,non_zero_exit,0.956499,0,657,0,72.508705
12062,107035,0,762867,14.030624,0.000000,0.030536,,0.956423,0,657,0,72.510984
12063,107035,0,762867,14.030624,0.000000,0.034451,,0.956346,0,657,0,72.513263
12064,107035,0,762867,14.030624,0.000000,0.034238,,0.956270,0,657,0,72.515541
12065,107035,0,762867,14.030624,0.000000,1.027320,,0.956276,0,657,0,72.517819
12066,107035,0,762867,14.030624,0.000000,0.031165,,0.956199,0,657,0,72.520096
12067,107035,0,762867,14.030624,0.000000,3.049121,,0.956372,0,657,0,72.522373
12068,107035,0,762867,14.030624,0.000000,0.025048,non_zero_exit,0.956295,0,657,0,72.516364
12069,107035,0,762867,14.030624,0.000000,1.029107,,0.956301,0,657,0,72.518641
12070,107035,0,762867,14.030624,0.000000,1.030932,,0.956307,0,657,0,72.520918
12071,107035,0,762867,14.030624,0.000000,0.028562,,0.956231,0,657,0,72.523194
12072,107035,0,762867,14.030624,0.000000,0.028403,,0.956154,0,657,0,72.525470
12073,107035,0,762867,14.030624,0.000000,0.023212,,0.956076,0,657,0,72.527746
12074,107035,0,762867,14.030624,0.000000,0.030279,,0.956000,0,657,0,72.530021
12075,107035,0,762867,14.030624,0.000000,1.028887,,0.956006,0,657,0,72.532295
12076,107035,0,762867,14.030624,0.000000,1.037427,,0.956013,0,657,0,72.534570
12077,107035,0,762867,14.030624,0.000000,0.031484,,0.955936,0,657,0,72.536844
12078,107035,0,762867,14.030624,0.000000,1.027854,,0.955942,0,657,0,72.539117
12079,107035,0,762867,14.030624,0.000000,1.027764,non_zero_exit,0.955948,0,657,0,72.533113
12080,107035,0,762867,14.030624,0.000000,0.030137,,0.955871,0,657,0,72.535386
12081,107035,0,762867,14.030624,0.000000,0.023916,non_zero_exit,0.955794,0,657,0,72.529383
12082,107035,0,762867,14.030624,0.000000,0.053478,,0.955719,0,657,0,72.531656
12083,107035,0,762867,14.030624,0.000000,0.027324,,0.955643,0,657,0,72.533929
12084,107035,0,762867,14.030624,0.000000,0.031961,,0.955566,0,657,0,72.536202
12085,107035,0,762867,14.030624,0.000000,0.030265,,0.955490,0,657,0,72.538474
12086,107035,0,762867,14.030624,0.000000,0.029449,,0.955413,0,657,0,72.540746
12087,107035,0,762867,14.030624,0.000000,0.029980,,0.955336,0,657,0,72.543018
12088,107035,0,762867,14.030624,0.000000,1.545425,,0.955385,0,657,0,72.545289
12089,107035,0,762867,14.030624,0.000000,1.030397,,0.955391,0,657,0,72.547560
12090,107035,0,762867,14.030624,0.000000,0.021001,non_zero_exit,0.955314,0,657,0,72.541560
12091,107035,0,762867,14.030624,0.000000,1.029058,,0.955320,0,657,0,72.543831
12092,107035,0,762867,14.030624,0.000000,3.029605,,0.955492,0,657,0,72.546101
12093,107035,0,762867,14.030624,0.000000,0.023772,non_zero_exit,0.955415,0,657,0,72.540103
12094,107035,0,762867,14.030624,0.000000,0.023323,non_zero_exit,0.955338,0,657,0,72.534105
12095,107035,0,762867,14.030624,0.000000,1.033071,,0.955344,0,657,0,72.536376
12096,107037,2,762867,14.030886,0.000262,1.998466,,0.955430,0,657,0,72.538646
12097,107037,0,762867,14.030886,0.000000,1.035374,,0.955437,0,657,0,72.540916
12098,107037,0,762867,14.030886,0.000000,0.131363,,0.955369,0,657,0,72.543185
12099,107037,0,762867,14.030886,0.000000,1.030905,,0.955375,0,657,0,72.545455
12100,107037,0,762867,14.030886,0.000000,0.024919,non_zero_exit,0.955298,0,657,0,72.539460
12101,107037,0,762867,14.030886,0.000000,0.022639,non_zero_exit,0.955221,0,657,0,72.533466
12102,107037,0,762867,14.030886,0.000000,4.419985,,0.955507,0,657,0,72.535735
12103,107037,0,762867,14.030886,0.000000,0.023791,non_zero_exit,0.955430,0,657,0,72.529742
12104,107037,0,762867,14.030886,0.000000,2.038927,,0.955520,0,657,0,72.532012
12105,107037,0,762867,14.030886,0.000000,1.028620,,0.955526,0,657,0,72.534281
12106,107037,0,762867,14.030886,0.000000,1.029598,non_zero_exit,0.955532,0,657,0,72.528289
12107,107197,160,762867,14.051860,0.020974,5.008262,timeout,0.955867,0,658,0,72.522299
12108,107197,0,762867,14.051860,0.000000,1.028900,,0.955873,0,658,0,72.524569
12109,107197,0,762867,14.051860,0.000000,0.018019,non_zero_exit,0.955795,0,658,0,72.518580
12110,107197,0,762867,14.051860,0.000000,4.033234,,0.956050,0,658,0,72.520849
12111,107197,0,762867,14.051860,0.000000,1.025069,,0.956055,0,658,0,72.523118
12112,107197,0,762867,14.051860,0.000000,0.040183,,0.955980,0,658,0,72.525386
12113,107197,0,762867,14.051860,0.000000,1.036158,,0.955986,0,658,0,72.527654
12114,107197,0,762867,14.051860,0.000000,1.031589,,0.955992,0,658,0,72.529922
12115,107197,0,762867,14.051860,0.000000,3.036575,,0.956164,0,658,0,72.532189
12116,107197,0,762867,14.051860,0.000000,0.026471,,0.956087,0,658,0,72.534456
12117,107197,0,762867,14.051860,0.000000,1.026372,,0.956093,0,658,0,72.536722
12118,107197,0,762867,14.051860,0.000000,0.938488,,0.956092,0,658,0,72.538988
12119,107197,0,762867,14.051860,0.000000,0.034629,,0.956016,0,658,0,72.541254
12120,107197,0,762867,14.051860,0.000000,1.031897,,0.956022,0,658,0,72.543520
12121,107203,6,762867,14.052646,0.000787,0.025251,,0.955945,0,658,0,72.545785
12122,107203,0,762867,14.052646,0.000000,0.022328,non_zero_exit,0.955868,0,658,0,72.539800
12123,107204,1,762867,14.052777,0.000131,0.021779,non_zero_exit,0.955791,0,658,0,72.533817
12124,107204,0,762867,14.052777,0.000000,0.028308,,0.955715,0,658,0,72.536082
12125,107204,0,762867,14.052777,0.000000,0.029543,,0.955638,0,658,0,72.538347
12126,107204,0,762867,14.052777,0.000000,0.024980,,0.955562,0,658,0,72.540612
12127,107204,0,762867,14.052777,0.000000,0.027729,non_zero_exit,0.955485,0,658,0,72.534631
12128,107204,0,762867,14.052777,0.000000,0.031605,,0.955409,0,658,0,72.536895
12129,107204,0,762867,14.052777,0.000000,3.037009,,0.955581,0,658,0,72.539159
12130,107204,0,762867,14.052777,0.000000,0.027049,,0.955504,0,658,0,72.541423
12131,107204,0,762867,14.052777,0.000000,0.032959,,0.955428,0,658,0,72.543686
12132,107204,0,762867,14.052777,0.000000,0.028617,non_zero_exit,0.955352,0,658,0,72.537707
12133,107204,0,762867,14.052777,0.000000,1.535685,,0.955399,0,658,0,72.539970
12134,107204,0,762867,14.052777,0.000000,0.032236,,0.955323,0,658,0,72.542233
12135,107204,0,762867,14.052777,0.000000,0.030540,,0.955247,0,658,0,72.544496
12136,107204,0,762867,14.052777,0.000000,0.030518,,0.955171,0,658,0,72.546758
12137,107204,0,762867,14.052777,0.000000,2.029658,,0.955259,0,658,0,72.549020
12138,107204,0,762867,14.052777,0.000000,0.301323,,0.955206,0,658,0,72.551281
12139,107205,1,762867,14.052908,0.000131,5.004160,timeout,0.955539,0,659,0,72.545305
12140,107205,0,762867,14.052908,0.000000,1.134470,,0.955554,0,659,0,72.547566
12141,107205,0,762867,14.052908,0.000000,1.027671,,0.955560,0,659,0,72.549827
12142,107205,0,762867,14.052908,0.000000,0.024929,non_zero_exit,0.955483,0,659,0,72.543852
12143,107205,0,762867,14.052908,0.000000,3.033710,,0.955654,0,659,0,72.546113
12144,107205,0,762867,14.052908,0.000000,0.021037,non_zero_exit,0.955577,0,659,0,72.540140
12145,107205,0,762867,14.052908,0.000000,0.034134,,0.955501,0,659,0,72.542401
12146,107205,0,762867,14.052908,0.000000,0.034517,,0.955426,0,659,0,72.544661
12147,107205,0,762867,14.052908,0.000000,1.032807,,0.955432,0,659,0,72.546921
12148,107205,0,762867,14.052908,0.000000,0.029819,,0.955356,0,659,0,72.549181
12149,107205,0,762867,14.052908,0.000000,1.034918,,0.955362,0,659,0,72.551440
12150,107205,0,762867,14.052908,0.000000,0.030661,,0.955286,0,659,0,72.553699
12151,107205,0,762867,14.052908,0.000000,0.035208,,0.955211,0,659,0,72.555958
12152,107205,0,762867,14.052908,0.000000,0.032783,non_zero_exit,0.955135,0,659,0,72.549988
12153,107205,0,762867,14.052908,0.000000,1.029027,,0.955141,0,659,0,72.552246
12154,107205,0,762867,14.052908,0.000000,0.033031,,0.955065,0,659,0,72.554504
12155,107205,0,762867,14.052908,0.000000,0.033010,,0.954989,0,659,0,72.556762
12156,107205,0,762867,14.052908,0.000000,3.032321,,0.955160,0,659,0,72.559019
12157,107210,5,762867,14.053564,0.000655,0.029955,,0.955084,0,659,0,72.561277
12158,107210,0,762867,14.053564,0.000000,1.036284,,0.955090,0,659,0,72.563533
12159,107210,0,762867,14.053564,0.000000,1.029790,,0.955097,0,659,0,72.565789
12160,107210,0,762867,14.053564,0.000000,0.036952,,0.955021,0,659,0,72.568045
12161,107210,0,762867,14.053564,0.000000,3.538815,,0.955234,0,659,0,72.570301
12162,107210,0,762867,14.053564,0.000000,0.030653,,0.955158,0,659,0,72.572556
12163,107210,0,762867,14.053564,0.000000,5.008087,timeout,0.955491,0,660,0,72.566590
12164,107210,0,762867,14.053564,0.000000,0.023962,non_zero_exit,0.955414,0,660,0,72.560625
12165,107210,0,762867,14.053564,0.000000,0.029170,,0.955338,0,660,0,72.562880
12166,107210,0,762867,14.053564,0.000000,0.029121,,0.955262,0,660,0,72.565135
12167,107210,0,762867,14.053564,0.000000,1.729180,,0.955325,0,660,0,72.567390
12168,107210,0,762867,14.053564,0.000000,1.032414,,0.955332,0,660,0,72.569644
12169,107210,0,762867,14.053564,0.000000,5.004225,timeout,0.955665,0,661,0,72.563681
12170,107210,0,762867,14.053564,0.000000,4.041760,,0.955918,0,661,0,72.565935
12171,107210,0,762867,14.053564,0.000000,0.023556,non_zero_exit,0.955841,0,661,0,72.559974
12172,107210,0,762867,14.053564,0.000000,1.029279,,0.955848,0,661,0,72.562228
12173,107210,0,762867,14.053564,0.000000,5.004157,timeout,0.956180,0,662,0,72.556267
12174,107210,0,762867,14.053564,0.000000,1.027965,,0.956186,0,662,0,72.558522
12175,107210,0,762867,14.053564,0.000000,0.030186,,0.956110,0,662,0,72.560775
12176,107210,0,762867,14.053564,0.000000,0.026274,,0.956034,0,662,0,72.563029
12177,107210,0,762867,14.053564,0.000000,1.029435,,0.956040,0,662,0,72.565282
12178,107210,0,762867,14.053564,0.000000,1.028372,,0.956045,0,662,0,72.567534
12179,107210,0,762867,14.053564,0.000000,1.031630,,0.956052,0,662,0,72.569787
12180,107210,0,762867,14.053564,0.000000,3.034892,,0.956222,0,662,0,72.572038
12181,107210,0,762867,14.053564,0.000000,1.035888,,0.956229,0,662,0,72.574290
12182,107210,0,762867,14.053564,0.000000,0.021314,non_zero_exit,0.956152,0,662,0,72.568333
12183,107210,0,762867,14.053564,0.000000,1.030934,,0.956158,0,662,0,72.570584
12184,107210,0,762867,14.053564,0.000000,1.028280,,0.956164,0,662,0,72.572835
12185,107210,0,762867,14.053564,0.000000,3.031462,,0.956335,0,662,0,72.575086
12186,107210,0,762867,14.053564,0.000000,1.029681,,0.956341,0,662,0,72.577337
12187,107210,0,762867,14.053564,0.000000,3.032680,,0.956511,0,662,0,72.579586
12188,107210,0,762867,14.053564,0.000000,1.036783,,0.956517,0,662,0,72.581836
12189,107210,0,762867,14.053564,0.000000,0.021812,,0.956441,0,662,0,72.584085
12190,107210,0,762867,14.053564,0.000000,4.034323,,0.956693,0,662,0,72.586334
12191,107210,0,762867,14.053564,0.000000,1.031487,,0.956699,0,662,0,72.588583
12192,107210,0,762867,14.053564,0.000000,0.139021,,0.956632,0,662,0,72.590831
12193,107210,0,762867,14.053564,0.000000,0.028794,,0.956556,0,662,0,72.593079
12194,107210,0,762867,14.053564,0.000000,3.032217,,0.956726,0,662,0,72.595326
12195,107211,1,762867,14.053695,0.000131,1.031489,,0.956733,0,662,0,72.597573
12196,107211,0,762867,14.053695,0.000000,0.030621,,0.956657,0,662,0,72.599820
12197,107211,0,762867,14.053695,0.000000,4.537379,,0.956950,0,662,0,72.602066
12198,107211,0,762867,14.053695,0.000000,0.536880,,0.956916,0,662,0,72.604312
12199,107211,0,762867,14.053695,0.000000,0.022549,non_zero_exit,0.956839,0,662,0,72.598361
12200,107211,0,762867,14.053695,0.000000,0.035201,,0.956764,0,662,0,72.600607
12201,107211,0,762867,14.053695,0.000000,1.035804,,0.956770,0,662,0,72.602852
12202,107211,0,762867,14.053695,0.000000,0.028353,,0.956694,0,662,0,72.605097
12203,107211,0,762867,14.053695,0.000000,1.031871,,0.956700,0,662,0,72.607342
12204,107211,0,762867,14.053695,0.000000,1.028792,,0.956706,0,662,0,72.609586
12205,107211,0,762867,14.053695,0.000000,2.029752,,0.956794,0,662,0,72.611830
12206,107211,0,762867,14.053695,0.000000,0.036673,,0.956719,0,662,0,72.614074
12207,107212,1,762867,14.053826,0.000131,5.004382,timeout,0.957050,0,663,0,72.608126
12208,107212,0,762867,14.053826,0.000000,0.029519,,0.956974,0,663,0,72.610369
12209,107212,0,762867,14.053826,0.000000,3.032667,,0.957144,0,663,0,72.612613
12210,107457,245,762867,14.085942,0.032116,5.004519,timeout,0.957476,0,664,0,72.606666
12211,107457,0,762867,14.085942,0.000000,0.022938,non_zero_exit,0.957399,0,664,0,72.600721
12212,107457,0,762867,14.085942,0.000000,0.029505,,0.957323,0,664,0,72.602964
12213,107457,0,762867,14.085942,0.000000,1.533172,,0.957370,0,664,0,72.605207
12214,107457,0,762867,14.085942,0.000000,5.004777,timeout,0.957702,0,665,0,72.599263
12215,107457,0,762867,14.085942,0.000000,1.029565,,0.957708,0,665,0,72.601506
12216,107457,0,762867,14.085942,0.000000,1.032836,,0.957714,0,665,0,72.603749
12217,107457,0,762867,14.085942,0.000000,0.027744,non_zero_exit,0.957638,0,665,0,72.597807
12218,107458,1,762867,14.086073,0.000131,5.083886,timeout,0.957975,0,666,0,72.591865
12219,107458,0,762867,14.086073,0.000000,1.031845,,0.957981,0,666,0,72.594108
12220,107458,0,762867,14.086073,0.000000,1.026916,,0.957987,0,666,0,72.596351
12221,107458,0,762867,14.086073,0.000000,0.030737,,0.957911,0,666,0,72.598593
12222,107458,0,762867,14.086073,0.000000,2.537704,,0.958040,0,666,0,72.600834
12223,107458,0,762867,14.086073,0.000000,1.032519,,0.958046,0,666,0,72.603076
12224,107458,0,762867,14.086073,0.000000,0.027851,non_zero_exit,0.957970,0,666,0,72.597137
12225,107458,0,762867,14.086073,0.000000,0.030788,,0.957895,0,666,0,72.599378
12226,107458,0,762867,14.086073,0.000000,0.032921,,0.957819,0,666,0,72.601619
12227,107458,0,762867,14.086073,0.000000,0.028945,,0.957743,0,666,0,72.603860
12228,107458,0,762867,14.086073,0.000000,0.023293,non_zero_exit,0.957667,0,666,0,72.597923
12229,107458,0,762867,14.086073,0.000000,1.028674,,0.957672,0,666,0,72.600164
12230,107458,0,762867,14.086073,0.000000,0.126213,,0.957604,0,666,0,72.602404
12231,107458,0,762867,14.086073,0.000000,1.038335,,0.957611,0,666,0,72.604644
12232,107458,0,762867,14.086073,0.000000,0.025891,non_zero_exit,0.957535,0,666,0,72.598708
12233,107458,0,762867,14.086073,0.000000,0.029117,,0.957459,0,666,0,72.600948
12234,107458,0,762867,14.086073,0.000000,1.030446,,0.957465,0,666,0,72.603188
12235,107458,0,762867,14.086073,0.000000,1.027919,,0.957471,0,666,0,72.605427
12236,107458,0,762867,14.086073,0.000000,0.031381,,0.957395,0,666,0,72.607665
12237,107458,0,762867,14.086073,0.000000,5.004688,timeout,0.957726,0,667,0,72.601732
12238,107458,0,762867,14.086073,0.000000,0.025601,,0.957649,0,667,0,72.603971
12239,107459,1,762867,14.086204,0.000131,1.030679,,0.957655,0,667,0,72.606209
12240,107459,0,762867,14.086204,0.000000,0.029168,,0.957580,0,667,0,72.608447
12241,107459,0,762867,14.086204,0.000000,1.029099,,0.957585,0,667,0,72.610685
12242,107462,3,762867,14.086597,0.000393,0.023535,,0.957509,0,667,0,72.612922
12243,107462,0,762867,14.086597,0.000000,0.132998,,0.957442,0,667,0,72.615158
12244,107462,0,762867,14.086597,0.000000,1.031523,,0.957448,0,667,0,72.617395
12245,107462,0,762867,14.086597,0.000000,5.003826,timeout,0.957778,0,668,0,72.611465
12246,107462,0,762867,14.086597,0.000000,1.032710,,0.957784,0,668,0,72.613701
12247,107462,0,762867,14.086597,0.000000,0.025267,non_zero_exit,0.957708,0,668,0,72.607773
12248,107462,0,762867,14.086597,0.000000,2.034105,,0.957796,0,668,0,72.610009
12249,107462,0,762867,14.086597,0.000000,5.007948,timeout,0.958127,0,669,0,72.604082
12250,107462,0,762867,14.086597,0.000000,0.039533,,0.958052,0,669,0,72.606318
12251,107462,0,762867,14.086597,0.000000,0.038105,,0.957977,0,669,0,72.608554
12252,107462,0,762867,14.086597,0.000000,0.025031,non_zero_exit,0.957901,0,669,0,72.602628
12253,107462,0,762867,14.086597,0.000000,0.032446,,0.957825,0,669,0,72.604864
12254,107462,0,762867,14.086597,0.000000,0.022067,non_zero_exit,0.957749,0,669,0,72.598939
12255,107462,0,762867,14.086597,0.000000,0.030064,,0.957673,0,669,0,72.601175
12256,107462,0,762867,14.086597,0.000000,1.029482,,0.957679,0,669,0,72.603410
12257,107462,0,762867,14.086597,0.000000,1.035180,,0.957685,0,669,0,72.605645
12258,107462,0,762867,14.086597,0.000000,4.045142,,0.957937,0,669,0,72.607880
12259,107462,0,762867,14.086597,0.000000,0.022918,non_zero_exit,0.957861,0,669,0,72.601958
12260,107462,0,762867,14.086597,0.000000,0.028114,non_zero_exit,0.957785,0,669,0,72.596036
12261,107462,0,762867,14.086597,0.000000,1.024864,,0.957790,0,669,0,72.598271
12262,107462,0,762867,14.086597,0.000000,3.750994,,0.958018,0,669,0,72.600506
12263,107462,0,762867,14.086597,0.000000,0.021304,non_zero_exit,0.957942,0,669,0,72.594586
12264,107462,0,762867,14.086597,0.000000,0.034716,,0.957867,0,669,0,72.596820
12265,107462,0,762867,14.086597,0.000000,0.032265,,0.957791,0,669,0,72.599054
12266,107462,0,762867,14.086597,0.000000,0.032537,,0.957716,0,669,0,72.601288
12267,107462,0,762867,14.086597,0.000000,0.027963,,0.957640,0,669,0,72.603521
12268,107462,0,762867,14.086597,0.000000,0.032550,,0.957564,0,669,0,72.605754
12269,107462,0,762867,14.086597,0.000000,1.032930,,0.957571,0,669,0,72.607987
12270,107463,1,762867,14.086728,0.000131,1.033641,,0.957577,0,669,0,72.610219
12271,107463,0,762867,14.086728,0.000000,0.027769,,0.957501,0,669,0,72.612451
12272,107463,0,762867,14.086728,0.000000,0.023777,non_zero_exit,0.957425,0,669,0,72.606535
12273,107463,0,762867,14.086728,0.000000,3.029089,,0.957594,0,669,0,72.608766
12274,107463,0,762867,14.086728,0.000000,0.042645,,0.957519,0,669,0,72.610998
12275,107463,0,762867,14.086728,0.000000,0.023265,non_zero_exit,0.957443,0,669,0,72.605083
12276,107463,0,762867,14.086728,0.000000,3.035724,,0.957612,0,669,0,72.607314
12277,107463,0,762867,14.086728,0.000000,1.038006,,0.957619,0,669,0,72.609546
12278,107463,0,762867,14.086728,0.000000,0.030345,,0.957543,0,669,0,72.611776
12279,107463,0,762867,14.086728,0.000000,5.004595,timeout,0.957873,0,670,0,72.605863
12280,107463,0,762867,14.086728,0.000000,0.034298,,0.957798,0,670,0,72.608094
12281,107463,0,762867,14.086728,0.000000,0.080163,,0.957726,0,670,0,72.610324
12282,107463,0,762867,14.086728,0.000000,1.037423,,0.957733,0,670,0,72.612554
12283,107463,0,762867,14.086728,0.000000,1.029944,,0.957739,0,670,0,72.614783
12284,107463,0,762867,14.086728,0.000000,3.036421,,0.957908,0,670,0,72.617013
12285,107463,0,762867,14.086728,0.000000,0.027366,,0.957832,0,670,0,72.619241
12286,107463,0,762867,14.086728,0.000000,2.534961,,0.957960,0,670,0,72.621470
12287,107463,0,762867,14.086728,0.000000,0.032821,,0.957885,0,670,0,72.623698
12288,107463,0,762867,14.086728,0.000000,0.029386,,0.957810,0,670,0,72.625926
12289,107463,0,762867,14.086728,0.000000,0.032864,,0.957734,0,670,0,72.628153
12290,107463,0,762867,14.086728,0.000000,0.034129,non_zero_exit,0.957659,0,670,0,72.622244
12291,107463,0,762867,14.086728,0.000000,3.534173,,0.957869,0,670,0,72.624471
12292,107463,0,762867,14.086728,0.000000,0.032213,,0.957794,0,670,0,72.626698
12293,107463,0,762867,14.086728,0.000000,1.030784,,0.957799,0,670,0,72.628925
12294,107463,0,762867,14.086728,0.000000,1.031083,,0.957805,0,670,0,72.631151
12295,107463,0,762867,14.086728,0.000000,0.023543,non_zero_exit,0.957729,0,670,0,72.625244
12296,107463,0,762867,14.086728,0.000000,0.534235,,0.957695,0,670,0,72.627470
12297,107463,0,762867,14.086728,0.000000,0.022849,non_zero_exit,0.957619,0,670,0,72.621564
12298,107463,0,762867,14.086728,0.000000,0.022803,non_zero_exit,0.957543,0,670,0,72.615660
12299,107463,0,762867,14.086728,0.000000,1.031728,,0.957549,0,670,0,72.617886
12300,107463,0,762867,14.086728,0.000000,0.023862,,0.957473,0,670,0,72.620112
12301,107463,0,762867,14.086728,0.000000,0.024966,non_zero_exit,0.957397,0,670,0,72.614209
12302,107463,0,762867,14.086728,0.000000,1.036593,,0.957404,0,670,0,72.616435
12303,107463,0,762867,14.086728,0.000000,2.039088,,0.957492,0,670,0,72.618661
12304,107463,0,762867,14.086728,0.000000,0.024079,non_zero_exit,0.957416,0,670,0,72.612759
12305,107463,0,762867,14.086728,0.000000,0.535080,,0.957381,0,670,0,72.614985
12306,107463,0,762867,14.086728,0.000000,0.026528,non_zero_exit,0.957306,0,670,0,72.609084
12307,107463,0,762867,14.086728,0.000000,0.982421,,0.957308,0,670,0,72.611310
12308,107463,0,762867,14.086728,0.000000,0.024498,non_zero_exit,0.957232,0,670,0,72.605411
12309,107463,0,762867,14.086728,0.000000,3.037106,,0.957401,0,670,0,72.607636
12310,107463,0,762867,14.086728,0.000000,3.028078,,0.957569,0,670,0,72.609861
12311,107463,0,762867,14.086728,0.000000,1.031823,,0.957575,0,670,0,72.612086
12312,107463,0,762867,14.086728,0.000000,0.030577,,0.957500,0,670,0,72.614310
12313,107463,0,762867,14.086728,0.000000,5.004825,timeout,0.957829,0,671,0,72.608413
12314,107463,0,762867,14.086728,0.000000,0.031824,,0.957754,0,671,0,72.610637
12315,107463,0,762867,14.086728,0.000000,0.029263,,0.957678,0,671,0,72.612861
12316,107829,366,762867,14.134705,0.047977,1.105667,,0.957690,0,671,0,72.615085
12317,107829,0,762867,14.134705,0.000000,0.028165,,0.957615,0,671,0,72.617308
12318,107829,0,762867,14.134705,0.000000,0.029283,non_zero_exit,0.957539,0,671,0,72.611413
12319,107829,0,762867,14.134705,0.000000,0.025386,non_zero_exit,0.957464,0,671,0,72.605519
12320,107829,0,762867,14.134705,0.000000,0.028969,,0.957388,0,671,0,72.607743
12321,107829,0,762867,14.134705,0.000000,1.034641,,0.957395,0,671,0,72.609966
12322,107829,0,762867,14.134705,0.000000,2.531215,,0.957522,0,671,0,72.612189
12323,107829,0,762867,14.134705,0.000000,1.529274,,0.957569,0,671,0,72.614411
12324,107829,0,762867,14.134705,0.000000,0.035124,,0.957494,0,671,0,72.616633
12325,107829,0,762867,14.134705,0.000000,0.022425,non_zero_exit,0.957418,0,671,0,72.610742
12326,107829,0,762867,14.134705,0.000000,0.042367,,0.957344,0,671,0,72.612963
12327,107829,0,762867,14.134705,0.000000,1.034451,,0.957350,0,671,0,72.615185
12328,107829,0,762867,14.134705,0.000000,0.022846,non_zero_exit,0.957274,0,671,0,72.609295
12329,107829,0,762867,14.134705,0.000000,0.022955,non_zero_exit,0.957198,0,671,0,72.603406
12330,107829,0,762867,14.134705,0.000000,0.034594,,0.957124,0,671,0,72.605628
12331,107829,0,762867,14.134705,0.000000,0.021983,non_zero_exit,0.957048,0,671,0,72.599741
12332,107829,0,762867,14.134705,0.000000,0.026463,,0.956972,0,671,0,72.601962
12333,107829,0,762867,14.134705,0.000000,0.029763,,0.956897,0,671,0,72.604184
12334,107829,0,762867,14.134705,0.000000,5.003792,timeout,0.957225,0,672,0,72.598298
12335,107829,0,762867,14.134705,0.000000,0.026702,,0.957150,0,672,0,72.600519
12336,107829,0,762867,14.134705,0.000000,1.027576,,0.957155,0,672,0,72.602740
12337,107829,0,762867,14.134705,0.000000,0.034199,non_zero_exit,0.957081,0,672,0,72.596855
12338,107829,0,762867,14.134705,0.000000,1.037892,,0.957087,0,672,0,72.599076
12339,107829,0,762867,14.134705,0.000000,0.035284,,0.957013,0,672,0,72.601297
12340,107829,0,762867,14.134705,0.000000,3.036062,,0.957181,0,672,0,72.603517
12341,107829,0,762867,14.134705,0.000000,4.533453,,0.957471,0,672,0,72.605737
12342,107830,1,762867,14.134836,0.000131,0.032785,,0.957396,0,672,0,72.607956
12343,107830,0,762867,14.134836,0.000000,1.035450,,0.957402,0,672,0,72.610175
12344,107830,0,762867,14.134836,0.000000,0.027147,,0.957327,0,672,0,72.612394
12345,107830,0,762867,14.134836,0.000000,3.741076,,0.957552,0,672,0,72.614612
12346,107830,0,762867,14.134836,0.000000,2.035057,,0.957640,0,672,0,72.616830
12347,107830,0,762867,14.134836,0.000000,0.021913,non_zero_exit,0.957564,0,672,0,72.610949
12348,107830,0,762867,14.134836,0.000000,1.029443,,0.957570,0,672,0,72.613167
12349,107830,0,762867,14.134836,0.000000,0.036444,,0.957495,0,672,0,72.615385
12350,107830,0,762867,14.134836,0.000000,2.032399,,0.957582,0,672,0,72.617602
12351,107830,0,762867,14.134836,0.000000,1.525679,non_zero_exit,0.957628,0,672,0,72.611723
12352,107830,0,762867,14.134836,0.000000,0.029846,,0.957553,0,672,0,72.613940
12353,107830,0,762867,14.134836,0.000000,1.029591,,0.957559,0,672,0,72.616157
